INSERT INTO `region` (`region_id`, `level_name`, `tree`, `on_enter`, `on_exit`, `on_inside`) values (384, 'vinroom', 'target', '', '', '(setting-pers doorway mode #t)');
INSERT INTO `region_sphere` (`region_id`, `x`, `y`, `z`, `r`) values (384, 4509999.0, 114518.7031, 4510946.0, 17363.4003);
INSERT INTO `region` (`region_id`, `level_name`, `tree`, `on_enter`, `on_exit`, `on_inside`) values (643, 'vinroom', 'target', '', '', '(begin (setting-pers calm mode ''run) (setting-pers minimap mode ''clear mask MINIMAP_FLAG_MINIMAP))');
INSERT INTO `region_sphere` (`region_id`, `x`, `y`, `z`, `r`) values (643, 4569626.5, 105266.8515, 4570292.0, 85036.3984);
INSERT INTO `region` (`region_id`, `level_name`, `tree`, `on_enter`, `on_exit`, `on_inside`) values (45, 'vinroom', 'camera', '', '', '(sound-play-loop "vin-bg")');
INSERT INTO `region_sphere` (`region_id`, `x`, `y`, `z`, `r`) values (45, 4588617.0, 158183.2031, 4590328.0, 158048.0);
INSERT INTO `region` (`region_id`, `level_name`, `tree`, `on_enter`, `on_exit`, `on_inside`) values (287, 'ctyinda', 'target', '(want-load ''ctyinda ''ctywide ''vinroom)', '', '');
INSERT INTO `region_face` (`region_face_id`, `region_id`, `kind`, `flags`, `normal_x`, `normal_y`, `normal_z`, `normal_w`, `pos_x`, `pos_y`, `pos_z`, `pos_w`) values (0, 287, 'plane', '', -0.2946, 0.0, -0.9555, -5407253.5, 4622855.0, 117404.0468, 4232955.0, 118504.3593);
INSERT INTO `region_point` (`region_face_id`, `idx`, `x`, `y`, `z`, `w`) values (0, 0, 4547540.0, 205900.0, 4256180.0, 1.0);
INSERT INTO `region_point` (`region_face_id`, `idx`, `x`, `y`, `z`, `w`) values (0, 1, 4698170.0, 205900.0, 4209730.0, 1.0);
INSERT INTO `region_point` (`region_face_id`, `idx`, `x`, `y`, `z`, `w`) values (0, 2, 4547540.0, 28908.0996, 4256180.0, 1.0);
INSERT INTO `region_point` (`region_face_id`, `idx`, `x`, `y`, `z`, `w`) values (0, 3, 4698170.0, 28908.0996, 4209730.0, 1.0);
INSERT INTO `region` (`region_id`, `level_name`, `tree`, `on_enter`, `on_exit`, `on_inside`) values (288, 'ctyinda', 'target', '(want-load ''ctyinda ''ctywide ''ctyport)', '', '');
INSERT INTO `region_face` (`region_face_id`, `region_id`, `kind`, `flags`, `normal_x`, `normal_y`, `normal_z`, `normal_w`, `pos_x`, `pos_y`, `pos_z`, `pos_w`) values (1, 288, 'plane', '', 0.9752, 0.0, 0.2212, 4916476.0, 3994845.0, 115608.1484, 4613760.0, 170837.7031);
INSERT INTO `region_point` (`region_face_id`, `idx`, `x`, `y`, `z`, `w`) values (1, 0, 3962520.0, 204104.0, 4756270.0, 1.0);
INSERT INTO `region_point` (`region_face_id`, `idx`, `x`, `y`, `z`, `w`) values (1, 1, 3962520.0, 27112.3007, 4756270.0, 1.0);
INSERT INTO `region_point` (`region_face_id`, `idx`, `x`, `y`, `z`, `w`) values (1, 2, 4027170.0, 204104.0, 4471250.0, 1.0);
INSERT INTO `region_point` (`region_face_id`, `idx`, `x`, `y`, `z`, `w`) values (1, 3, 4027170.0, 27112.3007, 4471250.0, 1.0);
INSERT INTO `region` (`region_id`, `level_name`, `tree`, `on_enter`, `on_exit`, `on_inside`) values (289, 'ctyinda', 'target', '(want-load ''ctyinda ''ctywide ''ctyindb)', '', '');
INSERT INTO `region_face` (`region_face_id`, `region_id`, `kind`, `flags`, `normal_x`, `normal_y`, `normal_z`, `normal_w`, `pos_x`, `pos_y`, `pos_z`, `pos_w`) values (2, 289, 'plane', '', -0.024, 0.0, 0.9997, 3961618.5, 3902890.0, 115608.0468, 4056675.0, 159950.1406);
INSERT INTO `region_point` (`region_face_id`, `idx`, `x`, `y`, `z`, `w`) values (2, 0, 4036090.0, 204104.0, 4059880.0, 1.0);
INSERT INTO `region_point` (`region_face_id`, `idx`, `x`, `y`, `z`, `w`) values (2, 1, 3769690.0, 204104.0, 4053470.0, 1.0);
INSERT INTO `region_point` (`region_face_id`, `idx`, `x`, `y`, `z`, `w`) values (2, 2, 4036090.0, 27112.0996, 4059880.0, 1.0);
INSERT INTO `region_point` (`region_face_id`, `idx`, `x`, `y`, `z`, `w`) values (2, 3, 3769690.0, 27112.0996, 4053470.0, 1.0);
INSERT INTO `region` (`region_id`, `level_name`, `tree`, `on_enter`, `on_exit`, `on_inside`) values (561, 'ctyinda', 'target', '(want-load ''ctyinda ''ctywide ''consiteb)', '', '');
INSERT INTO `region_face` (`region_face_id`, `region_id`, `kind`, `flags`, `normal_x`, `normal_y`, `normal_z`, `normal_w`, `pos_x`, `pos_y`, `pos_z`, `pos_w`) values (3, 561, 'plane', '', 0.9998, 0.0, -0.0197, 3435385.5, 3509325.0, 115608.0468, 3708215.0, 115460.6484);
INSERT INTO `region_point` (`region_face_id`, `idx`, `x`, `y`, `z`, `w`) values (3, 0, 3510790.0, 204104.0, 3782360.0, 1.0);
INSERT INTO `region_point` (`region_face_id`, `idx`, `x`, `y`, `z`, `w`) values (3, 1, 3510790.0, 27112.0996, 3782360.0, 1.0);
INSERT INTO `region_point` (`region_face_id`, `idx`, `x`, `y`, `z`, `w`) values (3, 2, 3507860.0, 204104.0, 3634070.0, 1.0);
INSERT INTO `region_point` (`region_face_id`, `idx`, `x`, `y`, `z`, `w`) values (3, 3, 3507860.0, 27112.0996, 3634070.0, 1.0);
INSERT INTO `region` (`region_id`, `level_name`, `tree`, `on_enter`, `on_exit`, `on_inside`) values (284, 'ctyinda', 'camera', '(want-display ''ctyindb ''display)', '(want-display ''ctyindb #f)', '');
INSERT INTO `region_face` (`region_face_id`, `region_id`, `kind`, `flags`, `normal_x`, `normal_y`, `normal_z`, `normal_w`, `pos_x`, `pos_y`, `pos_z`, `pos_w`) values (4, 284, 'plane', '', 0.6922, 0.0, -0.7216, 65658.9218, 3713610.0, 115609.0, 3471130.0, 162144.2187);
INSERT INTO `region_point` (`region_face_id`, `idx`, `x`, `y`, `z`, `w`) values (4, 0, 3615560.0, 204105.0, 3377080.0, 1.0);
INSERT INTO `region_point` (`region_face_id`, `idx`, `x`, `y`, `z`, `w`) values (4, 1, 3811660.0, 204105.0, 3565180.0, 1.0);
INSERT INTO `region_point` (`region_face_id`, `idx`, `x`, `y`, `z`, `w`) values (4, 2, 3615560.0, 27113.0, 3377080.0, 1.0);
INSERT INTO `region_point` (`region_face_id`, `idx`, `x`, `y`, `z`, `w`) values (4, 3, 3811660.0, 27113.0, 3565180.0, 1.0);
INSERT INTO `region` (`region_id`, `level_name`, `tree`, `on_enter`, `on_exit`, `on_inside`) values (286, 'ctyinda', 'camera', '(want-display ''ctyport ''display)', '(want-display ''ctyport #f)', '');
INSERT INTO `region_face` (`region_face_id`, `region_id`, `kind`, `flags`, `normal_x`, `normal_y`, `normal_z`, `normal_w`, `pos_x`, `pos_y`, `pos_z`, `pos_w`) values (5, 286, 'plane', '', 0.9808, 0.0, 0.1949, 4298441.5, 3493190.0, 115609.1015, 4474340.0, 171460.5625);
INSERT INTO `region_point` (`region_face_id`, `idx`, `x`, `y`, `z`, `w`) values (5, 0, 3521820.0, 204105.0, 4330300.0, 1.0);
INSERT INTO `region_point` (`region_face_id`, `idx`, `x`, `y`, `z`, `w`) values (5, 1, 3464560.0, 204105.0, 4618380.0, 1.0);
INSERT INTO `region_point` (`region_face_id`, `idx`, `x`, `y`, `z`, `w`) values (5, 2, 3521820.0, 27113.1992, 4330300.0, 1.0);
INSERT INTO `region_point` (`region_face_id`, `idx`, `x`, `y`, `z`, `w`) values (5, 3, 3464560.0, 27113.1992, 4618380.0, 1.0);
INSERT INTO `region` (`region_id`, `level_name`, `tree`, `on_enter`, `on_exit`, `on_inside`) values (176, 'ctygena', 'target', '(want-load ''ctygena ''ctywide ''ctyfarma)', '(want-load ''ctygena ''ctywide ''ctyfarma)', '');
INSERT INTO `region_face` (`region_face_id`, `region_id`, `kind`, `flags`, `normal_x`, `normal_y`, `normal_z`, `normal_w`, `pos_x`, `pos_y`, `pos_z`, `pos_w`) values (6, 176, 'plane', '', 0.1378, 0.0, 0.9904, -1075248.375, -1041715.5, 70181.5, -940618.5, 237988.5468);
INSERT INTO `region_point` (`region_face_id`, `idx`, `x`, `y`, `z`, `w`) values (6, 0, -1193850.0, 251965.0, -919443.0, 1.0);
INSERT INTO `region_point` (`region_face_id`, `idx`, `x`, `y`, `z`, `w`) values (6, 1, -1193850.0, -111602.0, -919443.0, 1.0);
INSERT INTO `region_point` (`region_face_id`, `idx`, `x`, `y`, `z`, `w`) values (6, 2, -889581.0, 251965.0, -961794.0, 1.0);
INSERT INTO `region_point` (`region_face_id`, `idx`, `x`, `y`, `z`, `w`) values (6, 3, -889581.0, -111602.0, -961794.0, 1.0);
INSERT INTO `region` (`region_id`, `level_name`, `tree`, `on_enter`, `on_exit`, `on_inside`) values (294, 'ctygena', 'target', '(want-load ''ctygenc ''ctywide ''ctygena)', '', '');
INSERT INTO `region_face` (`region_face_id`, `region_id`, `kind`, `flags`, `normal_x`, `normal_y`, `normal_z`, `normal_w`, `pos_x`, `pos_y`, `pos_z`, `pos_w`) values (7, 294, 'plane', '', -0.0263, 0.0, -0.9996, 650855.5625, -1122365.0, 70181.5, -621450.5, 200166.7031);
INSERT INTO `region_point` (`region_face_id`, `idx`, `x`, `y`, `z`, `w`) values (7, 0, -1206130.0, 251965.0, -619239.0, 1.0);
INSERT INTO `region_point` (`region_face_id`, `idx`, `x`, `y`, `z`, `w`) values (7, 1, -1038600.0, 251965.0, -623662.0, 1.0);
INSERT INTO `region_point` (`region_face_id`, `idx`, `x`, `y`, `z`, `w`) values (7, 2, -1206130.0, -111602.0, -619239.0, 1.0);
INSERT INTO `region_point` (`region_face_id`, `idx`, `x`, `y`, `z`, `w`) values (7, 3, -1038600.0, -111602.0, -623662.0, 1.0);
INSERT INTO `region` (`region_id`, `level_name`, `tree`, `on_enter`, `on_exit`, `on_inside`) values (345, 'ctygena', 'target', '(want-display ''ctyfarma ''display)', '(want-display ''ctyfarma ''display)', '');
INSERT INTO `region_face` (`region_face_id`, `region_id`, `kind`, `flags`, `normal_x`, `normal_y`, `normal_z`, `normal_w`, `pos_x`, `pos_y`, `pos_z`, `pos_w`) values (8, 345, 'plane', '', 0.8818, 0.0, 0.4715, -1625613.625, -1169560.0, 70181.5, -1260190.0, 279473.3437);
INSERT INTO `region_point` (`region_face_id`, `idx`, `x`, `y`, `z`, `w`) values (8, 0, -1269660.0, 251965.0, -1073000.0, 1.0);
INSERT INTO `region_point` (`region_face_id`, `idx`, `x`, `y`, `z`, `w`) values (8, 1, -1269660.0, -111602.0, -1073000.0, 1.0);
INSERT INTO `region_point` (`region_face_id`, `idx`, `x`, `y`, `z`, `w`) values (8, 2, -1069460.0, 251965.0, -1447380.0, 1.0);
INSERT INTO `region_point` (`region_face_id`, `idx`, `x`, `y`, `z`, `w`) values (8, 3, -1069460.0, -111602.0, -1447380.0, 1.0);
INSERT INTO `region` (`region_id`, `level_name`, `tree`, `on_enter`, `on_exit`, `on_inside`) values (13, 'ctygena', 'camera', '', '', '(sound-play-loop "city-amb1")');
INSERT INTO `region_sphere` (`region_id`, `x`, `y`, `z`, `r`) values (13, -638203.0, 2171.07, -649418.0, 1228800.0);
INSERT INTO `region` (`region_id`, `level_name`, `tree`, `on_enter`, `on_exit`, `on_inside`) values (14, 'ctygena', 'camera', '', '', '(sound-play-loop "canal-amb")');
INSERT INTO `region_sphere` (`region_id`, `x`, `y`, `z`, `r`) values (14, -589592.0, 9640.0996, -787772.0, 143428.0);
INSERT INTO `region` (`region_id`, `level_name`, `tree`, `on_enter`, `on_exit`, `on_inside`) values (117, 'ctygena', 'camera', '(want-display ''ctygenb ''display)', '(want-display ''ctygenb #f)', '');
INSERT INTO `region_face` (`region_face_id`, `region_id`, `kind`, `flags`, `normal_x`, `normal_y`, `normal_z`, `normal_w`, `pos_x`, `pos_y`, `pos_z`, `pos_w`) values (9, 117, 'plane', '', 0.8103, 0.0, -0.5859, 31360.3437, -314501.0, 41735.1484, -488475.5, 198684.6093);
INSERT INTO `region_point` (`region_face_id`, `idx`, `x`, `y`, `z`, `w`) values (9, 0, -410093.0, -71666.7031, -620679.0, 1.0);
INSERT INTO `region_point` (`region_face_id`, `idx`, `x`, `y`, `z`, `w`) values (9, 1, -410093.0, 155137.0, -620679.0, 1.0);
INSERT INTO `region_point` (`region_face_id`, `idx`, `x`, `y`, `z`, `w`) values (9, 2, -218909.0, -71666.7031, -356272.0, 1.0);
INSERT INTO `region_point` (`region_face_id`, `idx`, `x`, `y`, `z`, `w`) values (9, 3, -218909.0, 155137.0, -356272.0, 1.0);
INSERT INTO `region` (`region_id`, `level_name`, `tree`, `on_enter`, `on_exit`, `on_inside`) values (69, 'ctygena', 'camera', '(want-load ''ctygena ''ctygenb ''ctywide)', '', '');
INSERT INTO `region_face` (`region_face_id`, `region_id`, `kind`, `flags`, `normal_x`, `normal_y`, `normal_z`, `normal_w`, `pos_x`, `pos_y`, `pos_z`, `pos_w`) values (10, 69, 'plane', '', -1.0, 0.0, -0.0001, 900859.0625, -900702.5, 41735.3984, -799236.5, 200983.8593);
INSERT INTO `region_point` (`region_face_id`, `idx`, `x`, `y`, `z`, `w`) values (10, 0, -900670.0, -71666.2031, -965172.0, 1.0);
INSERT INTO `region_point` (`region_face_id`, `idx`, `x`, `y`, `z`, `w`) values (10, 1, -900735.0, -71666.2031, -633301.0, 1.0);
INSERT INTO `region_point` (`region_face_id`, `idx`, `x`, `y`, `z`, `w`) values (10, 2, -900670.0, 155137.0, -965172.0, 1.0);
INSERT INTO `region_point` (`region_face_id`, `idx`, `x`, `y`, `z`, `w`) values (10, 3, -900735.0, 155137.0, -633301.0, 1.0);
INSERT INTO `region` (`region_id`, `level_name`, `tree`, `on_enter`, `on_exit`, `on_inside`) values (295, 'ctygena', 'camera', '(want-display ''ctygenc ''display)', '(want-display ''ctygenc #f)', '');
INSERT INTO `region_face` (`region_face_id`, `region_id`, `kind`, `flags`, `normal_x`, `normal_y`, `normal_z`, `normal_w`, `pos_x`, `pos_y`, `pos_z`, `pos_w`) values (11, 295, 'plane', '', -0.789, 0.0, -0.6143, 790063.625, -677793.5, 70181.5, -415491.0, 229207.9531);
INSERT INTO `region_point` (`region_face_id`, `idx`, `x`, `y`, `z`, `w`) values (11, 0, -763557.0, 251965.0, -305329.0, 1.0);
INSERT INTO `region_point` (`region_face_id`, `idx`, `x`, `y`, `z`, `w`) values (11, 1, -592030.0, 251965.0, -525653.0, 1.0);
INSERT INTO `region_point` (`region_face_id`, `idx`, `x`, `y`, `z`, `w`) values (11, 2, -763557.0, -111602.0, -305329.0, 1.0);
INSERT INTO `region_point` (`region_face_id`, `idx`, `x`, `y`, `z`, `w`) values (11, 3, -592030.0, -111602.0, -525653.0, 1.0);
INSERT INTO `region` (`region_id`, `level_name`, `tree`, `on_enter`, `on_exit`, `on_inside`) values (231, 'ctygena', 'water', '', '', '(water ocean 0 (swim wade))');
INSERT INTO `region_face` (`region_face_id`, `region_id`, `kind`, `flags`, `normal_x`, `normal_y`, `normal_z`, `normal_w`, `pos_x`, `pos_y`, `pos_z`, `pos_w`) values (12, 231, 'face', '', -0.0407, 0.2182, 0.975, -399445.2187, -696434.5, 22147.5, -443735.0, 984377.9375);
INSERT INTO `region_point` (`region_face_id`, `idx`, `x`, `y`, `z`, `w`) values (12, 0, -1651740.0, -167438.0, -441227.0, 1.0);
INSERT INTO `region_point` (`region_face_id`, `idx`, `x`, `y`, `z`, `w`) values (12, 1, 264971.0, -172025.0, -360090.0, 1.0);
INSERT INTO `region_point` (`region_face_id`, `idx`, `x`, `y`, `z`, `w`) values (12, 2, -1657840.0, 216320.0, -527380.0, 1.0);
INSERT INTO `region_point` (`region_face_id`, `idx`, `x`, `y`, `z`, `w`) values (12, 3, 258745.0, 216320.0, -447275.0, 1.0);
INSERT INTO `region_face` (`region_face_id`, `region_id`, `kind`, `flags`, `normal_x`, `normal_y`, `normal_z`, `normal_w`, `pos_x`, `pos_y`, `pos_z`, `pos_w`) values (13, 231, 'face', '', 0.9996, 0.0108, -0.0232, 271401.4062, 246996.5, 22147.5, -1042345.0, 709575.875);
INSERT INTO `region_point` (`region_face_id`, `idx`, `x`, `y`, `z`, `w`) values (13, 0, 235155.0, -162952.0, -1637210.0, 1.0);
INSERT INTO `region_point` (`region_face_id`, `idx`, `x`, `y`, `z`, `w`) values (13, 1, 229022.0, 216320.0, -1724600.0, 1.0);
INSERT INTO `region_point` (`region_face_id`, `idx`, `x`, `y`, `z`, `w`) values (13, 2, 264971.0, -172025.0, -360090.0, 1.0);
INSERT INTO `region_point` (`region_face_id`, `idx`, `x`, `y`, `z`, `w`) values (13, 3, 258745.0, 216320.0, -447275.0, 1.0);
INSERT INTO `region_face` (`region_face_id`, `region_id`, `kind`, `flags`, `normal_x`, `normal_y`, `normal_z`, `normal_w`, `pos_x`, `pos_y`, `pos_z`, `pos_w`) values (14, 231, 'face', '', 0.0, 1.0, 0.0, 216320.0, -714357.5, 216320.0, -1125617.5, 1186202.75);
INSERT INTO `region_point` (`region_face_id`, `idx`, `x`, `y`, `z`, `w`) values (14, 0, -1687460.0, 216320.0, -1803960.0, 1.0);
INSERT INTO `region_point` (`region_face_id`, `idx`, `x`, `y`, `z`, `w`) values (14, 1, -1657840.0, 216320.0, -527380.0, 1.0);
INSERT INTO `region_point` (`region_face_id`, `idx`, `x`, `y`, `z`, `w`) values (14, 2, 229022.0, 216320.0, -1724600.0, 1.0);
INSERT INTO `region_point` (`region_face_id`, `idx`, `x`, `y`, `z`, `w`) values (14, 3, 258745.0, 216320.0, -447275.0, 1.0);
INSERT INTO `region_face` (`region_face_id`, `region_id`, `kind`, `flags`, `normal_x`, `normal_y`, `normal_z`, `normal_w`, `pos_x`, `pos_y`, `pos_z`, `pos_w`) values (15, 231, 'face', '', -0.002, -0.9999, -0.007, 174006.2031, -708239.5, -165197.5, -1038860.0, 1186555.5);
INSERT INTO `region_point` (`region_face_id`, `idx`, `x`, `y`, `z`, `w`) values (15, 0, -1681450.0, -158370.0, -1717630.0, 1.0);
INSERT INTO `region_point` (`region_face_id`, `idx`, `x`, `y`, `z`, `w`) values (15, 1, 235155.0, -162952.0, -1637210.0, 1.0);
INSERT INTO `region_point` (`region_face_id`, `idx`, `x`, `y`, `z`, `w`) values (15, 2, -1651740.0, -167438.0, -441227.0, 1.0);
INSERT INTO `region_point` (`region_face_id`, `idx`, `x`, `y`, `z`, `w`) values (15, 3, 264971.0, -172025.0, -360090.0, 1.0);
INSERT INTO `region_face` (`region_face_id`, `region_id`, `kind`, `flags`, `normal_x`, `normal_y`, `normal_z`, `normal_w`, `pos_x`, `pos_y`, `pos_z`, `pos_w`) values (16, 231, 'face', '', 0.0403, -0.2237, -0.9738, 1640283.5, -726152.5, 26684.0, -1720585.0, 983374.4375);
INSERT INTO `region_point` (`region_face_id`, `idx`, `x`, `y`, `z`, `w`) values (16, 0, -1681450.0, -158370.0, -1717630.0, 1.0);
INSERT INTO `region_point` (`region_face_id`, `idx`, `x`, `y`, `z`, `w`) values (16, 1, -1687460.0, 216320.0, -1803960.0, 1.0);
INSERT INTO `region_point` (`region_face_id`, `idx`, `x`, `y`, `z`, `w`) values (16, 2, 235155.0, -162952.0, -1637210.0, 1.0);
INSERT INTO `region_point` (`region_face_id`, `idx`, `x`, `y`, `z`, `w`) values (16, 3, 229022.0, 216320.0, -1724600.0, 1.0);
INSERT INTO `region_face` (`region_face_id`, `region_id`, `kind`, `flags`, `normal_x`, `normal_y`, `normal_z`, `normal_w`, `pos_x`, `pos_y`, `pos_z`, `pos_w`) values (17, 231, 'face', '', -0.9996, -0.0106, 0.0231, 1642758.0, -1669600.0, 24441.0, -1122593.5, 708093.8125);
INSERT INTO `region_point` (`region_face_id`, `idx`, `x`, `y`, `z`, `w`) values (17, 0, -1681450.0, -158370.0, -1717630.0, 1.0);
INSERT INTO `region_point` (`region_face_id`, `idx`, `x`, `y`, `z`, `w`) values (17, 1, -1651740.0, -167438.0, -441227.0, 1.0);
INSERT INTO `region_point` (`region_face_id`, `idx`, `x`, `y`, `z`, `w`) values (17, 2, -1687460.0, 216320.0, -1803960.0, 1.0);
INSERT INTO `region_point` (`region_face_id`, `idx`, `x`, `y`, `z`, `w`) values (17, 3, -1657840.0, 216320.0, -527380.0, 1.0);
INSERT INTO `region` (`region_id`, `level_name`, `tree`, `on_enter`, `on_exit`, `on_inside`) values (103, 'ctygenb', 'target', '(want-load ''ctygena ''ctygenb ''ctywide)', '', '');
INSERT INTO `region_face` (`region_face_id`, `region_id`, `kind`, `flags`, `normal_x`, `normal_y`, `normal_z`, `normal_w`, `pos_x`, `pos_y`, `pos_z`, `pos_w`) values (18, 103, 'plane', '', 0.9998, 0.0, -0.0145, 843599.9375, 827970.5, 101216.4531, -1077737.5, 297592.4062);
INSERT INTO `region_point` (`region_face_id`, `idx`, `x`, `y`, `z`, `w`) values (18, 0, 831686.0, 255014.0, -822995.0, 1.0);
INSERT INTO `region_point` (`region_face_id`, `idx`, `x`, `y`, `z`, `w`) values (18, 1, 831686.0, -52581.1015, -822995.0, 1.0);
INSERT INTO `region_point` (`region_face_id`, `idx`, `x`, `y`, `z`, `w`) values (18, 2, 824255.0, 255014.0, -1332480.0, 1.0);
INSERT INTO `region_point` (`region_face_id`, `idx`, `x`, `y`, `z`, `w`) values (18, 3, 824255.0, -52581.1015, -1332480.0, 1.0);
INSERT INTO `region` (`region_id`, `level_name`, `tree`, `on_enter`, `on_exit`, `on_inside`) values (130, 'ctygenb', 'target', '(want-load ''stadium ''ctygenb ''ctywide)', '', '');
INSERT INTO `region_face` (`region_face_id`, `region_id`, `kind`, `flags`, `normal_x`, `normal_y`, `normal_z`, `normal_w`, `pos_x`, `pos_y`, `pos_z`, `pos_w`) values (19, 130, 'plane', '', -0.9997, 0.0, 0.02, -861319.5625, 840143.5, 101216.4531, -1063178.0, 285176.9687);
INSERT INTO `region_point` (`region_face_id`, `idx`, `x`, `y`, `z`, `w`) values (19, 0, 844965.0, 255014.0, -823076.0, 1.0);
INSERT INTO `region_point` (`region_face_id`, `idx`, `x`, `y`, `z`, `w`) values (19, 1, 835322.0, 255014.0, -1303280.0, 1.0);
INSERT INTO `region_point` (`region_face_id`, `idx`, `x`, `y`, `z`, `w`) values (19, 2, 844965.0, -52581.1015, -823076.0, 1.0);
INSERT INTO `region_point` (`region_face_id`, `idx`, `x`, `y`, `z`, `w`) values (19, 3, 835322.0, -52581.1015, -1303280.0, 1.0);
INSERT INTO `region` (`region_id`, `level_name`, `tree`, `on_enter`, `on_exit`, `on_inside`) values (680, 'ctygenb', 'target', '(when (and (not (focus-test? *target* pilot)) (or (task-closed? "nest-boss-resolution") (and (task-closed? "palace-cable-introduction") (not (task-closed? "palace-boss-resolution"))))) (want-load ''palshaft ''ctywide ''ctygenb))', '(want-load ''ctygena ''ctywide ''ctygenb)', '');
INSERT INTO `region_face` (`region_face_id`, `region_id`, `kind`, `flags`, `normal_x`, `normal_y`, `normal_z`, `normal_w`, `pos_x`, `pos_y`, `pos_z`, `pos_w`) values (20, 680, 'plane', '', -0.0133, 0.0, 0.9999, -633930.125, 803197.5, 99981.0, -623264.0, 128413.1953);
INSERT INTO `region_point` (`region_face_id`, `idx`, `x`, `y`, `z`, `w`) values (20, 0, 745744.0, 214822.0, -624031.0, 1.0);
INSERT INTO `region_point` (`region_face_id`, `idx`, `x`, `y`, `z`, `w`) values (20, 1, 745744.0, -14860.0, -624031.0, 1.0);
INSERT INTO `region_point` (`region_face_id`, `idx`, `x`, `y`, `z`, `w`) values (20, 2, 860651.0, 214822.0, -622497.0, 1.0);
INSERT INTO `region_point` (`region_face_id`, `idx`, `x`, `y`, `z`, `w`) values (20, 3, 860651.0, -14860.0, -622497.0, 1.0);
INSERT INTO `region` (`region_id`, `level_name`, `tree`, `on_enter`, `on_exit`, `on_inside`) values (118, 'ctygenb', 'camera', '(want-display ''ctygena ''display)', '(want-display ''ctygena #f)', '');
INSERT INTO `region_face` (`region_face_id`, `region_id`, `kind`, `flags`, `normal_x`, `normal_y`, `normal_z`, `normal_w`, `pos_x`, `pos_y`, `pos_z`, `pos_w`) values (21, 118, 'plane', '', 0.7307, 0.0, -0.6826, 925708.125, 465492.5, 123653.8984, -857774.5, 181766.2812);
INSERT INTO `region_point` (`region_face_id`, `idx`, `x`, `y`, `z`, `w`) values (21, 0, 409969.0, -38898.1992, -917213.0, 1.0);
INSERT INTO `region_point` (`region_face_id`, `idx`, `x`, `y`, `z`, `w`) values (21, 1, 409969.0, 286206.0, -917213.0, 1.0);
INSERT INTO `region_point` (`region_face_id`, `idx`, `x`, `y`, `z`, `w`) values (21, 2, 521016.0, -38898.1992, -798336.0, 1.0);
INSERT INTO `region_point` (`region_face_id`, `idx`, `x`, `y`, `z`, `w`) values (21, 3, 521016.0, 286206.0, -798336.0, 1.0);
INSERT INTO `region` (`region_id`, `level_name`, `tree`, `on_enter`, `on_exit`, `on_inside`) values (101, 'ctygenb', 'camera', '(want-display ''ctyslumb ''display)', '(want-display ''ctyslumb #f)', '');
INSERT INTO `region_face` (`region_face_id`, `region_id`, `kind`, `flags`, `normal_x`, `normal_y`, `normal_z`, `normal_w`, `pos_x`, `pos_y`, `pos_z`, `pos_w`) values (22, 101, 'plane', '', -0.6257, 0.0, 0.7799, -1159123.0, 1180785.0, 88714.2968, -538727.5, 180837.7968);
INSERT INTO `region_point` (`region_face_id`, `idx`, `x`, `y`, `z`, `w`) values (22, 0, 1048050.0, 149895.0, -645220.0, 1.0);
INSERT INTO `region_point` (`region_face_id`, `idx`, `x`, `y`, `z`, `w`) values (22, 1, 1048050.0, 27533.5996, -645220.0, 1.0);
INSERT INTO `region_point` (`region_face_id`, `idx`, `x`, `y`, `z`, `w`) values (22, 2, 1313520.0, 149895.0, -432235.0, 1.0);
INSERT INTO `region_point` (`region_face_id`, `idx`, `x`, `y`, `z`, `w`) values (22, 3, 1313520.0, 27533.5996, -432235.0, 1.0);
INSERT INTO `region` (`region_id`, `level_name`, `tree`, `on_enter`, `on_exit`, `on_inside`) values (102, 'ctygenb', 'camera', '(want-load ''ctyslumb ''ctygenb ''ctywide)', '', '');
INSERT INTO `region_face` (`region_face_id`, `region_id`, `kind`, `flags`, `normal_x`, `normal_y`, `normal_z`, `normal_w`, `pos_x`, `pos_y`, `pos_z`, `pos_w`) values (23, 102, 'plane', '', -0.9988, 0.0, -0.0475, -762564.0625, 776174.5, 117287.7968, -267454.5, 192244.1093);
INSERT INTO `region_point` (`region_face_id`, `idx`, `x`, `y`, `z`, `w`) values (23, 0, 784116.0, 212797.0, -434106.0, 1.0);
INSERT INTO `region_point` (`region_face_id`, `idx`, `x`, `y`, `z`, `w`) values (23, 1, 784116.0, 21778.5996, -434106.0, 1.0);
INSERT INTO `region_point` (`region_face_id`, `idx`, `x`, `y`, `z`, `w`) values (23, 2, 768233.0, 212797.0, -100803.0, 1.0);
INSERT INTO `region_point` (`region_face_id`, `idx`, `x`, `y`, `z`, `w`) values (23, 3, 768233.0, 21778.5996, -100803.0, 1.0);
INSERT INTO `region` (`region_id`, `level_name`, `tree`, `on_enter`, `on_exit`, `on_inside`) values (131, 'ctygenb', 'camera', '(want-display ''stadium ''display)', '(want-display ''stadium #f)', '');
INSERT INTO `region_face` (`region_face_id`, `region_id`, `kind`, `flags`, `normal_x`, `normal_y`, `normal_z`, `normal_w`, `pos_x`, `pos_y`, `pos_z`, `pos_w`) values (24, 131, 'plane', '', -0.9407, 0.0, -0.339, -873667.875, 1281345.0, 103311.25, -978380.0, 220057.0312);
INSERT INTO `region_point` (`region_face_id`, `idx`, `x`, `y`, `z`, `w`) values (24, 0, 1342340.0, 230076.0, -1147600.0, 1.0);
INSERT INTO `region_point` (`region_face_id`, `idx`, `x`, `y`, `z`, `w`) values (24, 1, 1342340.0, -23453.5, -1147600.0, 1.0);
INSERT INTO `region_point` (`region_face_id`, `idx`, `x`, `y`, `z`, `w`) values (24, 2, 1220350.0, 230076.0, -809160.0, 1.0);
INSERT INTO `region_point` (`region_face_id`, `idx`, `x`, `y`, `z`, `w`) values (24, 3, 1220350.0, -23453.5, -809160.0, 1.0);
INSERT INTO `region` (`region_id`, `level_name`, `tree`, `on_enter`, `on_exit`, `on_inside`) values (232, 'ctygenb', 'water', '', '', '(water ocean 0 (swim wade))');
INSERT INTO `region_face` (`region_face_id`, `region_id`, `kind`, `flags`, `normal_x`, `normal_y`, `normal_z`, `normal_w`, `pos_x`, `pos_y`, `pos_z`, `pos_w`) values (25, 232, 'face', '', 0.0171, 0.0024, 0.9998, -836675.0625, 742446.5, -86446.0, -849358.0, 1040107.75);
INSERT INTO `region_point` (`region_face_id`, `idx`, `x`, `y`, `z`, `w`) values (25, 0, -274307.0, -304877.0, -831348.0, 1.0);
INSERT INTO `region_point` (`region_face_id`, `idx`, `x`, `y`, `z`, `w`) values (25, 1, 1758760.0, -161945.0, -866650.0, 1.0);
INSERT INTO `region_point` (`region_face_id`, `idx`, `x`, `y`, `z`, `w`) values (25, 2, -273878.0, 131983.0, -832411.0, 1.0);
INSERT INTO `region_point` (`region_face_id`, `idx`, `x`, `y`, `z`, `w`) values (25, 3, 1759200.0, 131985.0, -867368.0, 1.0);
INSERT INTO `region_face` (`region_face_id`, `region_id`, `kind`, `flags`, `normal_x`, `normal_y`, `normal_z`, `normal_w`, `pos_x`, `pos_y`, `pos_z`, `pos_w`) values (26, 232, 'face', '', 0.9996, -0.0014, 0.0277, 1734290.625, 1772155.0, -14980.0, -1342125.0, 497850.0);
INSERT INTO `region_point` (`region_face_id`, `idx`, `x`, `y`, `z`, `w`) values (26, 0, 1785110.0, -161945.0, -1816880.0, 1.0);
INSERT INTO `region_point` (`region_face_id`, `idx`, `x`, `y`, `z`, `w`) values (26, 1, 1785550.0, 131985.0, -1817600.0, 1.0);
INSERT INTO `region_point` (`region_face_id`, `idx`, `x`, `y`, `z`, `w`) values (26, 2, 1758760.0, -161945.0, -866650.0, 1.0);
INSERT INTO `region_point` (`region_face_id`, `idx`, `x`, `y`, `z`, `w`) values (26, 3, 1759200.0, 131985.0, -867368.0, 1.0);
INSERT INTO `region_face` (`region_face_id`, `region_id`, `kind`, `flags`, `normal_x`, `normal_y`, `normal_z`, `normal_w`, `pos_x`, `pos_y`, `pos_z`, `pos_w`) values (27, 232, 'face', '', -0.0, 1.0, -0.0, 131983.2968, 755836.0, 131984.0, -1325005.5, 1141472.875);
INSERT INTO `region_point` (`region_face_id`, `idx`, `x`, `y`, `z`, `w`) values (27, 0, -247535.0, 131983.0, -1782660.0, 1.0);
INSERT INTO `region_point` (`region_face_id`, `idx`, `x`, `y`, `z`, `w`) values (27, 1, -273878.0, 131983.0, -832411.0, 1.0);
INSERT INTO `region_point` (`region_face_id`, `idx`, `x`, `y`, `z`, `w`) values (27, 2, 1785550.0, 131985.0, -1817600.0, 1.0);
INSERT INTO `region_point` (`region_face_id`, `idx`, `x`, `y`, `z`, `w`) values (27, 3, 1759200.0, 131985.0, -867368.0, 1.0);
INSERT INTO `region_face` (`region_face_id`, `region_id`, `kind`, `flags`, `normal_x`, `normal_y`, `normal_z`, `normal_w`, `pos_x`, `pos_y`, `pos_z`, `pos_w`) values (28, 232, 'face', '', 0.0701, -0.9975, 0.0019, 283261.5937, 755401.5, -233411.0, -1324114.0, 1143776.75);
INSERT INTO `region_point` (`region_face_id`, `idx`, `x`, `y`, `z`, `w`) values (28, 0, -247964.0, -304877.0, -1781600.0, 1.0);
INSERT INTO `region_point` (`region_face_id`, `idx`, `x`, `y`, `z`, `w`) values (28, 1, 1785110.0, -161945.0, -1816880.0, 1.0);
INSERT INTO `region_point` (`region_face_id`, `idx`, `x`, `y`, `z`, `w`) values (28, 2, -274307.0, -304877.0, -831348.0, 1.0);
INSERT INTO `region_point` (`region_face_id`, `idx`, `x`, `y`, `z`, `w`) values (28, 3, 1758760.0, -161945.0, -866650.0, 1.0);
INSERT INTO `region_face` (`region_face_id`, `region_id`, `kind`, `flags`, `normal_x`, `normal_y`, `normal_z`, `normal_w`, `pos_x`, `pos_y`, `pos_z`, `pos_w`) values (29, 232, 'face', '', -0.0171, -0.0024, -0.9998, 1786326.625, 768793.0, -86446.0, -1799600.0, 1040111.0);
INSERT INTO `region_point` (`region_face_id`, `idx`, `x`, `y`, `z`, `w`) values (29, 0, -247964.0, -304877.0, -1781600.0, 1.0);
INSERT INTO `region_point` (`region_face_id`, `idx`, `x`, `y`, `z`, `w`) values (29, 1, -247535.0, 131983.0, -1782660.0, 1.0);
INSERT INTO `region_point` (`region_face_id`, `idx`, `x`, `y`, `z`, `w`) values (29, 2, 1785110.0, -161945.0, -1816880.0, 1.0);
INSERT INTO `region_point` (`region_face_id`, `idx`, `x`, `y`, `z`, `w`) values (29, 3, 1785550.0, 131985.0, -1817600.0, 1.0);
INSERT INTO `region_face` (`region_face_id`, `region_id`, `kind`, `flags`, `normal_x`, `normal_y`, `normal_z`, `normal_w`, `pos_x`, `pos_y`, `pos_z`, `pos_w`) values (30, 232, 'face', '', -0.9996, 0.0009, -0.0277, 296960.625, -260921.0, -86447.0, -1307004.0, 523583.3125);
INSERT INTO `region_point` (`region_face_id`, `idx`, `x`, `y`, `z`, `w`) values (30, 0, -247964.0, -304877.0, -1781600.0, 1.0);
INSERT INTO `region_point` (`region_face_id`, `idx`, `x`, `y`, `z`, `w`) values (30, 1, -274307.0, -304877.0, -831348.0, 1.0);
INSERT INTO `region_point` (`region_face_id`, `idx`, `x`, `y`, `z`, `w`) values (30, 2, -247535.0, 131983.0, -1782660.0, 1.0);
INSERT INTO `region_point` (`region_face_id`, `idx`, `x`, `y`, `z`, `w`) values (30, 3, -273878.0, 131983.0, -832411.0, 1.0);
INSERT INTO `region` (`region_id`, `level_name`, `tree`, `on_enter`, `on_exit`, `on_inside`) values (293, 'ctygenc', 'target', '(want-load ''ctygenc ''ctywide ''ctygena)', '', '');
INSERT INTO `region_face` (`region_face_id`, `region_id`, `kind`, `flags`, `normal_x`, `normal_y`, `normal_z`, `normal_w`, `pos_x`, `pos_y`, `pos_z`, `pos_w`) values (31, 293, 'plane', '', 0.9975, 0.0, 0.0702, -233893.5937, -242325.5, 91304.5468, 111469.7968, 120595.0);
INSERT INTO `region_point` (`region_face_id`, `idx`, `x`, `y`, `z`, `w`) values (31, 0, -235471.0, 162212.0, 14164.5996, 1.0);
INSERT INTO `region_point` (`region_face_id`, `idx`, `x`, `y`, `z`, `w`) values (31, 1, -249180.0, 162212.0, 208775.0, 1.0);
INSERT INTO `region_point` (`region_face_id`, `idx`, `x`, `y`, `z`, `w`) values (31, 2, -235471.0, 20397.0996, 14164.5996, 1.0);
INSERT INTO `region_point` (`region_face_id`, `idx`, `x`, `y`, `z`, `w`) values (31, 3, -249180.0, 20397.0996, 208775.0, 1.0);
INSERT INTO `region` (`region_id`, `level_name`, `tree`, `on_enter`, `on_exit`, `on_inside`) values (297, 'ctygenc', 'target', '(want-load ''ctygenc ''ctywide ''ctypal)', '', '');
INSERT INTO `region_face` (`region_face_id`, `region_id`, `kind`, `flags`, `normal_x`, `normal_y`, `normal_z`, `normal_w`, `pos_x`, `pos_y`, `pos_z`, `pos_w`) values (32, 297, 'plane', '', -0.9975, 0.0, -0.0702, 213558.5, -222011.5, 92208.3984, 112484.75, 120065.8203);
INSERT INTO `region_point` (`region_face_id`, `idx`, `x`, `y`, `z`, `w`) values (32, 0, -215157.0, 162212.0, 15179.5, 1.0);
INSERT INTO `region_point` (`region_face_id`, `idx`, `x`, `y`, `z`, `w`) values (32, 1, -215157.0, 22204.8007, 15179.5, 1.0);
INSERT INTO `region_point` (`region_face_id`, `idx`, `x`, `y`, `z`, `w`) values (32, 2, -228866.0, 162212.0, 209790.0, 1.0);
INSERT INTO `region_point` (`region_face_id`, `idx`, `x`, `y`, `z`, `w`) values (32, 3, -228866.0, 22204.8007, 209790.0, 1.0);
INSERT INTO `region` (`region_id`, `level_name`, `tree`, `on_enter`, `on_exit`, `on_inside`) values (290, 'ctygenc', 'camera', '(want-display ''ctypal ''display)', '(want-display ''ctypal #f)', '');
INSERT INTO `region_face` (`region_face_id`, `region_id`, `kind`, `flags`, `normal_x`, `normal_y`, `normal_z`, `normal_w`, `pos_x`, `pos_y`, `pos_z`, `pos_w`) values (33, 290, 'plane', '', -0.2944, 0.0, -0.9556, -256992.5468, 80567.3515, 84304.2578, 244091.0, 139150.3593);
INSERT INTO `region_point` (`region_face_id`, `idx`, `x`, `y`, `z`, `w`) values (33, 0, 190754.0, 162211.0, 210146.0, 1.0);
INSERT INTO `region_point` (`region_face_id`, `idx`, `x`, `y`, `z`, `w`) values (33, 1, 190754.0, 6397.5097, 210146.0, 1.0);
INSERT INTO `region_point` (`region_face_id`, `idx`, `x`, `y`, `z`, `w`) values (33, 2, -29619.3007, 162211.0, 278036.0, 1.0);
INSERT INTO `region_point` (`region_face_id`, `idx`, `x`, `y`, `z`, `w`) values (33, 3, -29619.3007, 6397.5097, 278036.0, 1.0);
INSERT INTO `region` (`region_id`, `level_name`, `tree`, `on_enter`, `on_exit`, `on_inside`) values (296, 'ctygenc', 'camera', '(want-display ''ctygena ''display)', '(want-display ''ctygena #f)', '');
INSERT INTO `region_face` (`region_face_id`, `region_id`, `kind`, `flags`, `normal_x`, `normal_y`, `normal_z`, `normal_w`, `pos_x`, `pos_y`, `pos_z`, `pos_w`) values (34, 296, 'plane', '', 0.2664, 0.0, -0.9638, -265983.5312, -666150.0, 80293.4921, 91811.5, 270181.9062);
INSERT INTO `region_point` (`region_face_id`, `idx`, `x`, `y`, `z`, `w`) values (34, 0, -417993.0, 162211.0, 160411.0, 1.0);
INSERT INTO `region_point` (`region_face_id`, `idx`, `x`, `y`, `z`, `w`) values (34, 1, -417993.0, -1624.01, 160411.0, 1.0);
INSERT INTO `region_point` (`region_face_id`, `idx`, `x`, `y`, `z`, `w`) values (34, 2, -914307.0, 162211.0, 23212.0, 1.0);
INSERT INTO `region_point` (`region_face_id`, `idx`, `x`, `y`, `z`, `w`) values (34, 3, -914307.0, -1624.01, 23212.0, 1.0);
INSERT INTO `region` (`region_id`, `level_name`, `tree`, `on_enter`, `on_exit`, `on_inside`) values (529, 'ctygenc', 'water', '', '', '(water ocean 0 (swim wade))');
INSERT INTO `region_face` (`region_face_id`, `region_id`, `kind`, `flags`, `normal_x`, `normal_y`, `normal_z`, `normal_w`, `pos_x`, `pos_y`, `pos_z`, `pos_w`) values (35, 529, 'face', '', 0.0, 0.0, 1.0, 1620510.0, 678602.0, 20213.5, 1620510.0, 559695.1875);
INSERT INTO `region_point` (`region_face_id`, `idx`, `x`, `y`, `z`, `w`) values (35, 0, 125724.0, -66876.0, 1620510.0, 1.0);
INSERT INTO `region_point` (`region_face_id`, `idx`, `x`, `y`, `z`, `w`) values (35, 1, 1231480.0, -66876.0, 1620510.0, 1.0);
INSERT INTO `region_point` (`region_face_id`, `idx`, `x`, `y`, `z`, `w`) values (35, 2, 125724.0, 107303.0, 1620510.0, 1.0);
INSERT INTO `region_point` (`region_face_id`, `idx`, `x`, `y`, `z`, `w`) values (35, 3, 1231480.0, 107303.0, 1620510.0, 1.0);
INSERT INTO `region_face` (`region_face_id`, `region_id`, `kind`, `flags`, `normal_x`, `normal_y`, `normal_z`, `normal_w`, `pos_x`, `pos_y`, `pos_z`, `pos_w`) values (36, 529, 'face', '', 1.0, 0.0, 0.0, 1231480.0, 1231480.0, 20213.5, 939226.5, 686827.3125);
INSERT INTO `region_point` (`region_face_id`, `idx`, `x`, `y`, `z`, `w`) values (36, 0, 1231480.0, -66876.0, 257943.0, 1.0);
INSERT INTO `region_point` (`region_face_id`, `idx`, `x`, `y`, `z`, `w`) values (36, 1, 1231480.0, 107303.0, 257943.0, 1.0);
INSERT INTO `region_point` (`region_face_id`, `idx`, `x`, `y`, `z`, `w`) values (36, 2, 1231480.0, -66876.0, 1620510.0, 1.0);
INSERT INTO `region_point` (`region_face_id`, `idx`, `x`, `y`, `z`, `w`) values (36, 3, 1231480.0, 107303.0, 1620510.0, 1.0);
INSERT INTO `region_face` (`region_face_id`, `region_id`, `kind`, `flags`, `normal_x`, `normal_y`, `normal_z`, `normal_w`, `pos_x`, `pos_y`, `pos_z`, `pos_w`) values (37, 529, 'face', '', 0.0, 1.0, 0.0, 107303.0, 678602.0, 107303.0, 939226.5, 877394.625);
INSERT INTO `region_point` (`region_face_id`, `idx`, `x`, `y`, `z`, `w`) values (37, 0, 125724.0, 107303.0, 257943.0, 1.0);
INSERT INTO `region_point` (`region_face_id`, `idx`, `x`, `y`, `z`, `w`) values (37, 1, 125724.0, 107303.0, 1620510.0, 1.0);
INSERT INTO `region_point` (`region_face_id`, `idx`, `x`, `y`, `z`, `w`) values (37, 2, 1231480.0, 107303.0, 257943.0, 1.0);
INSERT INTO `region_point` (`region_face_id`, `idx`, `x`, `y`, `z`, `w`) values (37, 3, 1231480.0, 107303.0, 1620510.0, 1.0);
INSERT INTO `region_face` (`region_face_id`, `region_id`, `kind`, `flags`, `normal_x`, `normal_y`, `normal_z`, `normal_w`, `pos_x`, `pos_y`, `pos_z`, `pos_w`) values (38, 529, 'face', '', 0.0, -1.0, 0.0, 66876.0, 678602.0, -66876.0, 939226.5, 877394.625);
INSERT INTO `region_point` (`region_face_id`, `idx`, `x`, `y`, `z`, `w`) values (38, 0, 125724.0, -66876.0, 257943.0, 1.0);
INSERT INTO `region_point` (`region_face_id`, `idx`, `x`, `y`, `z`, `w`) values (38, 1, 1231480.0, -66876.0, 257943.0, 1.0);
INSERT INTO `region_point` (`region_face_id`, `idx`, `x`, `y`, `z`, `w`) values (38, 2, 125724.0, -66876.0, 1620510.0, 1.0);
INSERT INTO `region_point` (`region_face_id`, `idx`, `x`, `y`, `z`, `w`) values (38, 3, 1231480.0, -66876.0, 1620510.0, 1.0);
INSERT INTO `region_face` (`region_face_id`, `region_id`, `kind`, `flags`, `normal_x`, `normal_y`, `normal_z`, `normal_w`, `pos_x`, `pos_y`, `pos_z`, `pos_w`) values (39, 529, 'face', '', 0.0, 0.0, -1.0, -257943.0, 678602.0, 20213.5, 257943.0, 559695.1875);
INSERT INTO `region_point` (`region_face_id`, `idx`, `x`, `y`, `z`, `w`) values (39, 0, 125724.0, -66876.0, 257943.0, 1.0);
INSERT INTO `region_point` (`region_face_id`, `idx`, `x`, `y`, `z`, `w`) values (39, 1, 125724.0, 107303.0, 257943.0, 1.0);
INSERT INTO `region_point` (`region_face_id`, `idx`, `x`, `y`, `z`, `w`) values (39, 2, 1231480.0, -66876.0, 257943.0, 1.0);
INSERT INTO `region_point` (`region_face_id`, `idx`, `x`, `y`, `z`, `w`) values (39, 3, 1231480.0, 107303.0, 257943.0, 1.0);
INSERT INTO `region_face` (`region_face_id`, `region_id`, `kind`, `flags`, `normal_x`, `normal_y`, `normal_z`, `normal_w`, `pos_x`, `pos_y`, `pos_z`, `pos_w`) values (40, 529, 'face', '', -1.0, 0.0, 0.0, -125724.0, 125724.0, 20213.5, 939226.5, 686827.3125);
INSERT INTO `region_point` (`region_face_id`, `idx`, `x`, `y`, `z`, `w`) values (40, 0, 125724.0, -66876.0, 257943.0, 1.0);
INSERT INTO `region_point` (`region_face_id`, `idx`, `x`, `y`, `z`, `w`) values (40, 1, 125724.0, -66876.0, 1620510.0, 1.0);
INSERT INTO `region_point` (`region_face_id`, `idx`, `x`, `y`, `z`, `w`) values (40, 2, 125724.0, 107303.0, 257943.0, 1.0);
INSERT INTO `region_point` (`region_face_id`, `idx`, `x`, `y`, `z`, `w`) values (40, 3, 125724.0, 107303.0, 1620510.0, 1.0);
INSERT INTO `region` (`region_id`, `level_name`, `tree`, `on_enter`, `on_exit`, `on_inside`) values (262, 'ctypal', 'target', '(want-load ''ctyport ''ctywide ''ctypal)', '', '');
INSERT INTO `region_face` (`region_face_id`, `region_id`, `kind`, `flags`, `normal_x`, `normal_y`, `normal_z`, `normal_w`, `pos_x`, `pos_y`, `pos_z`, `pos_w`) values (41, 262, 'plane', '', 0.0044, 0.0, -0.9999, -3383891.25, 782215.5, 109934.3515, 3387415.0, 194068.9531);
INSERT INTO `region_point` (`region_face_id`, `idx`, `x`, `y`, `z`, `w`) values (41, 0, 958157.0, 191829.0, 3388200.0, 1.0);
INSERT INTO `region_point` (`region_face_id`, `idx`, `x`, `y`, `z`, `w`) values (41, 1, 958157.0, 28039.6992, 3388200.0, 1.0);
INSERT INTO `region_point` (`region_face_id`, `idx`, `x`, `y`, `z`, `w`) values (41, 2, 606274.0, 191829.0, 3386630.0, 1.0);
INSERT INTO `region_point` (`region_face_id`, `idx`, `x`, `y`, `z`, `w`) values (41, 3, 606274.0, 28039.6992, 3386630.0, 1.0);
INSERT INTO `region` (`region_id`, `level_name`, `tree`, `on_enter`, `on_exit`, `on_inside`) values (264, 'ctypal', 'target', '(want-load ''ctymarkb ''ctywide ''ctypal)', '', '');
INSERT INTO `region_face` (`region_face_id`, `region_id`, `kind`, `flags`, `normal_x`, `normal_y`, `normal_z`, `normal_w`, `pos_x`, `pos_y`, `pos_z`, `pos_w`) values (42, 264, 'plane', '', 0.0164, 0.0, 0.9998, 3385068.0, 913513.0, 127245.3984, 3370520.0, 123596.6484);
INSERT INTO `region_point` (`region_face_id`, `idx`, `x`, `y`, `z`, `w`) values (42, 0, 859937.0, 15867.7998, 3371400.0, 1.0);
INSERT INTO `region_point` (`region_face_id`, `idx`, `x`, `y`, `z`, `w`) values (42, 1, 967089.0, 15867.7998, 3369640.0, 1.0);
INSERT INTO `region_point` (`region_face_id`, `idx`, `x`, `y`, `z`, `w`) values (42, 2, 859937.0, 238623.0, 3371400.0, 1.0);
INSERT INTO `region_point` (`region_face_id`, `idx`, `x`, `y`, `z`, `w`) values (42, 3, 967089.0, 238623.0, 3369640.0, 1.0);
INSERT INTO `region` (`region_id`, `level_name`, `tree`, `on_enter`, `on_exit`, `on_inside`) values (585, 'ctypal', 'target', '(want-load ''ctymarka ''ctywide ''ctypal)', '', '');
INSERT INTO `region_face` (`region_face_id`, `region_id`, `kind`, `flags`, `normal_x`, `normal_y`, `normal_z`, `normal_w`, `pos_x`, `pos_y`, `pos_z`, `pos_w`) values (43, 585, 'plane', '', -0.0595, 0.0, 0.9982, 3322745.75, 657766.5, 118977.5, 3367890.0, 115617.7968);
INSERT INTO `region_point` (`region_face_id`, `idx`, `x`, `y`, `z`, `w`) values (43, 0, 709231.0, 15491.0, 3370960.0, 1.0);
INSERT INTO `region_point` (`region_face_id`, `idx`, `x`, `y`, `z`, `w`) values (43, 1, 709231.0, 222464.0, 3370960.0, 1.0);
INSERT INTO `region_point` (`region_face_id`, `idx`, `x`, `y`, `z`, `w`) values (43, 2, 606302.0, 15491.0, 3364820.0, 1.0);
INSERT INTO `region_point` (`region_face_id`, `idx`, `x`, `y`, `z`, `w`) values (43, 3, 606302.0, 222464.0, 3364820.0, 1.0);
INSERT INTO `region` (`region_id`, `level_name`, `tree`, `on_enter`, `on_exit`, `on_inside`) values (589, 'ctypal', 'target', '(want-load ''ctygenc ''ctywide ''ctypal)', '', '');
INSERT INTO `region_face` (`region_face_id`, `region_id`, `kind`, `flags`, `normal_x`, `normal_y`, `normal_z`, `normal_w`, `pos_x`, `pos_y`, `pos_z`, `pos_w`) values (44, 589, 'plane', '', -0.2388, 0.0, 0.971, 1598723.5, 1460620.0, 108576.6015, 2005680.0, 143227.5312);
INSERT INTO `region_point` (`region_face_id`, `idx`, `x`, `y`, `z`, `w`) values (44, 0, 1333460.0, 166594.0, 1974400.0, 1.0);
INSERT INTO `region_point` (`region_face_id`, `idx`, `x`, `y`, `z`, `w`) values (44, 1, 1333460.0, 50559.1992, 1974400.0, 1.0);
INSERT INTO `region_point` (`region_face_id`, `idx`, `x`, `y`, `z`, `w`) values (44, 2, 1587780.0, 166594.0, 2036960.0, 1.0);
INSERT INTO `region_point` (`region_face_id`, `idx`, `x`, `y`, `z`, `w`) values (44, 3, 1587780.0, 50559.1992, 2036960.0, 1.0);
INSERT INTO `region` (`region_id`, `level_name`, `tree`, `on_enter`, `on_exit`, `on_inside`) values (805, 'ctypal', 'target', '(want-display ''ctyport ''display)', '(want-display ''ctyport #f)', '');
INSERT INTO `region_face` (`region_face_id`, `region_id`, `kind`, `flags`, `normal_x`, `normal_y`, `normal_z`, `normal_w`, `pos_x`, `pos_y`, `pos_z`, `pos_w`) values (45, 805, 'face', '', -0.8441, 0.0, -0.5361, -3090532.0, 1169205.0, 100388.3984, 3923775.0, 237801.7343);
INSERT INTO `region_point` (`region_face_id`, `idx`, `x`, `y`, `z`, `w`) values (45, 0, 1290800.0, 171841.0, 3732310.0, 1.0);
INSERT INTO `region_point` (`region_face_id`, `idx`, `x`, `y`, `z`, `w`) values (45, 1, 1290800.0, 28935.8007, 3732310.0, 1.0);
INSERT INTO `region_point` (`region_face_id`, `idx`, `x`, `y`, `z`, `w`) values (45, 2, 1047610.0, 171841.0, 4115240.0, 1.0);
INSERT INTO `region_point` (`region_face_id`, `idx`, `x`, `y`, `z`, `w`) values (45, 3, 1047610.0, 28935.8007, 4115240.0, 1.0);
INSERT INTO `region_face` (`region_face_id`, `region_id`, `kind`, `flags`, `normal_x`, `normal_y`, `normal_z`, `normal_w`, `pos_x`, `pos_y`, `pos_z`, `pos_w`) values (46, 805, 'face', '', -0.8441, 0.0, -0.5361, -3090532.0, 1169205.0, 100388.3984, 3923775.0, 237801.7343);
INSERT INTO `region_point` (`region_face_id`, `idx`, `x`, `y`, `z`, `w`) values (46, 0, 1290800.0, 171841.0, 3732310.0, 1.0);
INSERT INTO `region_point` (`region_face_id`, `idx`, `x`, `y`, `z`, `w`) values (46, 1, 1290800.0, 28935.8007, 3732310.0, 1.0);
INSERT INTO `region_point` (`region_face_id`, `idx`, `x`, `y`, `z`, `w`) values (46, 2, 1047610.0, 171841.0, 4115240.0, 1.0);
INSERT INTO `region_point` (`region_face_id`, `idx`, `x`, `y`, `z`, `w`) values (46, 3, 1047610.0, 28935.8007, 4115240.0, 1.0);
INSERT INTO `region_face` (`region_face_id`, `region_id`, `kind`, `flags`, `normal_x`, `normal_y`, `normal_z`, `normal_w`, `pos_x`, `pos_y`, `pos_z`, `pos_w`) values (47, 805, 'face', '', -0.8441, 0.0, -0.5361, -3090532.0, 1169205.0, 100388.3984, 3923775.0, 237801.7343);
INSERT INTO `region_point` (`region_face_id`, `idx`, `x`, `y`, `z`, `w`) values (47, 0, 1290800.0, 171841.0, 3732310.0, 1.0);
INSERT INTO `region_point` (`region_face_id`, `idx`, `x`, `y`, `z`, `w`) values (47, 1, 1290800.0, 28935.8007, 3732310.0, 1.0);
INSERT INTO `region_point` (`region_face_id`, `idx`, `x`, `y`, `z`, `w`) values (47, 2, 1047610.0, 171841.0, 4115240.0, 1.0);
INSERT INTO `region_point` (`region_face_id`, `idx`, `x`, `y`, `z`, `w`) values (47, 3, 1047610.0, 28935.8007, 4115240.0, 1.0);
INSERT INTO `region_face` (`region_face_id`, `region_id`, `kind`, `flags`, `normal_x`, `normal_y`, `normal_z`, `normal_w`, `pos_x`, `pos_y`, `pos_z`, `pos_w`) values (48, 805, 'face', '', -0.8441, 0.0, -0.5361, -3090532.0, 1169205.0, 100388.3984, 3923775.0, 237801.7343);
INSERT INTO `region_point` (`region_face_id`, `idx`, `x`, `y`, `z`, `w`) values (48, 0, 1290800.0, 171841.0, 3732310.0, 1.0);
INSERT INTO `region_point` (`region_face_id`, `idx`, `x`, `y`, `z`, `w`) values (48, 1, 1290800.0, 28935.8007, 3732310.0, 1.0);
INSERT INTO `region_point` (`region_face_id`, `idx`, `x`, `y`, `z`, `w`) values (48, 2, 1047610.0, 171841.0, 4115240.0, 1.0);
INSERT INTO `region_point` (`region_face_id`, `idx`, `x`, `y`, `z`, `w`) values (48, 3, 1047610.0, 28935.8007, 4115240.0, 1.0);
INSERT INTO `region_face` (`region_face_id`, `region_id`, `kind`, `flags`, `normal_x`, `normal_y`, `normal_z`, `normal_w`, `pos_x`, `pos_y`, `pos_z`, `pos_w`) values (49, 805, 'face', '', -0.8441, 0.0, -0.5361, -3090532.0, 1169205.0, 100388.3984, 3923775.0, 237801.7343);
INSERT INTO `region_point` (`region_face_id`, `idx`, `x`, `y`, `z`, `w`) values (49, 0, 1290800.0, 171841.0, 3732310.0, 1.0);
INSERT INTO `region_point` (`region_face_id`, `idx`, `x`, `y`, `z`, `w`) values (49, 1, 1290800.0, 28935.8007, 3732310.0, 1.0);
INSERT INTO `region_point` (`region_face_id`, `idx`, `x`, `y`, `z`, `w`) values (49, 2, 1047610.0, 171841.0, 4115240.0, 1.0);
INSERT INTO `region_point` (`region_face_id`, `idx`, `x`, `y`, `z`, `w`) values (49, 3, 1047610.0, 28935.8007, 4115240.0, 1.0);
INSERT INTO `region_face` (`region_face_id`, `region_id`, `kind`, `flags`, `normal_x`, `normal_y`, `normal_z`, `normal_w`, `pos_x`, `pos_y`, `pos_z`, `pos_w`) values (50, 805, 'face', '', -0.8441, 0.0, -0.5361, -3090532.0, 1169205.0, 100388.3984, 3923775.0, 237801.7343);
INSERT INTO `region_point` (`region_face_id`, `idx`, `x`, `y`, `z`, `w`) values (50, 0, 1290800.0, 171841.0, 3732310.0, 1.0);
INSERT INTO `region_point` (`region_face_id`, `idx`, `x`, `y`, `z`, `w`) values (50, 1, 1290800.0, 28935.8007, 3732310.0, 1.0);
INSERT INTO `region_point` (`region_face_id`, `idx`, `x`, `y`, `z`, `w`) values (50, 2, 1047610.0, 171841.0, 4115240.0, 1.0);
INSERT INTO `region_point` (`region_face_id`, `idx`, `x`, `y`, `z`, `w`) values (50, 3, 1047610.0, 28935.8007, 4115240.0, 1.0);
INSERT INTO `region_face` (`region_face_id`, `region_id`, `kind`, `flags`, `normal_x`, `normal_y`, `normal_z`, `normal_w`, `pos_x`, `pos_y`, `pos_z`, `pos_w`) values (51, 805, 'face', '', -0.8441, 0.0, -0.5361, -3090532.0, 1169205.0, 100388.3984, 3923775.0, 237801.7343);
INSERT INTO `region_point` (`region_face_id`, `idx`, `x`, `y`, `z`, `w`) values (51, 0, 1290800.0, 171841.0, 3732310.0, 1.0);
INSERT INTO `region_point` (`region_face_id`, `idx`, `x`, `y`, `z`, `w`) values (51, 1, 1290800.0, 28935.8007, 3732310.0, 1.0);
INSERT INTO `region_point` (`region_face_id`, `idx`, `x`, `y`, `z`, `w`) values (51, 2, 1047610.0, 171841.0, 4115240.0, 1.0);
INSERT INTO `region_point` (`region_face_id`, `idx`, `x`, `y`, `z`, `w`) values (51, 3, 1047610.0, 28935.8007, 4115240.0, 1.0);
INSERT INTO `region_face` (`region_face_id`, `region_id`, `kind`, `flags`, `normal_x`, `normal_y`, `normal_z`, `normal_w`, `pos_x`, `pos_y`, `pos_z`, `pos_w`) values (52, 805, 'face', '', -0.8441, 0.0, -0.5361, -3090532.0, 1169205.0, 100388.3984, 3923775.0, 237801.7343);
INSERT INTO `region_point` (`region_face_id`, `idx`, `x`, `y`, `z`, `w`) values (52, 0, 1290800.0, 171841.0, 3732310.0, 1.0);
INSERT INTO `region_point` (`region_face_id`, `idx`, `x`, `y`, `z`, `w`) values (52, 1, 1290800.0, 28935.8007, 3732310.0, 1.0);
INSERT INTO `region_point` (`region_face_id`, `idx`, `x`, `y`, `z`, `w`) values (52, 2, 1047610.0, 171841.0, 4115240.0, 1.0);
INSERT INTO `region_point` (`region_face_id`, `idx`, `x`, `y`, `z`, `w`) values (52, 3, 1047610.0, 28935.8007, 4115240.0, 1.0);
INSERT INTO `region_face` (`region_face_id`, `region_id`, `kind`, `flags`, `normal_x`, `normal_y`, `normal_z`, `normal_w`, `pos_x`, `pos_y`, `pos_z`, `pos_w`) values (53, 805, 'face', '', -0.8441, 0.0, -0.5361, -3090532.0, 1169205.0, 100388.3984, 3923775.0, 237801.7343);
INSERT INTO `region_point` (`region_face_id`, `idx`, `x`, `y`, `z`, `w`) values (53, 0, 1290800.0, 171841.0, 3732310.0, 1.0);
INSERT INTO `region_point` (`region_face_id`, `idx`, `x`, `y`, `z`, `w`) values (53, 1, 1290800.0, 28935.8007, 3732310.0, 1.0);
INSERT INTO `region_point` (`region_face_id`, `idx`, `x`, `y`, `z`, `w`) values (53, 2, 1047610.0, 171841.0, 4115240.0, 1.0);
INSERT INTO `region_point` (`region_face_id`, `idx`, `x`, `y`, `z`, `w`) values (53, 3, 1047610.0, 28935.8007, 4115240.0, 1.0);
INSERT INTO `region_face` (`region_face_id`, `region_id`, `kind`, `flags`, `normal_x`, `normal_y`, `normal_z`, `normal_w`, `pos_x`, `pos_y`, `pos_z`, `pos_w`) values (54, 805, 'face', '', -0.8441, 0.0, -0.5361, -3090532.0, 1169205.0, 100388.3984, 3923775.0, 237801.7343);
INSERT INTO `region_point` (`region_face_id`, `idx`, `x`, `y`, `z`, `w`) values (54, 0, 1290800.0, 171841.0, 3732310.0, 1.0);
INSERT INTO `region_point` (`region_face_id`, `idx`, `x`, `y`, `z`, `w`) values (54, 1, 1290800.0, 28935.8007, 3732310.0, 1.0);
INSERT INTO `region_point` (`region_face_id`, `idx`, `x`, `y`, `z`, `w`) values (54, 2, 1047610.0, 171841.0, 4115240.0, 1.0);
INSERT INTO `region_point` (`region_face_id`, `idx`, `x`, `y`, `z`, `w`) values (54, 3, 1047610.0, 28935.8007, 4115240.0, 1.0);
INSERT INTO `region_face` (`region_face_id`, `region_id`, `kind`, `flags`, `normal_x`, `normal_y`, `normal_z`, `normal_w`, `pos_x`, `pos_y`, `pos_z`, `pos_w`) values (55, 805, 'face', '', -0.8441, 0.0, -0.5361, -3090532.0, 1169205.0, 100388.3984, 3923775.0, 237801.7343);
INSERT INTO `region_point` (`region_face_id`, `idx`, `x`, `y`, `z`, `w`) values (55, 0, 1290800.0, 171841.0, 3732310.0, 1.0);
INSERT INTO `region_point` (`region_face_id`, `idx`, `x`, `y`, `z`, `w`) values (55, 1, 1290800.0, 28935.8007, 3732310.0, 1.0);
INSERT INTO `region_point` (`region_face_id`, `idx`, `x`, `y`, `z`, `w`) values (55, 2, 1047610.0, 171841.0, 4115240.0, 1.0);
INSERT INTO `region_point` (`region_face_id`, `idx`, `x`, `y`, `z`, `w`) values (55, 3, 1047610.0, 28935.8007, 4115240.0, 1.0);
INSERT INTO `region_face` (`region_face_id`, `region_id`, `kind`, `flags`, `normal_x`, `normal_y`, `normal_z`, `normal_w`, `pos_x`, `pos_y`, `pos_z`, `pos_w`) values (56, 805, 'face', '', -0.8441, 0.0, -0.5361, -3090532.0, 1169205.0, 100388.3984, 3923775.0, 237801.7343);
INSERT INTO `region_point` (`region_face_id`, `idx`, `x`, `y`, `z`, `w`) values (56, 0, 1290800.0, 171841.0, 3732310.0, 1.0);
INSERT INTO `region_point` (`region_face_id`, `idx`, `x`, `y`, `z`, `w`) values (56, 1, 1290800.0, 28935.8007, 3732310.0, 1.0);
INSERT INTO `region_point` (`region_face_id`, `idx`, `x`, `y`, `z`, `w`) values (56, 2, 1047610.0, 171841.0, 4115240.0, 1.0);
INSERT INTO `region_point` (`region_face_id`, `idx`, `x`, `y`, `z`, `w`) values (56, 3, 1047610.0, 28935.8007, 4115240.0, 1.0);
INSERT INTO `region_face` (`region_face_id`, `region_id`, `kind`, `flags`, `normal_x`, `normal_y`, `normal_z`, `normal_w`, `pos_x`, `pos_y`, `pos_z`, `pos_w`) values (57, 805, 'face', '', -0.8441, 0.0, -0.5361, -3090532.0, 1169205.0, 100388.3984, 3923775.0, 237801.7343);
INSERT INTO `region_point` (`region_face_id`, `idx`, `x`, `y`, `z`, `w`) values (57, 0, 1290800.0, 171841.0, 3732310.0, 1.0);
INSERT INTO `region_point` (`region_face_id`, `idx`, `x`, `y`, `z`, `w`) values (57, 1, 1290800.0, 28935.8007, 3732310.0, 1.0);
INSERT INTO `region_point` (`region_face_id`, `idx`, `x`, `y`, `z`, `w`) values (57, 2, 1047610.0, 171841.0, 4115240.0, 1.0);
INSERT INTO `region_point` (`region_face_id`, `idx`, `x`, `y`, `z`, `w`) values (57, 3, 1047610.0, 28935.8007, 4115240.0, 1.0);
INSERT INTO `region_face` (`region_face_id`, `region_id`, `kind`, `flags`, `normal_x`, `normal_y`, `normal_z`, `normal_w`, `pos_x`, `pos_y`, `pos_z`, `pos_w`) values (58, 805, 'face', '', -0.8441, 0.0, -0.5361, -3090532.0, 1169205.0, 100388.3984, 3923775.0, 237801.7343);
INSERT INTO `region_point` (`region_face_id`, `idx`, `x`, `y`, `z`, `w`) values (58, 0, 1290800.0, 171841.0, 3732310.0, 1.0);
INSERT INTO `region_point` (`region_face_id`, `idx`, `x`, `y`, `z`, `w`) values (58, 1, 1290800.0, 28935.8007, 3732310.0, 1.0);
INSERT INTO `region_point` (`region_face_id`, `idx`, `x`, `y`, `z`, `w`) values (58, 2, 1047610.0, 171841.0, 4115240.0, 1.0);
INSERT INTO `region_point` (`region_face_id`, `idx`, `x`, `y`, `z`, `w`) values (58, 3, 1047610.0, 28935.8007, 4115240.0, 1.0);
INSERT INTO `region_face` (`region_face_id`, `region_id`, `kind`, `flags`, `normal_x`, `normal_y`, `normal_z`, `normal_w`, `pos_x`, `pos_y`, `pos_z`, `pos_w`) values (59, 805, 'face', '', -0.8441, 0.0, -0.5361, -3090532.0, 1169205.0, 100388.3984, 3923775.0, 237801.7343);
INSERT INTO `region_point` (`region_face_id`, `idx`, `x`, `y`, `z`, `w`) values (59, 0, 1290800.0, 171841.0, 3732310.0, 1.0);
INSERT INTO `region_point` (`region_face_id`, `idx`, `x`, `y`, `z`, `w`) values (59, 1, 1290800.0, 28935.8007, 3732310.0, 1.0);
INSERT INTO `region_point` (`region_face_id`, `idx`, `x`, `y`, `z`, `w`) values (59, 2, 1047610.0, 171841.0, 4115240.0, 1.0);
INSERT INTO `region_point` (`region_face_id`, `idx`, `x`, `y`, `z`, `w`) values (59, 3, 1047610.0, 28935.8007, 4115240.0, 1.0);
INSERT INTO `region_face` (`region_face_id`, `region_id`, `kind`, `flags`, `normal_x`, `normal_y`, `normal_z`, `normal_w`, `pos_x`, `pos_y`, `pos_z`, `pos_w`) values (60, 805, 'face', '', -0.8441, 0.0, -0.5361, -3090532.0, 1169205.0, 100388.3984, 3923775.0, 237801.7343);
INSERT INTO `region_point` (`region_face_id`, `idx`, `x`, `y`, `z`, `w`) values (60, 0, 1290800.0, 171841.0, 3732310.0, 1.0);
INSERT INTO `region_point` (`region_face_id`, `idx`, `x`, `y`, `z`, `w`) values (60, 1, 1290800.0, 28935.8007, 3732310.0, 1.0);
INSERT INTO `region_point` (`region_face_id`, `idx`, `x`, `y`, `z`, `w`) values (60, 2, 1047610.0, 171841.0, 4115240.0, 1.0);
INSERT INTO `region_point` (`region_face_id`, `idx`, `x`, `y`, `z`, `w`) values (60, 3, 1047610.0, 28935.8007, 4115240.0, 1.0);
INSERT INTO `region` (`region_id`, `level_name`, `tree`, `on_enter`, `on_exit`, `on_inside`) values (261, 'ctypal', 'camera', '(want-display ''ctyport ''display)', '(want-display ''ctyport #f)', '');
INSERT INTO `region_face` (`region_face_id`, `region_id`, `kind`, `flags`, `normal_x`, `normal_y`, `normal_z`, `normal_w`, `pos_x`, `pos_y`, `pos_z`, `pos_w`) values (61, 261, 'face', '', 0.8747, 0.0, -0.4845, -1540317.625, 408063.0, 100388.7968, 3915895.0, 271900.375);
INSERT INTO `region_point` (`region_face_id`, `idx`, `x`, `y`, `z`, `w`) values (61, 0, 535171.0, 171841.0, 4145390.0, 1.0);
INSERT INTO `region_point` (`region_face_id`, `idx`, `x`, `y`, `z`, `w`) values (61, 1, 535171.0, 28936.5996, 4145390.0, 1.0);
INSERT INTO `region_point` (`region_face_id`, `idx`, `x`, `y`, `z`, `w`) values (61, 2, 280955.0, 171841.0, 3686400.0, 1.0);
INSERT INTO `region_point` (`region_face_id`, `idx`, `x`, `y`, `z`, `w`) values (61, 3, 280955.0, 28936.5996, 3686400.0, 1.0);
INSERT INTO `region_face` (`region_face_id`, `region_id`, `kind`, `flags`, `normal_x`, `normal_y`, `normal_z`, `normal_w`, `pos_x`, `pos_y`, `pos_z`, `pos_w`) values (62, 261, 'face', '', 0.8747, 0.0, -0.4845, -1540317.625, 408063.0, 100388.7968, 3915895.0, 271900.375);
INSERT INTO `region_point` (`region_face_id`, `idx`, `x`, `y`, `z`, `w`) values (62, 0, 535171.0, 171841.0, 4145390.0, 1.0);
INSERT INTO `region_point` (`region_face_id`, `idx`, `x`, `y`, `z`, `w`) values (62, 1, 535171.0, 28936.5996, 4145390.0, 1.0);
INSERT INTO `region_point` (`region_face_id`, `idx`, `x`, `y`, `z`, `w`) values (62, 2, 280955.0, 171841.0, 3686400.0, 1.0);
INSERT INTO `region_point` (`region_face_id`, `idx`, `x`, `y`, `z`, `w`) values (62, 3, 280955.0, 28936.5996, 3686400.0, 1.0);
INSERT INTO `region` (`region_id`, `level_name`, `tree`, `on_enter`, `on_exit`, `on_inside`) values (581, 'ctypal', 'camera', '(want-display ''ctymarka ''display)', '(want-display ''ctymarka #f)', '');
INSERT INTO `region_face` (`region_face_id`, `region_id`, `kind`, `flags`, `normal_x`, `normal_y`, `normal_z`, `normal_w`, `pos_x`, `pos_y`, `pos_z`, `pos_w`) values (63, 581, 'face', '', 0.8277, 0.0, -0.5611, -1611858.625, 222571.0, 102502.7968, 3200645.0, 136416.4218);
INSERT INTO `region_point` (`region_face_id`, `idx`, `x`, `y`, `z`, `w`) values (63, 0, 154994.0, 166594.0, 3100970.0, 1.0);
INSERT INTO `region_point` (`region_face_id`, `idx`, `x`, `y`, `z`, `w`) values (63, 1, 290148.0, 166594.0, 3300320.0, 1.0);
INSERT INTO `region_point` (`region_face_id`, `idx`, `x`, `y`, `z`, `w`) values (63, 2, 154994.0, 38411.6015, 3100970.0, 1.0);
INSERT INTO `region_point` (`region_face_id`, `idx`, `x`, `y`, `z`, `w`) values (63, 3, 290148.0, 38411.6015, 3300320.0, 1.0);
INSERT INTO `region_face` (`region_face_id`, `region_id`, `kind`, `flags`, `normal_x`, `normal_y`, `normal_z`, `normal_w`, `pos_x`, `pos_y`, `pos_z`, `pos_w`) values (64, 581, 'face', '', 0.8277, 0.0, -0.5611, -1611858.625, 222571.0, 102502.7968, 3200645.0, 136416.4218);
INSERT INTO `region_point` (`region_face_id`, `idx`, `x`, `y`, `z`, `w`) values (64, 0, 154994.0, 166594.0, 3100970.0, 1.0);
INSERT INTO `region_point` (`region_face_id`, `idx`, `x`, `y`, `z`, `w`) values (64, 1, 290148.0, 166594.0, 3300320.0, 1.0);
INSERT INTO `region_point` (`region_face_id`, `idx`, `x`, `y`, `z`, `w`) values (64, 2, 154994.0, 38411.6015, 3100970.0, 1.0);
INSERT INTO `region_point` (`region_face_id`, `idx`, `x`, `y`, `z`, `w`) values (64, 3, 290148.0, 38411.6015, 3300320.0, 1.0);
INSERT INTO `region` (`region_id`, `level_name`, `tree`, `on_enter`, `on_exit`, `on_inside`) values (587, 'ctypal', 'camera', '(want-display ''ctymarkb ''display)', '(want-display ''ctymarkb #f)', '');
INSERT INTO `region_face` (`region_face_id`, `region_id`, `kind`, `flags`, `normal_x`, `normal_y`, `normal_z`, `normal_w`, `pos_x`, `pos_y`, `pos_z`, `pos_w`) values (65, 587, 'face', '', -0.7719, 0.0, -0.6356, -3076065.75, 1343235.0, 98139.2968, 3208010.0, 150544.1093);
INSERT INTO `region_point` (`region_face_id`, `idx`, `x`, `y`, `z`, `w`) values (65, 0, 1428460.0, 166593.0, 3104500.0, 1.0);
INSERT INTO `region_point` (`region_face_id`, `idx`, `x`, `y`, `z`, `w`) values (65, 1, 1428460.0, 29685.5996, 3104500.0, 1.0);
INSERT INTO `region_point` (`region_face_id`, `idx`, `x`, `y`, `z`, `w`) values (65, 2, 1258010.0, 166593.0, 3311520.0, 1.0);
INSERT INTO `region_point` (`region_face_id`, `idx`, `x`, `y`, `z`, `w`) values (65, 3, 1258010.0, 29685.5996, 3311520.0, 1.0);
INSERT INTO `region_face` (`region_face_id`, `region_id`, `kind`, `flags`, `normal_x`, `normal_y`, `normal_z`, `normal_w`, `pos_x`, `pos_y`, `pos_z`, `pos_w`) values (66, 587, 'face', '', -0.7719, 0.0, -0.6356, -3076065.75, 1343235.0, 98139.2968, 3208010.0, 150544.1093);
INSERT INTO `region_point` (`region_face_id`, `idx`, `x`, `y`, `z`, `w`) values (66, 0, 1428460.0, 166593.0, 3104500.0, 1.0);
INSERT INTO `region_point` (`region_face_id`, `idx`, `x`, `y`, `z`, `w`) values (66, 1, 1428460.0, 29685.5996, 3104500.0, 1.0);
INSERT INTO `region_point` (`region_face_id`, `idx`, `x`, `y`, `z`, `w`) values (66, 2, 1258010.0, 166593.0, 3311520.0, 1.0);
INSERT INTO `region_point` (`region_face_id`, `idx`, `x`, `y`, `z`, `w`) values (66, 3, 1258010.0, 29685.5996, 3311520.0, 1.0);
INSERT INTO `region` (`region_id`, `level_name`, `tree`, `on_enter`, `on_exit`, `on_inside`) values (588, 'ctypal', 'camera', '(want-display ''ctygenc ''display)', '(want-display ''ctygenc #f)', '');
INSERT INTO `region_face` (`region_face_id`, `region_id`, `kind`, `flags`, `normal_x`, `normal_y`, `normal_z`, `normal_w`, `pos_x`, `pos_y`, `pos_z`, `pos_w`) values (67, 588, 'plane', '', -0.6932, 0.0, -0.7206, -1636648.375, 494391.0, 102502.0, 1795415.0, 210222.8281);
INSERT INTO `region_point` (`region_face_id`, `idx`, `x`, `y`, `z`, `w`) values (67, 0, 350103.0, 166594.0, 1934220.0, 1.0);
INSERT INTO `region_point` (`region_face_id`, `idx`, `x`, `y`, `z`, `w`) values (67, 1, 638679.0, 166594.0, 1656610.0, 1.0);
INSERT INTO `region_point` (`region_face_id`, `idx`, `x`, `y`, `z`, `w`) values (67, 2, 350103.0, 38410.0, 1934220.0, 1.0);
INSERT INTO `region_point` (`region_face_id`, `idx`, `x`, `y`, `z`, `w`) values (67, 3, 638679.0, 38410.0, 1656610.0, 1.0);
INSERT INTO `region` (`region_id`, `level_name`, `tree`, `on_enter`, `on_exit`, `on_inside`) values (752, 'ctypal', 'camera', '', '', '(setting-pers rain mode ''abs value 0.0000)');
INSERT INTO `region_sphere` (`region_id`, `x`, `y`, `z`, `r`) values (752, 785236.0, 46213.0, 3855370.0, 127386.0);
INSERT INTO `region` (`region_id`, `level_name`, `tree`, `on_enter`, `on_exit`, `on_inside`) values (785, 'ctypal', 'camera', '(begin (when (task-closed? "palace-sneak-in-introduction") (want-sound ''ctywide1 ''ctywide2 ''palcab1)) (talker-spawn "cityv019"))', '(want-sound ''ctywide1 ''ctywide2 ''ctywide3)', '');
INSERT INTO `region_face` (`region_face_id`, `region_id`, `kind`, `flags`, `normal_x`, `normal_y`, `normal_z`, `normal_w`, `pos_x`, `pos_y`, `pos_z`, `pos_w`) values (68, 785, 'plane', '', 0.9942, 0.0, 0.1072, 1233617.5, 910752.5, 141869.25, 3058425.0, 156808.8125);
INSERT INTO `region_point` (`region_face_id`, `idx`, `x`, `y`, `z`, `w`) values (68, 0, 902046.0, 276045.0, 3139110.0, 1.0);
INSERT INTO `region_point` (`region_face_id`, `idx`, `x`, `y`, `z`, `w`) values (68, 1, 902046.0, 7693.5, 3139110.0, 1.0);
INSERT INTO `region_point` (`region_face_id`, `idx`, `x`, `y`, `z`, `w`) values (68, 2, 919459.0, 276045.0, 2977740.0, 1.0);
INSERT INTO `region_point` (`region_face_id`, `idx`, `x`, `y`, `z`, `w`) values (68, 3, 919459.0, 7693.5, 2977740.0, 1.0);
INSERT INTO `region` (`region_id`, `level_name`, `tree`, `on_enter`, `on_exit`, `on_inside`) values (863, 'ctypal', 'camera', '(want-vis ''tombd)', '(want-vis ''ctypal)', '');
INSERT INTO `region_face` (`region_face_id`, `region_id`, `kind`, `flags`, `normal_x`, `normal_y`, `normal_z`, `normal_w`, `pos_x`, `pos_y`, `pos_z`, `pos_w`) values (69, 863, 'plane', '', -0.0852, 0.0, -0.9963, -3997510.0, 785119.5, 59636.3007, 3944930.0, 44625.0195);
INSERT INTO `region_point` (`region_face_id`, `idx`, `x`, `y`, `z`, `w`) values (69, 0, 753922.0, 27840.4003, 3947600.0, 1.0);
INSERT INTO `region_point` (`region_face_id`, `idx`, `x`, `y`, `z`, `w`) values (69, 1, 753922.0, 91432.2031, 3947600.0, 1.0);
INSERT INTO `region_point` (`region_face_id`, `idx`, `x`, `y`, `z`, `w`) values (69, 2, 816317.0, 27840.4003, 3942260.0, 1.0);
INSERT INTO `region_point` (`region_face_id`, `idx`, `x`, `y`, `z`, `w`) values (69, 3, 816317.0, 91432.2031, 3942260.0, 1.0);
INSERT INTO `region` (`region_id`, `level_name`, `tree`, `on_enter`, `on_exit`, `on_inside`) values (625, 'ctypal', 'water', '', '', '(water water-anim #<entity-actor :name water-anim-ctypal-19 @ #x347ed04> (swim wade event))');
INSERT INTO `region_face` (`region_face_id`, `region_id`, `kind`, `flags`, `normal_x`, `normal_y`, `normal_z`, `normal_w`, `pos_x`, `pos_y`, `pos_z`, `pos_w`) values (70, 625, 'face', '', -0.0088, 0.0, 0.9999, 3242422.5, 786210.0, 32006.4492, 3249530.0, 43725.3398);
INSERT INTO `region_point` (`region_face_id`, `idx`, `x`, `y`, `z`, `w`) values (70, 0, 744533.0, 18785.4003, 3249160.0, 1.0);
INSERT INTO `region_point` (`region_face_id`, `idx`, `x`, `y`, `z`, `w`) values (70, 1, 827887.0, 18785.5996, 3249900.0, 1.0);
INSERT INTO `region_point` (`region_face_id`, `idx`, `x`, `y`, `z`, `w`) values (70, 2, 744533.0, 45227.1992, 3249160.0, 1.0);
INSERT INTO `region_point` (`region_face_id`, `idx`, `x`, `y`, `z`, `w`) values (70, 3, 827887.0, 45227.5, 3249900.0, 1.0);
INSERT INTO `region_face` (`region_face_id`, `region_id`, `kind`, `flags`, `normal_x`, `normal_y`, `normal_z`, `normal_w`, `pos_x`, `pos_y`, `pos_z`, `pos_w`) values (71, 625, 'face', '', 0.7417, 0.0, -0.6707, -1565673.5, 817908.5, 32006.4003, 3238865.0, 19903.246);
INSERT INTO `region_point` (`region_face_id`, `idx`, `x`, `y`, `z`, `w`) values (71, 0, 807930.0, 18785.3007, 3227830.0, 1.0);
INSERT INTO `region_point` (`region_face_id`, `idx`, `x`, `y`, `z`, `w`) values (71, 1, 807930.0, 45227.3007, 3227830.0, 1.0);
INSERT INTO `region_point` (`region_face_id`, `idx`, `x`, `y`, `z`, `w`) values (71, 2, 827887.0, 18785.5996, 3249900.0, 1.0);
INSERT INTO `region_point` (`region_face_id`, `idx`, `x`, `y`, `z`, `w`) values (71, 3, 827887.0, 45227.5, 3249900.0, 1.0);
INSERT INTO `region_face` (`region_face_id`, `region_id`, `kind`, `flags`, `normal_x`, `normal_y`, `normal_z`, `normal_w`, `pos_x`, `pos_y`, `pos_z`, `pos_w`) values (72, 625, 'face', '', -0.0, 1.0, -0.0, 45216.5156, 786210.0, 45227.3515, 3249530.0, 41678.6445);
INSERT INTO `region_point` (`region_face_id`, `idx`, `x`, `y`, `z`, `w`) values (72, 0, 765921.0, 45227.1992, 3229330.0, 1.0);
INSERT INTO `region_point` (`region_face_id`, `idx`, `x`, `y`, `z`, `w`) values (72, 1, 744533.0, 45227.1992, 3249160.0, 1.0);
INSERT INTO `region_point` (`region_face_id`, `idx`, `x`, `y`, `z`, `w`) values (72, 2, 807930.0, 45227.3007, 3227830.0, 1.0);
INSERT INTO `region_point` (`region_face_id`, `idx`, `x`, `y`, `z`, `w`) values (72, 3, 827887.0, 45227.5, 3249900.0, 1.0);
INSERT INTO `region_face` (`region_face_id`, `region_id`, `kind`, `flags`, `normal_x`, `normal_y`, `normal_z`, `normal_w`, `pos_x`, `pos_y`, `pos_z`, `pos_w`) values (73, 625, 'face', '', 0.0, -1.0, 0.0, -18768.2871, 786210.0, 18785.5, 3249530.0, 41678.6445);
INSERT INTO `region_point` (`region_face_id`, `idx`, `x`, `y`, `z`, `w`) values (73, 0, 765921.0, 18785.3007, 3229330.0, 1.0);
INSERT INTO `region_point` (`region_face_id`, `idx`, `x`, `y`, `z`, `w`) values (73, 1, 807930.0, 18785.3007, 3227830.0, 1.0);
INSERT INTO `region_point` (`region_face_id`, `idx`, `x`, `y`, `z`, `w`) values (73, 2, 744533.0, 18785.4003, 3249160.0, 1.0);
INSERT INTO `region_point` (`region_face_id`, `idx`, `x`, `y`, `z`, `w`) values (73, 3, 827887.0, 18785.5996, 3249900.0, 1.0);
INSERT INTO `region_face` (`region_face_id`, `region_id`, `kind`, `flags`, `normal_x`, `normal_y`, `normal_z`, `normal_w`, `pos_x`, `pos_y`, `pos_z`, `pos_w`) values (74, 625, 'face', '', -0.0356, 0.0, -0.9993, -3254604.25, 786925.5, 32006.3007, 3228580.0, 24830.3515);
INSERT INTO `region_point` (`region_face_id`, `idx`, `x`, `y`, `z`, `w`) values (74, 0, 765921.0, 18785.3007, 3229330.0, 1.0);
INSERT INTO `region_point` (`region_face_id`, `idx`, `x`, `y`, `z`, `w`) values (74, 1, 765921.0, 45227.1992, 3229330.0, 1.0);
INSERT INTO `region_point` (`region_face_id`, `idx`, `x`, `y`, `z`, `w`) values (74, 2, 807930.0, 18785.3007, 3227830.0, 1.0);
INSERT INTO `region_point` (`region_face_id`, `idx`, `x`, `y`, `z`, `w`) values (74, 3, 807930.0, 45227.3007, 3227830.0, 1.0);
INSERT INTO `region_face` (`region_face_id`, `region_id`, `kind`, `flags`, `normal_x`, `normal_y`, `normal_z`, `normal_w`, `pos_x`, `pos_y`, `pos_z`, `pos_w`) values (75, 625, 'face', '', -0.6798, 0.0, -0.7333, -2888848.0, 755227.0, 32006.25, 3239245.0, 19684.0644);
INSERT INTO `region_point` (`region_face_id`, `idx`, `x`, `y`, `z`, `w`) values (75, 0, 765921.0, 18785.3007, 3229330.0, 1.0);
INSERT INTO `region_point` (`region_face_id`, `idx`, `x`, `y`, `z`, `w`) values (75, 1, 744533.0, 18785.4003, 3249160.0, 1.0);
INSERT INTO `region_point` (`region_face_id`, `idx`, `x`, `y`, `z`, `w`) values (75, 2, 765921.0, 45227.1992, 3229330.0, 1.0);
INSERT INTO `region_point` (`region_face_id`, `idx`, `x`, `y`, `z`, `w`) values (75, 3, 744533.0, 45227.1992, 3249160.0, 1.0);
INSERT INTO `region` (`region_id`, `level_name`, `tree`, `on_enter`, `on_exit`, `on_inside`) values (626, 'ctypal', 'water', '', '', '(water water-anim #<entity-actor :name water-anim-ctypal-1 @ #x347be64> (swim wade event))');
INSERT INTO `region_face` (`region_face_id`, `region_id`, `kind`, `flags`, `normal_x`, `normal_y`, `normal_z`, `normal_w`, `pos_x`, `pos_y`, `pos_z`, `pos_w`) values (76, 626, 'face', '', 0.0, -1.0, 0.0, -54678.6992, 532808.5, 54678.6992, 3053895.0, 90731.1171);
INSERT INTO `region_point` (`region_face_id`, `idx`, `x`, `y`, `z`, `w`) values (76, 0, 461996.0, 54678.6992, 2997170.0, 1.0);
INSERT INTO `region_point` (`region_face_id`, `idx`, `x`, `y`, `z`, `w`) values (76, 1, 603621.0, 54678.6992, 2997170.0, 1.0);
INSERT INTO `region_point` (`region_face_id`, `idx`, `x`, `y`, `z`, `w`) values (76, 2, 461996.0, 54678.6992, 3110620.0, 1.0);
INSERT INTO `region_point` (`region_face_id`, `idx`, `x`, `y`, `z`, `w`) values (76, 3, 603621.0, 54678.6992, 3110620.0, 1.0);
INSERT INTO `region_face` (`region_face_id`, `region_id`, `kind`, `flags`, `normal_x`, `normal_y`, `normal_z`, `normal_w`, `pos_x`, `pos_y`, `pos_z`, `pos_w`) values (77, 626, 'face', '', -1.0, 0.0, 0.0, -461996.0, 461996.0, 69136.2968, 3053895.0, 58538.4296);
INSERT INTO `region_point` (`region_face_id`, `idx`, `x`, `y`, `z`, `w`) values (77, 0, 461996.0, 54678.6992, 2997170.0, 1.0);
INSERT INTO `region_point` (`region_face_id`, `idx`, `x`, `y`, `z`, `w`) values (77, 1, 461996.0, 54678.6992, 3110620.0, 1.0);
INSERT INTO `region_point` (`region_face_id`, `idx`, `x`, `y`, `z`, `w`) values (77, 2, 461996.0, 83593.8984, 2997170.0, 1.0);
INSERT INTO `region_point` (`region_face_id`, `idx`, `x`, `y`, `z`, `w`) values (77, 3, 461996.0, 83593.8984, 3110620.0, 1.0);
INSERT INTO `region_face` (`region_face_id`, `region_id`, `kind`, `flags`, `normal_x`, `normal_y`, `normal_z`, `normal_w`, `pos_x`, `pos_y`, `pos_z`, `pos_w`) values (78, 626, 'face', '', 0.0, 0.0, -1.0, -2997170.0, 532808.5, 69136.2968, 2997170.0, 72273.3125);
INSERT INTO `region_point` (`region_face_id`, `idx`, `x`, `y`, `z`, `w`) values (78, 0, 461996.0, 54678.6992, 2997170.0, 1.0);
INSERT INTO `region_point` (`region_face_id`, `idx`, `x`, `y`, `z`, `w`) values (78, 1, 461996.0, 83593.8984, 2997170.0, 1.0);
INSERT INTO `region_point` (`region_face_id`, `idx`, `x`, `y`, `z`, `w`) values (78, 2, 603621.0, 54678.6992, 2997170.0, 1.0);
INSERT INTO `region_point` (`region_face_id`, `idx`, `x`, `y`, `z`, `w`) values (78, 3, 603621.0, 83593.8984, 2997170.0, 1.0);
INSERT INTO `region_face` (`region_face_id`, `region_id`, `kind`, `flags`, `normal_x`, `normal_y`, `normal_z`, `normal_w`, `pos_x`, `pos_y`, `pos_z`, `pos_w`) values (79, 626, 'face', '', 0.0, 0.0, 1.0, 3110620.0, 532808.5, 69136.2968, 3110620.0, 72273.3125);
INSERT INTO `region_point` (`region_face_id`, `idx`, `x`, `y`, `z`, `w`) values (79, 0, 461996.0, 54678.6992, 3110620.0, 1.0);
INSERT INTO `region_point` (`region_face_id`, `idx`, `x`, `y`, `z`, `w`) values (79, 1, 603621.0, 54678.6992, 3110620.0, 1.0);
INSERT INTO `region_point` (`region_face_id`, `idx`, `x`, `y`, `z`, `w`) values (79, 2, 461996.0, 83593.8984, 3110620.0, 1.0);
INSERT INTO `region_point` (`region_face_id`, `idx`, `x`, `y`, `z`, `w`) values (79, 3, 603621.0, 83593.8984, 3110620.0, 1.0);
INSERT INTO `region_face` (`region_face_id`, `region_id`, `kind`, `flags`, `normal_x`, `normal_y`, `normal_z`, `normal_w`, `pos_x`, `pos_y`, `pos_z`, `pos_w`) values (80, 626, 'face', '', 0.0, 1.0, 0.0, 83593.8984, 532808.5, 83593.8984, 3053895.0, 90731.1171);
INSERT INTO `region_point` (`region_face_id`, `idx`, `x`, `y`, `z`, `w`) values (80, 0, 461996.0, 83593.8984, 2997170.0, 1.0);
INSERT INTO `region_point` (`region_face_id`, `idx`, `x`, `y`, `z`, `w`) values (80, 1, 461996.0, 83593.8984, 3110620.0, 1.0);
INSERT INTO `region_point` (`region_face_id`, `idx`, `x`, `y`, `z`, `w`) values (80, 2, 603621.0, 83593.8984, 2997170.0, 1.0);
INSERT INTO `region_point` (`region_face_id`, `idx`, `x`, `y`, `z`, `w`) values (80, 3, 603621.0, 83593.8984, 3110620.0, 1.0);
INSERT INTO `region_face` (`region_face_id`, `region_id`, `kind`, `flags`, `normal_x`, `normal_y`, `normal_z`, `normal_w`, `pos_x`, `pos_y`, `pos_z`, `pos_w`) values (81, 626, 'face', '', 1.0, 0.0, 0.0, 603621.0, 603621.0, 69136.2968, 3053895.0, 58538.4296);
INSERT INTO `region_point` (`region_face_id`, `idx`, `x`, `y`, `z`, `w`) values (81, 0, 603621.0, 54678.6992, 2997170.0, 1.0);
INSERT INTO `region_point` (`region_face_id`, `idx`, `x`, `y`, `z`, `w`) values (81, 1, 603621.0, 83593.8984, 2997170.0, 1.0);
INSERT INTO `region_point` (`region_face_id`, `idx`, `x`, `y`, `z`, `w`) values (81, 2, 603621.0, 54678.6992, 3110620.0, 1.0);
INSERT INTO `region_point` (`region_face_id`, `idx`, `x`, `y`, `z`, `w`) values (81, 3, 603621.0, 83593.8984, 3110620.0, 1.0);
INSERT INTO `region` (`region_id`, `level_name`, `tree`, `on_enter`, `on_exit`, `on_inside`) values (627, 'ctypal', 'water', '', '', '(water water-anim #<entity-actor :name water-anim-ctypal-11 @ #x347c0f4> (swim wade event))');
INSERT INTO `region_face` (`region_face_id`, `region_id`, `kind`, `flags`, `normal_x`, `normal_y`, `normal_z`, `normal_w`, `pos_x`, `pos_y`, `pos_z`, `pos_w`) values (82, 627, 'face', '', 0.0, -1.0, 0.0, -13356.0, 640239.0, 13356.0, 3069220.0, 52483.1406);
INSERT INTO `region_point` (`region_face_id`, `idx`, `x`, `y`, `z`, `w`) values (82, 0, 607425.0, 13356.0, 3028260.0, 1.0);
INSERT INTO `region_point` (`region_face_id`, `idx`, `x`, `y`, `z`, `w`) values (82, 1, 673053.0, 13356.0, 3028260.0, 1.0);
INSERT INTO `region_point` (`region_face_id`, `idx`, `x`, `y`, `z`, `w`) values (82, 2, 607425.0, 13356.0, 3110180.0, 1.0);
INSERT INTO `region_point` (`region_face_id`, `idx`, `x`, `y`, `z`, `w`) values (82, 3, 673053.0, 13356.0, 3110180.0, 1.0);
INSERT INTO `region_face` (`region_face_id`, `region_id`, `kind`, `flags`, `normal_x`, `normal_y`, `normal_z`, `normal_w`, `pos_x`, `pos_y`, `pos_z`, `pos_w`) values (83, 627, 'face', '', -1.0, 0.0, 0.0, -607425.0, 607425.0, 33214.3007, 3069220.0, 45520.0351);
INSERT INTO `region_point` (`region_face_id`, `idx`, `x`, `y`, `z`, `w`) values (83, 0, 607425.0, 13356.0, 3028260.0, 1.0);
INSERT INTO `region_point` (`region_face_id`, `idx`, `x`, `y`, `z`, `w`) values (83, 1, 607425.0, 13356.0, 3110180.0, 1.0);
INSERT INTO `region_point` (`region_face_id`, `idx`, `x`, `y`, `z`, `w`) values (83, 2, 607425.0, 53072.6015, 3028260.0, 1.0);
INSERT INTO `region_point` (`region_face_id`, `idx`, `x`, `y`, `z`, `w`) values (83, 3, 607425.0, 53072.6015, 3110180.0, 1.0);
INSERT INTO `region_face` (`region_face_id`, `region_id`, `kind`, `flags`, `normal_x`, `normal_y`, `normal_z`, `normal_w`, `pos_x`, `pos_y`, `pos_z`, `pos_w`) values (84, 627, 'face', '', 0.0, 0.0, -1.0, -3028260.0, 640239.0, 33214.3007, 3028260.0, 38355.0585);
INSERT INTO `region_point` (`region_face_id`, `idx`, `x`, `y`, `z`, `w`) values (84, 0, 607425.0, 13356.0, 3028260.0, 1.0);
INSERT INTO `region_point` (`region_face_id`, `idx`, `x`, `y`, `z`, `w`) values (84, 1, 607425.0, 53072.6015, 3028260.0, 1.0);
INSERT INTO `region_point` (`region_face_id`, `idx`, `x`, `y`, `z`, `w`) values (84, 2, 673053.0, 13356.0, 3028260.0, 1.0);
INSERT INTO `region_point` (`region_face_id`, `idx`, `x`, `y`, `z`, `w`) values (84, 3, 673053.0, 53072.5, 3028260.0, 1.0);
INSERT INTO `region_face` (`region_face_id`, `region_id`, `kind`, `flags`, `normal_x`, `normal_y`, `normal_z`, `normal_w`, `pos_x`, `pos_y`, `pos_z`, `pos_w`) values (85, 627, 'face', '', 0.0, 0.0, 1.0, 3110180.0, 640239.0, 33214.3007, 3110180.0, 38355.0585);
INSERT INTO `region_point` (`region_face_id`, `idx`, `x`, `y`, `z`, `w`) values (85, 0, 607425.0, 13356.0, 3110180.0, 1.0);
INSERT INTO `region_point` (`region_face_id`, `idx`, `x`, `y`, `z`, `w`) values (85, 1, 673053.0, 13356.0, 3110180.0, 1.0);
INSERT INTO `region_point` (`region_face_id`, `idx`, `x`, `y`, `z`, `w`) values (85, 2, 607425.0, 53072.6015, 3110180.0, 1.0);
INSERT INTO `region_point` (`region_face_id`, `idx`, `x`, `y`, `z`, `w`) values (85, 3, 673053.0, 53072.5, 3110180.0, 1.0);
INSERT INTO `region_face` (`region_face_id`, `region_id`, `kind`, `flags`, `normal_x`, `normal_y`, `normal_z`, `normal_w`, `pos_x`, `pos_y`, `pos_z`, `pos_w`) values (86, 627, 'face', '', 0.0, 1.0, 0.0, 53073.5429, 640239.0, 53072.5507, 3069220.0, 52483.1406);
INSERT INTO `region_point` (`region_face_id`, `idx`, `x`, `y`, `z`, `w`) values (86, 0, 607425.0, 53072.6015, 3028260.0, 1.0);
INSERT INTO `region_point` (`region_face_id`, `idx`, `x`, `y`, `z`, `w`) values (86, 1, 607425.0, 53072.6015, 3110180.0, 1.0);
INSERT INTO `region_point` (`region_face_id`, `idx`, `x`, `y`, `z`, `w`) values (86, 2, 673053.0, 53072.5, 3028260.0, 1.0);
INSERT INTO `region_point` (`region_face_id`, `idx`, `x`, `y`, `z`, `w`) values (86, 3, 673053.0, 53072.5, 3110180.0, 1.0);
INSERT INTO `region_face` (`region_face_id`, `region_id`, `kind`, `flags`, `normal_x`, `normal_y`, `normal_z`, `normal_w`, `pos_x`, `pos_y`, `pos_z`, `pos_w`) values (87, 627, 'face', '', 1.0, 0.0, 0.0, 673053.0, 673053.0, 33214.25, 3069220.0, 45520.0156);
INSERT INTO `region_point` (`region_face_id`, `idx`, `x`, `y`, `z`, `w`) values (87, 0, 673053.0, 13356.0, 3028260.0, 1.0);
INSERT INTO `region_point` (`region_face_id`, `idx`, `x`, `y`, `z`, `w`) values (87, 1, 673053.0, 53072.5, 3028260.0, 1.0);
INSERT INTO `region_point` (`region_face_id`, `idx`, `x`, `y`, `z`, `w`) values (87, 2, 673053.0, 13356.0, 3110180.0, 1.0);
INSERT INTO `region_point` (`region_face_id`, `idx`, `x`, `y`, `z`, `w`) values (87, 3, 673053.0, 53072.5, 3110180.0, 1.0);
INSERT INTO `region` (`region_id`, `level_name`, `tree`, `on_enter`, `on_exit`, `on_inside`) values (628, 'ctypal', 'water', '', '', '(water water-anim #<entity-actor :name water-anim-ctypal-12 @ #x347c614> (swim wade event))');
INSERT INTO `region_face` (`region_face_id`, `region_id`, `kind`, `flags`, `normal_x`, `normal_y`, `normal_z`, `normal_w`, `pos_x`, `pos_y`, `pos_z`, `pos_w`) values (88, 628, 'face', '', 0.0, -1.0, 0.0, -8354.9902, 934069.0, 8354.9902, 3066000.0, 52483.1406);
INSERT INTO `region_point` (`region_face_id`, `idx`, `x`, `y`, `z`, `w`) values (88, 0, 901255.0, 8354.9902, 3025040.0, 1.0);
INSERT INTO `region_point` (`region_face_id`, `idx`, `x`, `y`, `z`, `w`) values (88, 1, 966883.0, 8354.9902, 3025040.0, 1.0);
INSERT INTO `region_point` (`region_face_id`, `idx`, `x`, `y`, `z`, `w`) values (88, 2, 901255.0, 8354.9902, 3106960.0, 1.0);
INSERT INTO `region_point` (`region_face_id`, `idx`, `x`, `y`, `z`, `w`) values (88, 3, 966883.0, 8354.9902, 3106960.0, 1.0);
INSERT INTO `region_face` (`region_face_id`, `region_id`, `kind`, `flags`, `normal_x`, `normal_y`, `normal_z`, `normal_w`, `pos_x`, `pos_y`, `pos_z`, `pos_w`) values (89, 628, 'face', '', -1.0, 0.0, 0.0, -901255.0, 901255.0, 28213.2968, 3066000.0, 45520.039);
INSERT INTO `region_point` (`region_face_id`, `idx`, `x`, `y`, `z`, `w`) values (89, 0, 901255.0, 8354.9902, 3025040.0, 1.0);
INSERT INTO `region_point` (`region_face_id`, `idx`, `x`, `y`, `z`, `w`) values (89, 1, 901255.0, 8354.9902, 3106960.0, 1.0);
INSERT INTO `region_point` (`region_face_id`, `idx`, `x`, `y`, `z`, `w`) values (89, 2, 901255.0, 48071.6015, 3025040.0, 1.0);
INSERT INTO `region_point` (`region_face_id`, `idx`, `x`, `y`, `z`, `w`) values (89, 3, 901255.0, 48071.6015, 3106960.0, 1.0);
INSERT INTO `region_face` (`region_face_id`, `region_id`, `kind`, `flags`, `normal_x`, `normal_y`, `normal_z`, `normal_w`, `pos_x`, `pos_y`, `pos_z`, `pos_w`) values (90, 628, 'face', '', 0.0, 0.0, -1.0, -3025040.0, 934069.0, 28213.2968, 3025040.0, 38355.0625);
INSERT INTO `region_point` (`region_face_id`, `idx`, `x`, `y`, `z`, `w`) values (90, 0, 901255.0, 8354.9902, 3025040.0, 1.0);
INSERT INTO `region_point` (`region_face_id`, `idx`, `x`, `y`, `z`, `w`) values (90, 1, 901255.0, 48071.6015, 3025040.0, 1.0);
INSERT INTO `region_point` (`region_face_id`, `idx`, `x`, `y`, `z`, `w`) values (90, 2, 966883.0, 8354.9902, 3025040.0, 1.0);
INSERT INTO `region_point` (`region_face_id`, `idx`, `x`, `y`, `z`, `w`) values (90, 3, 966883.0, 48071.6015, 3025040.0, 1.0);
INSERT INTO `region_face` (`region_face_id`, `region_id`, `kind`, `flags`, `normal_x`, `normal_y`, `normal_z`, `normal_w`, `pos_x`, `pos_y`, `pos_z`, `pos_w`) values (91, 628, 'face', '', 0.0, 0.0, 1.0, 3106960.0, 934069.0, 28213.2968, 3106960.0, 38355.0625);
INSERT INTO `region_point` (`region_face_id`, `idx`, `x`, `y`, `z`, `w`) values (91, 0, 901255.0, 8354.9902, 3106960.0, 1.0);
INSERT INTO `region_point` (`region_face_id`, `idx`, `x`, `y`, `z`, `w`) values (91, 1, 966883.0, 8354.9902, 3106960.0, 1.0);
INSERT INTO `region_point` (`region_face_id`, `idx`, `x`, `y`, `z`, `w`) values (91, 2, 901255.0, 48071.6015, 3106960.0, 1.0);
INSERT INTO `region_point` (`region_face_id`, `idx`, `x`, `y`, `z`, `w`) values (91, 3, 966883.0, 48071.6015, 3106960.0, 1.0);
INSERT INTO `region_face` (`region_face_id`, `region_id`, `kind`, `flags`, `normal_x`, `normal_y`, `normal_z`, `normal_w`, `pos_x`, `pos_y`, `pos_z`, `pos_w`) values (92, 628, 'face', '', 0.0, 1.0, 0.0, 48071.6015, 934069.0, 48071.6015, 3066000.0, 52483.1406);
INSERT INTO `region_point` (`region_face_id`, `idx`, `x`, `y`, `z`, `w`) values (92, 0, 901255.0, 48071.6015, 3025040.0, 1.0);
INSERT INTO `region_point` (`region_face_id`, `idx`, `x`, `y`, `z`, `w`) values (92, 1, 901255.0, 48071.6015, 3106960.0, 1.0);
INSERT INTO `region_point` (`region_face_id`, `idx`, `x`, `y`, `z`, `w`) values (92, 2, 966883.0, 48071.6015, 3025040.0, 1.0);
INSERT INTO `region_point` (`region_face_id`, `idx`, `x`, `y`, `z`, `w`) values (92, 3, 966883.0, 48071.6015, 3106960.0, 1.0);
INSERT INTO `region_face` (`region_face_id`, `region_id`, `kind`, `flags`, `normal_x`, `normal_y`, `normal_z`, `normal_w`, `pos_x`, `pos_y`, `pos_z`, `pos_w`) values (93, 628, 'face', '', 1.0, 0.0, 0.0, 966883.0, 966883.0, 28213.2968, 3066000.0, 45520.039);
INSERT INTO `region_point` (`region_face_id`, `idx`, `x`, `y`, `z`, `w`) values (93, 0, 966883.0, 8354.9902, 3025040.0, 1.0);
INSERT INTO `region_point` (`region_face_id`, `idx`, `x`, `y`, `z`, `w`) values (93, 1, 966883.0, 48071.6015, 3025040.0, 1.0);
INSERT INTO `region_point` (`region_face_id`, `idx`, `x`, `y`, `z`, `w`) values (93, 2, 966883.0, 8354.9902, 3106960.0, 1.0);
INSERT INTO `region_point` (`region_face_id`, `idx`, `x`, `y`, `z`, `w`) values (93, 3, 966883.0, 48071.6015, 3106960.0, 1.0);
INSERT INTO `region` (`region_id`, `level_name`, `tree`, `on_enter`, `on_exit`, `on_inside`) values (629, 'ctypal', 'water', '', '', '(water water-anim #<entity-actor :name water-anim-ctypal-2 @ #x347c384> (swim wade event))');
INSERT INTO `region_face` (`region_face_id`, `region_id`, `kind`, `flags`, `normal_x`, `normal_y`, `normal_z`, `normal_w`, `pos_x`, `pos_y`, `pos_z`, `pos_w`) values (94, 629, 'face', '', 0.0, -1.0, 0.0, -54678.6992, 1044839.5, 54678.6992, 3053895.0, 90729.5546);
INSERT INTO `region_point` (`region_face_id`, `idx`, `x`, `y`, `z`, `w`) values (94, 0, 974029.0, 54678.6992, 2997170.0, 1.0);
INSERT INTO `region_point` (`region_face_id`, `idx`, `x`, `y`, `z`, `w`) values (94, 1, 1115650.0, 54678.6992, 2997170.0, 1.0);
INSERT INTO `region_point` (`region_face_id`, `idx`, `x`, `y`, `z`, `w`) values (94, 2, 974029.0, 54678.6992, 3110620.0, 1.0);
INSERT INTO `region_point` (`region_face_id`, `idx`, `x`, `y`, `z`, `w`) values (94, 3, 1115650.0, 54678.6992, 3110620.0, 1.0);
INSERT INTO `region_face` (`region_face_id`, `region_id`, `kind`, `flags`, `normal_x`, `normal_y`, `normal_z`, `normal_w`, `pos_x`, `pos_y`, `pos_z`, `pos_w`) values (95, 629, 'face', '', -1.0, -0.0, 0.0, -974030.875, 974028.5, 69136.2968, 3053895.0, 58538.4296);
INSERT INTO `region_point` (`region_face_id`, `idx`, `x`, `y`, `z`, `w`) values (95, 0, 974029.0, 54678.6992, 2997170.0, 1.0);
INSERT INTO `region_point` (`region_face_id`, `idx`, `x`, `y`, `z`, `w`) values (95, 1, 974029.0, 54678.6992, 3110620.0, 1.0);
INSERT INTO `region_point` (`region_face_id`, `idx`, `x`, `y`, `z`, `w`) values (95, 2, 974028.0, 83593.8984, 2997170.0, 1.0);
INSERT INTO `region_point` (`region_face_id`, `idx`, `x`, `y`, `z`, `w`) values (95, 3, 974028.0, 83593.8984, 3110620.0, 1.0);
INSERT INTO `region_face` (`region_face_id`, `region_id`, `kind`, `flags`, `normal_x`, `normal_y`, `normal_z`, `normal_w`, `pos_x`, `pos_y`, `pos_z`, `pos_w`) values (96, 629, 'face', '', 0.0, 0.0, -1.0, -2997170.0, 1044839.0, 69136.2968, 2997170.0, 72271.8437);
INSERT INTO `region_point` (`region_face_id`, `idx`, `x`, `y`, `z`, `w`) values (96, 0, 974029.0, 54678.6992, 2997170.0, 1.0);
INSERT INTO `region_point` (`region_face_id`, `idx`, `x`, `y`, `z`, `w`) values (96, 1, 974028.0, 83593.8984, 2997170.0, 1.0);
INSERT INTO `region_point` (`region_face_id`, `idx`, `x`, `y`, `z`, `w`) values (96, 2, 1115650.0, 54678.6992, 2997170.0, 1.0);
INSERT INTO `region_point` (`region_face_id`, `idx`, `x`, `y`, `z`, `w`) values (96, 3, 1115650.0, 83593.8984, 2997170.0, 1.0);
INSERT INTO `region_face` (`region_face_id`, `region_id`, `kind`, `flags`, `normal_x`, `normal_y`, `normal_z`, `normal_w`, `pos_x`, `pos_y`, `pos_z`, `pos_w`) values (97, 629, 'face', '', 0.0, 0.0, 1.0, 3110620.0, 1044839.0, 69136.2968, 3110620.0, 72271.8437);
INSERT INTO `region_point` (`region_face_id`, `idx`, `x`, `y`, `z`, `w`) values (97, 0, 974029.0, 54678.6992, 3110620.0, 1.0);
INSERT INTO `region_point` (`region_face_id`, `idx`, `x`, `y`, `z`, `w`) values (97, 1, 1115650.0, 54678.6992, 3110620.0, 1.0);
INSERT INTO `region_point` (`region_face_id`, `idx`, `x`, `y`, `z`, `w`) values (97, 2, 974028.0, 83593.8984, 3110620.0, 1.0);
INSERT INTO `region_point` (`region_face_id`, `idx`, `x`, `y`, `z`, `w`) values (97, 3, 1115650.0, 83593.8984, 3110620.0, 1.0);
INSERT INTO `region_face` (`region_face_id`, `region_id`, `kind`, `flags`, `normal_x`, `normal_y`, `normal_z`, `normal_w`, `pos_x`, `pos_y`, `pos_z`, `pos_w`) values (98, 629, 'face', '', 0.0, 1.0, 0.0, 83593.8984, 1044839.0, 83593.8984, 3053895.0, 90729.9453);
INSERT INTO `region_point` (`region_face_id`, `idx`, `x`, `y`, `z`, `w`) values (98, 0, 974028.0, 83593.8984, 2997170.0, 1.0);
INSERT INTO `region_point` (`region_face_id`, `idx`, `x`, `y`, `z`, `w`) values (98, 1, 974028.0, 83593.8984, 3110620.0, 1.0);
INSERT INTO `region_point` (`region_face_id`, `idx`, `x`, `y`, `z`, `w`) values (98, 2, 1115650.0, 83593.8984, 2997170.0, 1.0);
INSERT INTO `region_point` (`region_face_id`, `idx`, `x`, `y`, `z`, `w`) values (98, 3, 1115650.0, 83593.8984, 3110620.0, 1.0);
INSERT INTO `region_face` (`region_face_id`, `region_id`, `kind`, `flags`, `normal_x`, `normal_y`, `normal_z`, `normal_w`, `pos_x`, `pos_y`, `pos_z`, `pos_w`) values (99, 629, 'face', '', 1.0, 0.0, 0.0, 1115650.0, 1115650.0, 69136.2968, 3053895.0, 58538.4296);
INSERT INTO `region_point` (`region_face_id`, `idx`, `x`, `y`, `z`, `w`) values (99, 0, 1115650.0, 54678.6992, 2997170.0, 1.0);
INSERT INTO `region_point` (`region_face_id`, `idx`, `x`, `y`, `z`, `w`) values (99, 1, 1115650.0, 83593.8984, 2997170.0, 1.0);
INSERT INTO `region_point` (`region_face_id`, `idx`, `x`, `y`, `z`, `w`) values (99, 2, 1115650.0, 54678.6992, 3110620.0, 1.0);
INSERT INTO `region_point` (`region_face_id`, `idx`, `x`, `y`, `z`, `w`) values (99, 3, 1115650.0, 83593.8984, 3110620.0, 1.0);
INSERT INTO `region` (`region_id`, `level_name`, `tree`, `on_enter`, `on_exit`, `on_inside`) values (630, 'ctypal', 'water', '', '', '(water water-anim #<entity-actor :name water-anim-ctypal-3 @ #x347c8a4> (swim wade event))');
INSERT INTO `region_face` (`region_face_id`, `region_id`, `kind`, `flags`, `normal_x`, `normal_y`, `normal_z`, `normal_w`, `pos_x`, `pos_y`, `pos_z`, `pos_w`) values (100, 630, 'face', '', 0.0, -1.0, 0.0, -7518.58, 1072731.625, 7518.58, 3749185.75, 84730.8828);
INSERT INTO `region_point` (`region_face_id`, `idx`, `x`, `y`, `z`, `w`) values (100, 0, 1030710.0, 7518.58, 3675970.0, 1.0);
INSERT INTO `region_point` (`region_face_id`, `idx`, `x`, `y`, `z`, `w`) values (100, 1, 1147600.0, 7518.58, 3788860.0, 1.0);
INSERT INTO `region_point` (`region_face_id`, `idx`, `x`, `y`, `z`, `w`) values (100, 2, 999508.0, 7518.58, 3716270.0, 1.0);
INSERT INTO `region_point` (`region_face_id`, `idx`, `x`, `y`, `z`, `w`) values (100, 3, 1111240.0, 7518.58, 3820540.0, 1.0);
INSERT INTO `region_face` (`region_face_id`, `region_id`, `kind`, `flags`, `normal_x`, `normal_y`, `normal_z`, `normal_w`, `pos_x`, `pos_y`, `pos_z`, `pos_w`) values (101, 630, 'face', '', -0.7907, 0.0, -0.6121, -3065407.75, 1015109.0, 29352.8906, 3696120.0, 33558.1718);
INSERT INTO `region_point` (`region_face_id`, `idx`, `x`, `y`, `z`, `w`) values (101, 0, 1030710.0, 7518.58, 3675970.0, 1.0);
INSERT INTO `region_point` (`region_face_id`, `idx`, `x`, `y`, `z`, `w`) values (101, 1, 999508.0, 7518.58, 3716270.0, 1.0);
INSERT INTO `region_point` (`region_face_id`, `idx`, `x`, `y`, `z`, `w`) values (101, 2, 1030710.0, 51187.1992, 3675970.0, 1.0);
INSERT INTO `region_point` (`region_face_id`, `idx`, `x`, `y`, `z`, `w`) values (101, 3, 999508.0, 51187.1992, 3716270.0, 1.0);
INSERT INTO `region_face` (`region_face_id`, `region_id`, `kind`, `flags`, `normal_x`, `normal_y`, `normal_z`, `normal_w`, `pos_x`, `pos_y`, `pos_z`, `pos_w`) values (102, 630, 'face', '', 0.6946, 0.0, -0.7193, -1928124.875, 1089155.0, 29352.8906, 3732415.0, 84134.375);
INSERT INTO `region_point` (`region_face_id`, `idx`, `x`, `y`, `z`, `w`) values (102, 0, 1030710.0, 7518.58, 3675970.0, 1.0);
INSERT INTO `region_point` (`region_face_id`, `idx`, `x`, `y`, `z`, `w`) values (102, 1, 1030710.0, 51187.1992, 3675970.0, 1.0);
INSERT INTO `region_point` (`region_face_id`, `idx`, `x`, `y`, `z`, `w`) values (102, 2, 1147600.0, 7518.58, 3788860.0, 1.0);
INSERT INTO `region_point` (`region_face_id`, `idx`, `x`, `y`, `z`, `w`) values (102, 3, 1147600.0, 51187.1992, 3788860.0, 1.0);
INSERT INTO `region_face` (`region_face_id`, `region_id`, `kind`, `flags`, `normal_x`, `normal_y`, `normal_z`, `normal_w`, `pos_x`, `pos_y`, `pos_z`, `pos_w`) values (103, 630, 'face', '', -0.6822, 0.0, 0.731, 2035022.5, 1055374.0, 29352.8906, 3768405.0, 79472.039);
INSERT INTO `region_point` (`region_face_id`, `idx`, `x`, `y`, `z`, `w`) values (103, 0, 999508.0, 7518.58, 3716270.0, 1.0);
INSERT INTO `region_point` (`region_face_id`, `idx`, `x`, `y`, `z`, `w`) values (103, 1, 1111240.0, 7518.58, 3820540.0, 1.0);
INSERT INTO `region_point` (`region_face_id`, `idx`, `x`, `y`, `z`, `w`) values (103, 2, 999508.0, 51187.1992, 3716270.0, 1.0);
INSERT INTO `region_point` (`region_face_id`, `idx`, `x`, `y`, `z`, `w`) values (103, 3, 1111240.0, 51187.1992, 3820540.0, 1.0);
INSERT INTO `region_face` (`region_face_id`, `region_id`, `kind`, `flags`, `normal_x`, `normal_y`, `normal_z`, `normal_w`, `pos_x`, `pos_y`, `pos_z`, `pos_w`) values (104, 630, 'face', '', 0.0, 1.0, 0.0, 51187.1992, 1072731.625, 51187.1992, 3749185.75, 84730.8828);
INSERT INTO `region_point` (`region_face_id`, `idx`, `x`, `y`, `z`, `w`) values (104, 0, 1030710.0, 51187.1992, 3675970.0, 1.0);
INSERT INTO `region_point` (`region_face_id`, `idx`, `x`, `y`, `z`, `w`) values (104, 1, 999508.0, 51187.1992, 3716270.0, 1.0);
INSERT INTO `region_point` (`region_face_id`, `idx`, `x`, `y`, `z`, `w`) values (104, 2, 1147600.0, 51187.1992, 3788860.0, 1.0);
INSERT INTO `region_point` (`region_face_id`, `idx`, `x`, `y`, `z`, `w`) values (104, 3, 1111240.0, 51187.1992, 3820540.0, 1.0);
INSERT INTO `region_face` (`region_face_id`, `region_id`, `kind`, `flags`, `normal_x`, `normal_y`, `normal_z`, `normal_w`, `pos_x`, `pos_y`, `pos_z`, `pos_w`) values (105, 630, 'face', '', 0.6569, 0.0, 0.7539, 3610536.5, 1129420.0, 29352.8906, 3804700.0, 32529.2968);
INSERT INTO `region_point` (`region_face_id`, `idx`, `x`, `y`, `z`, `w`) values (105, 0, 1147600.0, 7518.58, 3788860.0, 1.0);
INSERT INTO `region_point` (`region_face_id`, `idx`, `x`, `y`, `z`, `w`) values (105, 1, 1147600.0, 51187.1992, 3788860.0, 1.0);
INSERT INTO `region_point` (`region_face_id`, `idx`, `x`, `y`, `z`, `w`) values (105, 2, 1111240.0, 7518.58, 3820540.0, 1.0);
INSERT INTO `region_point` (`region_face_id`, `idx`, `x`, `y`, `z`, `w`) values (105, 3, 1111240.0, 51187.1992, 3820540.0, 1.0);
INSERT INTO `region` (`region_id`, `level_name`, `tree`, `on_enter`, `on_exit`, `on_inside`) values (631, 'ctypal', 'water', '', '', '(water water-anim #<entity-actor :name water-anim-ctypal-5 @ #x347cde4> (swim wade event))');
INSERT INTO `region_face` (`region_face_id`, `region_id`, `kind`, `flags`, `normal_x`, `normal_y`, `normal_z`, `normal_w`, `pos_x`, `pos_y`, `pos_z`, `pos_w`) values (106, 631, 'face', '', -0.0, -1.0, -0.0, -9114.7832, 480255.5, 9113.75, 3737935.0, 54903.25);
INSERT INTO `region_point` (`region_face_id`, `idx`, `x`, `y`, `z`, `w`) values (106, 0, 441799.0, 9113.75, 3777120.0, 1.0);
INSERT INTO `region_point` (`region_face_id`, `idx`, `x`, `y`, `z`, `w`) values (106, 1, 443580.0, 9113.7597, 3735350.0, 1.0);
INSERT INTO `region_point` (`region_face_id`, `idx`, `x`, `y`, `z`, `w`) values (106, 2, 518712.0, 9113.75, 3698750.0, 1.0);
INSERT INTO `region_point` (`region_face_id`, `idx`, `x`, `y`, `z`, `w`) values (106, 3, 480275.0, 9113.7597, 3697720.0, 1.0);
INSERT INTO `region_face` (`region_face_id`, `region_id`, `kind`, `flags`, `normal_x`, `normal_y`, `normal_z`, `normal_w`, `pos_x`, `pos_y`, `pos_z`, `pos_w`) values (107, 631, 'face', '', 0.7137, 0.0, 0.7004, 2960967.0, 480255.5, 26842.4257, 3737935.0, 57694.6484);
INSERT INTO `region_point` (`region_face_id`, `idx`, `x`, `y`, `z`, `w`) values (107, 0, 441799.0, 9113.75, 3777120.0, 1.0);
INSERT INTO `region_point` (`region_face_id`, `idx`, `x`, `y`, `z`, `w`) values (107, 1, 518712.0, 9113.75, 3698750.0, 1.0);
INSERT INTO `region_point` (`region_face_id`, `idx`, `x`, `y`, `z`, `w`) values (107, 2, 441799.0, 44571.1015, 3777120.0, 1.0);
INSERT INTO `region_point` (`region_face_id`, `idx`, `x`, `y`, `z`, `w`) values (107, 3, 518712.0, 44571.0, 3698750.0, 1.0);
INSERT INTO `region_face` (`region_face_id`, `region_id`, `kind`, `flags`, `normal_x`, `normal_y`, `normal_z`, `normal_w`, `pos_x`, `pos_y`, `pos_z`, `pos_w`) values (108, 631, 'face', '', -0.999, 0.0, -0.0425, -602301.5625, 442689.5, 26842.4257, 3756235.0, 27409.5273);
INSERT INTO `region_point` (`region_face_id`, `idx`, `x`, `y`, `z`, `w`) values (108, 0, 441799.0, 9113.75, 3777120.0, 1.0);
INSERT INTO `region_point` (`region_face_id`, `idx`, `x`, `y`, `z`, `w`) values (108, 1, 441799.0, 44571.1015, 3777120.0, 1.0);
INSERT INTO `region_point` (`region_face_id`, `idx`, `x`, `y`, `z`, `w`) values (108, 2, 443580.0, 9113.7597, 3735350.0, 1.0);
INSERT INTO `region_point` (`region_face_id`, `idx`, `x`, `y`, `z`, `w`) values (108, 3, 443580.0, 44571.1015, 3735350.0, 1.0);
INSERT INTO `region_face` (`region_face_id`, `region_id`, `kind`, `flags`, `normal_x`, `normal_y`, `normal_z`, `normal_w`, `pos_x`, `pos_y`, `pos_z`, `pos_w`) values (109, 631, 'face', '', 0.0267, 0.0, -0.9996, -3683527.75, 499493.5, 26842.4257, 3698235.0, 26151.9003);
INSERT INTO `region_point` (`region_face_id`, `idx`, `x`, `y`, `z`, `w`) values (109, 0, 518712.0, 9113.75, 3698750.0, 1.0);
INSERT INTO `region_point` (`region_face_id`, `idx`, `x`, `y`, `z`, `w`) values (109, 1, 480275.0, 9113.7597, 3697720.0, 1.0);
INSERT INTO `region_point` (`region_face_id`, `idx`, `x`, `y`, `z`, `w`) values (109, 2, 518712.0, 44571.0, 3698750.0, 1.0);
INSERT INTO `region_point` (`region_face_id`, `idx`, `x`, `y`, `z`, `w`) values (109, 3, 480275.0, 44571.1015, 3697720.0, 1.0);
INSERT INTO `region_face` (`region_face_id`, `region_id`, `kind`, `flags`, `normal_x`, `normal_y`, `normal_z`, `normal_w`, `pos_x`, `pos_y`, `pos_z`, `pos_w`) values (110, 631, 'face', '', 0.0, 1.0, 0.0, 44571.9335, 480255.5, 44571.0507, 3737935.0, 54903.25);
INSERT INTO `region_point` (`region_face_id`, `idx`, `x`, `y`, `z`, `w`) values (110, 0, 441799.0, 44571.1015, 3777120.0, 1.0);
INSERT INTO `region_point` (`region_face_id`, `idx`, `x`, `y`, `z`, `w`) values (110, 1, 518712.0, 44571.0, 3698750.0, 1.0);
INSERT INTO `region_point` (`region_face_id`, `idx`, `x`, `y`, `z`, `w`) values (110, 2, 443580.0, 44571.1015, 3735350.0, 1.0);
INSERT INTO `region_point` (`region_face_id`, `idx`, `x`, `y`, `z`, `w`) values (110, 3, 480275.0, 44571.1015, 3697720.0, 1.0);
INSERT INTO `region_face` (`region_face_id`, `region_id`, `kind`, `flags`, `normal_x`, `normal_y`, `normal_z`, `normal_w`, `pos_x`, `pos_y`, `pos_z`, `pos_w`) values (111, 631, 'face', '', -0.7159, 0.0, -0.6981, -2925437.0, 461927.5, 26842.4296, 3716535.0, 31700.8007);
INSERT INTO `region_point` (`region_face_id`, `idx`, `x`, `y`, `z`, `w`) values (111, 0, 443580.0, 9113.7597, 3735350.0, 1.0);
INSERT INTO `region_point` (`region_face_id`, `idx`, `x`, `y`, `z`, `w`) values (111, 1, 443580.0, 44571.1015, 3735350.0, 1.0);
INSERT INTO `region_point` (`region_face_id`, `idx`, `x`, `y`, `z`, `w`) values (111, 2, 480275.0, 9113.7597, 3697720.0, 1.0);
INSERT INTO `region_point` (`region_face_id`, `idx`, `x`, `y`, `z`, `w`) values (111, 3, 480275.0, 44571.1015, 3697720.0, 1.0);
INSERT INTO `region` (`region_id`, `level_name`, `tree`, `on_enter`, `on_exit`, `on_inside`) values (632, 'ctypal', 'water', '', '', '(water water-anim #<entity-actor :name water-anim-ctypal-4 @ #x347cb54> (swim wade event))');
INSERT INTO `region_face` (`region_face_id`, `region_id`, `kind`, `flags`, `normal_x`, `normal_y`, `normal_z`, `normal_w`, `pos_x`, `pos_y`, `pos_z`, `pos_w`) values (112, 632, 'face', '', -0.6876, 0.0, 0.726, 2010373.625, 1055630.0, 89612.8984, 3768845.0, 47070.7773);
INSERT INTO `region_point` (`region_face_id`, `idx`, `x`, `y`, `z`, `w`) values (112, 0, 1022040.0, 80942.5, 3737030.0, 1.0);
INSERT INTO `region_point` (`region_face_id`, `idx`, `x`, `y`, `z`, `w`) values (112, 1, 1089220.0, 80942.5, 3800660.0, 1.0);
INSERT INTO `region_point` (`region_face_id`, `idx`, `x`, `y`, `z`, `w`) values (112, 2, 1022040.0, 98283.2968, 3737030.0, 1.0);
INSERT INTO `region_point` (`region_face_id`, `idx`, `x`, `y`, `z`, `w`) values (112, 3, 1089220.0, 98283.2968, 3800660.0, 1.0);
INSERT INTO `region_face` (`region_face_id`, `region_id`, `kind`, `flags`, `normal_x`, `normal_y`, `normal_z`, `normal_w`, `pos_x`, `pos_y`, `pos_z`, `pos_w`) values (113, 632, 'face', '', 0.9998, 0.0, 0.0168, 1153032.875, 1089490.0, 89612.8437, 3784620.0, 18235.4394);
INSERT INTO `region_point` (`region_face_id`, `idx`, `x`, `y`, `z`, `w`) values (113, 0, 1089760.0, 80942.3984, 3768580.0, 1.0);
INSERT INTO `region_point` (`region_face_id`, `idx`, `x`, `y`, `z`, `w`) values (113, 1, 1089760.0, 98283.2968, 3768580.0, 1.0);
INSERT INTO `region_point` (`region_face_id`, `idx`, `x`, `y`, `z`, `w`) values (113, 2, 1089220.0, 80942.5, 3800660.0, 1.0);
INSERT INTO `region_point` (`region_face_id`, `idx`, `x`, `y`, `z`, `w`) values (113, 3, 1089220.0, 98283.2968, 3800660.0, 1.0);
INSERT INTO `region_face` (`region_face_id`, `region_id`, `kind`, `flags`, `normal_x`, `normal_y`, `normal_z`, `normal_w`, `pos_x`, `pos_y`, `pos_z`, `pos_w`) values (114, 632, 'face', '', 0.0, 1.0, 0.0, 98283.2968, 1055900.0, 98283.2968, 3767570.0, 47343.9296);
INSERT INTO `region_point` (`region_face_id`, `idx`, `x`, `y`, `z`, `w`) values (114, 0, 1054400.0, 98283.2968, 3734480.0, 1.0);
INSERT INTO `region_point` (`region_face_id`, `idx`, `x`, `y`, `z`, `w`) values (114, 1, 1022040.0, 98283.2968, 3737030.0, 1.0);
INSERT INTO `region_point` (`region_face_id`, `idx`, `x`, `y`, `z`, `w`) values (114, 2, 1089760.0, 98283.2968, 3768580.0, 1.0);
INSERT INTO `region_point` (`region_face_id`, `idx`, `x`, `y`, `z`, `w`) values (114, 3, 1089220.0, 98283.2968, 3800660.0, 1.0);
INSERT INTO `region_face` (`region_face_id`, `region_id`, `kind`, `flags`, `normal_x`, `normal_y`, `normal_z`, `normal_w`, `pos_x`, `pos_y`, `pos_z`, `pos_w`) values (115, 632, 'face', '', -0.0, -1.0, 0.0, -80934.2187, 1055900.0, 80942.4531, 3767570.0, 47343.9296);
INSERT INTO `region_point` (`region_face_id`, `idx`, `x`, `y`, `z`, `w`) values (115, 0, 1054400.0, 80942.3984, 3734480.0, 1.0);
INSERT INTO `region_point` (`region_face_id`, `idx`, `x`, `y`, `z`, `w`) values (115, 1, 1089760.0, 80942.3984, 3768580.0, 1.0);
INSERT INTO `region_point` (`region_face_id`, `idx`, `x`, `y`, `z`, `w`) values (115, 2, 1022040.0, 80942.5, 3737030.0, 1.0);
INSERT INTO `region_point` (`region_face_id`, `idx`, `x`, `y`, `z`, `w`) values (115, 3, 1089220.0, 80942.5, 3800660.0, 1.0);
INSERT INTO `region_face` (`region_face_id`, `region_id`, `kind`, `flags`, `normal_x`, `normal_y`, `normal_z`, `normal_w`, `pos_x`, `pos_y`, `pos_z`, `pos_w`) values (116, 632, 'face', '', 0.6941, 0.0, -0.7198, -1956207.375, 1072080.0, 89612.8437, 3751530.0, 26047.2968);
INSERT INTO `region_point` (`region_face_id`, `idx`, `x`, `y`, `z`, `w`) values (116, 0, 1054400.0, 80942.3984, 3734480.0, 1.0);
INSERT INTO `region_point` (`region_face_id`, `idx`, `x`, `y`, `z`, `w`) values (116, 1, 1054400.0, 98283.2968, 3734480.0, 1.0);
INSERT INTO `region_point` (`region_face_id`, `idx`, `x`, `y`, `z`, `w`) values (116, 2, 1089760.0, 80942.3984, 3768580.0, 1.0);
INSERT INTO `region_point` (`region_face_id`, `idx`, `x`, `y`, `z`, `w`) values (116, 3, 1089760.0, 98283.2968, 3768580.0, 1.0);
INSERT INTO `region_face` (`region_face_id`, `region_id`, `kind`, `flags`, `normal_x`, `normal_y`, `normal_z`, `normal_w`, `pos_x`, `pos_y`, `pos_z`, `pos_w`) values (117, 632, 'face', '', -0.0785, 0.0, -0.9969, -3805769.75, 1038220.0, 89612.8437, 3735755.0, 18400.9453);
INSERT INTO `region_point` (`region_face_id`, `idx`, `x`, `y`, `z`, `w`) values (117, 0, 1054400.0, 80942.3984, 3734480.0, 1.0);
INSERT INTO `region_point` (`region_face_id`, `idx`, `x`, `y`, `z`, `w`) values (117, 1, 1022040.0, 80942.5, 3737030.0, 1.0);
INSERT INTO `region_point` (`region_face_id`, `idx`, `x`, `y`, `z`, `w`) values (117, 2, 1054400.0, 98283.2968, 3734480.0, 1.0);
INSERT INTO `region_point` (`region_face_id`, `idx`, `x`, `y`, `z`, `w`) values (117, 3, 1022040.0, 98283.2968, 3737030.0, 1.0);
INSERT INTO `region` (`region_id`, `level_name`, `tree`, `on_enter`, `on_exit`, `on_inside`) values (633, 'ctypal', 'water', '', '', '(water water-anim #<entity-actor :name water-anim-ctypal-6 @ #x347d094> (swim wade event))');
INSERT INTO `region_face` (`region_face_id`, `region_id`, `kind`, `flags`, `normal_x`, `normal_y`, `normal_z`, `normal_w`, `pos_x`, `pos_y`, `pos_z`, `pos_w`) values (118, 633, 'face', '', 0.71, 0.0, 0.7041, 3019659.5, 513661.0, 89613.25, 3770335.0, 47146.8828);
INSERT INTO `region_point` (`region_face_id`, `idx`, `x`, `y`, `z`, `w`) values (118, 0, 481028.0, 80942.7968, 3803240.0, 1.0);
INSERT INTO `region_point` (`region_face_id`, `idx`, `x`, `y`, `z`, `w`) values (118, 1, 546294.0, 80942.8984, 3737430.0, 1.0);
INSERT INTO `region_point` (`region_face_id`, `idx`, `x`, `y`, `z`, `w`) values (118, 2, 481028.0, 98283.6015, 3803240.0, 1.0);
INSERT INTO `region_point` (`region_face_id`, `idx`, `x`, `y`, `z`, `w`) values (118, 3, 546294.0, 98283.7031, 3737430.0, 1.0);
INSERT INTO `region_face` (`region_face_id`, `region_id`, `kind`, `flags`, `normal_x`, `normal_y`, `normal_z`, `normal_w`, `pos_x`, `pos_y`, `pos_z`, `pos_w`) values (119, 633, 'face', '', 0.0552, 0.0, -0.9984, -3701525.75, 531570.0, 89613.0, 3736615.0, 17106.7675);
INSERT INTO `region_point` (`region_face_id`, `idx`, `x`, `y`, `z`, `w`) values (119, 0, 516846.0, 80942.2968, 3735800.0, 1.0);
INSERT INTO `region_point` (`region_face_id`, `idx`, `x`, `y`, `z`, `w`) values (119, 1, 516846.0, 98283.5, 3735800.0, 1.0);
INSERT INTO `region_point` (`region_face_id`, `idx`, `x`, `y`, `z`, `w`) values (119, 2, 546294.0, 80942.8984, 3737430.0, 1.0);
INSERT INTO `region_point` (`region_face_id`, `idx`, `x`, `y`, `z`, `w`) values (119, 3, 546294.0, 98283.7031, 3737430.0, 1.0);
INSERT INTO `region_face` (`region_face_id`, `region_id`, `kind`, `flags`, `normal_x`, `normal_y`, `normal_z`, `normal_w`, `pos_x`, `pos_y`, `pos_z`, `pos_w`) values (120, 633, 'face', '', 0.0, 1.0, 0.0, 98300.1718, 513661.0, 98283.6562, 3770335.0, 46342.7656);
INSERT INTO `region_point` (`region_face_id`, `idx`, `x`, `y`, `z`, `w`) values (120, 0, 481354.0, 98283.7031, 3770890.0, 1.0);
INSERT INTO `region_point` (`region_face_id`, `idx`, `x`, `y`, `z`, `w`) values (120, 1, 481028.0, 98283.6015, 3803240.0, 1.0);
INSERT INTO `region_point` (`region_face_id`, `idx`, `x`, `y`, `z`, `w`) values (120, 2, 516846.0, 98283.5, 3735800.0, 1.0);
INSERT INTO `region_point` (`region_face_id`, `idx`, `x`, `y`, `z`, `w`) values (120, 3, 546294.0, 98283.7031, 3737430.0, 1.0);
INSERT INTO `region_face` (`region_face_id`, `region_id`, `kind`, `flags`, `normal_x`, `normal_y`, `normal_z`, `normal_w`, `pos_x`, `pos_y`, `pos_z`, `pos_w`) values (121, 633, 'face', '', 0.0, -1.0, 0.0, -80891.0703, 513661.0, 80942.8437, 3770335.0, 46342.7656);
INSERT INTO `region_point` (`region_face_id`, `idx`, `x`, `y`, `z`, `w`) values (121, 0, 481354.0, 80942.3984, 3770890.0, 1.0);
INSERT INTO `region_point` (`region_face_id`, `idx`, `x`, `y`, `z`, `w`) values (121, 1, 516846.0, 80942.2968, 3735800.0, 1.0);
INSERT INTO `region_point` (`region_face_id`, `idx`, `x`, `y`, `z`, `w`) values (121, 2, 481028.0, 80942.7968, 3803240.0, 1.0);
INSERT INTO `region_point` (`region_face_id`, `idx`, `x`, `y`, `z`, `w`) values (121, 3, 546294.0, 80942.8984, 3737430.0, 1.0);
INSERT INTO `region_face` (`region_face_id`, `region_id`, `kind`, `flags`, `normal_x`, `normal_y`, `normal_z`, `normal_w`, `pos_x`, `pos_y`, `pos_z`, `pos_w`) values (122, 633, 'face', '', -0.703, 0.0, -0.7111, -3019989.75, 499100.0, 89613.0, 3753345.0, 26418.3398);
INSERT INTO `region_point` (`region_face_id`, `idx`, `x`, `y`, `z`, `w`) values (122, 0, 481354.0, 80942.3984, 3770890.0, 1.0);
INSERT INTO `region_point` (`region_face_id`, `idx`, `x`, `y`, `z`, `w`) values (122, 1, 481354.0, 98283.7031, 3770890.0, 1.0);
INSERT INTO `region_point` (`region_face_id`, `idx`, `x`, `y`, `z`, `w`) values (122, 2, 516846.0, 80942.2968, 3735800.0, 1.0);
INSERT INTO `region_point` (`region_face_id`, `idx`, `x`, `y`, `z`, `w`) values (122, 3, 516846.0, 98283.5, 3735800.0, 1.0);
INSERT INTO `region_face` (`region_face_id`, `region_id`, `kind`, `flags`, `normal_x`, `normal_y`, `normal_z`, `normal_w`, `pos_x`, `pos_y`, `pos_z`, `pos_w`) values (123, 633, 'face', '', -0.9999, 0.0, -0.01, -519327.9375, 481191.0, 89613.0468, 3787065.0, 18353.1328);
INSERT INTO `region_point` (`region_face_id`, `idx`, `x`, `y`, `z`, `w`) values (123, 0, 481354.0, 80942.3984, 3770890.0, 1.0);
INSERT INTO `region_point` (`region_face_id`, `idx`, `x`, `y`, `z`, `w`) values (123, 1, 481028.0, 80942.7968, 3803240.0, 1.0);
INSERT INTO `region_point` (`region_face_id`, `idx`, `x`, `y`, `z`, `w`) values (123, 2, 481354.0, 98283.7031, 3770890.0, 1.0);
INSERT INTO `region_point` (`region_face_id`, `idx`, `x`, `y`, `z`, `w`) values (123, 3, 481028.0, 98283.6015, 3803240.0, 1.0);
INSERT INTO `region` (`region_id`, `level_name`, `tree`, `on_enter`, `on_exit`, `on_inside`) values (634, 'ctypal', 'water', '', '', '(water water-anim #<entity-actor :name water-anim-ctypal-8 @ #x347d5d4> (swim wade event))');
INSERT INTO `region_face` (`region_face_id`, `region_id`, `kind`, `flags`, `normal_x`, `normal_y`, `normal_z`, `normal_w`, `pos_x`, `pos_y`, `pos_z`, `pos_w`) values (124, 634, 'face', '', 0.0, -1.0, -0.0, -80998.7578, 518328.5, 80942.8515, 4308240.0, 47835.8671);
INSERT INTO `region_point` (`region_face_id`, `idx`, `x`, `y`, `z`, `w`) values (124, 0, 519691.0, 80942.6015, 4341140.0, 1.0);
INSERT INTO `region_point` (`region_face_id`, `idx`, `x`, `y`, `z`, `w`) values (124, 1, 483603.0, 80942.1015, 4306330.0, 1.0);
INSERT INTO `region_point` (`region_face_id`, `idx`, `x`, `y`, `z`, `w`) values (124, 2, 553054.0, 80943.6015, 4340730.0, 1.0);
INSERT INTO `region_point` (`region_face_id`, `idx`, `x`, `y`, `z`, `w`) values (124, 3, 486259.0, 80942.7968, 4275340.0, 1.0);
INSERT INTO `region_face` (`region_face_id`, `region_id`, `kind`, `flags`, `normal_x`, `normal_y`, `normal_z`, `normal_w`, `pos_x`, `pos_y`, `pos_z`, `pos_w`) values (125, 634, 'face', '', 0.0122, 0.0, 0.9999, 4347198.0, 536372.5, 89612.2968, 4340935.0, 18801.0156);
INSERT INTO `region_point` (`region_face_id`, `idx`, `x`, `y`, `z`, `w`) values (125, 0, 519691.0, 80942.6015, 4341140.0, 1.0);
INSERT INTO `region_point` (`region_face_id`, `idx`, `x`, `y`, `z`, `w`) values (125, 1, 553054.0, 80943.6015, 4340730.0, 1.0);
INSERT INTO `region_point` (`region_face_id`, `idx`, `x`, `y`, `z`, `w`) values (125, 2, 519691.0, 98281.7968, 4341140.0, 1.0);
INSERT INTO `region_point` (`region_face_id`, `idx`, `x`, `y`, `z`, `w`) values (125, 3, 553054.0, 98282.0, 4340730.0, 1.0);
INSERT INTO `region_face` (`region_face_id`, `region_id`, `kind`, `flags`, `normal_x`, `normal_y`, `normal_z`, `normal_w`, `pos_x`, `pos_y`, `pos_z`, `pos_w`) values (126, 634, 'face', '', -0.6942, 0.0, 0.7197, 2763680.75, 501647.0, 89612.2031, 4323735.0, 26527.1679);
INSERT INTO `region_point` (`region_face_id`, `idx`, `x`, `y`, `z`, `w`) values (126, 0, 519691.0, 80942.6015, 4341140.0, 1.0);
INSERT INTO `region_point` (`region_face_id`, `idx`, `x`, `y`, `z`, `w`) values (126, 1, 519691.0, 98281.7968, 4341140.0, 1.0);
INSERT INTO `region_point` (`region_face_id`, `idx`, `x`, `y`, `z`, `w`) values (126, 2, 483603.0, 80942.1015, 4306330.0, 1.0);
INSERT INTO `region_point` (`region_face_id`, `idx`, `x`, `y`, `z`, `w`) values (126, 3, 483603.0, 98282.2968, 4306330.0, 1.0);
INSERT INTO `region_face` (`region_face_id`, `region_id`, `kind`, `flags`, `normal_x`, `normal_y`, `normal_z`, `normal_w`, `pos_x`, `pos_y`, `pos_z`, `pos_w`) values (127, 634, 'face', '', 0.6995, 0.0, -0.7145, -2714919.0, 519656.5, 89613.2031, 4308035.0, 47534.5351);
INSERT INTO `region_point` (`region_face_id`, `idx`, `x`, `y`, `z`, `w`) values (127, 0, 553054.0, 80943.6015, 4340730.0, 1.0);
INSERT INTO `region_point` (`region_face_id`, `idx`, `x`, `y`, `z`, `w`) values (127, 1, 486259.0, 80942.7968, 4275340.0, 1.0);
INSERT INTO `region_point` (`region_face_id`, `idx`, `x`, `y`, `z`, `w`) values (127, 2, 553054.0, 98282.0, 4340730.0, 1.0);
INSERT INTO `region_point` (`region_face_id`, `idx`, `x`, `y`, `z`, `w`) values (127, 3, 486259.0, 98283.6015, 4275340.0, 1.0);
INSERT INTO `region_face` (`region_face_id`, `region_id`, `kind`, `flags`, `normal_x`, `normal_y`, `normal_z`, `normal_w`, `pos_x`, `pos_y`, `pos_z`, `pos_w`) values (128, 634, 'face', '', -0.0, 1.0, 0.0, 98367.3906, 518328.5, 98282.7031, 4308240.0, 47835.8671);
INSERT INTO `region_point` (`region_face_id`, `idx`, `x`, `y`, `z`, `w`) values (128, 0, 519691.0, 98281.7968, 4341140.0, 1.0);
INSERT INTO `region_point` (`region_face_id`, `idx`, `x`, `y`, `z`, `w`) values (128, 1, 553054.0, 98282.0, 4340730.0, 1.0);
INSERT INTO `region_point` (`region_face_id`, `idx`, `x`, `y`, `z`, `w`) values (128, 2, 483603.0, 98282.2968, 4306330.0, 1.0);
INSERT INTO `region_point` (`region_face_id`, `idx`, `x`, `y`, `z`, `w`) values (128, 3, 486259.0, 98283.6015, 4275340.0, 1.0);
INSERT INTO `region_face` (`region_face_id`, `region_id`, `kind`, `flags`, `normal_x`, `normal_y`, `normal_z`, `normal_w`, `pos_x`, `pos_y`, `pos_z`, `pos_w`) values (129, 634, 'face', '', -0.9963, 0.0, -0.0853, -849562.8125, 484931.0, 89612.8515, 4290835.0, 17805.6308);
INSERT INTO `region_point` (`region_face_id`, `idx`, `x`, `y`, `z`, `w`) values (129, 0, 483603.0, 80942.1015, 4306330.0, 1.0);
INSERT INTO `region_point` (`region_face_id`, `idx`, `x`, `y`, `z`, `w`) values (129, 1, 483603.0, 98282.2968, 4306330.0, 1.0);
INSERT INTO `region_point` (`region_face_id`, `idx`, `x`, `y`, `z`, `w`) values (129, 2, 486259.0, 80942.7968, 4275340.0, 1.0);
INSERT INTO `region_point` (`region_face_id`, `idx`, `x`, `y`, `z`, `w`) values (129, 3, 486259.0, 98283.6015, 4275340.0, 1.0);
INSERT INTO `region` (`region_id`, `level_name`, `tree`, `on_enter`, `on_exit`, `on_inside`) values (635, 'ctypal', 'water', '', '', '(water water-anim #<entity-actor :name water-anim-ctypal-10 @ #x347db14> (swim wade event))');
INSERT INTO `region_face` (`region_face_id`, `region_id`, `kind`, `flags`, `normal_x`, `normal_y`, `normal_z`, `normal_w`, `pos_x`, `pos_y`, `pos_z`, `pos_w`) values (130, 635, 'face', '', -0.7169, 0.0, -0.6971, -3760446.5, 1055945.0, 89613.0, 4308245.0, 47708.5898);
INSERT INTO `region_point` (`region_face_id`, `idx`, `x`, `y`, `z`, `w`) values (130, 0, 1088650.0, 80944.1015, 4274610.0, 1.0);
INSERT INTO `region_point` (`region_face_id`, `idx`, `x`, `y`, `z`, `w`) values (130, 1, 1023240.0, 80942.3984, 4341880.0, 1.0);
INSERT INTO `region_point` (`region_face_id`, `idx`, `x`, `y`, `z`, `w`) values (130, 2, 1088650.0, 98283.6015, 4274610.0, 1.0);
INSERT INTO `region_point` (`region_face_id`, `idx`, `x`, `y`, `z`, `w`) values (130, 3, 1023240.0, 98283.2031, 4341880.0, 1.0);
INSERT INTO `region_face` (`region_face_id`, `region_id`, `kind`, `flags`, `normal_x`, `normal_y`, `normal_z`, `normal_w`, `pos_x`, `pos_y`, `pos_z`, `pos_w`) values (131, 635, 'face', '', 0.0593, 0.0, 0.9982, 4394969.0, 1039550.0, 89612.5468, 4340910.0, 18496.9531);
INSERT INTO `region_point` (`region_face_id`, `idx`, `x`, `y`, `z`, `w`) values (131, 0, 1055860.0, 80941.8984, 4339940.0, 1.0);
INSERT INTO `region_point` (`region_face_id`, `idx`, `x`, `y`, `z`, `w`) values (131, 1, 1055860.0, 98282.0, 4339940.0, 1.0);
INSERT INTO `region_point` (`region_face_id`, `idx`, `x`, `y`, `z`, `w`) values (131, 2, 1023240.0, 80942.3984, 4341880.0, 1.0);
INSERT INTO `region_point` (`region_face_id`, `idx`, `x`, `y`, `z`, `w`) values (131, 3, 1023240.0, 98283.2031, 4341880.0, 1.0);
INSERT INTO `region_face` (`region_face_id`, `region_id`, `kind`, `flags`, `normal_x`, `normal_y`, `normal_z`, `normal_w`, `pos_x`, `pos_y`, `pos_z`, `pos_w`) values (132, 635, 'face', '', 0.0, 1.0, 0.0, 98414.4609, 1055945.0, 98283.4062, 4308245.0, 46914.0742);
INSERT INTO `region_point` (`region_face_id`, `idx`, `x`, `y`, `z`, `w`) values (132, 0, 1089420.0, 98282.7031, 4305850.0, 1.0);
INSERT INTO `region_point` (`region_face_id`, `idx`, `x`, `y`, `z`, `w`) values (132, 1, 1088650.0, 98283.6015, 4274610.0, 1.0);
INSERT INTO `region_point` (`region_face_id`, `idx`, `x`, `y`, `z`, `w`) values (132, 2, 1055860.0, 98282.0, 4339940.0, 1.0);
INSERT INTO `region_point` (`region_face_id`, `idx`, `x`, `y`, `z`, `w`) values (132, 3, 1023240.0, 98283.2031, 4341880.0, 1.0);
INSERT INTO `region_face` (`region_face_id`, `region_id`, `kind`, `flags`, `normal_x`, `normal_y`, `normal_z`, `normal_w`, `pos_x`, `pos_y`, `pos_z`, `pos_w`) values (133, 635, 'face', '', 0.0, -1.0, -0.0, -81039.3359, 1055945.0, 80943.25, 4308245.0, 46914.0742);
INSERT INTO `region_point` (`region_face_id`, `idx`, `x`, `y`, `z`, `w`) values (133, 0, 1089420.0, 80943.2968, 4305850.0, 1.0);
INSERT INTO `region_point` (`region_face_id`, `idx`, `x`, `y`, `z`, `w`) values (133, 1, 1055860.0, 80941.8984, 4339940.0, 1.0);
INSERT INTO `region_point` (`region_face_id`, `idx`, `x`, `y`, `z`, `w`) values (133, 2, 1088650.0, 80944.1015, 4274610.0, 1.0);
INSERT INTO `region_point` (`region_face_id`, `idx`, `x`, `y`, `z`, `w`) values (133, 3, 1023240.0, 80942.3984, 4341880.0, 1.0);
INSERT INTO `region_face` (`region_face_id`, `region_id`, `kind`, `flags`, `normal_x`, `normal_y`, `normal_z`, `normal_w`, `pos_x`, `pos_y`, `pos_z`, `pos_w`) values (134, 635, 'face', '', 0.7126, 0.0, 0.7015, 3797097.25, 1072640.0, 89612.2968, 4322895.0, 25441.6269);
INSERT INTO `region_point` (`region_face_id`, `idx`, `x`, `y`, `z`, `w`) values (134, 0, 1089420.0, 80943.2968, 4305850.0, 1.0);
INSERT INTO `region_point` (`region_face_id`, `idx`, `x`, `y`, `z`, `w`) values (134, 1, 1089420.0, 98282.7031, 4305850.0, 1.0);
INSERT INTO `region_point` (`region_face_id`, `idx`, `x`, `y`, `z`, `w`) values (134, 2, 1055860.0, 80941.8984, 4339940.0, 1.0);
INSERT INTO `region_point` (`region_face_id`, `idx`, `x`, `y`, `z`, `w`) values (134, 3, 1055860.0, 98282.0, 4339940.0, 1.0);
INSERT INTO `region_face` (`region_face_id`, `region_id`, `kind`, `flags`, `normal_x`, `normal_y`, `normal_z`, `normal_w`, `pos_x`, `pos_y`, `pos_z`, `pos_w`) values (135, 635, 'face', '', 0.9996, 0.0, -0.0246, 982991.3125, 1089035.0, 89613.4531, 4290230.0, 17869.0839);
INSERT INTO `region_point` (`region_face_id`, `idx`, `x`, `y`, `z`, `w`) values (135, 0, 1089420.0, 80943.2968, 4305850.0, 1.0);
INSERT INTO `region_point` (`region_face_id`, `idx`, `x`, `y`, `z`, `w`) values (135, 1, 1088650.0, 80944.1015, 4274610.0, 1.0);
INSERT INTO `region_point` (`region_face_id`, `idx`, `x`, `y`, `z`, `w`) values (135, 2, 1089420.0, 98282.7031, 4305850.0, 1.0);
INSERT INTO `region_point` (`region_face_id`, `idx`, `x`, `y`, `z`, `w`) values (135, 3, 1088650.0, 98283.6015, 4274610.0, 1.0);
INSERT INTO `region` (`region_id`, `level_name`, `tree`, `on_enter`, `on_exit`, `on_inside`) values (636, 'ctypal', 'water', '', '', '(water water-anim #<entity-actor :name water-anim-ctypal-7 @ #x347d324> (swim wade event))');
INSERT INTO `region_face` (`region_face_id`, `region_id`, `kind`, `flags`, `normal_x`, `normal_y`, `normal_z`, `normal_w`, `pos_x`, `pos_y`, `pos_z`, `pos_w`) values (136, 636, 'face', '', 0.0, -1.0, 0.0, -13215.9003, 500230.375, 13215.9003, 4326334.0, 85626.8437);
INSERT INTO `region_point` (`region_face_id`, `idx`, `x`, `y`, `z`, `w`) values (136, 0, 423807.0, 13215.9003, 4288490.0, 1.0);
INSERT INTO `region_point` (`region_face_id`, `idx`, `x`, `y`, `z`, `w`) values (136, 1, 465264.0, 13215.9003, 4253500.0, 1.0);
INSERT INTO `region_point` (`region_face_id`, `idx`, `x`, `y`, `z`, `w`) values (136, 2, 540557.0, 13215.9003, 4401870.0, 1.0);
INSERT INTO `region_point` (`region_face_id`, `idx`, `x`, `y`, `z`, `w`) values (136, 3, 574936.0, 13215.9003, 4360960.0, 1.0);
INSERT INTO `region_face` (`region_face_id`, `region_id`, `kind`, `flags`, `normal_x`, `normal_y`, `normal_z`, `normal_w`, `pos_x`, `pos_y`, `pos_z`, `pos_w`) values (137, 636, 'face', '', -0.6966, 0.0, 0.7173, 2781240.5, 482182.0, 29323.6992, 4345180.0, 82950.9375);
INSERT INTO `region_point` (`region_face_id`, `idx`, `x`, `y`, `z`, `w`) values (137, 0, 423807.0, 13215.9003, 4288490.0, 1.0);
INSERT INTO `region_point` (`region_face_id`, `idx`, `x`, `y`, `z`, `w`) values (137, 1, 540557.0, 13215.9003, 4401870.0, 1.0);
INSERT INTO `region_point` (`region_face_id`, `idx`, `x`, `y`, `z`, `w`) values (137, 2, 423807.0, 45431.3984, 4288490.0, 1.0);
INSERT INTO `region_point` (`region_face_id`, `idx`, `x`, `y`, `z`, `w`) values (137, 3, 540557.0, 45431.5, 4401870.0, 1.0);
INSERT INTO `region_face` (`region_face_id`, `region_id`, `kind`, `flags`, `normal_x`, `normal_y`, `normal_z`, `normal_w`, `pos_x`, `pos_y`, `pos_z`, `pos_w`) values (138, 636, 'face', '', -0.6449, 0.0, -0.7641, -3550590.75, 444535.5, 29323.6992, 4270995.0, 31546.9003);
INSERT INTO `region_point` (`region_face_id`, `idx`, `x`, `y`, `z`, `w`) values (138, 0, 423807.0, 13215.9003, 4288490.0, 1.0);
INSERT INTO `region_point` (`region_face_id`, `idx`, `x`, `y`, `z`, `w`) values (138, 1, 423807.0, 45431.3984, 4288490.0, 1.0);
INSERT INTO `region_point` (`region_face_id`, `idx`, `x`, `y`, `z`, `w`) values (138, 2, 465264.0, 13215.9003, 4253500.0, 1.0);
INSERT INTO `region_point` (`region_face_id`, `idx`, `x`, `y`, `z`, `w`) values (138, 3, 465264.0, 45431.5, 4253500.0, 1.0);
INSERT INTO `region_face` (`region_face_id`, `region_id`, `kind`, `flags`, `normal_x`, `normal_y`, `normal_z`, `normal_w`, `pos_x`, `pos_y`, `pos_z`, `pos_w`) values (139, 636, 'face', '', 0.7655, 0.0, 0.6433, 3245787.5, 557746.5, 29323.6992, 4381415.0, 31198.5136);
INSERT INTO `region_point` (`region_face_id`, `idx`, `x`, `y`, `z`, `w`) values (139, 0, 540557.0, 13215.9003, 4401870.0, 1.0);
INSERT INTO `region_point` (`region_face_id`, `idx`, `x`, `y`, `z`, `w`) values (139, 1, 574936.0, 13215.9003, 4360960.0, 1.0);
INSERT INTO `region_point` (`region_face_id`, `idx`, `x`, `y`, `z`, `w`) values (139, 2, 540557.0, 45431.5, 4401870.0, 1.0);
INSERT INTO `region_point` (`region_face_id`, `idx`, `x`, `y`, `z`, `w`) values (139, 3, 574936.0, 45431.5, 4360960.0, 1.0);
INSERT INTO `region_face` (`region_face_id`, `region_id`, `kind`, `flags`, `normal_x`, `normal_y`, `normal_z`, `normal_w`, `pos_x`, `pos_y`, `pos_z`, `pos_w`) values (140, 636, 'face', '', -0.0, 1.0, 0.0, 45434.4023, 500230.375, 45431.4492, 4326334.0, 85626.8437);
INSERT INTO `region_point` (`region_face_id`, `idx`, `x`, `y`, `z`, `w`) values (140, 0, 423807.0, 45431.3984, 4288490.0, 1.0);
INSERT INTO `region_point` (`region_face_id`, `idx`, `x`, `y`, `z`, `w`) values (140, 1, 540557.0, 45431.5, 4401870.0, 1.0);
INSERT INTO `region_point` (`region_face_id`, `idx`, `x`, `y`, `z`, `w`) values (140, 2, 465264.0, 45431.5, 4253500.0, 1.0);
INSERT INTO `region_point` (`region_face_id`, `idx`, `x`, `y`, `z`, `w`) values (140, 3, 574936.0, 45431.5, 4360960.0, 1.0);
INSERT INTO `region_face` (`region_face_id`, `region_id`, `kind`, `flags`, `normal_x`, `normal_y`, `normal_z`, `normal_w`, `pos_x`, `pos_y`, `pos_z`, `pos_w`) values (141, 636, 'face', '', 0.6998, 0.0, -0.7142, -2712538.5, 520100.0, 29323.6992, 4307230.0, 78443.3593);
INSERT INTO `region_point` (`region_face_id`, `idx`, `x`, `y`, `z`, `w`) values (141, 0, 465264.0, 13215.9003, 4253500.0, 1.0);
INSERT INTO `region_point` (`region_face_id`, `idx`, `x`, `y`, `z`, `w`) values (141, 1, 465264.0, 45431.5, 4253500.0, 1.0);
INSERT INTO `region_point` (`region_face_id`, `idx`, `x`, `y`, `z`, `w`) values (141, 2, 574936.0, 13215.9003, 4360960.0, 1.0);
INSERT INTO `region_point` (`region_face_id`, `idx`, `x`, `y`, `z`, `w`) values (141, 3, 574936.0, 45431.5, 4360960.0, 1.0);
INSERT INTO `region` (`region_id`, `level_name`, `tree`, `on_enter`, `on_exit`, `on_inside`) values (637, 'ctypal', 'water', '', '', '(water water-anim #<entity-actor :name water-anim-ctypal-9 @ #x347d864> (swim wade event))');
INSERT INTO `region_face` (`region_face_id`, `region_id`, `kind`, `flags`, `normal_x`, `normal_y`, `normal_z`, `normal_w`, `pos_x`, `pos_y`, `pos_z`, `pos_w`) values (142, 637, 'face', '', -0.0, -1.0, -0.0, -13223.8691, 1073039.875, 13216.0966, 4322712.0, 87206.25);
INSERT INTO `region_point` (`region_face_id`, `idx`, `x`, `y`, `z`, `w`) values (142, 0, 1035870.0, 13216.0, 4401600.0, 1.0);
INSERT INTO `region_point` (`region_face_id`, `idx`, `x`, `y`, `z`, `w`) values (142, 1, 997672.0, 13216.0996, 4358200.0, 1.0);
INSERT INTO `region_point` (`region_face_id`, `idx`, `x`, `y`, `z`, `w`) values (142, 2, 1150280.0, 13216.0996, 4283250.0, 1.0);
INSERT INTO `region_point` (`region_face_id`, `idx`, `x`, `y`, `z`, `w`) values (142, 3, 1110690.0, 13216.0996, 4250580.0, 1.0);
INSERT INTO `region_face` (`region_face_id`, `region_id`, `kind`, `flags`, `normal_x`, `normal_y`, `normal_z`, `normal_w`, `pos_x`, `pos_y`, `pos_z`, `pos_w`) values (143, 637, 'face', '', 0.7189, 0.0, 0.695, 3804041.0, 1093075.0, 29323.75, 4342425.0, 83866.2734);
INSERT INTO `region_point` (`region_face_id`, `idx`, `x`, `y`, `z`, `w`) values (143, 0, 1035870.0, 13216.0, 4401600.0, 1.0);
INSERT INTO `region_point` (`region_face_id`, `idx`, `x`, `y`, `z`, `w`) values (143, 1, 1150280.0, 13216.0996, 4283250.0, 1.0);
INSERT INTO `region_point` (`region_face_id`, `idx`, `x`, `y`, `z`, `w`) values (143, 2, 1035870.0, 45431.1992, 4401600.0, 1.0);
INSERT INTO `region_point` (`region_face_id`, `idx`, `x`, `y`, `z`, `w`) values (143, 3, 1150280.0, 45431.5, 4283250.0, 1.0);
INSERT INTO `region_face` (`region_face_id`, `region_id`, `kind`, `flags`, `normal_x`, `normal_y`, `normal_z`, `normal_w`, `pos_x`, `pos_y`, `pos_z`, `pos_w`) values (144, 637, 'face', '', -0.7506, 0.0, 0.6606, 2130488.75, 1016771.0, 29323.8007, 4379900.0, 33092.6445);
INSERT INTO `region_point` (`region_face_id`, `idx`, `x`, `y`, `z`, `w`) values (144, 0, 1035870.0, 13216.0, 4401600.0, 1.0);
INSERT INTO `region_point` (`region_face_id`, `idx`, `x`, `y`, `z`, `w`) values (144, 1, 1035870.0, 45431.1992, 4401600.0, 1.0);
INSERT INTO `region_point` (`region_face_id`, `idx`, `x`, `y`, `z`, `w`) values (144, 2, 997672.0, 13216.0996, 4358200.0, 1.0);
INSERT INTO `region_point` (`region_face_id`, `idx`, `x`, `y`, `z`, `w`) values (144, 3, 997672.0, 45431.6015, 4358200.0, 1.0);
INSERT INTO `region_face` (`region_face_id`, `region_id`, `kind`, `flags`, `normal_x`, `normal_y`, `normal_z`, `normal_w`, `pos_x`, `pos_y`, `pos_z`, `pos_w`) values (145, 637, 'face', '', 0.6364, 0.0, -0.7712, -2571518.25, 1130485.0, 29324.0, 4266915.0, 30300.8027);
INSERT INTO `region_point` (`region_face_id`, `idx`, `x`, `y`, `z`, `w`) values (145, 0, 1150280.0, 13216.0996, 4283250.0, 1.0);
INSERT INTO `region_point` (`region_face_id`, `idx`, `x`, `y`, `z`, `w`) values (145, 1, 1110690.0, 13216.0996, 4250580.0, 1.0);
INSERT INTO `region_point` (`region_face_id`, `idx`, `x`, `y`, `z`, `w`) values (145, 2, 1150280.0, 45431.5, 4283250.0, 1.0);
INSERT INTO `region_point` (`region_face_id`, `idx`, `x`, `y`, `z`, `w`) values (145, 3, 1110690.0, 45431.8984, 4250580.0, 1.0);
INSERT INTO `region_face` (`region_face_id`, `region_id`, `kind`, `flags`, `normal_x`, `normal_y`, `normal_z`, `normal_w`, `pos_x`, `pos_y`, `pos_z`, `pos_w`) values (146, 637, 'face', '', 0.0, 1.0, 0.0, 45461.664, 1073039.875, 45431.5429, 4322712.0, 87206.25);
INSERT INTO `region_point` (`region_face_id`, `idx`, `x`, `y`, `z`, `w`) values (146, 0, 1035870.0, 45431.1992, 4401600.0, 1.0);
INSERT INTO `region_point` (`region_face_id`, `idx`, `x`, `y`, `z`, `w`) values (146, 1, 1150280.0, 45431.5, 4283250.0, 1.0);
INSERT INTO `region_point` (`region_face_id`, `idx`, `x`, `y`, `z`, `w`) values (146, 2, 997672.0, 45431.6015, 4358200.0, 1.0);
INSERT INTO `region_point` (`region_face_id`, `idx`, `x`, `y`, `z`, `w`) values (146, 3, 1110690.0, 45431.8984, 4250580.0, 1.0);
INSERT INTO `region_face` (`region_face_id`, `region_id`, `kind`, `flags`, `normal_x`, `normal_y`, `normal_z`, `normal_w`, `pos_x`, `pos_y`, `pos_z`, `pos_w`) values (147, 637, 'face', '', -0.6896, 0.0, -0.7241, -3844159.25, 1054181.0, 29323.998, 4304390.0, 79675.8906);
INSERT INTO `region_point` (`region_face_id`, `idx`, `x`, `y`, `z`, `w`) values (147, 0, 997672.0, 13216.0996, 4358200.0, 1.0);
INSERT INTO `region_point` (`region_face_id`, `idx`, `x`, `y`, `z`, `w`) values (147, 1, 997672.0, 45431.6015, 4358200.0, 1.0);
INSERT INTO `region_point` (`region_face_id`, `idx`, `x`, `y`, `z`, `w`) values (147, 2, 1110690.0, 13216.0996, 4250580.0, 1.0);
INSERT INTO `region_point` (`region_face_id`, `idx`, `x`, `y`, `z`, `w`) values (147, 3, 1110690.0, 45431.8984, 4250580.0, 1.0);
INSERT INTO `region` (`region_id`, `level_name`, `tree`, `on_enter`, `on_exit`, `on_inside`) values (78, 'ctysluma', 'target', '', '', '(setting-pers calm mode #t)');
INSERT INTO `region_sphere` (`region_id`, `x`, `y`, `z`, `r`) values (78, 4906270.0, 1584.2099, 247560.0, 84148.0);
INSERT INTO `region` (`region_id`, `level_name`, `tree`, `on_enter`, `on_exit`, `on_inside`) values (83, 'ctysluma', 'target', '', '', '(setting-pers entity-name mode "camera-66")');
INSERT INTO `region_face` (`region_face_id`, `region_id`, `kind`, `flags`, `normal_x`, `normal_y`, `normal_z`, `normal_w`, `pos_x`, `pos_y`, `pos_z`, `pos_w`) values (148, 83, 'face', '', 0.0, -1.0, 0.0, 43910.3007, 4867287.5, -43910.3007, 238780.1093, 115964.3437);
INSERT INTO `region_point` (`region_face_id`, `idx`, `x`, `y`, `z`, `w`) values (148, 0, 4767760.0, -43910.3007, 214738.0, 1.0);
INSERT INTO `region_point` (`region_face_id`, `idx`, `x`, `y`, `z`, `w`) values (148, 1, 4963810.0, -43910.3007, 179268.0, 1.0);
INSERT INTO `region_point` (`region_face_id`, `idx`, `x`, `y`, `z`, `w`) values (148, 2, 4767760.0, -43910.3007, 296658.0, 1.0);
INSERT INTO `region_point` (`region_face_id`, `idx`, `x`, `y`, `z`, `w`) values (148, 3, 4969160.0, -43910.3007, 294185.0, 1.0);
INSERT INTO `region_face` (`region_face_id`, `region_id`, `kind`, `flags`, `normal_x`, `normal_y`, `normal_z`, `normal_w`, `pos_x`, `pos_y`, `pos_z`, `pos_w`) values (149, 83, 'face', '', -1.0, 0.0, 0.0, -4767760.0, 4767760.0, -2950.3496, 255698.0, 57926.1523);
INSERT INTO `region_point` (`region_face_id`, `idx`, `x`, `y`, `z`, `w`) values (149, 0, 4767760.0, -43910.3007, 214738.0, 1.0);
INSERT INTO `region_point` (`region_face_id`, `idx`, `x`, `y`, `z`, `w`) values (149, 1, 4767760.0, -43910.3007, 296658.0, 1.0);
INSERT INTO `region_point` (`region_face_id`, `idx`, `x`, `y`, `z`, `w`) values (149, 2, 4767760.0, 38009.6015, 214738.0, 1.0);
INSERT INTO `region_point` (`region_face_id`, `idx`, `x`, `y`, `z`, `w`) values (149, 3, 4767760.0, 38009.6015, 296658.0, 1.0);
INSERT INTO `region_face` (`region_face_id`, `region_id`, `kind`, `flags`, `normal_x`, `normal_y`, `normal_z`, `normal_w`, `pos_x`, `pos_y`, `pos_z`, `pos_w`) values (150, 83, 'face', '', -0.178, 0.0, -0.984, -1060125.5, 4865785.0, -2950.3496, 197003.0, 107708.6328);
INSERT INTO `region_point` (`region_face_id`, `idx`, `x`, `y`, `z`, `w`) values (150, 0, 4767760.0, -43910.3007, 214738.0, 1.0);
INSERT INTO `region_point` (`region_face_id`, `idx`, `x`, `y`, `z`, `w`) values (150, 1, 4767760.0, 38009.6015, 214738.0, 1.0);
INSERT INTO `region_point` (`region_face_id`, `idx`, `x`, `y`, `z`, `w`) values (150, 2, 4963810.0, -43910.3007, 179268.0, 1.0);
INSERT INTO `region_point` (`region_face_id`, `idx`, `x`, `y`, `z`, `w`) values (150, 3, 4963810.0, 38009.5, 179268.0, 1.0);
INSERT INTO `region_face` (`region_face_id`, `region_id`, `kind`, `flags`, `normal_x`, `normal_y`, `normal_z`, `normal_w`, `pos_x`, `pos_y`, `pos_z`, `pos_w`) values (151, 83, 'face', '', 0.0122, 0.0, 0.9999, 355174.7812, 4868460.0, -2950.3496, 295421.5, 108718.6093);
INSERT INTO `region_point` (`region_face_id`, `idx`, `x`, `y`, `z`, `w`) values (151, 0, 4767760.0, -43910.3007, 296658.0, 1.0);
INSERT INTO `region_point` (`region_face_id`, `idx`, `x`, `y`, `z`, `w`) values (151, 1, 4969160.0, -43910.3007, 294185.0, 1.0);
INSERT INTO `region_point` (`region_face_id`, `idx`, `x`, `y`, `z`, `w`) values (151, 2, 4767760.0, 38009.6015, 296658.0, 1.0);
INSERT INTO `region_point` (`region_face_id`, `idx`, `x`, `y`, `z`, `w`) values (151, 3, 4969160.0, 38009.5, 294185.0, 1.0);
INSERT INTO `region_face` (`region_face_id`, `region_id`, `kind`, `flags`, `normal_x`, `normal_y`, `normal_z`, `normal_w`, `pos_x`, `pos_y`, `pos_z`, `pos_w`) values (152, 83, 'face', '', 0.0, 1.0, 0.0, 38012.0703, 4867287.5, 38009.5507, 238780.1093, 115964.3437);
INSERT INTO `region_point` (`region_face_id`, `idx`, `x`, `y`, `z`, `w`) values (152, 0, 4767760.0, 38009.6015, 214738.0, 1.0);
INSERT INTO `region_point` (`region_face_id`, `idx`, `x`, `y`, `z`, `w`) values (152, 1, 4767760.0, 38009.6015, 296658.0, 1.0);
INSERT INTO `region_point` (`region_face_id`, `idx`, `x`, `y`, `z`, `w`) values (152, 2, 4963810.0, 38009.5, 179268.0, 1.0);
INSERT INTO `region_point` (`region_face_id`, `idx`, `x`, `y`, `z`, `w`) values (152, 3, 4969160.0, 38009.5, 294185.0, 1.0);
INSERT INTO `region_face` (`region_face_id`, `region_id`, `kind`, `flags`, `normal_x`, `normal_y`, `normal_z`, `normal_w`, `pos_x`, `pos_y`, `pos_z`, `pos_w`) values (153, 83, 'face', '', 0.9989, 0.0, -0.0465, 4950102.5, 4966485.0, -2950.4003, 236726.5, 70614.0781);
INSERT INTO `region_point` (`region_face_id`, `idx`, `x`, `y`, `z`, `w`) values (153, 0, 4963810.0, -43910.3007, 179268.0, 1.0);
INSERT INTO `region_point` (`region_face_id`, `idx`, `x`, `y`, `z`, `w`) values (153, 1, 4963810.0, 38009.5, 179268.0, 1.0);
INSERT INTO `region_point` (`region_face_id`, `idx`, `x`, `y`, `z`, `w`) values (153, 2, 4969160.0, -43910.3007, 294185.0, 1.0);
INSERT INTO `region_point` (`region_face_id`, `idx`, `x`, `y`, `z`, `w`) values (153, 3, 4969160.0, 38009.5, 294185.0, 1.0);
INSERT INTO `region` (`region_id`, `level_name`, `tree`, `on_enter`, `on_exit`, `on_inside`) values (390, 'ctysluma', 'target', '(want-load ''ctysluma ''ctyslumb ''ctywide)', '', '');
INSERT INTO `region_face` (`region_face_id`, `region_id`, `kind`, `flags`, `normal_x`, `normal_y`, `normal_z`, `normal_w`, `pos_x`, `pos_y`, `pos_z`, `pos_w`) values (154, 390, 'plane', '', 0.8223, 0.0, 0.569, 3778417.5, 4103050.0, 78746.8984, 710593.5, 265272.9687);
INSERT INTO `region_point` (`region_face_id`, `idx`, `x`, `y`, `z`, `w`) values (154, 0, 3969430.0, 202130.0, 903705.0, 1.0);
INSERT INTO `region_point` (`region_face_id`, `idx`, `x`, `y`, `z`, `w`) values (154, 1, 3969430.0, -44636.1992, 903705.0, 1.0);
INSERT INTO `region_point` (`region_face_id`, `idx`, `x`, `y`, `z`, `w`) values (154, 2, 4236670.0, 202130.0, 517482.0, 1.0);
INSERT INTO `region_point` (`region_face_id`, `idx`, `x`, `y`, `z`, `w`) values (154, 3, 4236670.0, -44636.1992, 517482.0, 1.0);
INSERT INTO `region` (`region_id`, `level_name`, `tree`, `on_enter`, `on_exit`, `on_inside`) values (207, 'ctysluma', 'target', '(cond ((task-closed? "fortress-save-friends-introduction") (want-load ''forresca ''ctywide ''ctysluma)) ((task-closed? "fortress-dump-introduction") (want-load ''fordumpa ''ctywide ''ctysluma)) (else (want-load ''fordumpa ''ctywide ''ctysluma)))', '', '');
INSERT INTO `region_face` (`region_face_id`, `region_id`, `kind`, `flags`, `normal_x`, `normal_y`, `normal_z`, `normal_w`, `pos_x`, `pos_y`, `pos_z`, `pos_w`) values (155, 207, 'plane', '', 0.9964, 0.0, -0.0844, 3423009.5, 3557750.0, 75918.6796, 1446030.0, 123382.9375);
INSERT INTO `region_point` (`region_face_id`, `idx`, `x`, `y`, `z`, `w`) values (155, 0, 3565480.0, 158594.0, 1537290.0, 1.0);
INSERT INTO `region_point` (`region_face_id`, `idx`, `x`, `y`, `z`, `w`) values (155, 1, 3565480.0, -6756.6401, 1537290.0, 1.0);
INSERT INTO `region_point` (`region_face_id`, `idx`, `x`, `y`, `z`, `w`) values (155, 2, 3550020.0, 158594.0, 1354770.0, 1.0);
INSERT INTO `region_point` (`region_face_id`, `idx`, `x`, `y`, `z`, `w`) values (155, 3, 3550020.0, -6756.6401, 1354770.0, 1.0);
INSERT INTO `region` (`region_id`, `level_name`, `tree`, `on_enter`, `on_exit`, `on_inside`) values (208, 'ctysluma', 'target', '(cond ((task-closed? "fortress-save-friends-introduction") (want-display ''forresc ''display)) ((task-closed? "fortress-dump-introduction") (want-display ''fordumpa ''display)) (else (want-display ''fordumpa ''display)))', '(cond ((task-closed? "fortress-save-friends-introduction") (want-display ''forresc #f)) ((task-closed? "fortress-dump-introduction") (want-display ''fordumpa #f)) (else (want-display ''fordumpa #f)))', '');
INSERT INTO `region_face` (`region_face_id`, `region_id`, `kind`, `flags`, `normal_x`, `normal_y`, `normal_z`, `normal_w`, `pos_x`, `pos_y`, `pos_z`, `pos_w`) values (156, 208, 'plane', '', 0.1356, 0.0, 0.9907, 1338292.0, 3530950.0, 78459.3828, 867433.0, 158450.7968);
INSERT INTO `region_point` (`region_face_id`, `idx`, `x`, `y`, `z`, `w`) values (156, 0, 3393230.0, 154515.0, 886285.0, 1.0);
INSERT INTO `region_point` (`region_face_id`, `idx`, `x`, `y`, `z`, `w`) values (156, 1, 3393230.0, 2403.77, 886285.0, 1.0);
INSERT INTO `region_point` (`region_face_id`, `idx`, `x`, `y`, `z`, `w`) values (156, 2, 3668670.0, 154515.0, 848581.0, 1.0);
INSERT INTO `region_point` (`region_face_id`, `idx`, `x`, `y`, `z`, `w`) values (156, 3, 3668670.0, 2403.77, 848581.0, 1.0);
INSERT INTO `region` (`region_id`, `level_name`, `tree`, `on_enter`, `on_exit`, `on_inside`) values (283, 'ctysluma', 'target', '(want-load ''ctysluma ''ctyindb ''ctywide)', '', '');
INSERT INTO `region_face` (`region_face_id`, `region_id`, `kind`, `flags`, `normal_x`, `normal_y`, `normal_z`, `normal_w`, `pos_x`, `pos_y`, `pos_z`, `pos_w`) values (157, 283, 'plane', '', 0.174, 0.0, -0.9847, 367493.625, 4453515.0, 75918.6875, 413760.0, 145577.2968);
INSERT INTO `region_point` (`region_face_id`, `idx`, `x`, `y`, `z`, `w`) values (157, 0, 4335520.0, 158594.0, 392910.0, 1.0);
INSERT INTO `region_point` (`region_face_id`, `idx`, `x`, `y`, `z`, `w`) values (157, 1, 4571510.0, 158594.0, 434610.0, 1.0);
INSERT INTO `region_point` (`region_face_id`, `idx`, `x`, `y`, `z`, `w`) values (157, 2, 4335520.0, -6756.6298, 392910.0, 1.0);
INSERT INTO `region_point` (`region_face_id`, `idx`, `x`, `y`, `z`, `w`) values (157, 3, 4571510.0, -6756.6298, 434610.0, 1.0);
INSERT INTO `region` (`region_id`, `level_name`, `tree`, `on_enter`, `on_exit`, `on_inside`) values (371, 'ctysluma', 'target', '(want-vis ''hideout)', '(want-vis ''ctysluma)', '');
INSERT INTO `region_face` (`region_face_id`, `region_id`, `kind`, `flags`, `normal_x`, `normal_y`, `normal_z`, `normal_w`, `pos_x`, `pos_y`, `pos_z`, `pos_w`) values (158, 371, 'plane', '', -0.9905, 0.0, 0.137, -4696877.0, 4776055.0, 52950.8515, 249100.0, 40663.3554);
INSERT INTO `region_point` (`region_face_id`, `idx`, `x`, `y`, `z`, `w`) values (158, 0, 4772140.0, 24017.8007, 220797.0, 1.0);
INSERT INTO `region_point` (`region_face_id`, `idx`, `x`, `y`, `z`, `w`) values (158, 1, 4779970.0, 24017.8007, 277403.0, 1.0);
INSERT INTO `region_point` (`region_face_id`, `idx`, `x`, `y`, `z`, `w`) values (158, 2, 4772140.0, 81883.8984, 220797.0, 1.0);
INSERT INTO `region_point` (`region_face_id`, `idx`, `x`, `y`, `z`, `w`) values (158, 3, 4779970.0, 81883.8984, 277403.0, 1.0);
INSERT INTO `region` (`region_id`, `level_name`, `tree`, `on_enter`, `on_exit`, `on_inside`) values (410, 'ctysluma', 'target', '(cond ((or (task-open? "city-escort-kid-introduction") (task-open? "city-escort-kid-resolution")) (want-load ''ctysluma ''ctywide ''lyskdcd)) ((or (task-open? "ruins-tower-introduction") (task-open? "ruins-tower-resolution")) (want-load ''ctysluma ''ctywide ''ltrntess)) (else (want-load ''ctysluma ''hideout ''ctywide)))', '', '');
INSERT INTO `region_face` (`region_face_id`, `region_id`, `kind`, `flags`, `normal_x`, `normal_y`, `normal_z`, `normal_w`, `pos_x`, `pos_y`, `pos_z`, `pos_w`) values (159, 410, 'plane', '', -0.1855, 0.0, 0.9826, -433334.5, 4352915.0, 75919.4453, 380776.0, 232264.9531);
INSERT INTO `region_point` (`region_face_id`, `idx`, `x`, `y`, `z`, `w`) values (159, 0, 4566200.0, 158595.0, 421041.0, 1.0);
INSERT INTO `region_point` (`region_face_id`, `idx`, `x`, `y`, `z`, `w`) values (159, 1, 4139630.0, 158595.0, 340511.0, 1.0);
INSERT INTO `region_point` (`region_face_id`, `idx`, `x`, `y`, `z`, `w`) values (159, 2, 4566200.0, -6756.1098, 421041.0, 1.0);
INSERT INTO `region_point` (`region_face_id`, `idx`, `x`, `y`, `z`, `w`) values (159, 3, 4139630.0, -6756.1098, 340511.0, 1.0);
INSERT INTO `region` (`region_id`, `level_name`, `tree`, `on_enter`, `on_exit`, `on_inside`) values (424, 'ctysluma', 'target', '(cond ((and (focus-test? *target* pilot) (task-open? "ruins-tower-introduction")) (send-event *target* ''change-mode ''normal #f) (send-event "torn-npc-2" ''say)) ((and (focus-test? *target* pilot) (task-open? "city-escort-kid-introduction")) (send-event *target* ''change-mode ''normal #f) (send-event "youngsamos-npc-5" ''say)))', '', '');
INSERT INTO `region_face` (`region_face_id`, `region_id`, `kind`, `flags`, `normal_x`, `normal_y`, `normal_z`, `normal_w`, `pos_x`, `pos_y`, `pos_z`, `pos_w`) values (160, 424, 'plane', '', -0.9926, 0.0, -0.1208, -4627397.5, 4651425.0, 54398.5, 83225.1328, 117607.3593);
INSERT INTO `region_point` (`region_face_id`, `idx`, `x`, `y`, `z`, `w`) values (160, 0, 4641170.0, 135819.0, 167469.0, 1.0);
INSERT INTO `region_point` (`region_face_id`, `idx`, `x`, `y`, `z`, `w`) values (160, 1, 4661680.0, 135819.0, -1018.7299, 1.0);
INSERT INTO `region_point` (`region_face_id`, `idx`, `x`, `y`, `z`, `w`) values (160, 2, 4641170.0, -27022.0, 167469.0, 1.0);
INSERT INTO `region_point` (`region_face_id`, `idx`, `x`, `y`, `z`, `w`) values (160, 3, 4661680.0, -27022.0, -1018.7299, 1.0);
INSERT INTO `region` (`region_id`, `level_name`, `tree`, `on_enter`, `on_exit`, `on_inside`) values (638, 'ctysluma', 'target', '', '', '(when (and (not (task-closed? "ruins-tower-resolution")) (= (get-alert-level) 0)) (setting-pers calm mode ''run))');
INSERT INTO `region_face` (`region_face_id`, `region_id`, `kind`, `flags`, `normal_x`, `normal_y`, `normal_z`, `normal_w`, `pos_x`, `pos_y`, `pos_z`, `pos_w`) values (161, 638, 'face', '', 0.0, -1.0, 0.0, -13163.5, 4700805.0, 13163.5, 240235.5, 69239.2343);
INSERT INTO `region_point` (`region_face_id`, `idx`, `x`, `y`, `z`, `w`) values (161, 0, 4640770.0, 13163.5, 205741.0, 1.0);
INSERT INTO `region_point` (`region_face_id`, `idx`, `x`, `y`, `z`, `w`) values (161, 1, 4760840.0, 13163.5, 205741.0, 1.0);
INSERT INTO `region_point` (`region_face_id`, `idx`, `x`, `y`, `z`, `w`) values (161, 2, 4640770.0, 13163.5, 274730.0, 1.0);
INSERT INTO `region_point` (`region_face_id`, `idx`, `x`, `y`, `z`, `w`) values (161, 3, 4760830.0, 13163.5, 274730.0, 1.0);
INSERT INTO `region_face` (`region_face_id`, `region_id`, `kind`, `flags`, `normal_x`, `normal_y`, `normal_z`, `normal_w`, `pos_x`, `pos_y`, `pos_z`, `pos_w`) values (162, 638, 'face', '', -1.0, 0.0, 0.0, -4640770.0, 4640770.0, 54123.3515, 240235.5, 53549.789);
INSERT INTO `region_point` (`region_face_id`, `idx`, `x`, `y`, `z`, `w`) values (162, 0, 4640770.0, 13163.5, 205741.0, 1.0);
INSERT INTO `region_point` (`region_face_id`, `idx`, `x`, `y`, `z`, `w`) values (162, 1, 4640770.0, 13163.5, 274730.0, 1.0);
INSERT INTO `region_point` (`region_face_id`, `idx`, `x`, `y`, `z`, `w`) values (162, 2, 4640770.0, 95083.2031, 205741.0, 1.0);
INSERT INTO `region_point` (`region_face_id`, `idx`, `x`, `y`, `z`, `w`) values (162, 3, 4640770.0, 95083.2031, 274730.0, 1.0);
INSERT INTO `region_face` (`region_face_id`, `region_id`, `kind`, `flags`, `normal_x`, `normal_y`, `normal_z`, `normal_w`, `pos_x`, `pos_y`, `pos_z`, `pos_w`) values (163, 638, 'face', '', 0.0, 0.0, -1.0, -205741.0, 4700805.0, 54123.3515, 205741.0, 72676.7578);
INSERT INTO `region_point` (`region_face_id`, `idx`, `x`, `y`, `z`, `w`) values (163, 0, 4640770.0, 13163.5, 205741.0, 1.0);
INSERT INTO `region_point` (`region_face_id`, `idx`, `x`, `y`, `z`, `w`) values (163, 1, 4640770.0, 95083.2031, 205741.0, 1.0);
INSERT INTO `region_point` (`region_face_id`, `idx`, `x`, `y`, `z`, `w`) values (163, 2, 4760840.0, 13163.5, 205741.0, 1.0);
INSERT INTO `region_point` (`region_face_id`, `idx`, `x`, `y`, `z`, `w`) values (163, 3, 4760840.0, 95083.2031, 205741.0, 1.0);
INSERT INTO `region_face` (`region_face_id`, `region_id`, `kind`, `flags`, `normal_x`, `normal_y`, `normal_z`, `normal_w`, `pos_x`, `pos_y`, `pos_z`, `pos_w`) values (164, 638, 'face', '', 0.0, 0.0, 1.0, 274730.0, 4700800.0, 54123.3515, 274730.0, 72672.625);
INSERT INTO `region_point` (`region_face_id`, `idx`, `x`, `y`, `z`, `w`) values (164, 0, 4640770.0, 13163.5, 274730.0, 1.0);
INSERT INTO `region_point` (`region_face_id`, `idx`, `x`, `y`, `z`, `w`) values (164, 1, 4760830.0, 13163.5, 274730.0, 1.0);
INSERT INTO `region_point` (`region_face_id`, `idx`, `x`, `y`, `z`, `w`) values (164, 2, 4640770.0, 95083.2031, 274730.0, 1.0);
INSERT INTO `region_point` (`region_face_id`, `idx`, `x`, `y`, `z`, `w`) values (164, 3, 4760830.0, 95083.2031, 274730.0, 1.0);
INSERT INTO `region_face` (`region_face_id`, `region_id`, `kind`, `flags`, `normal_x`, `normal_y`, `normal_z`, `normal_w`, `pos_x`, `pos_y`, `pos_z`, `pos_w`) values (165, 638, 'face', '', 0.0, 1.0, 0.0, 95083.2031, 4700805.0, 95083.2031, 240235.5, 69239.2343);
INSERT INTO `region_point` (`region_face_id`, `idx`, `x`, `y`, `z`, `w`) values (165, 0, 4640770.0, 95083.2031, 205741.0, 1.0);
INSERT INTO `region_point` (`region_face_id`, `idx`, `x`, `y`, `z`, `w`) values (165, 1, 4640770.0, 95083.2031, 274730.0, 1.0);
INSERT INTO `region_point` (`region_face_id`, `idx`, `x`, `y`, `z`, `w`) values (165, 2, 4760840.0, 95083.2031, 205741.0, 1.0);
INSERT INTO `region_point` (`region_face_id`, `idx`, `x`, `y`, `z`, `w`) values (165, 3, 4760830.0, 95083.2031, 274730.0, 1.0);
INSERT INTO `region_face` (`region_face_id`, `region_id`, `kind`, `flags`, `normal_x`, `normal_y`, `normal_z`, `normal_w`, `pos_x`, `pos_y`, `pos_z`, `pos_w`) values (166, 638, 'face', '', 1.0, 0.0, 0.0001, 4760870.0, 4760835.0, 54123.3515, 240235.5, 53549.789);
INSERT INTO `region_point` (`region_face_id`, `idx`, `x`, `y`, `z`, `w`) values (166, 0, 4760840.0, 13163.5, 205741.0, 1.0);
INSERT INTO `region_point` (`region_face_id`, `idx`, `x`, `y`, `z`, `w`) values (166, 1, 4760840.0, 95083.2031, 205741.0, 1.0);
INSERT INTO `region_point` (`region_face_id`, `idx`, `x`, `y`, `z`, `w`) values (166, 2, 4760830.0, 13163.5, 274730.0, 1.0);
INSERT INTO `region_point` (`region_face_id`, `idx`, `x`, `y`, `z`, `w`) values (166, 3, 4760830.0, 95083.2031, 274730.0, 1.0);
INSERT INTO `region` (`region_id`, `level_name`, `tree`, `on_enter`, `on_exit`, `on_inside`) values (762, 'ctysluma', 'target', '(want-sound ''ctywide1 ''ctywide2 ''hideout1)', '(want-sound ''ctywide1 ''ctywide2 ''ctywide3)', '');
INSERT INTO `region_face` (`region_face_id`, `region_id`, `kind`, `flags`, `normal_x`, `normal_y`, `normal_z`, `normal_w`, `pos_x`, `pos_y`, `pos_z`, `pos_w`) values (167, 762, 'plane', '', 0.0, 0.0, -1.0, -160527.0, 4714235.0, 54123.3515, 160527.0, 72676.7578);
INSERT INTO `region_point` (`region_face_id`, `idx`, `x`, `y`, `z`, `w`) values (167, 0, 4654200.0, 13163.5, 160527.0, 1.0);
INSERT INTO `region_point` (`region_face_id`, `idx`, `x`, `y`, `z`, `w`) values (167, 1, 4654200.0, 95083.2031, 160527.0, 1.0);
INSERT INTO `region_point` (`region_face_id`, `idx`, `x`, `y`, `z`, `w`) values (167, 2, 4774270.0, 13163.5, 160527.0, 1.0);
INSERT INTO `region_point` (`region_face_id`, `idx`, `x`, `y`, `z`, `w`) values (167, 3, 4774270.0, 95083.2031, 160527.0, 1.0);
INSERT INTO `region` (`region_id`, `level_name`, `tree`, `on_enter`, `on_exit`, `on_inside`) values (77, 'ctysluma', 'camera', '', '', '(sound-play-loop "can-fire")');
INSERT INTO `region_sphere` (`region_id`, `x`, `y`, `z`, `r`) values (77, 4913530.0, -17011.9003, 273998.0, 96148.0);
INSERT INTO `region` (`region_id`, `level_name`, `tree`, `on_enter`, `on_exit`, `on_inside`) values (79, 'ctysluma', 'camera', '', '', '(sound-play-loop "hide-amb")');
INSERT INTO `region_sphere` (`region_id`, `x`, `y`, `z`, `r`) values (79, 4900050.0, -6514.3999, 247585.0, 93548.0);
INSERT INTO `region` (`region_id`, `level_name`, `tree`, `on_enter`, `on_exit`, `on_inside`) values (95, 'ctysluma', 'camera', '(want-display ''ctyslumb ''display)', '(want-display ''ctyslumb #f)', '');
INSERT INTO `region_face` (`region_face_id`, `region_id`, `kind`, `flags`, `normal_x`, `normal_y`, `normal_z`, `normal_w`, `pos_x`, `pos_y`, `pos_z`, `pos_w`) values (168, 95, 'plane', '', 0.7825, 0.0, 0.6225, 3224237.0, 3679305.0, 62330.3515, 554159.5, 111947.8125);
INSERT INTO `region_point` (`region_face_id`, `idx`, `x`, `y`, `z`, `w`) values (168, 0, 3724210.0, -23286.3007, 497718.0, 1.0);
INSERT INTO `region_point` (`region_face_id`, `idx`, `x`, `y`, `z`, `w`) values (168, 1, 3724210.0, 147947.0, 497718.0, 1.0);
INSERT INTO `region_point` (`region_face_id`, `idx`, `x`, `y`, `z`, `w`) values (168, 2, 3634400.0, -23286.3007, 610601.0, 1.0);
INSERT INTO `region_point` (`region_face_id`, `idx`, `x`, `y`, `z`, `w`) values (168, 3, 3634400.0, 147947.0, 610601.0, 1.0);
INSERT INTO `region` (`region_id`, `level_name`, `tree`, `on_enter`, `on_exit`, `on_inside`) values (108, 'ctysluma', 'camera', '(cond ((or (task-open? "city-escort-kid-introduction") (task-open? "city-escort-kid-resolution")) (want-display ''lyskdcd ''special) (want-continue "ctysluma-escort-retry")) ((or (task-open? "ruins-tower-introduction") (task-open? "ruins-tower-resolution")) (want-display ''ltrntess ''special) (want-continue "ctysluma-tower-intro")) (else (want-display ''hideout ''display) (want-continue "ctysluma-alley")))', '(begin (want-display ''hideout #f) (want-display ''lyskdcd #f))', '');
INSERT INTO `region_face` (`region_face_id`, `region_id`, `kind`, `flags`, `normal_x`, `normal_y`, `normal_z`, `normal_w`, `pos_x`, `pos_y`, `pos_z`, `pos_w`) values (169, 108, 'plane', '', -0.4905, 0.0, 0.8713, -2120274.25, 4531755.0, 67089.4531, 118203.7031, 107868.5937);
INSERT INTO `region_point` (`region_face_id`, `idx`, `x`, `y`, `z`, `w`) values (169, 0, 4459310.0, 135819.0, 77416.3984, 1.0);
INSERT INTO `region_point` (`region_face_id`, `idx`, `x`, `y`, `z`, `w`) values (169, 1, 4459310.0, -1640.0999, 77416.3984, 1.0);
INSERT INTO `region_point` (`region_face_id`, `idx`, `x`, `y`, `z`, `w`) values (169, 2, 4604200.0, 135819.0, 158991.0, 1.0);
INSERT INTO `region_point` (`region_face_id`, `idx`, `x`, `y`, `z`, `w`) values (169, 3, 4604200.0, -1640.0999, 158991.0, 1.0);
INSERT INTO `region` (`region_id`, `level_name`, `tree`, `on_enter`, `on_exit`, `on_inside`) values (192, 'ctysluma', 'camera', '(want-vis ''ctysluma)', '', '');
INSERT INTO `region_face` (`region_face_id`, `region_id`, `kind`, `flags`, `normal_x`, `normal_y`, `normal_z`, `normal_w`, `pos_x`, `pos_y`, `pos_z`, `pos_w`) values (170, 192, 'plane', '', -0.7508, 0.0, -0.6604, -2224996.25, 3148660.0, 66864.5859, -210743.0, 100229.6171);
INSERT INTO `region_point` (`region_face_id`, `idx`, `x`, `y`, `z`, `w`) values (170, 0, 3195170.0, 138188.0, -263618.0, 1.0);
INSERT INTO `region_point` (`region_face_id`, `idx`, `x`, `y`, `z`, `w`) values (170, 1, 3195170.0, -4458.83, -263618.0, 1.0);
INSERT INTO `region_point` (`region_face_id`, `idx`, `x`, `y`, `z`, `w`) values (170, 2, 3102150.0, 138188.0, -157868.0, 1.0);
INSERT INTO `region_point` (`region_face_id`, `idx`, `x`, `y`, `z`, `w`) values (170, 3, 3102150.0, -4458.83, -157868.0, 1.0);
INSERT INTO `region` (`region_id`, `level_name`, `tree`, `on_enter`, `on_exit`, `on_inside`) values (282, 'ctysluma', 'camera', '(want-display ''ctyindb ''display)', '(want-display ''ctyindb #f)', '');
INSERT INTO `region_face` (`region_face_id`, `region_id`, `kind`, `flags`, `normal_x`, `normal_y`, `normal_z`, `normal_w`, `pos_x`, `pos_y`, `pos_z`, `pos_w`) values (171, 282, 'plane', '', -0.7461, 0.0, 0.6657, -2167158.5, 4161770.0, 67089.8671, 1409515.0, 125027.914);
INSERT INTO `region_point` (`region_face_id`, `idx`, `x`, `y`, `z`, `w`) values (171, 0, 4231300.0, 135819.0, 1487450.0, 1.0);
INSERT INTO `region_point` (`region_face_id`, `idx`, `x`, `y`, `z`, `w`) values (171, 1, 4092240.0, 135819.0, 1331580.0, 1.0);
INSERT INTO `region_point` (`region_face_id`, `idx`, `x`, `y`, `z`, `w`) values (171, 2, 4231300.0, -1639.27, 1487450.0, 1.0);
INSERT INTO `region_point` (`region_face_id`, `idx`, `x`, `y`, `z`, `w`) values (171, 3, 4092240.0, -1639.27, 1331580.0, 1.0);
INSERT INTO `region` (`region_id`, `level_name`, `tree`, `on_enter`, `on_exit`, `on_inside`) values (741, 'ctysluma', 'camera', '', '', '(setting-pers rain mode ''abs value 0.0000)');
INSERT INTO `region_sphere` (`region_id`, `x`, `y`, `z`, `r`) values (741, 4907080.0, 19164.4003, 245770.0, 86546.1015);
INSERT INTO `region` (`region_id`, `level_name`, `tree`, `on_enter`, `on_exit`, `on_inside`) values (771, 'ctysluma', 'camera', '', '(want-vis ''ctysluma)', '');
INSERT INTO `region_sphere` (`region_id`, `x`, `y`, `z`, `r`) values (771, 4754360.0, 75476.7968, 262392.0, 2048.0);
INSERT INTO `region` (`region_id`, `level_name`, `tree`, `on_enter`, `on_exit`, `on_inside`) values (278, 'ctyindb', 'target', '(want-load ''ctysluma ''ctyindb ''ctywide)', '', '');
INSERT INTO `region_face` (`region_face_id`, `region_id`, `kind`, `flags`, `normal_x`, `normal_y`, `normal_z`, `normal_w`, `pos_x`, `pos_y`, `pos_z`, `pos_w`) values (172, 278, 'plane', '', 0.1399, 0.0, 0.9901, 2726766.5, 3978465.0, 112586.5, 2191430.0, 136441.3125);
INSERT INTO `region_point` (`region_face_id`, `idx`, `x`, `y`, `z`, `w`) values (172, 0, 4083930.0, 197857.0, 2176520.0, 1.0);
INSERT INTO `region_point` (`region_face_id`, `idx`, `x`, `y`, `z`, `w`) values (172, 1, 3873000.0, 197857.0, 2206340.0, 1.0);
INSERT INTO `region_point` (`region_face_id`, `idx`, `x`, `y`, `z`, `w`) values (172, 2, 4083930.0, 27316.0, 2176520.0, 1.0);
INSERT INTO `region_point` (`region_face_id`, `idx`, `x`, `y`, `z`, `w`) values (172, 3, 3873000.0, 27316.0, 2206340.0, 1.0);
INSERT INTO `region` (`region_id`, `level_name`, `tree`, `on_enter`, `on_exit`, `on_inside`) values (279, 'ctyindb', 'target', '(want-load ''ctymarkb ''ctyindb ''ctywide)', '', '');
INSERT INTO `region_face` (`region_face_id`, `region_id`, `kind`, `flags`, `normal_x`, `normal_y`, `normal_z`, `normal_w`, `pos_x`, `pos_y`, `pos_z`, `pos_w`) values (173, 279, 'plane', '', -0.1399, 0.0, -0.9901, -2754801.75, 3981930.0, 112586.6484, 2219230.0, 136437.3593);
INSERT INTO `region_point` (`region_face_id`, `idx`, `x`, `y`, `z`, `w`) values (173, 0, 4087390.0, 197857.0, 2204320.0, 1.0);
INSERT INTO `region_point` (`region_face_id`, `idx`, `x`, `y`, `z`, `w`) values (173, 1, 4087390.0, 27316.3007, 2204320.0, 1.0);
INSERT INTO `region_point` (`region_face_id`, `idx`, `x`, `y`, `z`, `w`) values (173, 2, 3876470.0, 197857.0, 2234140.0, 1.0);
INSERT INTO `region_point` (`region_face_id`, `idx`, `x`, `y`, `z`, `w`) values (173, 3, 3876470.0, 27316.3007, 2234140.0, 1.0);
INSERT INTO `region` (`region_id`, `level_name`, `tree`, `on_enter`, `on_exit`, `on_inside`) values (281, 'ctyindb', 'target', '(want-load ''ctyinda ''ctyindb ''ctywide)', '', '');
INSERT INTO `region_face` (`region_face_id`, `region_id`, `kind`, `flags`, `normal_x`, `normal_y`, `normal_z`, `normal_w`, `pos_x`, `pos_y`, `pos_z`, `pos_w`) values (174, 281, 'plane', '', -0.9764, 0.0, -0.2158, -4953802.5, 4555120.0, 112587.3984, 2344785.0, 182167.6875);
INSERT INTO `region_point` (`region_face_id`, `idx`, `x`, `y`, `z`, `w`) values (174, 0, 4520380.0, 197858.0, 2501970.0, 1.0);
INSERT INTO `region_point` (`region_face_id`, `idx`, `x`, `y`, `z`, `w`) values (174, 1, 4589860.0, 197858.0, 2187600.0, 1.0);
INSERT INTO `region_point` (`region_face_id`, `idx`, `x`, `y`, `z`, `w`) values (174, 2, 4520380.0, 27316.8007, 2501970.0, 1.0);
INSERT INTO `region_point` (`region_face_id`, `idx`, `x`, `y`, `z`, `w`) values (174, 3, 4589860.0, 27316.8007, 2187600.0, 1.0);
INSERT INTO `region` (`region_id`, `level_name`, `tree`, `on_enter`, `on_exit`, `on_inside`) values (344, 'ctyindb', 'target', '(when (setting-value airlock) (if (task-closed? "sewer-escort-introduction") (want-load ''ctyindb ''ctywide ''sewescb) (want-load ''ctyindb ''ctywide ''sewerb)))', '(want-load ''ctyindb ''ctywide ''ctysluma)', '');
INSERT INTO `region_face` (`region_face_id`, `region_id`, `kind`, `flags`, `normal_x`, `normal_y`, `normal_z`, `normal_w`, `pos_x`, `pos_y`, `pos_z`, `pos_w`) values (175, 344, 'plane', '', -0.0, 1.0, 0.0, 31183.4375, 4260870.0, 31185.5507, 2093500.0, 110042.6562);
INSERT INTO `region_point` (`region_face_id`, `idx`, `x`, `y`, `z`, `w`) values (175, 0, 4160440.0, 31185.5, 2056560.0, 1.0);
INSERT INTO `region_point` (`region_face_id`, `idx`, `x`, `y`, `z`, `w`) values (175, 1, 4160440.0, 31185.5, 2138480.0, 1.0);
INSERT INTO `region_point` (`region_face_id`, `idx`, `x`, `y`, `z`, `w`) values (175, 2, 4361300.0, 31185.5996, 2048520.0, 1.0);
INSERT INTO `region_point` (`region_face_id`, `idx`, `x`, `y`, `z`, `w`) values (175, 3, 4361300.0, 31185.5996, 2130420.0, 1.0);
INSERT INTO `region` (`region_id`, `level_name`, `tree`, `on_enter`, `on_exit`, `on_inside`) values (647, 'ctyindb', 'target', '', '', '(setting-pers minimap mode ''clear mask MINIMAP_FLAG_MINIMAP)');
INSERT INTO `region_face` (`region_face_id`, `region_id`, `kind`, `flags`, `normal_x`, `normal_y`, `normal_z`, `normal_w`, `pos_x`, `pos_y`, `pos_z`, `pos_w`) values (176, 647, 'face', '', 0.0, -0.9994, 0.0334, 290493.0625, 4506870.0, -220475.0, 2096405.0, 57433.5078);
INSERT INTO `region_point` (`region_face_id`, `idx`, `x`, `y`, `z`, `w`) values (176, 0, 4464140.0, -221759.0, 2058050.0, 1.0);
INSERT INTO `region_point` (`region_face_id`, `idx`, `x`, `y`, `z`, `w`) values (176, 1, 4546060.0, -221759.0, 2058050.0, 1.0);
INSERT INTO `region_point` (`region_face_id`, `idx`, `x`, `y`, `z`, `w`) values (176, 2, 4467680.0, -219191.0, 2134760.0, 1.0);
INSERT INTO `region_point` (`region_face_id`, `idx`, `x`, `y`, `z`, `w`) values (176, 3, 4549600.0, -219191.0, 2134760.0, 1.0);
INSERT INTO `region_face` (`region_face_id`, `region_id`, `kind`, `flags`, `normal_x`, `normal_y`, `normal_z`, `normal_w`, `pos_x`, `pos_y`, `pos_z`, `pos_w`) values (177, 647, 'face', '', -0.9983, -0.034, 0.0472, -4351873.0, 4461635.0, -95034.0468, 2096405.0, 132425.8125);
INSERT INTO `region_point` (`region_face_id`, `idx`, `x`, `y`, `z`, `w`) values (177, 0, 4464140.0, -221759.0, 2058050.0, 1.0);
INSERT INTO `region_point` (`region_face_id`, `idx`, `x`, `y`, `z`, `w`) values (177, 1, 4467680.0, -219191.0, 2134760.0, 1.0);
INSERT INTO `region_point` (`region_face_id`, `idx`, `x`, `y`, `z`, `w`) values (177, 2, 4455590.0, 29120.0, 2058050.0, 1.0);
INSERT INTO `region_point` (`region_face_id`, `idx`, `x`, `y`, `z`, `w`) values (177, 3, 4459130.0, 31690.9003, 2134760.0, 1.0);
INSERT INTO `region_face` (`region_face_id`, `region_id`, `kind`, `flags`, `normal_x`, `normal_y`, `normal_z`, `normal_w`, `pos_x`, `pos_y`, `pos_z`, `pos_w`) values (178, 647, 'face', '', 0.0, 0.0, -1.0, -2058050.0, 4500825.0, -96319.5, 2058050.0, 133346.4375);
INSERT INTO `region_point` (`region_face_id`, `idx`, `x`, `y`, `z`, `w`) values (178, 0, 4464140.0, -221759.0, 2058050.0, 1.0);
INSERT INTO `region_point` (`region_face_id`, `idx`, `x`, `y`, `z`, `w`) values (178, 1, 4455590.0, 29120.0, 2058050.0, 1.0);
INSERT INTO `region_point` (`region_face_id`, `idx`, `x`, `y`, `z`, `w`) values (178, 2, 4546060.0, -221759.0, 2058050.0, 1.0);
INSERT INTO `region_point` (`region_face_id`, `idx`, `x`, `y`, `z`, `w`) values (178, 3, 4537510.0, 29120.0, 2058050.0, 1.0);
INSERT INTO `region_face` (`region_face_id`, `region_id`, `kind`, `flags`, `normal_x`, `normal_y`, `normal_z`, `normal_w`, `pos_x`, `pos_y`, `pos_z`, `pos_w`) values (179, 647, 'face', '', 0.0, 0.0, 1.0, 2134760.0, 4504365.0, -93750.0468, 2134760.0, 133347.8125);
INSERT INTO `region_point` (`region_face_id`, `idx`, `x`, `y`, `z`, `w`) values (179, 0, 4467680.0, -219191.0, 2134760.0, 1.0);
INSERT INTO `region_point` (`region_face_id`, `idx`, `x`, `y`, `z`, `w`) values (179, 1, 4549600.0, -219191.0, 2134760.0, 1.0);
INSERT INTO `region_point` (`region_face_id`, `idx`, `x`, `y`, `z`, `w`) values (179, 2, 4459130.0, 31690.9003, 2134760.0, 1.0);
INSERT INTO `region_point` (`region_face_id`, `idx`, `x`, `y`, `z`, `w`) values (179, 3, 4541050.0, 31690.9003, 2134760.0, 1.0);
INSERT INTO `region_face` (`region_face_id`, `region_id`, `kind`, `flags`, `normal_x`, `normal_y`, `normal_z`, `normal_w`, `pos_x`, `pos_y`, `pos_z`, `pos_w`) values (180, 647, 'face', '', 0.0, 0.9994, -0.0334, -39832.2382, 4498320.0, 30405.4511, 2096405.0, 57433.539);
INSERT INTO `region_point` (`region_face_id`, `idx`, `x`, `y`, `z`, `w`) values (180, 0, 4455590.0, 29120.0, 2058050.0, 1.0);
INSERT INTO `region_point` (`region_face_id`, `idx`, `x`, `y`, `z`, `w`) values (180, 1, 4459130.0, 31690.9003, 2134760.0, 1.0);
INSERT INTO `region_point` (`region_face_id`, `idx`, `x`, `y`, `z`, `w`) values (180, 2, 4537510.0, 29120.0, 2058050.0, 1.0);
INSERT INTO `region_point` (`region_face_id`, `idx`, `x`, `y`, `z`, `w`) values (180, 3, 4541050.0, 31690.9003, 2134760.0, 1.0);
INSERT INTO `region_face` (`region_face_id`, `region_id`, `kind`, `flags`, `normal_x`, `normal_y`, `normal_z`, `normal_w`, `pos_x`, `pos_y`, `pos_z`, `pos_w`) values (181, 647, 'face', '', 0.9983, 0.034, -0.0472, 4433654.5, 4543555.0, -95034.0468, 2096405.0, 132425.8125);
INSERT INTO `region_point` (`region_face_id`, `idx`, `x`, `y`, `z`, `w`) values (181, 0, 4546060.0, -221759.0, 2058050.0, 1.0);
INSERT INTO `region_point` (`region_face_id`, `idx`, `x`, `y`, `z`, `w`) values (181, 1, 4537510.0, 29120.0, 2058050.0, 1.0);
INSERT INTO `region_point` (`region_face_id`, `idx`, `x`, `y`, `z`, `w`) values (181, 2, 4549600.0, -219191.0, 2134760.0, 1.0);
INSERT INTO `region_point` (`region_face_id`, `idx`, `x`, `y`, `z`, `w`) values (181, 3, 4541050.0, 31690.9003, 2134760.0, 1.0);
INSERT INTO `region` (`region_id`, `level_name`, `tree`, `on_enter`, `on_exit`, `on_inside`) values (276, 'ctyindb', 'camera', '(want-display ''ctymarkb ''display)', '(want-display ''ctymarkb #f)', '');
INSERT INTO `region_face` (`region_face_id`, `region_id`, `kind`, `flags`, `normal_x`, `normal_y`, `normal_z`, `normal_w`, `pos_x`, `pos_y`, `pos_z`, `pos_w`) values (182, 276, 'plane', '', 0.8631, 0.0, -0.5048, 1931855.875, 3568325.0, 114586.25, 2274510.0, 247797.75);
INSERT INTO `region_point` (`region_face_id`, `idx`, `x`, `y`, `z`, `w`) values (182, 0, 3665660.0, 270259.0, 2440930.0, 1.0);
INSERT INTO `region_point` (`region_face_id`, `idx`, `x`, `y`, `z`, `w`) values (182, 1, 3665660.0, -41086.5, 2440930.0, 1.0);
INSERT INTO `region_point` (`region_face_id`, `idx`, `x`, `y`, `z`, `w`) values (182, 2, 3470990.0, 270259.0, 2108090.0, 1.0);
INSERT INTO `region_point` (`region_face_id`, `idx`, `x`, `y`, `z`, `w`) values (182, 3, 3470990.0, -41086.5, 2108090.0, 1.0);
INSERT INTO `region` (`region_id`, `level_name`, `tree`, `on_enter`, `on_exit`, `on_inside`) values (277, 'ctyindb', 'camera', '(want-display ''ctysluma ''display)', '(want-display ''ctysluma #f)', '');
INSERT INTO `region_face` (`region_face_id`, `region_id`, `kind`, `flags`, `normal_x`, `normal_y`, `normal_z`, `normal_w`, `pos_x`, `pos_y`, `pos_z`, `pos_w`) values (183, 277, 'plane', '', -0.9319, 0.0, -0.3626, -4642957.0, 4290315.0, 98606.0468, 1777770.0, 192044.9687);
INSERT INTO `region_point` (`region_face_id`, `idx`, `x`, `y`, `z`, `w`) values (183, 0, 4230700.0, 197858.0, 1930990.0, 1.0);
INSERT INTO `region_point` (`region_face_id`, `idx`, `x`, `y`, `z`, `w`) values (183, 1, 4349930.0, 197858.0, 1624550.0, 1.0);
INSERT INTO `region_point` (`region_face_id`, `idx`, `x`, `y`, `z`, `w`) values (183, 2, 4230700.0, -645.905, 1930990.0, 1.0);
INSERT INTO `region_point` (`region_face_id`, `idx`, `x`, `y`, `z`, `w`) values (183, 3, 4349930.0, -645.905, 1624550.0, 1.0);
INSERT INTO `region` (`region_id`, `level_name`, `tree`, `on_enter`, `on_exit`, `on_inside`) values (280, 'ctyindb', 'camera', '(want-display ''ctyinda ''display)', '(want-display ''ctyinda #f)', '');
INSERT INTO `region_face` (`region_face_id`, `region_id`, `kind`, `flags`, `normal_x`, `normal_y`, `normal_z`, `normal_w`, `pos_x`, `pos_y`, `pos_z`, `pos_w`) values (184, 280, 'plane', '', 0.9912, 0.0, 0.1317, 4372728.0, 4060265.0, 112586.5, 2640545.0, 144299.0937);
INSERT INTO `region_point` (`region_face_id`, `idx`, `x`, `y`, `z`, `w`) values (184, 0, 4075600.0, 197857.0, 2525150.0, 1.0);
INSERT INTO `region_point` (`region_face_id`, `idx`, `x`, `y`, `z`, `w`) values (184, 1, 4044930.0, 197857.0, 2755940.0, 1.0);
INSERT INTO `region_point` (`region_face_id`, `idx`, `x`, `y`, `z`, `w`) values (184, 2, 4075600.0, 27316.0, 2525150.0, 1.0);
INSERT INTO `region_point` (`region_face_id`, `idx`, `x`, `y`, `z`, `w`) values (184, 3, 4044930.0, 27316.0, 2755940.0, 1.0);
INSERT INTO `region` (`region_id`, `level_name`, `tree`, `on_enter`, `on_exit`, `on_inside`) values (747, 'ctyindb', 'camera', '', '', '(setting-pers rain mode ''abs value 0.0000)');
INSERT INTO `region_sphere` (`region_id`, `x`, `y`, `z`, `r`) values (747, 4351790.0, -31781.8007, 2094980.0, 139835.0);
INSERT INTO `region` (`region_id`, `level_name`, `tree`, `on_enter`, `on_exit`, `on_inside`) values (878, 'ctyindb', 'camera', '(want-vis ''sewerb)', '(want-vis ''ctyindb)', '');
INSERT INTO `region_face` (`region_face_id`, `region_id`, `kind`, `flags`, `normal_x`, `normal_y`, `normal_z`, `normal_w`, `pos_x`, `pos_y`, `pos_z`, `pos_w`) values (185, 878, 'plane', '', -0.9996, 0.0, 0.0274, 988949.5625, -988288.0, 212593.0, 37672.5078, 45028.2968);
INSERT INTO `region_point` (`region_face_id`, `idx`, `x`, `y`, `z`, `w`) values (185, 0, -989100.0, 246529.0, 8088.1201, 1.0);
INSERT INTO `region_point` (`region_face_id`, `idx`, `x`, `y`, `z`, `w`) values (185, 1, -989100.0, 178657.0, 8088.1201, 1.0);
INSERT INTO `region_point` (`region_face_id`, `idx`, `x`, `y`, `z`, `w`) values (185, 2, -987476.0, 246529.0, 67256.8984, 1.0);
INSERT INTO `region_point` (`region_face_id`, `idx`, `x`, `y`, `z`, `w`) values (185, 3, -987476.0, 178657.0, 67256.8984, 1.0);
INSERT INTO `region` (`region_id`, `level_name`, `tree`, `on_enter`, `on_exit`, `on_inside`) values (879, 'ctyindb', 'camera', '(want-vis ''sewescb)', '(want-vis ''ctyindb)', '');
INSERT INTO `region_face` (`region_face_id`, `region_id`, `kind`, `flags`, `normal_x`, `normal_y`, `normal_z`, `normal_w`, `pos_x`, `pos_y`, `pos_z`, `pos_w`) values (186, 879, 'plane', '', -0.9976, 0.0, 0.068, 997281.375, -996783.0, 212906.5, 41285.9921, 46859.0898);
INSERT INTO `region_point` (`region_face_id`, `idx`, `x`, `y`, `z`, `w`) values (186, 0, -999060.0, 245721.0, 7912.3798, 1.0);
INSERT INTO `region_point` (`region_face_id`, `idx`, `x`, `y`, `z`, `w`) values (186, 1, -999060.0, 180092.0, 7912.3798, 1.0);
INSERT INTO `region_point` (`region_face_id`, `idx`, `x`, `y`, `z`, `w`) values (186, 2, -994506.0, 245721.0, 74659.6015, 1.0);
INSERT INTO `region_point` (`region_face_id`, `idx`, `x`, `y`, `z`, `w`) values (186, 3, -994506.0, 180092.0, 74659.6015, 1.0);
INSERT INTO `region` (`region_id`, `level_name`, `tree`, `on_enter`, `on_exit`, `on_inside`) values (98, 'ctyslumb', 'target', '(want-load ''ctyslumb ''ctysluma ''ctywide)', '', '');
INSERT INTO `region_face` (`region_face_id`, `region_id`, `kind`, `flags`, `normal_x`, `normal_y`, `normal_z`, `normal_w`, `pos_x`, `pos_y`, `pos_z`, `pos_w`) values (187, 98, 'plane', '', -0.9931, 0.0, -0.1171, -2679266.5, 2835105.0, 83882.4765, -1163335.0, 137968.8906);
INSERT INTO `region_point` (`region_face_id`, `idx`, `x`, `y`, `z`, `w`) values (187, 0, 2848590.0, 159976.0, -1277630.0, 1.0);
INSERT INTO `region_point` (`region_face_id`, `idx`, `x`, `y`, `z`, `w`) values (187, 1, 2848590.0, 7788.9501, -1277630.0, 1.0);
INSERT INTO `region_point` (`region_face_id`, `idx`, `x`, `y`, `z`, `w`) values (187, 2, 2821620.0, 159976.0, -1049040.0, 1.0);
INSERT INTO `region_point` (`region_face_id`, `idx`, `x`, `y`, `z`, `w`) values (187, 3, 2821620.0, 7788.9501, -1049040.0, 1.0);
INSERT INTO `region` (`region_id`, `level_name`, `tree`, `on_enter`, `on_exit`, `on_inside`) values (100, 'ctyslumb', 'target', '(want-load ''ctyslumb ''ctyslumc ''ctywide)', '', '');
INSERT INTO `region_face` (`region_face_id`, `region_id`, `kind`, `flags`, `normal_x`, `normal_y`, `normal_z`, `normal_w`, `pos_x`, `pos_y`, `pos_z`, `pos_w`) values (188, 100, 'plane', '', 0.9415, 0.0, -0.3368, 2397482.75, 2232590.0, 89530.9765, -876867.0, 150378.6875);
INSERT INTO `region_point` (`region_face_id`, `idx`, `x`, `y`, `z`, `w`) values (188, 0, 2272120.0, 183544.0, -766356.0, 1.0);
INSERT INTO `region_point` (`region_face_id`, `idx`, `x`, `y`, `z`, `w`) values (188, 1, 2272120.0, -4482.04, -766356.0, 1.0);
INSERT INTO `region_point` (`region_face_id`, `idx`, `x`, `y`, `z`, `w`) values (188, 2, 2193060.0, 183544.0, -987378.0, 1.0);
INSERT INTO `region_point` (`region_face_id`, `idx`, `x`, `y`, `z`, `w`) values (188, 3, 2193060.0, -4482.04, -987378.0, 1.0);
INSERT INTO `region` (`region_id`, `level_name`, `tree`, `on_enter`, `on_exit`, `on_inside`) values (111, 'ctyslumb', 'target', '(want-load ''ctyslumb ''ctygenb ''ctywide)', '', '');
INSERT INTO `region_face` (`region_face_id`, `region_id`, `kind`, `flags`, `normal_x`, `normal_y`, `normal_z`, `normal_w`, `pos_x`, `pos_y`, `pos_z`, `pos_w`) values (189, 111, 'plane', '', 0.1603, 0.0, -0.987, 1096020.25, 2414245.0, 83741.3984, -718133.5, 127887.875);
INSERT INTO `region_point` (`region_face_id`, `idx`, `x`, `y`, `z`, `w`) values (189, 0, 2520460.0, 152849.0, -700876.0, 1.0);
INSERT INTO `region_point` (`region_face_id`, `idx`, `x`, `y`, `z`, `w`) values (189, 1, 2520460.0, 14633.7998, -700876.0, 1.0);
INSERT INTO `region_point` (`region_face_id`, `idx`, `x`, `y`, `z`, `w`) values (189, 2, 2308030.0, 152849.0, -735391.0, 1.0);
INSERT INTO `region_point` (`region_face_id`, `idx`, `x`, `y`, `z`, `w`) values (189, 3, 2308030.0, 14633.7998, -735391.0, 1.0);
INSERT INTO `region` (`region_id`, `level_name`, `tree`, `on_enter`, `on_exit`, `on_inside`) values (428, 'ctyslumb', 'target', '(begin (setting-pers string-max-length value (meters 7.5000) mode ''abs) (setting-pers string-max-height value (meters 1.0000) mode ''abs))', '', '');
INSERT INTO `region_face` (`region_face_id`, `region_id`, `kind`, `flags`, `normal_x`, `normal_y`, `normal_z`, `normal_w`, `pos_x`, `pos_y`, `pos_z`, `pos_w`) values (190, 428, 'face', '', 0.0, 0.0, 1.0, -1344970.0, 3301740.0, 27000.3984, -1344970.0, 57926.1171);
INSERT INTO `region_point` (`region_face_id`, `idx`, `x`, `y`, `z`, `w`) values (190, 0, 3260780.0, -13959.5, -1344970.0, 1.0);
INSERT INTO `region_point` (`region_face_id`, `idx`, `x`, `y`, `z`, `w`) values (190, 1, 3342700.0, -13959.5, -1344970.0, 1.0);
INSERT INTO `region_point` (`region_face_id`, `idx`, `x`, `y`, `z`, `w`) values (190, 2, 3260780.0, 67960.2968, -1344970.0, 1.0);
INSERT INTO `region_point` (`region_face_id`, `idx`, `x`, `y`, `z`, `w`) values (190, 3, 3342700.0, 67960.2968, -1344970.0, 1.0);
INSERT INTO `region_face` (`region_face_id`, `region_id`, `kind`, `flags`, `normal_x`, `normal_y`, `normal_z`, `normal_w`, `pos_x`, `pos_y`, `pos_z`, `pos_w`) values (191, 428, 'face', '', 1.0, 0.0, 0.0, 3342700.0, 3342700.0, 27000.3984, -1390605.0, 61321.0117);
INSERT INTO `region_point` (`region_face_id`, `idx`, `x`, `y`, `z`, `w`) values (191, 0, 3342700.0, -13959.5, -1436240.0, 1.0);
INSERT INTO `region_point` (`region_face_id`, `idx`, `x`, `y`, `z`, `w`) values (191, 1, 3342700.0, 67960.2968, -1436240.0, 1.0);
INSERT INTO `region_point` (`region_face_id`, `idx`, `x`, `y`, `z`, `w`) values (191, 2, 3342700.0, -13959.5, -1344970.0, 1.0);
INSERT INTO `region_point` (`region_face_id`, `idx`, `x`, `y`, `z`, `w`) values (191, 3, 3342700.0, 67960.2968, -1344970.0, 1.0);
INSERT INTO `region_face` (`region_face_id`, `region_id`, `kind`, `flags`, `normal_x`, `normal_y`, `normal_z`, `normal_w`, `pos_x`, `pos_y`, `pos_z`, `pos_w`) values (192, 428, 'face', '', 0.0, 1.0, 0.0, 67960.2968, 3301740.0, 67960.2968, -1390605.0, 61321.082);
INSERT INTO `region_point` (`region_face_id`, `idx`, `x`, `y`, `z`, `w`) values (192, 0, 3260780.0, 67960.2968, -1436240.0, 1.0);
INSERT INTO `region_point` (`region_face_id`, `idx`, `x`, `y`, `z`, `w`) values (192, 1, 3260780.0, 67960.2968, -1344970.0, 1.0);
INSERT INTO `region_point` (`region_face_id`, `idx`, `x`, `y`, `z`, `w`) values (192, 2, 3342700.0, 67960.2968, -1436240.0, 1.0);
INSERT INTO `region_point` (`region_face_id`, `idx`, `x`, `y`, `z`, `w`) values (192, 3, 3342700.0, 67960.2968, -1344970.0, 1.0);
INSERT INTO `region_face` (`region_face_id`, `region_id`, `kind`, `flags`, `normal_x`, `normal_y`, `normal_z`, `normal_w`, `pos_x`, `pos_y`, `pos_z`, `pos_w`) values (193, 428, 'face', '', 0.0, -1.0, 0.0, 13959.5, 3301740.0, -13959.5, -1390605.0, 61321.082);
INSERT INTO `region_point` (`region_face_id`, `idx`, `x`, `y`, `z`, `w`) values (193, 0, 3260780.0, -13959.5, -1436240.0, 1.0);
INSERT INTO `region_point` (`region_face_id`, `idx`, `x`, `y`, `z`, `w`) values (193, 1, 3342700.0, -13959.5, -1436240.0, 1.0);
INSERT INTO `region_point` (`region_face_id`, `idx`, `x`, `y`, `z`, `w`) values (193, 2, 3260780.0, -13959.5, -1344970.0, 1.0);
INSERT INTO `region_point` (`region_face_id`, `idx`, `x`, `y`, `z`, `w`) values (193, 3, 3342700.0, -13959.5, -1344970.0, 1.0);
INSERT INTO `region_face` (`region_face_id`, `region_id`, `kind`, `flags`, `normal_x`, `normal_y`, `normal_z`, `normal_w`, `pos_x`, `pos_y`, `pos_z`, `pos_w`) values (194, 428, 'face', '', 0.0, 0.0, -1.0, 1436240.0, 3301740.0, 27000.3984, -1436240.0, 57926.1171);
INSERT INTO `region_point` (`region_face_id`, `idx`, `x`, `y`, `z`, `w`) values (194, 0, 3260780.0, -13959.5, -1436240.0, 1.0);
INSERT INTO `region_point` (`region_face_id`, `idx`, `x`, `y`, `z`, `w`) values (194, 1, 3260780.0, 67960.2968, -1436240.0, 1.0);
INSERT INTO `region_point` (`region_face_id`, `idx`, `x`, `y`, `z`, `w`) values (194, 2, 3342700.0, -13959.5, -1436240.0, 1.0);
INSERT INTO `region_point` (`region_face_id`, `idx`, `x`, `y`, `z`, `w`) values (194, 3, 3342700.0, 67960.2968, -1436240.0, 1.0);
INSERT INTO `region_face` (`region_face_id`, `region_id`, `kind`, `flags`, `normal_x`, `normal_y`, `normal_z`, `normal_w`, `pos_x`, `pos_y`, `pos_z`, `pos_w`) values (195, 428, 'face', '', -1.0, 0.0, 0.0, -3260780.0, 3260780.0, 27000.3984, -1390605.0, 61321.0117);
INSERT INTO `region_point` (`region_face_id`, `idx`, `x`, `y`, `z`, `w`) values (195, 0, 3260780.0, -13959.5, -1436240.0, 1.0);
INSERT INTO `region_point` (`region_face_id`, `idx`, `x`, `y`, `z`, `w`) values (195, 1, 3260780.0, -13959.5, -1344970.0, 1.0);
INSERT INTO `region_point` (`region_face_id`, `idx`, `x`, `y`, `z`, `w`) values (195, 2, 3260780.0, 67960.2968, -1436240.0, 1.0);
INSERT INTO `region_point` (`region_face_id`, `idx`, `x`, `y`, `z`, `w`) values (195, 3, 3260780.0, 67960.2968, -1344970.0, 1.0);
INSERT INTO `region` (`region_id`, `level_name`, `tree`, `on_enter`, `on_exit`, `on_inside`) values (803, 'ctyslumb', 'target', '', '(talker-spawn "ds165")', '');
INSERT INTO `region_face` (`region_face_id`, `region_id`, `kind`, `flags`, `normal_x`, `normal_y`, `normal_z`, `normal_w`, `pos_x`, `pos_y`, `pos_z`, `pos_w`) values (196, 803, 'plane', '', 0.0, -1.0, 0.0, -111536.0, 2336270.0, 111536.0, -25822.2988, 57926.1875);
INSERT INTO `region_point` (`region_face_id`, `idx`, `x`, `y`, `z`, `w`) values (196, 0, 2295310.0, 111536.0, -66782.2968, 1.0);
INSERT INTO `region_point` (`region_face_id`, `idx`, `x`, `y`, `z`, `w`) values (196, 1, 2377230.0, 111536.0, -66782.2968, 1.0);
INSERT INTO `region_point` (`region_face_id`, `idx`, `x`, `y`, `z`, `w`) values (196, 2, 2295310.0, 111536.0, 15137.7001, 1.0);
INSERT INTO `region_point` (`region_face_id`, `idx`, `x`, `y`, `z`, `w`) values (196, 3, 2377230.0, 111536.0, 15137.7001, 1.0);
INSERT INTO `region` (`region_id`, `level_name`, `tree`, `on_enter`, `on_exit`, `on_inside`) values (97, 'ctyslumb', 'camera', '(want-display ''ctysluma ''display)', '(want-display ''ctysluma #f)', '');
INSERT INTO `region_face` (`region_face_id`, `region_id`, `kind`, `flags`, `normal_x`, `normal_y`, `normal_z`, `normal_w`, `pos_x`, `pos_y`, `pos_z`, `pos_w`) values (197, 97, 'plane', '', 0.8099, 0.0, -0.5865, 2732622.75, 2958815.0, 80096.25, -573274.5, 125305.4687);
INSERT INTO `region_point` (`region_face_id`, `idx`, `x`, `y`, `z`, `w`) values (197, 0, 3008570.0, 172325.0, -504574.0, 1.0);
INSERT INTO `region_point` (`region_face_id`, `idx`, `x`, `y`, `z`, `w`) values (197, 1, 3008570.0, -12132.5, -504574.0, 1.0);
INSERT INTO `region_point` (`region_face_id`, `idx`, `x`, `y`, `z`, `w`) values (197, 2, 2909060.0, 172325.0, -641975.0, 1.0);
INSERT INTO `region_point` (`region_face_id`, `idx`, `x`, `y`, `z`, `w`) values (197, 3, 2909060.0, -12132.5, -641975.0, 1.0);
INSERT INTO `region` (`region_id`, `level_name`, `tree`, `on_enter`, `on_exit`, `on_inside`) values (99, 'ctyslumb', 'camera', '(want-display ''ctygenb ''display)', '(want-display ''ctygenb #f)', '');
INSERT INTO `region_face` (`region_face_id`, `region_id`, `kind`, `flags`, `normal_x`, `normal_y`, `normal_z`, `normal_w`, `pos_x`, `pos_y`, `pos_z`, `pos_w`) values (198, 99, 'plane', '', -0.0338, 0.0, -0.9994, 59113.375, 2100800.0, 71059.2734, -130335.5, 110550.0234);
INSERT INTO `region_point` (`region_face_id`, `idx`, `x`, `y`, `z`, `w`) values (198, 0, 2192740.0, 132367.0, -133451.0, 1.0);
INSERT INTO `region_point` (`region_face_id`, `idx`, `x`, `y`, `z`, `w`) values (198, 1, 2192740.0, 9751.54, -133451.0, 1.0);
INSERT INTO `region_point` (`region_face_id`, `idx`, `x`, `y`, `z`, `w`) values (198, 2, 2008860.0, 132367.0, -127220.0, 1.0);
INSERT INTO `region_point` (`region_face_id`, `idx`, `x`, `y`, `z`, `w`) values (198, 3, 2008860.0, 9751.54, -127220.0, 1.0);
INSERT INTO `region` (`region_id`, `level_name`, `tree`, `on_enter`, `on_exit`, `on_inside`) values (110, 'ctyslumb', 'camera', '(want-display ''ctyslumc ''display)', '(want-display ''ctyslumc #f)', '');
INSERT INTO `region_face` (`region_face_id`, `region_id`, `kind`, `flags`, `normal_x`, `normal_y`, `normal_z`, `normal_w`, `pos_x`, `pos_y`, `pos_z`, `pos_w`) values (199, 110, 'plane', '', 0.956, 0.0, -0.2931, 1930963.875, 1867120.0, 83655.7187, -497605.0, 128389.0);
INSERT INTO `region_point` (`region_face_id`, `idx`, `x`, `y`, `z`, `w`) values (199, 0, 1896200.0, 165162.0, -402764.0, 1.0);
INSERT INTO `region_point` (`region_face_id`, `idx`, `x`, `y`, `z`, `w`) values (199, 1, 1896200.0, 2149.4399, -402764.0, 1.0);
INSERT INTO `region_point` (`region_face_id`, `idx`, `x`, `y`, `z`, `w`) values (199, 2, 1838040.0, 165162.0, -592446.0, 1.0);
INSERT INTO `region_point` (`region_face_id`, `idx`, `x`, `y`, `z`, `w`) values (199, 3, 1838040.0, 2149.4399, -592446.0, 1.0);
INSERT INTO `region` (`region_id`, `level_name`, `tree`, `on_enter`, `on_exit`, `on_inside`) values (190, 'ctyslumb', 'camera', '(want-vis ''ctyslumb)', '', '');
INSERT INTO `region_face` (`region_face_id`, `region_id`, `kind`, `flags`, `normal_x`, `normal_y`, `normal_z`, `normal_w`, `pos_x`, `pos_y`, `pos_z`, `pos_w`) values (200, 190, 'plane', '', -0.1028, 0.0, -0.9946, 868836.0625, 1681305.0, 72246.0234, -1047295.0, 114923.875);
INSERT INTO `region_point` (`region_face_id`, `idx`, `x`, `y`, `z`, `w`) values (200, 0, 1767920.0, 147247.0, -1056250.0, 1.0);
INSERT INTO `region_point` (`region_face_id`, `idx`, `x`, `y`, `z`, `w`) values (200, 1, 1767920.0, -2754.9599, -1056250.0, 1.0);
INSERT INTO `region_point` (`region_face_id`, `idx`, `x`, `y`, `z`, `w`) values (200, 2, 1594690.0, 147247.0, -1038340.0, 1.0);
INSERT INTO `region_point` (`region_face_id`, `idx`, `x`, `y`, `z`, `w`) values (200, 3, 1594690.0, -2754.9599, -1038340.0, 1.0);
INSERT INTO `region` (`region_id`, `level_name`, `tree`, `on_enter`, `on_exit`, `on_inside`) values (745, 'ctyslumb', 'camera', '', '', '(setting-pers rain mode ''abs value 0.0000)');
INSERT INTO `region_sphere` (`region_id`, `x`, `y`, `z`, `r`) values (745, 3300800.0, 12835.0996, -1397540.0, 119168.0);
INSERT INTO `region` (`region_id`, `level_name`, `tree`, `on_enter`, `on_exit`, `on_inside`) values (558, 'ctyslumc', 'target', '(want-load ''ctyslumc ''ctywide ''oracle)', '', '');
INSERT INTO `region_face` (`region_face_id`, `region_id`, `kind`, `flags`, `normal_x`, `normal_y`, `normal_z`, `normal_w`, `pos_x`, `pos_y`, `pos_z`, `pos_w`) values (201, 558, 'plane', '', -0.9923, 0.0, -0.123, -2311815.0, 2587570.0, 43741.5507, -2080290.0, 219595.4843);
INSERT INTO `region_point` (`region_face_id`, `idx`, `x`, `y`, `z`, `w`) values (201, 0, 2610010.0, 166176.0, -2261200.0, 1.0);
INSERT INTO `region_point` (`region_face_id`, `idx`, `x`, `y`, `z`, `w`) values (201, 1, 2610010.0, -78692.8984, -2261200.0, 1.0);
INSERT INTO `region_point` (`region_face_id`, `idx`, `x`, `y`, `z`, `w`) values (201, 2, 2565130.0, 166176.0, -1899380.0, 1.0);
INSERT INTO `region_point` (`region_face_id`, `idx`, `x`, `y`, `z`, `w`) values (201, 3, 2565130.0, -78692.8984, -1899380.0, 1.0);
INSERT INTO `region` (`region_id`, `level_name`, `tree`, `on_enter`, `on_exit`, `on_inside`) values (559, 'ctyslumc', 'target', '(want-load ''ctyslumc ''ctywide ''ctyslumb)', '', '');
INSERT INTO `region_face` (`region_face_id`, `region_id`, `kind`, `flags`, `normal_x`, `normal_y`, `normal_z`, `normal_w`, `pos_x`, `pos_y`, `pos_z`, `pos_w`) values (202, 559, 'plane', '', 0.9963, 0.0, 0.0849, 2375381.25, 2576925.0, -17316.0, -2263790.0, 427028.4687);
INSERT INTO `region_point` (`region_face_id`, `idx`, `x`, `y`, `z`, `w`) values (202, 0, 2543370.0, 144585.0, -1870070.0, 1.0);
INSERT INTO `region_point` (`region_face_id`, `idx`, `x`, `y`, `z`, `w`) values (202, 1, 2543370.0, -179217.0, -1870070.0, 1.0);
INSERT INTO `region_point` (`region_face_id`, `idx`, `x`, `y`, `z`, `w`) values (202, 2, 2610480.0, 144585.0, -2657510.0, 1.0);
INSERT INTO `region_point` (`region_face_id`, `idx`, `x`, `y`, `z`, `w`) values (202, 3, 2610480.0, -179217.0, -2657510.0, 1.0);
INSERT INTO `region` (`region_id`, `level_name`, `tree`, `on_enter`, `on_exit`, `on_inside`) values (560, 'ctyslumc', 'target', '(when (setting-value airlock) (want-load ''ctyslumc ''ctywide ''atollext))', '', '');
INSERT INTO `region_face` (`region_face_id`, `region_id`, `kind`, `flags`, `normal_x`, `normal_y`, `normal_z`, `normal_w`, `pos_x`, `pos_y`, `pos_z`, `pos_w`) values (203, 560, 'plane', '', 0.2271, 0.0, 0.9738, -2008092.0, 2332555.0, -17066.0, -2606090.0, 341596.375);
INSERT INTO `region_point` (`region_face_id`, `idx`, `x`, `y`, `z`, `w`) values (203, 0, 2624890.0, -180095.0, -2674280.0, 1.0);
INSERT INTO `region_point` (`region_face_id`, `idx`, `x`, `y`, `z`, `w`) values (203, 1, 2624890.0, 145963.0, -2674280.0, 1.0);
INSERT INTO `region_point` (`region_face_id`, `idx`, `x`, `y`, `z`, `w`) values (203, 2, 2040220.0, -180095.0, -2537900.0, 1.0);
INSERT INTO `region_point` (`region_face_id`, `idx`, `x`, `y`, `z`, `w`) values (203, 3, 2040220.0, 145963.0, -2537900.0, 1.0);
INSERT INTO `region` (`region_id`, `level_name`, `tree`, `on_enter`, `on_exit`, `on_inside`) values (813, 'ctyslumc', 'target', '', '', '(when (and (task-closed? "city-protect-water-slums-introduction") (not (task-closed? "city-protect-water-slums-get-seal"))) (want-anim "city-protect-slums-intro"))');
INSERT INTO `region_sphere` (`region_id`, `x`, `y`, `z`, `r`) values (813, 3139630.0, 37799.8007, -2961880.0, 73285.5);
INSERT INTO `region` (`region_id`, `level_name`, `tree`, `on_enter`, `on_exit`, `on_inside`) values (193, 'ctyslumc', 'camera', '(want-vis ''ctyslumc)', '', '');
INSERT INTO `region_face` (`region_face_id`, `region_id`, `kind`, `flags`, `normal_x`, `normal_y`, `normal_z`, `normal_w`, `pos_x`, `pos_y`, `pos_z`, `pos_w`) values (204, 193, 'plane', '', -0.0164, 0.0, 0.9998, -1190875.25, 1665665.0, 94817.25, -1163655.0, 138886.1718);
INSERT INTO `region_point` (`region_face_id`, `idx`, `x`, `y`, `z`, `w`) values (204, 0, 1749310.0, 205682.0, -1162280.0, 1.0);
INSERT INTO `region_point` (`region_face_id`, `idx`, `x`, `y`, `z`, `w`) values (204, 1, 1582020.0, 205682.0, -1165030.0, 1.0);
INSERT INTO `region_point` (`region_face_id`, `idx`, `x`, `y`, `z`, `w`) values (204, 2, 1749310.0, -16047.5, -1162280.0, 1.0);
INSERT INTO `region_point` (`region_face_id`, `idx`, `x`, `y`, `z`, `w`) values (204, 3, 1582020.0, -16047.5, -1165030.0, 1.0);
INSERT INTO `region` (`region_id`, `level_name`, `tree`, `on_enter`, `on_exit`, `on_inside`) values (311, 'ctyslumc', 'camera', '(want-display ''ctyslumb ''display)', '(want-display ''ctyslumb #f)', '');
INSERT INTO `region_face` (`region_face_id`, `region_id`, `kind`, `flags`, `normal_x`, `normal_y`, `normal_z`, `normal_w`, `pos_x`, `pos_y`, `pos_z`, `pos_w`) values (205, 311, 'plane', '', 0.9999, 0.0, 0.0104, 2122491.75, 2143440.0, -17315.5, -2001605.0, 552697.9375);
INSERT INTO `region_point` (`region_face_id`, `idx`, `x`, `y`, `z`, `w`) values (205, 0, 2137940.0, 144585.0, -1473180.0, 1.0);
INSERT INTO `region_point` (`region_face_id`, `idx`, `x`, `y`, `z`, `w`) values (205, 1, 2137940.0, -179216.0, -1473180.0, 1.0);
INSERT INTO `region_point` (`region_face_id`, `idx`, `x`, `y`, `z`, `w`) values (205, 2, 2148940.0, 144585.0, -2530030.0, 1.0);
INSERT INTO `region_point` (`region_face_id`, `idx`, `x`, `y`, `z`, `w`) values (205, 3, 2148940.0, -179216.0, -2530030.0, 1.0);
INSERT INTO `region` (`region_id`, `level_name`, `tree`, `on_enter`, `on_exit`, `on_inside`) values (312, 'ctyslumc', 'camera', '', '', '');
INSERT INTO `region_face` (`region_face_id`, `region_id`, `kind`, `flags`, `normal_x`, `normal_y`, `normal_z`, `normal_w`, `pos_x`, `pos_y`, `pos_z`, `pos_w`) values (206, 312, 'plane', '', 0.0, -1.0, 0.0, 6960.1098, 2231510.0, -6960.1098, -3087930.0, 57926.1875);
INSERT INTO `region_point` (`region_face_id`, `idx`, `x`, `y`, `z`, `w`) values (206, 0, 2190550.0, -6960.1098, -3128890.0, 1.0);
INSERT INTO `region_point` (`region_face_id`, `idx`, `x`, `y`, `z`, `w`) values (206, 1, 2272470.0, -6960.1098, -3128890.0, 1.0);
INSERT INTO `region_point` (`region_face_id`, `idx`, `x`, `y`, `z`, `w`) values (206, 2, 2190550.0, -6960.1098, -3046970.0, 1.0);
INSERT INTO `region_point` (`region_face_id`, `idx`, `x`, `y`, `z`, `w`) values (206, 3, 2272470.0, -6960.1098, -3046970.0, 1.0);
INSERT INTO `region` (`region_id`, `level_name`, `tree`, `on_enter`, `on_exit`, `on_inside`) values (313, 'ctyslumc', 'camera', '', '', '');
INSERT INTO `region_face` (`region_face_id`, `region_id`, `kind`, `flags`, `normal_x`, `normal_y`, `normal_z`, `normal_w`, `pos_x`, `pos_y`, `pos_z`, `pos_w`) values (207, 313, 'plane', '', 0.9892, 0.0142, -0.1453, 2659873.25, 2223795.0, 54335.8984, -3159725.0, 178061.0468);
INSERT INTO `region_point` (`region_face_id`, `idx`, `x`, `y`, `z`, `w`) values (207, 0, 2211140.0, -92089.2031, -3260250.0, 1.0);
INSERT INTO `region_point` (`region_face_id`, `idx`, `x`, `y`, `z`, `w`) values (207, 1, 2208980.0, 200761.0, -3246210.0, 1.0);
INSERT INTO `region_point` (`region_face_id`, `idx`, `x`, `y`, `z`, `w`) values (207, 2, 2238610.0, -92089.3984, -3073230.0, 1.0);
INSERT INTO `region_point` (`region_face_id`, `idx`, `x`, `y`, `z`, `w`) values (207, 3, 2236450.0, 200761.0, -3059200.0, 1.0);
INSERT INTO `region` (`region_id`, `level_name`, `tree`, `on_enter`, `on_exit`, `on_inside`) values (759, 'ctyslumc', 'camera', '', '', '(setting-pers rain mode ''abs value 0.0000)');
INSERT INTO `region_sphere` (`region_id`, `x`, `y`, `z`, `r`) values (759, 2285010.0, 22373.6992, -3208610.0, 46656.8007);
INSERT INTO `region` (`region_id`, `level_name`, `tree`, `on_enter`, `on_exit`, `on_inside`) values (230, 'ctyslumc', 'water', '', '', '(water ocean 0 (swim wade))');
INSERT INTO `region_face` (`region_face_id`, `region_id`, `kind`, `flags`, `normal_x`, `normal_y`, `normal_z`, `normal_w`, `pos_x`, `pos_y`, `pos_z`, `pos_w`) values (208, 230, 'face', '', -0.0296, 0.049, 0.9983, -592390.75, 2442295.0, 95050.0, -525572.0, 1152384.75);
INSERT INTO `region_point` (`region_face_id`, `idx`, `x`, `y`, `z`, `w`) values (208, 0, 1313080.0, -133792.0, -547828.0, 1.0);
INSERT INTO `region_point` (`region_face_id`, `idx`, `x`, `y`, `z`, `w`) values (208, 1, 3558660.0, -133792.0, -481198.0, 1.0);
INSERT INTO `region_point` (`region_face_id`, `idx`, `x`, `y`, `z`, `w`) values (208, 2, 1325920.0, 323891.0, -569947.0, 1.0);
INSERT INTO `region_point` (`region_face_id`, `idx`, `x`, `y`, `z`, `w`) values (208, 3, 3571510.0, 323892.0, -503316.0, 1.0);
INSERT INTO `region_face` (`region_face_id`, `region_id`, `kind`, `flags`, `normal_x`, `normal_y`, `normal_z`, `normal_w`, `pos_x`, `pos_y`, `pos_z`, `pos_w`) values (209, 230, 'face', '', 0.9994, -0.0287, -0.0134, 3567204.75, 3546200.0, 95049.5, -1890744.0, 1428055.875);
INSERT INTO `region_point` (`region_face_id`, `idx`, `x`, `y`, `z`, `w`) values (209, 0, 3520890.0, -133790.0, -3278170.0, 1.0);
INSERT INTO `region_point` (`region_face_id`, `idx`, `x`, `y`, `z`, `w`) values (209, 1, 3533740.0, 323891.0, -3300290.0, 1.0);
INSERT INTO `region_point` (`region_face_id`, `idx`, `x`, `y`, `z`, `w`) values (209, 2, 3558660.0, -133792.0, -481198.0, 1.0);
INSERT INTO `region_point` (`region_face_id`, `idx`, `x`, `y`, `z`, `w`) values (209, 3, 3571510.0, 323892.0, -503316.0, 1.0);
INSERT INTO `region_face` (`region_face_id`, `region_id`, `kind`, `flags`, `normal_x`, `normal_y`, `normal_z`, `normal_w`, `pos_x`, `pos_y`, `pos_z`, `pos_w`) values (210, 230, 'face', '', -0.0, 1.0, -0.0, 323890.625, 2429825.0, 323891.0, -1935123.0, 1831260.75);
INSERT INTO `region_point` (`region_face_id`, `idx`, `x`, `y`, `z`, `w`) values (210, 0, 1288140.0, 323890.0, -3366930.0, 1.0);
INSERT INTO `region_point` (`region_face_id`, `idx`, `x`, `y`, `z`, `w`) values (210, 1, 1325920.0, 323891.0, -569947.0, 1.0);
INSERT INTO `region_point` (`region_face_id`, `idx`, `x`, `y`, `z`, `w`) values (210, 2, 3533740.0, 323891.0, -3300290.0, 1.0);
INSERT INTO `region_point` (`region_face_id`, `idx`, `x`, `y`, `z`, `w`) values (210, 3, 3571510.0, 323892.0, -503316.0, 1.0);
INSERT INTO `region_face` (`region_face_id`, `region_id`, `kind`, `flags`, `normal_x`, `normal_y`, `normal_z`, `normal_w`, `pos_x`, `pos_y`, `pos_z`, `pos_w`) values (211, 230, 'face', '', 0.0, -1.0, -0.0, 133792.4218, 2416980.0, -133791.0, -1913004.0, 1831256.875);
INSERT INTO `region_point` (`region_face_id`, `idx`, `x`, `y`, `z`, `w`) values (211, 0, 1275300.0, -133790.0, -3344810.0, 1.0);
INSERT INTO `region_point` (`region_face_id`, `idx`, `x`, `y`, `z`, `w`) values (211, 1, 3520890.0, -133790.0, -3278170.0, 1.0);
INSERT INTO `region_point` (`region_face_id`, `idx`, `x`, `y`, `z`, `w`) values (211, 2, 1313080.0, -133792.0, -547828.0, 1.0);
INSERT INTO `region_point` (`region_face_id`, `idx`, `x`, `y`, `z`, `w`) values (211, 3, 3558660.0, -133792.0, -481198.0, 1.0);
INSERT INTO `region_face` (`region_face_id`, `region_id`, `kind`, `flags`, `normal_x`, `normal_y`, `normal_z`, `normal_w`, `pos_x`, `pos_y`, `pos_z`, `pos_w`) values (212, 230, 'face', '', 0.0296, -0.049, -0.9983, 3383658.75, 2404520.0, 95050.5, -3322550.0, 1152389.375);
INSERT INTO `region_point` (`region_face_id`, `idx`, `x`, `y`, `z`, `w`) values (212, 0, 1275300.0, -133790.0, -3344810.0, 1.0);
INSERT INTO `region_point` (`region_face_id`, `idx`, `x`, `y`, `z`, `w`) values (212, 1, 1288140.0, 323890.0, -3366930.0, 1.0);
INSERT INTO `region_point` (`region_face_id`, `idx`, `x`, `y`, `z`, `w`) values (212, 2, 3520890.0, -133790.0, -3278170.0, 1.0);
INSERT INTO `region_point` (`region_face_id`, `idx`, `x`, `y`, `z`, `w`) values (212, 3, 3533740.0, 323891.0, -3300290.0, 1.0);
INSERT INTO `region_face` (`region_face_id`, `region_id`, `kind`, `flags`, `normal_x`, `normal_y`, `normal_z`, `normal_w`, `pos_x`, `pos_y`, `pos_z`, `pos_w`) values (213, 230, 'face', '', -0.9994, 0.0286, 0.0135, -1323654.625, 1300610.0, 95049.0, -1957379.0, 1428060.875);
INSERT INTO `region_point` (`region_face_id`, `idx`, `x`, `y`, `z`, `w`) values (213, 0, 1275300.0, -133790.0, -3344810.0, 1.0);
INSERT INTO `region_point` (`region_face_id`, `idx`, `x`, `y`, `z`, `w`) values (213, 1, 1313080.0, -133792.0, -547828.0, 1.0);
INSERT INTO `region_point` (`region_face_id`, `idx`, `x`, `y`, `z`, `w`) values (213, 2, 1288140.0, 323890.0, -3366930.0, 1.0);
INSERT INTO `region_point` (`region_face_id`, `idx`, `x`, `y`, `z`, `w`) values (213, 3, 1325920.0, 323891.0, -569947.0, 1.0);
INSERT INTO `region` (`region_id`, `level_name`, `tree`, `on_enter`, `on_exit`, `on_inside`) values (211, 'ctyport', 'target', '(want-load ''ctyport ''ctywide ''hiphog)', '', '');
INSERT INTO `region_face` (`region_face_id`, `region_id`, `kind`, `flags`, `normal_x`, `normal_y`, `normal_z`, `normal_w`, `pos_x`, `pos_y`, `pos_z`, `pos_w`) values (214, 211, 'plane', '', 0.9853, 0.0, 0.1704, 1053933.25, 96659.0468, 38391.75, 5626090.0, 421113.375);
INSERT INTO `region_point` (`region_face_id`, `idx`, `x`, `y`, `z`, `w`) values (214, 0, 165817.0, -51471.6992, 5226170.0, 1.0);
INSERT INTO `region_point` (`region_face_id`, `idx`, `x`, `y`, `z`, `w`) values (214, 1, 165817.0, 150720.0, 5226170.0, 1.0);
INSERT INTO `region_point` (`region_face_id`, `idx`, `x`, `y`, `z`, `w`) values (214, 2, 27501.0996, -73936.5, 6026010.0, 1.0);
INSERT INTO `region_point` (`region_face_id`, `idx`, `x`, `y`, `z`, `w`) values (214, 3, 27501.1992, 145359.0, 6026010.0, 1.0);
INSERT INTO `region` (`region_id`, `level_name`, `tree`, `on_enter`, `on_exit`, `on_inside`) values (488, 'ctyport', 'target', '(want-load ''ctyport ''ctywide ''ctypal)', '', '');
INSERT INTO `region_face` (`region_face_id`, `region_id`, `kind`, `flags`, `normal_x`, `normal_y`, `normal_z`, `normal_w`, `pos_x`, `pos_y`, `pos_z`, `pos_w`) values (215, 488, 'plane', '', 0.2847, 0.0, -0.9586, -6697911.0, -876116.0, 70672.3515, 6726925.0, 355204.3437);
INSERT INTO `region_point` (`region_face_id`, `idx`, `x`, `y`, `z`, `w`) values (215, 0, -560162.0, 203090.0, 6820780.0, 1.0);
INSERT INTO `region_point` (`region_face_id`, `idx`, `x`, `y`, `z`, `w`) values (215, 1, -560162.0, -61745.3007, 6820780.0, 1.0);
INSERT INTO `region_point` (`region_face_id`, `idx`, `x`, `y`, `z`, `w`) values (215, 2, -1192070.0, 203090.0, 6633070.0, 1.0);
INSERT INTO `region_point` (`region_face_id`, `idx`, `x`, `y`, `z`, `w`) values (215, 3, -1192070.0, -61745.3007, 6633070.0, 1.0);
INSERT INTO `region` (`region_id`, `level_name`, `tree`, `on_enter`, `on_exit`, `on_inside`) values (257, 'ctyport', 'target', '(want-load ''ctyport ''ctyinda ''ctywide)', '', '');
INSERT INTO `region_face` (`region_face_id`, `region_id`, `kind`, `flags`, `normal_x`, `normal_y`, `normal_z`, `normal_w`, `pos_x`, `pos_y`, `pos_z`, `pos_w`) values (216, 257, 'plane', '', -0.8295, -0.0, 0.5584, 1933857.625, 1975700.0, 15494.0, 6397590.0, 510691.0312);
INSERT INTO `region_point` (`region_face_id`, `idx`, `x`, `y`, `z`, `w`) values (216, 0, 1727450.0, -232145.0, 6028830.0, 1.0);
INSERT INTO `region_point` (`region_face_id`, `idx`, `x`, `y`, `z`, `w`) values (216, 1, 2223960.0, -235879.0, 6766350.0, 1.0);
INSERT INTO `region_point` (`region_face_id`, `idx`, `x`, `y`, `z`, `w`) values (216, 2, 1727440.0, 266193.0, 6028830.0, 1.0);
INSERT INTO `region_point` (`region_face_id`, `idx`, `x`, `y`, `z`, `w`) values (216, 3, 2223960.0, 266867.0, 6766350.0, 1.0);
INSERT INTO `region` (`region_id`, `level_name`, `tree`, `on_enter`, `on_exit`, `on_inside`) values (259, 'ctyport', 'target', '(want-load ''ctyport ''ctypal ''ctywide)', '', '');
INSERT INTO `region_face` (`region_face_id`, `region_id`, `kind`, `flags`, `normal_x`, `normal_y`, `normal_z`, `normal_w`, `pos_x`, `pos_y`, `pos_z`, `pos_w`) values (217, 259, 'plane', '', 0.83, 0.0, -0.5577, -1947673.75, 1963715.0, 47087.8007, 6414210.0, 466426.2187);
INSERT INTO `region_point` (`region_face_id`, `idx`, `x`, `y`, `z`, `w`) values (217, 0, 1709440.0, -51495.3984, 6035820.0, 1.0);
INSERT INTO `region_point` (`region_face_id`, `idx`, `x`, `y`, `z`, `w`) values (217, 1, 1709440.0, 145671.0, 6035820.0, 1.0);
INSERT INTO `region_point` (`region_face_id`, `idx`, `x`, `y`, `z`, `w`) values (217, 2, 2217990.0, -51495.3984, 6792600.0, 1.0);
INSERT INTO `region_point` (`region_face_id`, `idx`, `x`, `y`, `z`, `w`) values (217, 3, 2217990.0, 145671.0, 6792600.0, 1.0);
INSERT INTO `region` (`region_id`, `level_name`, `tree`, `on_enter`, `on_exit`, `on_inside`) values (260, 'ctyport', 'target', '(want-load ''ctyport ''ctywide ''gungame)', '', '');
INSERT INTO `region_face` (`region_face_id`, `region_id`, `kind`, `flags`, `normal_x`, `normal_y`, `normal_z`, `normal_w`, `pos_x`, `pos_y`, `pos_z`, `pos_w`) values (218, 260, 'plane', '', 0.5804, 0.0, 0.8143, 5872564.5, 1848825.0, 35899.3515, 5893870.0, 431200.2187);
INSERT INTO `region_point` (`region_face_id`, `idx`, `x`, `y`, `z`, `w`) values (218, 0, 2188370.0, -51470.3984, 5651850.0, 1.0);
INSERT INTO `region_point` (`region_face_id`, `idx`, `x`, `y`, `z`, `w`) values (218, 1, 2188370.0, 145759.0, 5651850.0, 1.0);
INSERT INTO `region_point` (`region_face_id`, `idx`, `x`, `y`, `z`, `w`) values (218, 2, 1509280.0, -73960.2968, 6135890.0, 1.0);
INSERT INTO `region_point` (`region_face_id`, `idx`, `x`, `y`, `z`, `w`) values (218, 3, 1509280.0, 145334.0, 6135890.0, 1.0);
INSERT INTO `region` (`region_id`, `level_name`, `tree`, `on_enter`, `on_exit`, `on_inside`) values (352, 'ctyport', 'target', '(want-vis ''gungame)', '(want-vis ''ctyport)', '');
INSERT INTO `region_face` (`region_face_id`, `region_id`, `kind`, `flags`, `normal_x`, `normal_y`, `normal_z`, `normal_w`, `pos_x`, `pos_y`, `pos_z`, `pos_w`) values (219, 352, 'plane', '', -0.4725, 0.0, 0.8813, 3906191.0, 1758980.0, 39105.3984, 5375345.0, 13879.5673);
INSERT INTO `region_point` (`region_face_id`, `idx`, `x`, `y`, `z`, `w`) values (219, 0, 1751100.0, 49721.3007, 5371120.0, 1.0);
INSERT INTO `region_point` (`region_face_id`, `idx`, `x`, `y`, `z`, `w`) values (219, 1, 1751100.0, 28489.5, 5371120.0, 1.0);
INSERT INTO `region_point` (`region_face_id`, `idx`, `x`, `y`, `z`, `w`) values (219, 2, 1766860.0, 49721.3007, 5379570.0, 1.0);
INSERT INTO `region_point` (`region_face_id`, `idx`, `x`, `y`, `z`, `w`) values (219, 3, 1766860.0, 28489.5, 5379570.0, 1.0);
INSERT INTO `region` (`region_id`, `level_name`, `tree`, `on_enter`, `on_exit`, `on_inside`) values (453, 'ctyport', 'target', '', '', '(setting-pers string-max-height value (meters 1.0000) mode ''abs)');
INSERT INTO `region_sphere` (`region_id`, `x`, `y`, `z`, `r`) values (453, 1760310.0, 34549.8984, 5378230.0, 33383.1992);
INSERT INTO `region` (`region_id`, `level_name`, `tree`, `on_enter`, `on_exit`, `on_inside`) values (487, 'ctyport', 'target', '(want-load ''ctyport ''ctywide ''ctyfarmb)', '', '');
INSERT INTO `region_face` (`region_face_id`, `region_id`, `kind`, `flags`, `normal_x`, `normal_y`, `normal_z`, `normal_w`, `pos_x`, `pos_y`, `pos_z`, `pos_w`) values (220, 487, 'plane', '', -0.2663, 0.0, 0.9638, 6687777.5, -852015.5, 48535.0507, 6702985.0, 316241.0);
INSERT INTO `region_point` (`region_face_id`, `idx`, `x`, `y`, `z`, `w`) values (220, 0, -560471.0, -43765.8984, 6783550.0, 1.0);
INSERT INTO `region_point` (`region_face_id`, `idx`, `x`, `y`, `z`, `w`) values (220, 1, -560471.0, 140836.0, 6783550.0, 1.0);
INSERT INTO `region_point` (`region_face_id`, `idx`, `x`, `y`, `z`, `w`) values (220, 2, -1143560.0, -43765.8984, 6622420.0, 1.0);
INSERT INTO `region_point` (`region_face_id`, `idx`, `x`, `y`, `z`, `w`) values (220, 3, -1143560.0, 140836.0, 6622420.0, 1.0);
INSERT INTO `region` (`region_id`, `level_name`, `tree`, `on_enter`, `on_exit`, `on_inside`) values (705, 'ctyport', 'target', '(want-load ''ctyport ''ctywide ''ljakdax)', '(want-load ''ctyport ''ctywide ''ctypal)', '');
INSERT INTO `region_face` (`region_face_id`, `region_id`, `kind`, `flags`, `normal_x`, `normal_y`, `normal_z`, `normal_w`, `pos_x`, `pos_y`, `pos_z`, `pos_w`) values (221, 705, 'plane', '', 0.928, 0.0, -0.3725, -1204965.75, 1643045.0, 36268.3515, 7327760.0, 168896.4062);
INSERT INTO `region_point` (`region_face_id`, `idx`, `x`, `y`, `z`, `w`) values (221, 0, 1687610.0, 155493.0, 7438780.0, 1.0);
INSERT INTO `region_point` (`region_face_id`, `idx`, `x`, `y`, `z`, `w`) values (221, 1, 1687610.0, -82956.2968, 7438780.0, 1.0);
INSERT INTO `region_point` (`region_face_id`, `idx`, `x`, `y`, `z`, `w`) values (221, 2, 1598480.0, 155493.0, 7216740.0, 1.0);
INSERT INTO `region_point` (`region_face_id`, `idx`, `x`, `y`, `z`, `w`) values (221, 3, 1598480.0, -82956.2968, 7216740.0, 1.0);
INSERT INTO `region` (`region_id`, `level_name`, `tree`, `on_enter`, `on_exit`, `on_inside`) values (783, 'ctyport', 'target', '(begin (want-vis ''underb) (want-sound ''ctywide1 ''under1 ''under2))', '(begin (want-vis ''ctyport) (want-sound ''ctywide1 ''ctywide2 ''ctywide3))', '');
INSERT INTO `region_face` (`region_face_id`, `region_id`, `kind`, `flags`, `normal_x`, `normal_y`, `normal_z`, `normal_w`, `pos_x`, `pos_y`, `pos_z`, `pos_w`) values (222, 783, 'plane', '', -0.9997, 0.0, -0.0222, -253709.1562, 95222.9062, 45481.8007, 7136575.0, 23529.2421);
INSERT INTO `region_point` (`region_face_id`, `idx`, `x`, `y`, `z`, `w`) values (222, 0, 95521.6015, 64789.0, 7123130.0, 1.0);
INSERT INTO `region_point` (`region_face_id`, `idx`, `x`, `y`, `z`, `w`) values (222, 1, 95521.6015, 26174.5996, 7123130.0, 1.0);
INSERT INTO `region_point` (`region_face_id`, `idx`, `x`, `y`, `z`, `w`) values (222, 2, 94924.2031, 64789.0, 7150020.0, 1.0);
INSERT INTO `region_point` (`region_face_id`, `idx`, `x`, `y`, `z`, `w`) values (222, 3, 94924.2031, 26174.5996, 7150020.0, 1.0);
INSERT INTO `region` (`region_id`, `level_name`, `tree`, `on_enter`, `on_exit`, `on_inside`) values (784, 'ctyport', 'target', '(begin (want-vis ''underb) (want-sound ''ctywide1 ''under1 ''under2))', '(begin (want-vis ''ctyport) (want-sound ''ctywide1 ''ctywide2 ''ctywide3))', '');
INSERT INTO `region_face` (`region_face_id`, `region_id`, `kind`, `flags`, `normal_x`, `normal_y`, `normal_z`, `normal_w`, `pos_x`, `pos_y`, `pos_z`, `pos_w`) values (223, 784, 'plane', '', -0.4539, 0.0, -0.891, -6504760.5, -911055.0, 26975.6601, 7764400.0, 26450.7167);
INSERT INTO `region_point` (`region_face_id`, `idx`, `x`, `y`, `z`, `w`) values (223, 0, -895509.0, 46856.1992, 7756480.0, 1.0);
INSERT INTO `region_point` (`region_face_id`, `idx`, `x`, `y`, `z`, `w`) values (223, 1, -895509.0, 7095.1201, 7756480.0, 1.0);
INSERT INTO `region_point` (`region_face_id`, `idx`, `x`, `y`, `z`, `w`) values (223, 2, -926601.0, 46856.1992, 7772320.0, 1.0);
INSERT INTO `region_point` (`region_face_id`, `idx`, `x`, `y`, `z`, `w`) values (223, 3, -926601.0, 7095.1201, 7772320.0, 1.0);
INSERT INTO `region` (`region_id`, `level_name`, `tree`, `on_enter`, `on_exit`, `on_inside`) values (702, 'ctyport', 'camera', '(when (task-closed? "atoll-battle-resolution") (want-vis ''ctypal))', '(want-vis ''ctyport)', '');
INSERT INTO `region_face` (`region_face_id`, `region_id`, `kind`, `flags`, `normal_x`, `normal_y`, `normal_z`, `normal_w`, `pos_x`, `pos_y`, `pos_z`, `pos_w`) values (224, 702, 'plane', '', 0.0571, 0.0, 0.9983, 4922970.0, 792948.5, 71481.2343, 4885650.0, 181092.9218);
INSERT INTO `region_point` (`region_face_id`, `idx`, `x`, `y`, `z`, `w`) values (224, 0, 627971.0, 145562.0, 4895090.0, 1.0);
INSERT INTO `region_point` (`region_face_id`, `idx`, `x`, `y`, `z`, `w`) values (224, 1, 627971.0, -2599.53, 4895090.0, 1.0);
INSERT INTO `region_point` (`region_face_id`, `idx`, `x`, `y`, `z`, `w`) values (224, 2, 957926.0, 145562.0, 4876210.0, 1.0);
INSERT INTO `region_point` (`region_face_id`, `idx`, `x`, `y`, `z`, `w`) values (224, 3, 957926.0, -2599.53, 4876210.0, 1.0);
INSERT INTO `region` (`region_id`, `level_name`, `tree`, `on_enter`, `on_exit`, `on_inside`) values (210, 'ctyport', 'camera', '(want-display ''ctypal ''display)', '(want-display ''ctypal #f)', '');
INSERT INTO `region_face` (`region_face_id`, `region_id`, `kind`, `flags`, `normal_x`, `normal_y`, `normal_z`, `normal_w`, `pos_x`, `pos_y`, `pos_z`, `pos_w`) values (225, 210, 'plane', '', -0.9551, 0.0, -0.2962, -2392982.75, 142570.5468, 13578.5, 7617135.0, 437565.8125);
INSERT INTO `region_point` (`region_face_id`, `idx`, `x`, `y`, `z`, `w`) values (225, 0, 266175.0, 145561.0, 7218680.0, 1.0);
INSERT INTO `region_point` (`region_face_id`, `idx`, `x`, `y`, `z`, `w`) values (225, 1, 266175.0, -118404.0, 7218680.0, 1.0);
INSERT INTO `region_point` (`region_face_id`, `idx`, `x`, `y`, `z`, `w`) values (225, 2, 18966.0996, 145561.0, 8015590.0, 1.0);
INSERT INTO `region_point` (`region_face_id`, `idx`, `x`, `y`, `z`, `w`) values (225, 3, 18966.0996, -118404.0, 8015590.0, 1.0);
INSERT INTO `region` (`region_id`, `level_name`, `tree`, `on_enter`, `on_exit`, `on_inside`) values (489, 'ctyport', 'camera', '(want-display ''ctyfarmb ''display)', '(want-display ''ctyfarmb #f)', '');
INSERT INTO `region_face` (`region_face_id`, `region_id`, `kind`, `flags`, `normal_x`, `normal_y`, `normal_z`, `normal_w`, `pos_x`, `pos_y`, `pos_z`, `pos_w`) values (226, 489, 'plane', '', 0.9245, 0.0, -0.381, -3343103.75, -1233690.0, 63067.6015, 5779925.0, 258295.4062);
INSERT INTO `region_point` (`region_face_id`, `idx`, `x`, `y`, `z`, `w`) values (226, 0, -1139300.0, 136274.0, 6008940.0, 1.0);
INSERT INTO `region_point` (`region_face_id`, `idx`, `x`, `y`, `z`, `w`) values (226, 1, -1139300.0, -10138.7998, 6008940.0, 1.0);
INSERT INTO `region_point` (`region_face_id`, `idx`, `x`, `y`, `z`, `w`) values (226, 2, -1328080.0, 136274.0, 5550910.0, 1.0);
INSERT INTO `region_point` (`region_face_id`, `idx`, `x`, `y`, `z`, `w`) values (226, 3, -1328080.0, -10138.7998, 5550910.0, 1.0);
INSERT INTO `region` (`region_id`, `level_name`, `tree`, `on_enter`, `on_exit`, `on_inside`) values (256, 'ctyport', 'camera', '(want-display ''ctyinda ''display)', '(want-display ''ctyinda #f)', '');
INSERT INTO `region_face` (`region_face_id`, `region_id`, `kind`, `flags`, `normal_x`, `normal_y`, `normal_z`, `normal_w`, `pos_x`, `pos_y`, `pos_z`, `pos_w`) values (227, 256, 'plane', '', -0.8018, 0.0, 0.5975, 1488202.25, 2560015.0, 111145.3984, 5925740.0, 179738.75);
INSERT INTO `region_point` (`region_face_id`, `idx`, `x`, `y`, `z`, `w`) values (227, 0, 2464410.0, 193044.0, 5797450.0, 1.0);
INSERT INTO `region_point` (`region_face_id`, `idx`, `x`, `y`, `z`, `w`) values (227, 1, 2464410.0, 29246.8007, 5797450.0, 1.0);
INSERT INTO `region_point` (`region_face_id`, `idx`, `x`, `y`, `z`, `w`) values (227, 2, 2655620.0, 193044.0, 6054030.0, 1.0);
INSERT INTO `region_point` (`region_face_id`, `idx`, `x`, `y`, `z`, `w`) values (227, 3, 2655620.0, 29246.8007, 6054030.0, 1.0);
INSERT INTO `region` (`region_id`, `level_name`, `tree`, `on_enter`, `on_exit`, `on_inside`) values (679, 'ctyport', 'camera', '(want-load ''ctyport ''ctywide ''underb)', '(want-load ''ctyport ''ctywide ''ctypal)', '');
INSERT INTO `region_face` (`region_face_id`, `region_id`, `kind`, `flags`, `normal_x`, `normal_y`, `normal_z`, `normal_w`, `pos_x`, `pos_y`, `pos_z`, `pos_w`) values (228, 679, 'plane', '', -0.0049, 0.0, 0.9999, 7229166.0, 54833.0, 73393.0312, 7229530.0, 117509.6484);
INSERT INTO `region_point` (`region_face_id`, `idx`, `x`, `y`, `z`, `w`) values (228, 0, -29239.0, 155492.0, 7229110.0, 1.0);
INSERT INTO `region_point` (`region_face_id`, `idx`, `x`, `y`, `z`, `w`) values (228, 1, -29239.0, -8705.9296, 7229110.0, 1.0);
INSERT INTO `region_point` (`region_face_id`, `idx`, `x`, `y`, `z`, `w`) values (228, 2, 138905.0, 155492.0, 7229950.0, 1.0);
INSERT INTO `region_point` (`region_face_id`, `idx`, `x`, `y`, `z`, `w`) values (228, 3, 138905.0, -8705.9296, 7229950.0, 1.0);
INSERT INTO `region` (`region_id`, `level_name`, `tree`, `on_enter`, `on_exit`, `on_inside`) values (730, 'ctyport', 'camera', '', '', '(sound-play-loop "port-amb1")');
INSERT INTO `region_sphere` (`region_id`, `x`, `y`, `z`, `r`) values (730, 787640.0, -3972.3701, 7168570.0, 2285450.0);
INSERT INTO `region` (`region_id`, `level_name`, `tree`, `on_enter`, `on_exit`, `on_inside`) values (306, 'ctyport', 'water', '', '', '(water ocean 0 (swim wade))');
INSERT INTO `region_sphere` (`region_id`, `x`, `y`, `z`, `r`) values (306, 769597.0, 28520.8007, 7151370.0, 1916350.0);
INSERT INTO `region` (`region_id`, `level_name`, `tree`, `on_enter`, `on_exit`, `on_inside`) values (475, 'ctyfarma', 'target', '(when (task-open? "forest-scouts-get-board") (want-load ''ctyfarma ''ctywide ''ljakdax))', '', '');
INSERT INTO `region_face` (`region_face_id`, `region_id`, `kind`, `flags`, `normal_x`, `normal_y`, `normal_z`, `normal_w`, `pos_x`, `pos_y`, `pos_z`, `pos_w`) values (229, 475, 'plane', '', 0.9996, 0.0, 0.0263, -1158224.75, -1179835.0, 81173.8359, 805466.0, 261900.9531);
INSERT INTO `region_point` (`region_face_id`, `idx`, `x`, `y`, `z`, `w`) values (229, 0, -1186420.0, 158677.0, 1055550.0, 1.0);
INSERT INTO `region_point` (`region_face_id`, `idx`, `x`, `y`, `z`, `w`) values (229, 1, -1186420.0, 3670.6699, 1055550.0, 1.0);
INSERT INTO `region_point` (`region_face_id`, `idx`, `x`, `y`, `z`, `w`) values (229, 2, -1173250.0, 158677.0, 555382.0, 1.0);
INSERT INTO `region_point` (`region_face_id`, `idx`, `x`, `y`, `z`, `w`) values (229, 3, -1173250.0, 3670.6699, 555382.0, 1.0);
INSERT INTO `region` (`region_id`, `level_name`, `tree`, `on_enter`, `on_exit`, `on_inside`) values (476, 'ctyfarma', 'target', '(want-display ''ctymarka ''display)', '(want-display ''ctymarka #f)', '');
INSERT INTO `region_face` (`region_face_id`, `region_id`, `kind`, `flags`, `normal_x`, `normal_y`, `normal_z`, `normal_w`, `pos_x`, `pos_y`, `pos_z`, `pos_w`) values (230, 476, 'plane', '', 0.447, 0.0, 0.8944, 831387.8125, -683954.5, 81173.1171, 1271285.0, 274129.5937);
INSERT INTO `region_point` (`region_face_id`, `idx`, `x`, `y`, `z`, `w`) values (230, 0, -919159.0, 158676.0, 1388840.0, 1.0);
INSERT INTO `region_point` (`region_face_id`, `idx`, `x`, `y`, `z`, `w`) values (230, 1, -919159.0, 3670.2399, 1388840.0, 1.0);
INSERT INTO `region_point` (`region_face_id`, `idx`, `x`, `y`, `z`, `w`) values (230, 2, -448750.0, 158676.0, 1153730.0, 1.0);
INSERT INTO `region_point` (`region_face_id`, `idx`, `x`, `y`, `z`, `w`) values (230, 3, -448750.0, 3670.2399, 1153730.0, 1.0);
INSERT INTO `region` (`region_id`, `level_name`, `tree`, `on_enter`, `on_exit`, `on_inside`) values (349, 'ctyfarma', 'target', '(want-load ''ctyfarma ''ctywide ''ctygena)', '', '');
INSERT INTO `region_face` (`region_face_id`, `region_id`, `kind`, `flags`, `normal_x`, `normal_y`, `normal_z`, `normal_w`, `pos_x`, `pos_y`, `pos_z`, `pos_w`) values (231, 349, 'plane', '', 0.098, 0.0, 0.9951, 735330.9375, -214441.1093, 81173.1875, 760006.0, 227793.0);
INSERT INTO `region_point` (`region_face_id`, `idx`, `x`, `y`, `z`, `w`) values (231, 0, -427613.0, 158676.0, 780999.0, 1.0);
INSERT INTO `region_point` (`region_face_id`, `idx`, `x`, `y`, `z`, `w`) values (231, 1, -427613.0, 3670.3798, 780999.0, 1.0);
INSERT INTO `region_point` (`region_face_id`, `idx`, `x`, `y`, `z`, `w`) values (231, 2, -1269.2299, 158676.0, 739013.0, 1.0);
INSERT INTO `region_point` (`region_face_id`, `idx`, `x`, `y`, `z`, `w`) values (231, 3, -1269.2299, 3670.3798, 739013.0, 1.0);
INSERT INTO `region` (`region_id`, `level_name`, `tree`, `on_enter`, `on_exit`, `on_inside`) values (474, 'ctyfarma', 'target', '(want-load ''ctyfarma ''ctywide ''ctymarka)', '', '');
INSERT INTO `region_face` (`region_face_id`, `region_id`, `kind`, `flags`, `normal_x`, `normal_y`, `normal_z`, `normal_w`, `pos_x`, `pos_y`, `pos_z`, `pos_w`) values (232, 474, 'plane', '', 0.0341, 0.0, -0.9994, -902611.375, -222595.8437, 81173.6953, 895529.0, 222943.3437);
INSERT INTO `region_point` (`region_face_id`, `idx`, `x`, `y`, `z`, `w`) values (232, 0, -13679.7001, 158677.0, 902671.0, 1.0);
INSERT INTO `region_point` (`region_face_id`, `idx`, `x`, `y`, `z`, `w`) values (232, 1, -13679.7001, 3670.3898, 902671.0, 1.0);
INSERT INTO `region_point` (`region_face_id`, `idx`, `x`, `y`, `z`, `w`) values (232, 2, -431512.0, 158677.0, 888387.0, 1.0);
INSERT INTO `region_point` (`region_face_id`, `idx`, `x`, `y`, `z`, `w`) values (232, 3, -431512.0, 3670.3898, 888387.0, 1.0);
INSERT INTO `region` (`region_id`, `level_name`, `tree`, `on_enter`, `on_exit`, `on_inside`) values (350, 'ctyfarma', 'camera', '(want-display ''ctygena ''display)', '(want-display ''ctygena #f)', '');
INSERT INTO `region_face` (`region_face_id`, `region_id`, `kind`, `flags`, `normal_x`, `normal_y`, `normal_z`, `normal_w`, `pos_x`, `pos_y`, `pos_z`, `pos_w`) values (233, 350, 'plane', '', 0.6477, 0.0, -0.7618, -928184.5625, -988097.0, 83959.3828, 378253.5, 332352.5937);
INSERT INTO `region_point` (`region_face_id`, `idx`, `x`, `y`, `z`, `w`) values (233, 0, -742304.0, 163842.0, 587210.0, 1.0);
INSERT INTO `region_point` (`region_face_id`, `idx`, `x`, `y`, `z`, `w`) values (233, 1, -742304.0, 4076.76, 587210.0, 1.0);
INSERT INTO `region_point` (`region_face_id`, `idx`, `x`, `y`, `z`, `w`) values (233, 2, -1233890.0, 163842.0, 169297.0, 1.0);
INSERT INTO `region_point` (`region_face_id`, `idx`, `x`, `y`, `z`, `w`) values (233, 3, -1233890.0, 4076.76, 169297.0, 1.0);
INSERT INTO `region` (`region_id`, `level_name`, `tree`, `on_enter`, `on_exit`, `on_inside`) values (654, 'ctyfarma', 'camera', '', '', '(sound-play-loop "water-veggies")');
INSERT INTO `region_sphere` (`region_id`, `x`, `y`, `z`, `r`) values (654, -710620.0, 34916.6992, 814591.0, 194152.0);
INSERT INTO `region` (`region_id`, `level_name`, `tree`, `on_enter`, `on_exit`, `on_inside`) values (653, 'ctyfarma', 'camera', '(want-sound ''ctywide1 ''ctywide2 ''ctyfarm1)', '(want-sound ''ctywide1 ''ctywide2 ''ctywide3)', '');
INSERT INTO `region_face` (`region_face_id`, `region_id`, `kind`, `flags`, `normal_x`, `normal_y`, `normal_z`, `normal_w`, `pos_x`, `pos_y`, `pos_z`, `pos_w`) values (234, 653, 'plane', '', 0.4414, 0.0, -0.8972, -647860.6875, -1481720.0, 83959.6796, -6953.6015, 244555.4531);
INSERT INTO `region_point` (`region_face_id`, `idx`, `x`, `y`, `z`, `w`) values (234, 0, -1274320.0, 163842.0, 95082.7968, 1.0);
INSERT INTO `region_point` (`region_face_id`, `idx`, `x`, `y`, `z`, `w`) values (234, 1, -1274320.0, 4077.3601, 95082.7968, 1.0);
INSERT INTO `region_point` (`region_face_id`, `idx`, `x`, `y`, `z`, `w`) values (234, 2, -1689120.0, 163842.0, -108990.0, 1.0);
INSERT INTO `region_point` (`region_face_id`, `idx`, `x`, `y`, `z`, `w`) values (234, 3, -1689120.0, 4077.3601, -108990.0, 1.0);
INSERT INTO `region` (`region_id`, `level_name`, `tree`, `on_enter`, `on_exit`, `on_inside`) values (768, 'ctyfarma', 'camera', '', '', '(setting-pers rain mode ''abs value 0.0000)');
INSERT INTO `region_sphere` (`region_id`, `x`, `y`, `z`, `r`) values (768, -1778340.0, 148190.0, 854783.0, 109433.0);
INSERT INTO `region` (`region_id`, `level_name`, `tree`, `on_enter`, `on_exit`, `on_inside`) values (486, 'ctyfarmb', 'target', '(want-load ''ctymarka ''ctywide ''ctyfarmb)', '', '');
INSERT INTO `region_face` (`region_face_id`, `region_id`, `kind`, `flags`, `normal_x`, `normal_y`, `normal_z`, `normal_w`, `pos_x`, `pos_y`, `pos_z`, `pos_w`) values (235, 486, 'plane', '', 0.2401, 0.0, -0.9707, -4463365.0, -947303.5, 85303.3984, 4363570.0, 349758.0);
INSERT INTO `region_point` (`region_face_id`, `idx`, `x`, `y`, `z`, `w`) values (235, 0, -615477.0, 159340.0, 4445670.0, 1.0);
INSERT INTO `region_point` (`region_face_id`, `idx`, `x`, `y`, `z`, `w`) values (235, 1, -615477.0, 11266.7998, 4445670.0, 1.0);
INSERT INTO `region_point` (`region_face_id`, `idx`, `x`, `y`, `z`, `w`) values (235, 2, -1279130.0, 159340.0, 4281470.0, 1.0);
INSERT INTO `region_point` (`region_face_id`, `idx`, `x`, `y`, `z`, `w`) values (235, 3, -1279130.0, 11266.7998, 4281470.0, 1.0);
INSERT INTO `region` (`region_id`, `level_name`, `tree`, `on_enter`, `on_exit`, `on_inside`) values (484, 'ctyfarmb', 'target', '(want-load ''ctyport ''ctywide ''ctyfarmb)', '', '');
INSERT INTO `region_face` (`region_face_id`, `region_id`, `kind`, `flags`, `normal_x`, `normal_y`, `normal_z`, `normal_w`, `pos_x`, `pos_y`, `pos_z`, `pos_w`) values (236, 484, 'plane', '', -0.2686, 0.0, 0.9632, 4377968.0, -852703.0, 85303.6015, 4307230.0, 282502.9687);
INSERT INTO `region_point` (`region_face_id`, `idx`, `x`, `y`, `z`, `w`) values (236, 0, -590096.0, 159340.0, 4380470.0, 1.0);
INSERT INTO `region_point` (`region_face_id`, `idx`, `x`, `y`, `z`, `w`) values (236, 1, -1115310.0, 159340.0, 4233990.0, 1.0);
INSERT INTO `region_point` (`region_face_id`, `idx`, `x`, `y`, `z`, `w`) values (236, 2, -590096.0, 11267.2001, 4380470.0, 1.0);
INSERT INTO `region_point` (`region_face_id`, `idx`, `x`, `y`, `z`, `w`) values (236, 3, -1115310.0, 11267.2001, 4233990.0, 1.0);
INSERT INTO `region` (`region_id`, `level_name`, `tree`, `on_enter`, `on_exit`, `on_inside`) values (806, 'ctyfarmb', 'target', '(want-sound ''ctywide1 ''ctywide2 ''ctyfarm1)', '(want-sound ''ctywide1 ''ctywide2 ''ctywide3)', '');
INSERT INTO `region_face` (`region_face_id`, `region_id`, `kind`, `flags`, `normal_x`, `normal_y`, `normal_z`, `normal_w`, `pos_x`, `pos_y`, `pos_z`, `pos_w`) values (237, 806, 'plane', '', 0.0966, 0.0, 0.9953, 4866287.5, -1533420.0, 85303.6484, 5038040.0, 244824.9062);
INSERT INTO `region_point` (`region_face_id`, `idx`, `x`, `y`, `z`, `w`) values (237, 0, -1301150.0, 159340.0, 5015490.0, 1.0);
INSERT INTO `region_point` (`region_face_id`, `idx`, `x`, `y`, `z`, `w`) values (237, 1, -1765690.0, 159340.0, 5060590.0, 1.0);
INSERT INTO `region_point` (`region_face_id`, `idx`, `x`, `y`, `z`, `w`) values (237, 2, -1301150.0, 11267.2998, 5015490.0, 1.0);
INSERT INTO `region_point` (`region_face_id`, `idx`, `x`, `y`, `z`, `w`) values (237, 3, -1765690.0, 11267.2998, 5060590.0, 1.0);
INSERT INTO `region` (`region_id`, `level_name`, `tree`, `on_enter`, `on_exit`, `on_inside`) values (482, 'ctyfarmb', 'camera', '(want-display ''ctyport ''display)', '(want-display ''ctyport #f)', '');
INSERT INTO `region_face` (`region_face_id`, `region_id`, `kind`, `flags`, `normal_x`, `normal_y`, `normal_z`, `normal_w`, `pos_x`, `pos_y`, `pos_z`, `pos_w`) values (238, 482, 'plane', '', 0.9823, 0.0, 0.1871, -624474.375, -1381325.0, 85303.4531, 3912685.0, 334924.5937);
INSERT INTO `region_point` (`region_face_id`, `idx`, `x`, `y`, `z`, `w`) values (238, 0, -1442470.0, 159340.0, 4233550.0, 1.0);
INSERT INTO `region_point` (`region_face_id`, `idx`, `x`, `y`, `z`, `w`) values (238, 1, -1442470.0, 11266.9003, 4233550.0, 1.0);
INSERT INTO `region_point` (`region_face_id`, `idx`, `x`, `y`, `z`, `w`) values (238, 2, -1320180.0, 159340.0, 3591820.0, 1.0);
INSERT INTO `region_point` (`region_face_id`, `idx`, `x`, `y`, `z`, `w`) values (238, 3, -1320180.0, 11266.9003, 3591820.0, 1.0);
INSERT INTO `region` (`region_id`, `level_name`, `tree`, `on_enter`, `on_exit`, `on_inside`) values (483, 'ctyfarmb', 'camera', '(want-display ''ctymarka ''display)', '(want-display ''ctymarka #f)', '');
INSERT INTO `region_face` (`region_face_id`, `region_id`, `kind`, `flags`, `normal_x`, `normal_y`, `normal_z`, `normal_w`, `pos_x`, `pos_y`, `pos_z`, `pos_w`) values (239, 483, 'plane', '', -0.9884, 0.0, 0.1515, 1013980.0, -308749.5, 85303.3515, 4676235.0, 246087.8437);
INSERT INTO `region_point` (`region_face_id`, `idx`, `x`, `y`, `z`, `w`) values (239, 0, -273177.0, 159340.0, 4908210.0, 1.0);
INSERT INTO `region_point` (`region_face_id`, `idx`, `x`, `y`, `z`, `w`) values (239, 1, -344322.0, 159340.0, 4444260.0, 1.0);
INSERT INTO `region_point` (`region_face_id`, `idx`, `x`, `y`, `z`, `w`) values (239, 2, -273177.0, 11266.7001, 4908210.0, 1.0);
INSERT INTO `region_point` (`region_face_id`, `idx`, `x`, `y`, `z`, `w`) values (239, 3, -344322.0, 11266.7001, 4444260.0, 1.0);
INSERT INTO `region` (`region_id`, `level_name`, `tree`, `on_enter`, `on_exit`, `on_inside`) values (754, 'consiteb', 'camera', '', '', '(setting-pers rain mode ''abs value 0.0000)');
INSERT INTO `region_sphere` (`region_id`, `x`, `y`, `z`, `r`) values (754, 3077220.0, 87056.3984, 3771270.0, 104891.0);
INSERT INTO `region` (`region_id`, `level_name`, `tree`, `on_enter`, `on_exit`, `on_inside`) values (446, 'ctymarka', 'target', '(want-load ''ctymarka ''ctywide ''ctypal)', '', '');
INSERT INTO `region_face` (`region_face_id`, `region_id`, `kind`, `flags`, `normal_x`, `normal_y`, `normal_z`, `normal_w`, `pos_x`, `pos_y`, `pos_z`, `pos_w`) values (240, 446, 'plane', '', -0.7914, 0.0, -0.6112, -732125.8125, -923203.0, 87371.5, 2393305.0, 214116.4062);
INSERT INTO `region_point` (`region_face_id`, `idx`, `x`, `y`, `z`, `w`) values (240, 0, -799346.0, 156523.0, 2232920.0, 1.0);
INSERT INTO `region_point` (`region_face_id`, `idx`, `x`, `y`, `z`, `w`) values (240, 1, -799346.0, 18220.0, 2232920.0, 1.0);
INSERT INTO `region_point` (`region_face_id`, `idx`, `x`, `y`, `z`, `w`) values (240, 2, -1047060.0, 156523.0, 2553690.0, 1.0);
INSERT INTO `region_point` (`region_face_id`, `idx`, `x`, `y`, `z`, `w`) values (240, 3, -1047060.0, 18220.0, 2553690.0, 1.0);
INSERT INTO `region` (`region_id`, `level_name`, `tree`, `on_enter`, `on_exit`, `on_inside`) values (447, 'ctymarka', 'target', '(want-load ''ctymarka ''ctywide ''kiosk)', '', '');
INSERT INTO `region_face` (`region_face_id`, `region_id`, `kind`, `flags`, `normal_x`, `normal_y`, `normal_z`, `normal_w`, `pos_x`, `pos_y`, `pos_z`, `pos_w`) values (241, 447, 'plane', '', -0.1403, 0.0, 0.9901, 2261825.25, -974951.0, 72867.6484, 2146235.0, 101017.0546);
INSERT INTO `region_point` (`region_face_id`, `idx`, `x`, `y`, `z`, `w`) values (241, 0, -902042.0, 142019.0, 2156570.0, 1.0);
INSERT INTO `region_point` (`region_face_id`, `idx`, `x`, `y`, `z`, `w`) values (241, 1, -1047860.0, 142019.0, 2135900.0, 1.0);
INSERT INTO `region_point` (`region_face_id`, `idx`, `x`, `y`, `z`, `w`) values (241, 2, -902042.0, 3716.29, 2156570.0, 1.0);
INSERT INTO `region_point` (`region_face_id`, `idx`, `x`, `y`, `z`, `w`) values (241, 3, -1047860.0, 3716.29, 2135900.0, 1.0);
INSERT INTO `region` (`region_id`, `level_name`, `tree`, `on_enter`, `on_exit`, `on_inside`) values (485, 'ctymarka', 'target', '(want-load ''ctymarka ''ctywide ''ctyfarma)', '', '');
INSERT INTO `region_face` (`region_face_id`, `region_id`, `kind`, `flags`, `normal_x`, `normal_y`, `normal_z`, `normal_w`, `pos_x`, `pos_y`, `pos_z`, `pos_w`) values (242, 485, 'plane', '', 0.7842, 0.0, 0.6204, 740393.1875, -940911.5, 87371.8515, 2382495.0, 215526.0156);
INSERT INTO `region_point` (`region_face_id`, `idx`, `x`, `y`, `z`, `w`) values (242, 0, -814253.0, 156523.0, 2222410.0, 1.0);
INSERT INTO `region_point` (`region_face_id`, `idx`, `x`, `y`, `z`, `w`) values (242, 1, -1067570.0, 156523.0, 2542580.0, 1.0);
INSERT INTO `region_point` (`region_face_id`, `idx`, `x`, `y`, `z`, `w`) values (242, 2, -814253.0, 18220.6992, 2222410.0, 1.0);
INSERT INTO `region_point` (`region_face_id`, `idx`, `x`, `y`, `z`, `w`) values (242, 3, -1067570.0, 18220.6992, 2542580.0, 1.0);
INSERT INTO `region` (`region_id`, `level_name`, `tree`, `on_enter`, `on_exit`, `on_inside`) values (481, 'ctymarka', 'target', '(want-load ''ctymarka ''ctywide ''ctyfarmb)', '', '');
INSERT INTO `region_face` (`region_face_id`, `region_id`, `kind`, `flags`, `normal_x`, `normal_y`, `normal_z`, `normal_w`, `pos_x`, `pos_y`, `pos_z`, `pos_w`) values (243, 481, 'plane', '', 0.0682, 0.0, -0.9976, -2950386.75, -1314575.0, 87371.8515, 2867310.0, 234199.1093);
INSERT INTO `region_point` (`region_face_id`, `idx`, `x`, `y`, `z`, `w`) values (243, 0, -1091340.0, 156523.0, 2882590.0, 1.0);
INSERT INTO `region_point` (`region_face_id`, `idx`, `x`, `y`, `z`, `w`) values (243, 1, -1091340.0, 18220.6992, 2882590.0, 1.0);
INSERT INTO `region_point` (`region_face_id`, `idx`, `x`, `y`, `z`, `w`) values (243, 2, -1537810.0, 156523.0, 2852030.0, 1.0);
INSERT INTO `region_point` (`region_face_id`, `idx`, `x`, `y`, `z`, `w`) values (243, 3, -1537810.0, 18220.6992, 2852030.0, 1.0);
INSERT INTO `region` (`region_id`, `level_name`, `tree`, `on_enter`, `on_exit`, `on_inside`) values (444, 'ctymarka', 'camera', '(want-display ''ctypal ''display)', '(want-display ''ctypal #f)', '');
INSERT INTO `region_face` (`region_face_id`, `region_id`, `kind`, `flags`, `normal_x`, `normal_y`, `normal_z`, `normal_w`, `pos_x`, `pos_y`, `pos_z`, `pos_w`) values (244, 444, 'plane', '', 0.5089, 0.0, -0.8608, -2500409.5, -464506.5, 87722.1015, 2630060.0, 106417.4453);
INSERT INTO `region_point` (`region_face_id`, `idx`, `x`, `y`, `z`, `w`) values (244, 0, -542368.0, 143789.0, 2584030.0, 1.0);
INSERT INTO `region_point` (`region_face_id`, `idx`, `x`, `y`, `z`, `w`) values (244, 1, -386645.0, 143789.0, 2676090.0, 1.0);
INSERT INTO `region_point` (`region_face_id`, `idx`, `x`, `y`, `z`, `w`) values (244, 2, -542368.0, 31655.1992, 2584030.0, 1.0);
INSERT INTO `region_point` (`region_face_id`, `idx`, `x`, `y`, `z`, `w`) values (244, 3, -386645.0, 31655.1992, 2676090.0, 1.0);
INSERT INTO `region` (`region_id`, `level_name`, `tree`, `on_enter`, `on_exit`, `on_inside`) values (445, 'ctymarka', 'camera', '(want-display ''kiosk ''display)', '(want-display ''kiosk #f)', '');
INSERT INTO `region_face` (`region_face_id`, `region_id`, `kind`, `flags`, `normal_x`, `normal_y`, `normal_z`, `normal_w`, `pos_x`, `pos_y`, `pos_z`, `pos_w`) values (245, 445, 'plane', '', -0.4902, 0.0, 0.8715, 1971406.75, -775361.5, 79306.1484, 1825740.0, 245039.5781);
INSERT INTO `region_point` (`region_face_id`, `idx`, `x`, `y`, `z`, `w`) values (245, 0, -983270.0, 135373.0, 1708800.0, 1.0);
INSERT INTO `region_point` (`region_face_id`, `idx`, `x`, `y`, `z`, `w`) values (245, 1, -983270.0, 23239.3007, 1708800.0, 1.0);
INSERT INTO `region_point` (`region_face_id`, `idx`, `x`, `y`, `z`, `w`) values (245, 2, -567453.0, 135373.0, 1942680.0, 1.0);
INSERT INTO `region_point` (`region_face_id`, `idx`, `x`, `y`, `z`, `w`) values (245, 3, -567453.0, 23239.3007, 1942680.0, 1.0);
INSERT INTO `region` (`region_id`, `level_name`, `tree`, `on_enter`, `on_exit`, `on_inside`) values (477, 'ctymarka', 'camera', '(want-display ''ctyfarma ''display)', '(want-display ''ctyfarma #f)', '');
INSERT INTO `region_face` (`region_face_id`, `region_id`, `kind`, `flags`, `normal_x`, `normal_y`, `normal_z`, `normal_w`, `pos_x`, `pos_y`, `pos_z`, `pos_w`) values (246, 477, 'plane', '', 0.7526, 0.0, 0.6584, 384387.125, -1476730.0, 82937.3515, 2271590.0, 189166.0781);
INSERT INTO `region_point` (`region_face_id`, `idx`, `x`, `y`, `z`, `w`) values (246, 0, -1594670.0, 143789.0, 2406390.0, 1.0);
INSERT INTO `region_point` (`region_face_id`, `idx`, `x`, `y`, `z`, `w`) values (246, 1, -1594670.0, 22085.6992, 2406390.0, 1.0);
INSERT INTO `region_point` (`region_face_id`, `idx`, `x`, `y`, `z`, `w`) values (246, 2, -1358790.0, 143789.0, 2136790.0, 1.0);
INSERT INTO `region_point` (`region_face_id`, `idx`, `x`, `y`, `z`, `w`) values (246, 3, -1358790.0, 22085.6992, 2136790.0, 1.0);
INSERT INTO `region` (`region_id`, `level_name`, `tree`, `on_enter`, `on_exit`, `on_inside`) values (480, 'ctymarka', 'camera', '(want-display ''ctyfarmb ''display)', '(want-display ''ctyfarmb #f)', '');
INSERT INTO `region_face` (`region_face_id`, `region_id`, `kind`, `flags`, `normal_x`, `normal_y`, `normal_z`, `normal_w`, `pos_x`, `pos_y`, `pos_z`, `pos_w`) values (247, 480, 'plane', '', -0.6356, 0.0, 0.7719, 3090659.25, -933539.5, 81728.4531, 3234945.0, 182416.0312);
INSERT INTO `region_point` (`region_face_id`, `idx`, `x`, `y`, `z`, `w`) values (247, 0, -799539.0, 137795.0, 3345290.0, 1.0);
INSERT INTO `region_point` (`region_face_id`, `idx`, `x`, `y`, `z`, `w`) values (247, 1, -1067540.0, 137795.0, 3124600.0, 1.0);
INSERT INTO `region_point` (`region_face_id`, `idx`, `x`, `y`, `z`, `w`) values (247, 2, -799539.0, 25661.9003, 3345290.0, 1.0);
INSERT INTO `region_point` (`region_face_id`, `idx`, `x`, `y`, `z`, `w`) values (247, 3, -1067540.0, 25661.9003, 3124600.0, 1.0);
INSERT INTO `region` (`region_id`, `level_name`, `tree`, `on_enter`, `on_exit`, `on_inside`) values (550, 'ctymarkb', 'target', '(want-display ''onintent ''display)', '', '');
INSERT INTO `region_face` (`region_face_id`, `region_id`, `kind`, `flags`, `normal_x`, `normal_y`, `normal_z`, `normal_w`, `pos_x`, `pos_y`, `pos_z`, `pos_w`) values (248, 550, 'plane', '', 0.67, 0.0, -0.7423, -210582.0937, 2831280.0, 78127.9531, 2839295.0, 125734.5234);
INSERT INTO `region_point` (`region_face_id`, `idx`, `x`, `y`, `z`, `w`) values (248, 0, 2916270.0, 130096.0, 2916010.0, 1.0);
INSERT INTO `region_point` (`region_face_id`, `idx`, `x`, `y`, `z`, `w`) values (248, 1, 2916270.0, 26159.9003, 2916010.0, 1.0);
INSERT INTO `region_point` (`region_face_id`, `idx`, `x`, `y`, `z`, `w`) values (248, 2, 2746290.0, 130096.0, 2762580.0, 1.0);
INSERT INTO `region_point` (`region_face_id`, `idx`, `x`, `y`, `z`, `w`) values (248, 3, 2746290.0, 26159.9003, 2762580.0, 1.0);
INSERT INTO `region` (`region_id`, `level_name`, `tree`, `on_enter`, `on_exit`, `on_inside`) values (271, 'ctymarkb', 'target', '(want-load ''ctyindb ''ctymarkb ''ctywide)', '', '');
INSERT INTO `region_face` (`region_face_id`, `region_id`, `kind`, `flags`, `normal_x`, `normal_y`, `normal_z`, `normal_w`, `pos_x`, `pos_y`, `pos_z`, `pos_w`) values (249, 271, 'plane', '', -0.9999, 0.0, 0.0113, -2506631.5, 2535150.0, 78127.6015, 2492575.0, 107462.5625);
INSERT INTO `region_point` (`region_face_id`, `idx`, `x`, `y`, `z`, `w`) values (249, 0, 2534080.0, 130096.0, 2398520.0, 1.0);
INSERT INTO `region_point` (`region_face_id`, `idx`, `x`, `y`, `z`, `w`) values (249, 1, 2534080.0, 26159.1992, 2398520.0, 1.0);
INSERT INTO `region_point` (`region_face_id`, `idx`, `x`, `y`, `z`, `w`) values (249, 2, 2536220.0, 130096.0, 2586630.0, 1.0);
INSERT INTO `region_point` (`region_face_id`, `idx`, `x`, `y`, `z`, `w`) values (249, 3, 2536220.0, 26159.1992, 2586630.0, 1.0);
INSERT INTO `region` (`region_id`, `level_name`, `tree`, `on_enter`, `on_exit`, `on_inside`) values (272, 'ctymarkb', 'target', '(want-load ''ctypal ''ctymarkb ''ctywide)', '', '');
INSERT INTO `region_face` (`region_face_id`, `region_id`, `kind`, `flags`, `normal_x`, `normal_y`, `normal_z`, `normal_w`, `pos_x`, `pos_y`, `pos_z`, `pos_w`) values (250, 272, 'plane', '', 0.9978, 0.0, 0.0661, 2953728.75, 2784380.0, 78127.6484, 2652925.0, 80088.6875);
INSERT INTO `region_point` (`region_face_id`, `idx`, `x`, `y`, `z`, `w`) values (250, 0, 2780350.0, 130096.0, 2713730.0, 1.0);
INSERT INTO `region_point` (`region_face_id`, `idx`, `x`, `y`, `z`, `w`) values (250, 1, 2780350.0, 26159.3007, 2713730.0, 1.0);
INSERT INTO `region_point` (`region_face_id`, `idx`, `x`, `y`, `z`, `w`) values (250, 2, 2788410.0, 130096.0, 2592120.0, 1.0);
INSERT INTO `region_point` (`region_face_id`, `idx`, `x`, `y`, `z`, `w`) values (250, 3, 2788410.0, 26159.3007, 2592120.0, 1.0);
INSERT INTO `region` (`region_id`, `level_name`, `tree`, `on_enter`, `on_exit`, `on_inside`) values (273, 'ctymarkb', 'target', '(want-load ''ctyasha ''ctymarkb ''ctywide)', '', '');
INSERT INTO `region_face` (`region_face_id`, `region_id`, `kind`, `flags`, `normal_x`, `normal_y`, `normal_z`, `normal_w`, `pos_x`, `pos_y`, `pos_z`, `pos_w`) values (251, 273, 'plane', '', -0.8603, 0.0, 0.5097, -398719.0937, 1802120.0, 78127.5468, 2259325.0, 234053.0312);
INSERT INTO `region_point` (`region_face_id`, `idx`, `x`, `y`, `z`, `w`) values (251, 0, 1685790.0, 130096.0, 2062990.0, 1.0);
INSERT INTO `region_point` (`region_face_id`, `idx`, `x`, `y`, `z`, `w`) values (251, 1, 1685790.0, 26159.0996, 2062990.0, 1.0);
INSERT INTO `region_point` (`region_face_id`, `idx`, `x`, `y`, `z`, `w`) values (251, 2, 1918450.0, 130096.0, 2455660.0, 1.0);
INSERT INTO `region_point` (`region_face_id`, `idx`, `x`, `y`, `z`, `w`) values (251, 3, 1918450.0, 26159.0996, 2455660.0, 1.0);
INSERT INTO `region` (`region_id`, `level_name`, `tree`, `on_enter`, `on_exit`, `on_inside`) values (274, 'ctymarkb', 'target', '(want-load ''onintent ''ctymarkb ''ctywide)', '', '');
INSERT INTO `region_face` (`region_face_id`, `region_id`, `kind`, `flags`, `normal_x`, `normal_y`, `normal_z`, `normal_w`, `pos_x`, `pos_y`, `pos_z`, `pos_w`) values (252, 274, 'plane', '', -0.9553, 0.0, -0.2954, -3471245.5, 2871995.0, 78127.9531, 2462120.0, 147462.0781);
INSERT INTO `region_point` (`region_face_id`, `idx`, `x`, `y`, `z`, `w`) values (252, 0, 2912770.0, 130096.0, 2330280.0, 1.0);
INSERT INTO `region_point` (`region_face_id`, `idx`, `x`, `y`, `z`, `w`) values (252, 1, 2912770.0, 26159.9003, 2330280.0, 1.0);
INSERT INTO `region_point` (`region_face_id`, `idx`, `x`, `y`, `z`, `w`) values (252, 2, 2831220.0, 130096.0, 2593960.0, 1.0);
INSERT INTO `region_point` (`region_face_id`, `idx`, `x`, `y`, `z`, `w`) values (252, 3, 2831220.0, 26159.9003, 2593960.0, 1.0);
INSERT INTO `region` (`region_id`, `level_name`, `tree`, `on_enter`, `on_exit`, `on_inside`) values (715, 'ctymarkb', 'target', '(want-sound ''ctywide1 ''ctywide2 ''onin1)', '(want-sound ''ctywide1 ''ctywide2 ''ctywide3)', '(begin (setting-pers calm mode #t) (setting-pers minimap mode ''clear mask MINIMAP_FLAG_MINIMAP) (setting-pers string-max-height value (meters 1)))');
INSERT INTO `region_face` (`region_face_id`, `region_id`, `kind`, `flags`, `normal_x`, `normal_y`, `normal_z`, `normal_w`, `pos_x`, `pos_y`, `pos_z`, `pos_w`) values (253, 715, 'face', '', -0.0, -0.9999, -0.002, -23561.0449, 2920480.0, 17245.25, 3028930.0, 53381.7148);
INSERT INTO `region_point` (`region_face_id`, `idx`, `x`, `y`, `z`, `w`) values (253, 0, 2889680.0, 17330.9003, 2987370.0, 1.0);
INSERT INTO `region_point` (`region_face_id`, `idx`, `x`, `y`, `z`, `w`) values (253, 1, 2951280.0, 17330.9003, 2985330.0, 1.0);
INSERT INTO `region_point` (`region_face_id`, `idx`, `x`, `y`, `z`, `w`) values (253, 2, 2893900.0, 17159.5996, 3072000.0, 1.0);
INSERT INTO `region_point` (`region_face_id`, `idx`, `x`, `y`, `z`, `w`) values (253, 3, 2950170.0, 17159.5996, 3072530.0, 1.0);
INSERT INTO `region_face` (`region_face_id`, `region_id`, `kind`, `flags`, `normal_x`, `normal_y`, `normal_z`, `normal_w`, `pos_x`, `pos_y`, `pos_z`, `pos_w`) values (254, 715, 'face', '', -0.9987, 0.0, 0.0498, -2737316.5, 2891790.0, 58205.0, 3029685.0, 58989.289);
INSERT INTO `region_point` (`region_face_id`, `idx`, `x`, `y`, `z`, `w`) values (254, 0, 2889680.0, 17330.9003, 2987370.0, 1.0);
INSERT INTO `region_point` (`region_face_id`, `idx`, `x`, `y`, `z`, `w`) values (254, 1, 2893900.0, 17159.5996, 3072000.0, 1.0);
INSERT INTO `region_point` (`region_face_id`, `idx`, `x`, `y`, `z`, `w`) values (254, 2, 2889680.0, 99250.3984, 2987370.0, 1.0);
INSERT INTO `region_point` (`region_face_id`, `idx`, `x`, `y`, `z`, `w`) values (254, 3, 2893900.0, 99250.3984, 3072000.0, 1.0);
INSERT INTO `region_face` (`region_face_id`, `region_id`, `kind`, `flags`, `normal_x`, `normal_y`, `normal_z`, `normal_w`, `pos_x`, `pos_y`, `pos_z`, `pos_w`) values (255, 715, 'face', '', -0.033, 0.0, -0.9994, -3081378.0, 2920480.0, 58290.6484, 2986350.0, 51257.9882);
INSERT INTO `region_point` (`region_face_id`, `idx`, `x`, `y`, `z`, `w`) values (255, 0, 2889680.0, 17330.9003, 2987370.0, 1.0);
INSERT INTO `region_point` (`region_face_id`, `idx`, `x`, `y`, `z`, `w`) values (255, 1, 2889680.0, 99250.3984, 2987370.0, 1.0);
INSERT INTO `region_point` (`region_face_id`, `idx`, `x`, `y`, `z`, `w`) values (255, 2, 2951280.0, 17330.9003, 2985330.0, 1.0);
INSERT INTO `region_point` (`region_face_id`, `idx`, `x`, `y`, `z`, `w`) values (255, 3, 2951280.0, 99250.3984, 2985330.0, 1.0);
INSERT INTO `region_face` (`region_face_id`, `region_id`, `kind`, `flags`, `normal_x`, `normal_y`, `normal_z`, `normal_w`, `pos_x`, `pos_y`, `pos_z`, `pos_w`) values (256, 715, 'face', '', -0.0094, 0.0, 0.9999, 3044607.75, 2922035.0, 58205.0, 3072265.0, 49763.1718);
INSERT INTO `region_point` (`region_face_id`, `idx`, `x`, `y`, `z`, `w`) values (256, 0, 2893900.0, 17159.5996, 3072000.0, 1.0);
INSERT INTO `region_point` (`region_face_id`, `idx`, `x`, `y`, `z`, `w`) values (256, 1, 2950170.0, 17159.5996, 3072530.0, 1.0);
INSERT INTO `region_point` (`region_face_id`, `idx`, `x`, `y`, `z`, `w`) values (256, 2, 2893900.0, 99250.3984, 3072000.0, 1.0);
INSERT INTO `region_point` (`region_face_id`, `idx`, `x`, `y`, `z`, `w`) values (256, 3, 2950170.0, 99250.3984, 3072530.0, 1.0);
INSERT INTO `region_face` (`region_face_id`, `region_id`, `kind`, `flags`, `normal_x`, `normal_y`, `normal_z`, `normal_w`, `pos_x`, `pos_y`, `pos_z`, `pos_w`) values (257, 715, 'face', '', 0.0, 1.0, 0.0, 99250.3984, 2920480.0, 99250.3984, 3028930.0, 53381.6445);
INSERT INTO `region_point` (`region_face_id`, `idx`, `x`, `y`, `z`, `w`) values (257, 0, 2889680.0, 99250.3984, 2987370.0, 1.0);
INSERT INTO `region_point` (`region_face_id`, `idx`, `x`, `y`, `z`, `w`) values (257, 1, 2893900.0, 99250.3984, 3072000.0, 1.0);
INSERT INTO `region_point` (`region_face_id`, `idx`, `x`, `y`, `z`, `w`) values (257, 2, 2951280.0, 99250.3984, 2985330.0, 1.0);
INSERT INTO `region_point` (`region_face_id`, `idx`, `x`, `y`, `z`, `w`) values (257, 3, 2950170.0, 99250.3984, 3072530.0, 1.0);
INSERT INTO `region_face` (`region_face_id`, `region_id`, `kind`, `flags`, `normal_x`, `normal_y`, `normal_z`, `normal_w`, `pos_x`, `pos_y`, `pos_z`, `pos_w`) values (258, 715, 'face', '', 0.9999, 0.0, 0.0127, 2989039.25, 2950725.0, 58205.0, 3028930.0, 59883.1601);
INSERT INTO `region_point` (`region_face_id`, `idx`, `x`, `y`, `z`, `w`) values (258, 0, 2951280.0, 17330.9003, 2985330.0, 1.0);
INSERT INTO `region_point` (`region_face_id`, `idx`, `x`, `y`, `z`, `w`) values (258, 1, 2951280.0, 99250.3984, 2985330.0, 1.0);
INSERT INTO `region_point` (`region_face_id`, `idx`, `x`, `y`, `z`, `w`) values (258, 2, 2950170.0, 17159.5996, 3072530.0, 1.0);
INSERT INTO `region_point` (`region_face_id`, `idx`, `x`, `y`, `z`, `w`) values (258, 3, 2950170.0, 99250.3984, 3072530.0, 1.0);
INSERT INTO `region` (`region_id`, `level_name`, `tree`, `on_enter`, `on_exit`, `on_inside`) values (816, 'ctymarkb', 'target', '', '', '(setting-pers doorway mode #t)');
INSERT INTO `region_sphere` (`region_id`, `x`, `y`, `z`, `r`) values (816, 2920580.0, 35623.6992, 3074690.0, 18198.0);
INSERT INTO `region` (`region_id`, `level_name`, `tree`, `on_enter`, `on_exit`, `on_inside`) values (269, 'ctymarkb', 'camera', '(want-display ''ctypal ''display)', '(want-display ''ctypal #f)', '');
INSERT INTO `region_face` (`region_face_id`, `region_id`, `kind`, `flags`, `normal_x`, `normal_y`, `normal_z`, `normal_w`, `pos_x`, `pos_y`, `pos_z`, `pos_w`) values (259, 269, 'plane', '', 0.0171, 0.0, -0.9998, -2960297.0, 2482030.0, 78126.1015, 3003340.0, 153552.9218);
INSERT INTO `region_point` (`region_face_id`, `idx`, `x`, `y`, `z`, `w`) values (259, 0, 2626500.0, 130095.0, 3005820.0, 1.0);
INSERT INTO `region_point` (`region_face_id`, `idx`, `x`, `y`, `z`, `w`) values (259, 1, 2626500.0, 26157.1992, 3005820.0, 1.0);
INSERT INTO `region_point` (`region_face_id`, `idx`, `x`, `y`, `z`, `w`) values (259, 2, 2337560.0, 130095.0, 3000860.0, 1.0);
INSERT INTO `region_point` (`region_face_id`, `idx`, `x`, `y`, `z`, `w`) values (259, 3, 2337560.0, 26157.1992, 3000860.0, 1.0);
INSERT INTO `region` (`region_id`, `level_name`, `tree`, `on_enter`, `on_exit`, `on_inside`) values (275, 'ctymarkb', 'camera', '(want-display ''ctyindb ''display)', '(want-display ''ctyindb #f)', '');
INSERT INTO `region_face` (`region_face_id`, `region_id`, `kind`, `flags`, `normal_x`, `normal_y`, `normal_z`, `normal_w`, `pos_x`, `pos_y`, `pos_z`, `pos_w`) values (260, 275, 'plane', '', 0.633, 0.0, 0.774, 3207721.5, 2687615.0, 90722.25, 1945810.0, 132771.6718);
INSERT INTO `region_point` (`region_face_id`, `idx`, `x`, `y`, `z`, `w`) values (260, 0, 2597810.0, 155286.0, 2019260.0, 1.0);
INSERT INTO `region_point` (`region_face_id`, `idx`, `x`, `y`, `z`, `w`) values (260, 1, 2597810.0, 26158.5, 2019260.0, 1.0);
INSERT INTO `region_point` (`region_face_id`, `idx`, `x`, `y`, `z`, `w`) values (260, 2, 2777420.0, 155286.0, 1872360.0, 1.0);
INSERT INTO `region_point` (`region_face_id`, `idx`, `x`, `y`, `z`, `w`) values (260, 3, 2777420.0, 26158.5, 1872360.0, 1.0);
INSERT INTO `region` (`region_id`, `level_name`, `tree`, `on_enter`, `on_exit`, `on_inside`) values (438, 'ctymarkb', 'camera', '(begin (want-display ''ctyasha ''display) (want-sound ''ctywide1 ''ashtan1 ''ashtan2))', '(begin (want-display ''ctyasha #f) (want-sound ''ctywide1 ''ctywide2 ''ctywide3))', '');
INSERT INTO `region_face` (`region_face_id`, `region_id`, `kind`, `flags`, `normal_x`, `normal_y`, `normal_z`, `normal_w`, `pos_x`, `pos_y`, `pos_z`, `pos_w`) values (261, 438, 'plane', '', -0.568, 0.0, 0.823, 553177.5, 2134730.0, 67375.1484, 2145420.0, 121696.5234);
INSERT INTO `region_point` (`region_face_id`, `idx`, `x`, `y`, `z`, `w`) values (261, 0, 2040490.0, 108590.0, 2080380.0, 1.0);
INSERT INTO `region_point` (`region_face_id`, `idx`, `x`, `y`, `z`, `w`) values (261, 1, 2040490.0, 26160.3007, 2080380.0, 1.0);
INSERT INTO `region_point` (`region_face_id`, `idx`, `x`, `y`, `z`, `w`) values (261, 2, 2228970.0, 108590.0, 2210460.0, 1.0);
INSERT INTO `region_point` (`region_face_id`, `idx`, `x`, `y`, `z`, `w`) values (261, 3, 2228970.0, 26160.3007, 2210460.0, 1.0);
INSERT INTO `region` (`region_id`, `level_name`, `tree`, `on_enter`, `on_exit`, `on_inside`) values (640, 'ctymarkb', 'camera', '(send-event "ashelin-tanker-1" ''set-task 1)', '', '');
INSERT INTO `region_face` (`region_face_id`, `region_id`, `kind`, `flags`, `normal_x`, `normal_y`, `normal_z`, `normal_w`, `pos_x`, `pos_y`, `pos_z`, `pos_w`) values (262, 640, 'plane', '', 0.5521, 0.0, -0.8337, -561855.125, 2162840.0, 78128.5468, 2106345.0, 147130.3437);
INSERT INTO `region_point` (`region_face_id`, `idx`, `x`, `y`, `z`, `w`) values (262, 0, 2048080.0, 130097.0, 2030340.0, 1.0);
INSERT INTO `region_point` (`region_face_id`, `idx`, `x`, `y`, `z`, `w`) values (262, 1, 2277600.0, 130097.0, 2182350.0, 1.0);
INSERT INTO `region_point` (`region_face_id`, `idx`, `x`, `y`, `z`, `w`) values (262, 2, 2048080.0, 26160.0996, 2030340.0, 1.0);
INSERT INTO `region_point` (`region_face_id`, `idx`, `x`, `y`, `z`, `w`) values (262, 3, 2277600.0, 26160.0996, 2182350.0, 1.0);
INSERT INTO `region` (`region_id`, `level_name`, `tree`, `on_enter`, `on_exit`, `on_inside`) values (751, 'ctymarkb', 'camera', '', '', '(setting-pers rain mode ''abs value 0.0000)');
INSERT INTO `region_sphere` (`region_id`, `x`, `y`, `z`, `r`) values (751, 2917330.0, 40404.3007, 3032530.0, 56701.8007);
INSERT INTO `region` (`region_id`, `level_name`, `tree`, `on_enter`, `on_exit`, `on_inside`) values (321, 'ctyasha', 'target', '(send-event "ashelin-tanker-1" ''set-task 0)', '', '');
INSERT INTO `region_face` (`region_face_id`, `region_id`, `kind`, `flags`, `normal_x`, `normal_y`, `normal_z`, `normal_w`, `pos_x`, `pos_y`, `pos_z`, `pos_w`) values (263, 321, 'plane', '', 0.9997, 0.0, -0.0232, 2047114.0, 2093720.0, 73889.6015, 1980260.0, 79425.3984);
INSERT INTO `region_point` (`region_face_id`, `idx`, `x`, `y`, `z`, `w`) values (263, 0, 2095010.0, 130721.0, 2035730.0, 1.0);
INSERT INTO `region_point` (`region_face_id`, `idx`, `x`, `y`, `z`, `w`) values (263, 1, 2095010.0, 17058.1992, 2035730.0, 1.0);
INSERT INTO `region_point` (`region_face_id`, `idx`, `x`, `y`, `z`, `w`) values (263, 2, 2092430.0, 130721.0, 1924790.0, 1.0);
INSERT INTO `region_point` (`region_face_id`, `idx`, `x`, `y`, `z`, `w`) values (263, 3, 2092430.0, 17058.1992, 1924790.0, 1.0);
INSERT INTO `region` (`region_id`, `level_name`, `tree`, `on_enter`, `on_exit`, `on_inside`) values (139, 'onintent', 'target', '', '', '(sound-play-loop "onin-amb")');
INSERT INTO `region_sphere` (`region_id`, `x`, `y`, `z`, `r`) values (139, 2918718.0, 45326.8007, 3021583.0, 61248.0);
INSERT INTO `region` (`region_id`, `level_name`, `tree`, `on_enter`, `on_exit`, `on_inside`) values (148, 'onintent', 'target', '', '', '(sound-play-loop "onin-birds")');
INSERT INTO `region_sphere` (`region_id`, `x`, `y`, `z`, `r`) values (148, 2909726.0, 42497.2421, 3008362.5, 69148.0);
INSERT INTO `region` (`region_id`, `level_name`, `tree`, `on_enter`, `on_exit`, `on_inside`) values (374, 'onintent', 'target', '(want-vis ''onintent)', '(want-vis ''ctymarkb)', '');
INSERT INTO `region_face` (`region_face_id`, `region_id`, `kind`, `flags`, `normal_x`, `normal_y`, `normal_z`, `normal_w`, `pos_x`, `pos_y`, `pos_z`, `pos_w`) values (264, 374, 'plane', '', -0.0614, 0.0, 0.9981, 2887968.25, 2918839.25, 44220.0781, 3073104.75, 22412.6269);
INSERT INTO `region_point` (`region_face_id`, `idx`, `x`, `y`, `z`, `w`) values (264, 0, 2905225.5, 26435.5507, 3072266.75, 1.0);
INSERT INTO `region_point` (`region_face_id`, `idx`, `x`, `y`, `z`, `w`) values (264, 1, 2932453.0, 26435.5507, 3073942.75, 1.0);
INSERT INTO `region_point` (`region_face_id`, `idx`, `x`, `y`, `z`, `w`) values (264, 2, 2905225.5, 62004.6015, 3072266.75, 1.0);
INSERT INTO `region_point` (`region_face_id`, `idx`, `x`, `y`, `z`, `w`) values (264, 3, 2932453.0, 62004.6015, 3073942.75, 1.0);
INSERT INTO `region` (`region_id`, `level_name`, `tree`, `on_enter`, `on_exit`, `on_inside`) values (149, 'onintent', 'camera', '', '', '(sound-play-loop "magic-bowl")');
INSERT INTO `region_sphere` (`region_id`, `x`, `y`, `z`, `r`) values (149, 2895670.5, 52674.2031, 3030096.5, 36900.0);
INSERT INTO `region` (`region_id`, `level_name`, `tree`, `on_enter`, `on_exit`, `on_inside`) values (735, 'oracle', 'target', '(cond ((task-closed? "city-oracle-level3") #f) ((task-closed? "city-oracle-level2") (unless (task-open? "city-oracle-level3") (talker-spawn "ora016"))) ((task-closed? "city-oracle-level1") (unless (task-open? "city-oracle-level2") (talker-spawn "ora015"))) ((task-closed? "city-oracle-level0") (unless (task-open? "city-oracle-level1") (talker-spawn "ora010"))) ((task-closed? "city-oracle-introduction") (unless (task-open? "city-oracle-level0") (talker-spawn "ora009"))))', '', '');
INSERT INTO `region_sphere` (`region_id`, `x`, `y`, `z`, `r`) values (735, 2900360.0, 21960.8007, -1844470.0, 42463.6015);
INSERT INTO `region` (`region_id`, `level_name`, `tree`, `on_enter`, `on_exit`, `on_inside`) values (757, 'oracle', 'target', '', '', '(begin (unless (or #t (task-open? "city-oracle-level0-training") (task-open? "city-oracle-level1-training") (task-open? "city-oracle-level2-training") (task-open? "city-oracle-level3-training")) (setting-pers calm mode ''run)) (show-hud ''hud-skullgem))');
INSERT INTO `region_sphere` (`region_id`, `x`, `y`, `z`, `r`) values (757, 2891660.0, 33584.8984, -1943840.0, 22746.1992);
INSERT INTO `region` (`region_id`, `level_name`, `tree`, `on_enter`, `on_exit`, `on_inside`) values (383, 'hideout', 'target', '', '', '(setting-pers doorway mode #t)');
INSERT INTO `region_sphere` (`region_id`, `x`, `y`, `z`, `r`) values (383, 4803170.0, 37080.8007, 244731.0, 63927.0);
INSERT INTO `region` (`region_id`, `level_name`, `tree`, `on_enter`, `on_exit`, `on_inside`) values (122, 'hiphog', 'target', '', '', '(sound-play-loop "neon-loop")');
INSERT INTO `region_sphere` (`region_id`, `x`, `y`, `z`, `r`) values (122, -320731.5937, 50936.9921, 5428773.0, 30548.0);
INSERT INTO `region` (`region_id`, `level_name`, `tree`, `on_enter`, `on_exit`, `on_inside`) values (895, 'hiphog', 'target', '', '', '(setting-pers mirror mode #t)');
INSERT INTO `region_face` (`region_face_id`, `region_id`, `kind`, `flags`, `normal_x`, `normal_y`, `normal_z`, `normal_w`, `pos_x`, `pos_y`, `pos_z`, `pos_w`) values (265, 895, 'face', '', 0.8318, 0.0, -0.5549, -3180511.5, -322492.5312, 73535.2656, 5247732.5, 102912.6171);
INSERT INTO `region_point` (`region_face_id`, `idx`, `x`, `y`, `z`, `w`) values (265, 0, -374885.0937, 32573.2714, 5169195.0, 1.0);
INSERT INTO `region_point` (`region_face_id`, `idx`, `x`, `y`, `z`, `w`) values (265, 1, -374885.0937, 114497.289, 5169195.0, 1.0);
INSERT INTO `region_point` (`region_face_id`, `idx`, `x`, `y`, `z`, `w`) values (265, 2, -270099.9687, 32573.2421, 5326270.0, 1.0);
INSERT INTO `region_point` (`region_face_id`, `idx`, `x`, `y`, `z`, `w`) values (265, 3, -270099.9687, 114497.289, 5326270.0, 1.0);
INSERT INTO `region_face` (`region_face_id`, `region_id`, `kind`, `flags`, `normal_x`, `normal_y`, `normal_z`, `normal_w`, `pos_x`, `pos_y`, `pos_z`, `pos_w`) values (266, 895, 'face', '', -0.5151, 0.0, -0.8571, -4237447.5, -445155.4375, 73535.2734, 5211428.5, 91648.6562);
INSERT INTO `region_point` (`region_face_id`, `idx`, `x`, `y`, `z`, `w`) values (266, 0, -515425.7812, 32573.2519, 5253662.0, 1.0);
INSERT INTO `region_point` (`region_face_id`, `idx`, `x`, `y`, `z`, `w`) values (266, 1, -515425.7812, 114497.289, 5253662.0, 1.0);
INSERT INTO `region_point` (`region_face_id`, `idx`, `x`, `y`, `z`, `w`) values (266, 2, -374885.0937, 32573.2714, 5169195.0, 1.0);
INSERT INTO `region_point` (`region_face_id`, `idx`, `x`, `y`, `z`, `w`) values (266, 3, -374885.0937, 114497.289, 5169195.0, 1.0);
INSERT INTO `region_face` (`region_face_id`, `region_id`, `kind`, `flags`, `normal_x`, `normal_y`, `normal_z`, `normal_w`, `pos_x`, `pos_y`, `pos_z`, `pos_w`) values (267, 895, 'face', '', -0.8502, 0.0, 0.5263, 3203526.75, -463692.2812, 73535.2578, 5337232.0, 106480.9296);
INSERT INTO `region_point` (`region_face_id`, `idx`, `x`, `y`, `z`, `w`) values (267, 0, -515425.7812, 32573.2519, 5253662.0, 1.0);
INSERT INTO `region_point` (`region_face_id`, `idx`, `x`, `y`, `z`, `w`) values (267, 1, -411958.7812, 32573.2226, 5420802.0, 1.0);
INSERT INTO `region_point` (`region_face_id`, `idx`, `x`, `y`, `z`, `w`) values (267, 2, -515425.7812, 114497.289, 5253662.0, 1.0);
INSERT INTO `region_point` (`region_face_id`, `idx`, `x`, `y`, `z`, `w`) values (267, 3, -411958.7812, 114497.289, 5420802.0, 1.0);
INSERT INTO `region_face` (`region_face_id`, `region_id`, `kind`, `flags`, `normal_x`, `normal_y`, `normal_z`, `normal_w`, `pos_x`, `pos_y`, `pos_z`, `pos_w`) values (268, 895, 'face', '', 0.0, 1.0, 0.0, 114497.289, -393076.0, 114497.289, 5292100.0, 130079.6015);
INSERT INTO `region_point` (`region_face_id`, `idx`, `x`, `y`, `z`, `w`) values (268, 0, -515425.7812, 114497.289, 5253662.0, 1.0);
INSERT INTO `region_point` (`region_face_id`, `idx`, `x`, `y`, `z`, `w`) values (268, 1, -411958.7812, 114497.289, 5420802.0, 1.0);
INSERT INTO `region_point` (`region_face_id`, `idx`, `x`, `y`, `z`, `w`) values (268, 2, -374885.0937, 114497.289, 5169195.0, 1.0);
INSERT INTO `region_point` (`region_face_id`, `idx`, `x`, `y`, `z`, `w`) values (268, 3, -270099.9687, 114497.289, 5326270.0, 1.0);
INSERT INTO `region_face` (`region_face_id`, `region_id`, `kind`, `flags`, `normal_x`, `normal_y`, `normal_z`, `normal_w`, `pos_x`, `pos_y`, `pos_z`, `pos_w`) values (269, 895, 'face', '', 0.0, -1.0, -0.0, -32574.2656, -393076.0, 32573.246, 5292100.0, 130079.6015);
INSERT INTO `region_point` (`region_face_id`, `idx`, `x`, `y`, `z`, `w`) values (269, 0, -515425.7812, 32573.2519, 5253662.0, 1.0);
INSERT INTO `region_point` (`region_face_id`, `idx`, `x`, `y`, `z`, `w`) values (269, 1, -374885.0937, 32573.2714, 5169195.0, 1.0);
INSERT INTO `region_point` (`region_face_id`, `idx`, `x`, `y`, `z`, `w`) values (269, 2, -411958.7812, 32573.2226, 5420802.0, 1.0);
INSERT INTO `region_point` (`region_face_id`, `idx`, `x`, `y`, `z`, `w`) values (269, 3, -270099.9687, 32573.2421, 5326270.0, 1.0);
INSERT INTO `region_face` (`region_face_id`, `region_id`, `kind`, `flags`, `normal_x`, `normal_y`, `normal_z`, `normal_w`, `pos_x`, `pos_y`, `pos_z`, `pos_w`) values (270, 895, 'face', '', 0.5545, 0.0, 0.8321, 4282529.0, -341029.375, 73535.2578, 5373536.0, 94567.1406);
INSERT INTO `region_point` (`region_face_id`, `idx`, `x`, `y`, `z`, `w`) values (270, 0, -411958.7812, 32573.2226, 5420802.0, 1.0);
INSERT INTO `region_point` (`region_face_id`, `idx`, `x`, `y`, `z`, `w`) values (270, 1, -270099.9687, 32573.2421, 5326270.0, 1.0);
INSERT INTO `region_point` (`region_face_id`, `idx`, `x`, `y`, `z`, `w`) values (270, 2, -411958.7812, 114497.289, 5420802.0, 1.0);
INSERT INTO `region_point` (`region_face_id`, `idx`, `x`, `y`, `z`, `w`) values (270, 3, -270099.9687, 114497.289, 5326270.0, 1.0);
INSERT INTO `region` (`region_id`, `level_name`, `tree`, `on_enter`, `on_exit`, `on_inside`) values (381, 'hiphog', 'target', '', '', '(setting-pers doorway mode #t)');
INSERT INTO `region_sphere` (`region_id`, `x`, `y`, `z`, `r`) values (381, -302618.6875, 44761.1914, 5419880.0, 24152.5996);
INSERT INTO `region` (`region_id`, `level_name`, `tree`, `on_enter`, `on_exit`, `on_inside`) values (624, 'hiphog', 'target', '', '', '(begin (setting-pers calm mode ''run) (setting-pers minimap mode ''clear mask MINIMAP_FLAG_MINIMAP))');
INSERT INTO `region_face` (`region_face_id`, `region_id`, `kind`, `flags`, `normal_x`, `normal_y`, `normal_z`, `normal_w`, `pos_x`, `pos_y`, `pos_z`, `pos_w`) values (271, 624, 'face', '', 0.5545, 0.0, 0.8321, 4345426.5, -308252.0312, 73535.3203, 5427291.0, 94567.289);
INSERT INTO `region_point` (`region_face_id`, `idx`, `x`, `y`, `z`, `w`) values (271, 0, -379181.2812, 32573.2519, 5474557.0, 1.0);
INSERT INTO `region_point` (`region_face_id`, `idx`, `x`, `y`, `z`, `w`) values (271, 1, -237322.7812, 32573.2714, 5380024.5, 1.0);
INSERT INTO `region_point` (`region_face_id`, `idx`, `x`, `y`, `z`, `w`) values (271, 2, -379181.2812, 114497.3906, 5474557.0, 1.0);
INSERT INTO `region_point` (`region_face_id`, `idx`, `x`, `y`, `z`, `w`) values (271, 3, -237322.7812, 114497.3906, 5380024.5, 1.0);
INSERT INTO `region_face` (`region_face_id`, `region_id`, `kind`, `flags`, `normal_x`, `normal_y`, `normal_z`, `normal_w`, `pos_x`, `pos_y`, `pos_z`, `pos_w`) values (272, 624, 'face', '', 0.0, -1.0, -0.0, -32574.3417, -360298.9375, 32573.2753, 5345855.0, 130079.8593);
INSERT INTO `region_point` (`region_face_id`, `idx`, `x`, `y`, `z`, `w`) values (272, 0, -482648.7812, 32573.2812, 5307416.5, 1.0);
INSERT INTO `region_point` (`region_face_id`, `idx`, `x`, `y`, `z`, `w`) values (272, 1, -342107.5937, 32573.3027, 5222949.0, 1.0);
INSERT INTO `region_point` (`region_face_id`, `idx`, `x`, `y`, `z`, `w`) values (272, 2, -379181.2812, 32573.2519, 5474557.0, 1.0);
INSERT INTO `region_point` (`region_face_id`, `idx`, `x`, `y`, `z`, `w`) values (272, 3, -237322.7812, 32573.2714, 5380024.5, 1.0);
INSERT INTO `region_face` (`region_face_id`, `region_id`, `kind`, `flags`, `normal_x`, `normal_y`, `normal_z`, `normal_w`, `pos_x`, `pos_y`, `pos_z`, `pos_w`) values (273, 624, 'face', '', 0.0, 1.0, 0.0, 114497.3906, -360298.9375, 114497.3906, 5345855.0, 130079.8593);
INSERT INTO `region_point` (`region_face_id`, `idx`, `x`, `y`, `z`, `w`) values (273, 0, -482648.7812, 114497.3906, 5307416.5, 1.0);
INSERT INTO `region_point` (`region_face_id`, `idx`, `x`, `y`, `z`, `w`) values (273, 1, -379181.2812, 114497.3906, 5474557.0, 1.0);
INSERT INTO `region_point` (`region_face_id`, `idx`, `x`, `y`, `z`, `w`) values (273, 2, -342107.5937, 114497.3906, 5222949.0, 1.0);
INSERT INTO `region_point` (`region_face_id`, `idx`, `x`, `y`, `z`, `w`) values (273, 3, -237322.7812, 114497.3906, 5380024.5, 1.0);
INSERT INTO `region_face` (`region_face_id`, `region_id`, `kind`, `flags`, `normal_x`, `normal_y`, `normal_z`, `normal_w`, `pos_x`, `pos_y`, `pos_z`, `pos_w`) values (274, 624, 'face', '', -0.8502, 0.0, 0.5263, 3203954.5, -430915.0312, 73535.3203, 5390987.0, 106481.2578);
INSERT INTO `region_point` (`region_face_id`, `idx`, `x`, `y`, `z`, `w`) values (274, 0, -482648.7812, 32573.2812, 5307416.5, 1.0);
INSERT INTO `region_point` (`region_face_id`, `idx`, `x`, `y`, `z`, `w`) values (274, 1, -379181.2812, 32573.2519, 5474557.0, 1.0);
INSERT INTO `region_point` (`region_face_id`, `idx`, `x`, `y`, `z`, `w`) values (274, 2, -482648.7812, 114497.3906, 5307416.5, 1.0);
INSERT INTO `region_point` (`region_face_id`, `idx`, `x`, `y`, `z`, `w`) values (274, 3, -379181.2812, 114497.3906, 5474557.0, 1.0);
INSERT INTO `region_face` (`region_face_id`, `region_id`, `kind`, `flags`, `normal_x`, `normal_y`, `normal_z`, `normal_w`, `pos_x`, `pos_y`, `pos_z`, `pos_w`) values (275, 624, 'face', '', 0.8318, 0.0, -0.5549, -3183063.25, -289715.1875, 73535.3281, 5301487.0, 102912.7421);
INSERT INTO `region_point` (`region_face_id`, `idx`, `x`, `y`, `z`, `w`) values (275, 0, -342107.5937, 32573.3027, 5222949.0, 1.0);
INSERT INTO `region_point` (`region_face_id`, `idx`, `x`, `y`, `z`, `w`) values (275, 1, -342107.5937, 114497.3906, 5222949.0, 1.0);
INSERT INTO `region_point` (`region_face_id`, `idx`, `x`, `y`, `z`, `w`) values (275, 2, -237322.7812, 32573.2714, 5380024.5, 1.0);
INSERT INTO `region_point` (`region_face_id`, `idx`, `x`, `y`, `z`, `w`) values (275, 3, -237322.7812, 114497.3906, 5380024.5, 1.0);
INSERT INTO `region_face` (`region_face_id`, `region_id`, `kind`, `flags`, `normal_x`, `normal_y`, `normal_z`, `normal_w`, `pos_x`, `pos_y`, `pos_z`, `pos_w`) values (276, 624, 'face', '', -0.5151, 0.0, -0.8571, -4300402.5, -412378.1875, 73535.3359, 5265183.0, 91649.1015);
INSERT INTO `region_point` (`region_face_id`, `idx`, `x`, `y`, `z`, `w`) values (276, 0, -482648.7812, 32573.2812, 5307416.5, 1.0);
INSERT INTO `region_point` (`region_face_id`, `idx`, `x`, `y`, `z`, `w`) values (276, 1, -482648.7812, 114497.3906, 5307416.5, 1.0);
INSERT INTO `region_point` (`region_face_id`, `idx`, `x`, `y`, `z`, `w`) values (276, 2, -342107.5937, 32573.3027, 5222949.0, 1.0);
INSERT INTO `region_point` (`region_face_id`, `idx`, `x`, `y`, `z`, `w`) values (276, 3, -342107.5937, 114497.3906, 5222949.0, 1.0);
INSERT INTO `region` (`region_id`, `level_name`, `tree`, `on_enter`, `on_exit`, `on_inside`) values (123, 'hiphog', 'camera', '', '', '(sound-play-loop "hiphog-amb")');
INSERT INTO `region_sphere` (`region_id`, `x`, `y`, `z`, `r`) values (123, -355551.9687, 68136.6953, 5343669.0, 120948.0);
INSERT INTO `region` (`region_id`, `level_name`, `tree`, `on_enter`, `on_exit`, `on_inside`) values (355, 'gungame', 'target', '', '', '(setting-pers string-max-length value (meters 14.0000) mode ''abs)');
INSERT INTO `region_face` (`region_face_id`, `region_id`, `kind`, `flags`, `normal_x`, `normal_y`, `normal_z`, `normal_w`, `pos_x`, `pos_y`, `pos_z`, `pos_w`) values (277, 355, 'face', '', -0.4054, 0.0, 0.9141, 3998489.0, 1478918.125, 74062.4062, 5029968.0, 106220.5703);
INSERT INTO `region_point` (`region_face_id`, `idx`, `x`, `y`, `z`, `w`) values (277, 0, 1389328.0, 33102.4101, 4990235.5, 1.0);
INSERT INTO `region_point` (`region_face_id`, `idx`, `x`, `y`, `z`, `w`) values (277, 1, 1568508.25, 33102.5703, 5069701.0, 1.0);
INSERT INTO `region_point` (`region_face_id`, `idx`, `x`, `y`, `z`, `w`) values (277, 2, 1389328.0, 115022.3984, 4990235.5, 1.0);
INSERT INTO `region_point` (`region_face_id`, `idx`, `x`, `y`, `z`, `w`) values (277, 3, 1568508.25, 115022.2031, 5069701.0, 1.0);
INSERT INTO `region_face` (`region_face_id`, `region_id`, `kind`, `flags`, `normal_x`, `normal_y`, `normal_z`, `normal_w`, `pos_x`, `pos_y`, `pos_z`, `pos_w`) values (278, 355, 'face', '', 0.9278, 0.0, 0.3729, 3345886.25, 1604561.5, 74062.4843, 4979992.5, 105000.789);
INSERT INTO `region_point` (`region_face_id`, `idx`, `x`, `y`, `z`, `w`) values (278, 0, 1640614.75, 33102.6601, 4890284.0, 1.0);
INSERT INTO `region_point` (`region_face_id`, `idx`, `x`, `y`, `z`, `w`) values (278, 1, 1640614.75, 115022.3984, 4890284.0, 1.0);
INSERT INTO `region_point` (`region_face_id`, `idx`, `x`, `y`, `z`, `w`) values (278, 2, 1568508.25, 33102.5703, 5069701.0, 1.0);
INSERT INTO `region_point` (`region_face_id`, `idx`, `x`, `y`, `z`, `w`) values (278, 3, 1568508.25, 115022.2031, 5069701.0, 1.0);
INSERT INTO `region_face` (`region_face_id`, `region_id`, `kind`, `flags`, `normal_x`, `normal_y`, `normal_z`, `normal_w`, `pos_x`, `pos_y`, `pos_z`, `pos_w`) values (279, 355, 'face', '', 0.0, 1.0, 0.0, 115029.5312, 1515600.125, 115022.4062, 4936482.5, 143340.2968);
INSERT INTO `region_point` (`region_face_id`, `idx`, `x`, `y`, `z`, `w`) values (279, 0, 1462692.0, 115022.6015, 4803264.0, 1.0);
INSERT INTO `region_point` (`region_face_id`, `idx`, `x`, `y`, `z`, `w`) values (279, 1, 1389328.0, 115022.3984, 4990235.5, 1.0);
INSERT INTO `region_point` (`region_face_id`, `idx`, `x`, `y`, `z`, `w`) values (279, 2, 1640614.75, 115022.3984, 4890284.0, 1.0);
INSERT INTO `region_point` (`region_face_id`, `idx`, `x`, `y`, `z`, `w`) values (279, 3, 1568508.25, 115022.2031, 5069701.0, 1.0);
INSERT INTO `region_face` (`region_face_id`, `region_id`, `kind`, `flags`, `normal_x`, `normal_y`, `normal_z`, `normal_w`, `pos_x`, `pos_y`, `pos_z`, `pos_w`) values (280, 355, 'face', '', 0.0, -1.0, -0.0, -33101.207, 1515600.125, 33102.5312, 4936482.5, 143340.2968);
INSERT INTO `region_point` (`region_face_id`, `idx`, `x`, `y`, `z`, `w`) values (280, 0, 1462692.0, 33102.4882, 4803264.0, 1.0);
INSERT INTO `region_point` (`region_face_id`, `idx`, `x`, `y`, `z`, `w`) values (280, 1, 1640614.75, 33102.6601, 4890284.0, 1.0);
INSERT INTO `region_point` (`region_face_id`, `idx`, `x`, `y`, `z`, `w`) values (280, 2, 1389328.0, 33102.4101, 4990235.5, 1.0);
INSERT INTO `region_point` (`region_face_id`, `idx`, `x`, `y`, `z`, `w`) values (280, 3, 1568508.25, 33102.5703, 5069701.0, 1.0);
INSERT INTO `region_face` (`region_face_id`, `region_id`, `kind`, `flags`, `normal_x`, `normal_y`, `normal_z`, `normal_w`, `pos_x`, `pos_y`, `pos_z`, `pos_w`) values (281, 355, 'face', '', 0.4393, 0.0, -0.8983, -3672196.0, 1551653.375, 74062.5468, 4846774.0, 107167.9687);
INSERT INTO `region_point` (`region_face_id`, `idx`, `x`, `y`, `z`, `w`) values (281, 0, 1462692.0, 33102.4882, 4803264.0, 1.0);
INSERT INTO `region_point` (`region_face_id`, `idx`, `x`, `y`, `z`, `w`) values (281, 1, 1462692.0, 115022.6015, 4803264.0, 1.0);
INSERT INTO `region_point` (`region_face_id`, `idx`, `x`, `y`, `z`, `w`) values (281, 2, 1640614.75, 33102.6601, 4890284.0, 1.0);
INSERT INTO `region_point` (`region_face_id`, `idx`, `x`, `y`, `z`, `w`) values (281, 3, 1640614.75, 115022.3984, 4890284.0, 1.0);
INSERT INTO `region_face` (`region_face_id`, `region_id`, `kind`, `flags`, `normal_x`, `normal_y`, `normal_z`, `normal_w`, `pos_x`, `pos_y`, `pos_z`, `pos_w`) values (282, 355, 'face', '', -0.9309, 0.0, -0.3652, -3116102.5, 1426010.0, 74062.5078, 4896749.5, 108456.8281);
INSERT INTO `region_point` (`region_face_id`, `idx`, `x`, `y`, `z`, `w`) values (282, 0, 1462692.0, 33102.4882, 4803264.0, 1.0);
INSERT INTO `region_point` (`region_face_id`, `idx`, `x`, `y`, `z`, `w`) values (282, 1, 1389328.0, 33102.4101, 4990235.5, 1.0);
INSERT INTO `region_point` (`region_face_id`, `idx`, `x`, `y`, `z`, `w`) values (282, 2, 1462692.0, 115022.6015, 4803264.0, 1.0);
INSERT INTO `region_point` (`region_face_id`, `idx`, `x`, `y`, `z`, `w`) values (282, 3, 1389328.0, 115022.3984, 4990235.5, 1.0);
INSERT INTO `region` (`region_id`, `level_name`, `tree`, `on_enter`, `on_exit`, `on_inside`) values (382, 'gungame', 'target', '', '', '(setting-pers doorway mode #t)');
INSERT INTO `region_sphere` (`region_id`, `x`, `y`, `z`, `r`) values (382, 3430802.0, 79750.2031, 10391392.0, 17370.3007);
INSERT INTO `region` (`region_id`, `level_name`, `tree`, `on_enter`, `on_exit`, `on_inside`) values (423, 'gungame', 'target', '', '', '(setting-pers doorway mode #t)');
INSERT INTO `region_sphere` (`region_id`, `x`, `y`, `z`, `r`) values (423, 1761994.25, 37496.1289, 5369076.0, 27303.6992);
INSERT INTO `region` (`region_id`, `level_name`, `tree`, `on_enter`, `on_exit`, `on_inside`) values (538, 'gungame', 'target', '(send-event "training-manager-2" ''start)', '', '');
INSERT INTO `region_face` (`region_face_id`, `region_id`, `kind`, `flags`, `normal_x`, `normal_y`, `normal_z`, `normal_w`, `pos_x`, `pos_y`, `pos_z`, `pos_w`) values (283, 538, 'plane', '', -0.4142, 0.0, 0.9101, 4080372.5, 1799725.625, 69093.6406, 5302236.0, 87404.4609);
INSERT INTO `region_point` (`region_face_id`, `idx`, `x`, `y`, `z`, `w`) values (283, 0, 1729276.25, 109693.2031, 5270172.0, 1.0);
INSERT INTO `region_point` (`region_face_id`, `idx`, `x`, `y`, `z`, `w`) values (283, 1, 1729276.25, 28494.08, 5270172.0, 1.0);
INSERT INTO `region_point` (`region_face_id`, `idx`, `x`, `y`, `z`, `w`) values (283, 2, 1870175.0, 109693.2031, 5334300.0, 1.0);
INSERT INTO `region_point` (`region_face_id`, `idx`, `x`, `y`, `z`, `w`) values (283, 3, 1870175.0, 28494.08, 5334300.0, 1.0);
INSERT INTO `region` (`region_id`, `level_name`, `tree`, `on_enter`, `on_exit`, `on_inside`) values (646, 'gungame', 'target', '', '', '(setting-pers minimap mode ''clear mask MINIMAP_FLAG_MINIMAP)');
INSERT INTO `region_face` (`region_face_id`, `region_id`, `kind`, `flags`, `normal_x`, `normal_y`, `normal_z`, `normal_w`, `pos_x`, `pos_y`, `pos_z`, `pos_w`) values (284, 646, 'face', '', -0.0, -1.0, 0.0, -20882.2539, 1806513.375, 20886.2011, 5287613.5, 133687.6406);
INSERT INTO `region_point` (`region_face_id`, `idx`, `x`, `y`, `z`, `w`) values (284, 0, 1765895.625, 20886.0996, 5162630.0, 1.0);
INSERT INTO `region_point` (`region_face_id`, `idx`, `x`, `y`, `z`, `w`) values (284, 1, 1925593.0, 20886.0996, 5249389.0, 1.0);
INSERT INTO `region_point` (`region_face_id`, `idx`, `x`, `y`, `z`, `w`) values (284, 2, 1682318.125, 20886.3007, 5337090.0, 1.0);
INSERT INTO `region_point` (`region_face_id`, `idx`, `x`, `y`, `z`, `w`) values (284, 3, 1851597.0, 20886.3007, 5410818.0, 1.0);
INSERT INTO `region_face` (`region_face_id`, `region_id`, `kind`, `flags`, `normal_x`, `normal_y`, `normal_z`, `normal_w`, `pos_x`, `pos_y`, `pos_z`, `pos_w`) values (285, 646, 'face', '', -0.9018, 0.0, -0.432, -3823064.5, 1724106.875, 61846.1992, 5249860.0, 105038.5781);
INSERT INTO `region_point` (`region_face_id`, `idx`, `x`, `y`, `z`, `w`) values (285, 0, 1765895.625, 20886.0996, 5162630.0, 1.0);
INSERT INTO `region_point` (`region_face_id`, `idx`, `x`, `y`, `z`, `w`) values (285, 1, 1682318.125, 20886.3007, 5337090.0, 1.0);
INSERT INTO `region_point` (`region_face_id`, `idx`, `x`, `y`, `z`, `w`) values (285, 2, 1765895.625, 102805.8984, 5162630.0, 1.0);
INSERT INTO `region_point` (`region_face_id`, `idx`, `x`, `y`, `z`, `w`) values (285, 3, 1682318.125, 102806.2968, 5337090.0, 1.0);
INSERT INTO `region_face` (`region_face_id`, `region_id`, `kind`, `flags`, `normal_x`, `normal_y`, `normal_z`, `normal_w`, `pos_x`, `pos_y`, `pos_z`, `pos_w`) values (286, 646, 'face', '', 0.4773, 0.0, -0.8787, -3693416.25, 1845744.25, 61846.0, 5206009.5, 99676.0625);
INSERT INTO `region_point` (`region_face_id`, `idx`, `x`, `y`, `z`, `w`) values (286, 0, 1765895.625, 20886.0996, 5162630.0, 1.0);
INSERT INTO `region_point` (`region_face_id`, `idx`, `x`, `y`, `z`, `w`) values (286, 1, 1765895.625, 102805.8984, 5162630.0, 1.0);
INSERT INTO `region_point` (`region_face_id`, `idx`, `x`, `y`, `z`, `w`) values (286, 2, 1925593.0, 20886.0996, 5249389.0, 1.0);
INSERT INTO `region_point` (`region_face_id`, `idx`, `x`, `y`, `z`, `w`) values (286, 3, 1925593.0, 102805.8984, 5249389.0, 1.0);
INSERT INTO `region_face` (`region_face_id`, `region_id`, `kind`, `flags`, `normal_x`, `normal_y`, `normal_z`, `normal_w`, `pos_x`, `pos_y`, `pos_z`, `pos_w`) values (287, 646, 'face', '', -0.3993, 0.0, 0.9168, 4221357.5, 1766957.5, 61846.2968, 5373954.0, 100997.625);
INSERT INTO `region_point` (`region_face_id`, `idx`, `x`, `y`, `z`, `w`) values (287, 0, 1682318.125, 20886.3007, 5337090.0, 1.0);
INSERT INTO `region_point` (`region_face_id`, `idx`, `x`, `y`, `z`, `w`) values (287, 1, 1851597.0, 20886.3007, 5410818.0, 1.0);
INSERT INTO `region_point` (`region_face_id`, `idx`, `x`, `y`, `z`, `w`) values (287, 2, 1682318.125, 102806.2968, 5337090.0, 1.0);
INSERT INTO `region_point` (`region_face_id`, `idx`, `x`, `y`, `z`, `w`) values (287, 3, 1851597.0, 102806.2031, 5410818.0, 1.0);
INSERT INTO `region_face` (`region_face_id`, `region_id`, `kind`, `flags`, `normal_x`, `normal_y`, `normal_z`, `normal_w`, `pos_x`, `pos_y`, `pos_z`, `pos_w`) values (288, 646, 'face', '', 0.0, 1.0, -0.0, 102798.2812, 1806513.375, 102806.0546, 5287613.5, 133687.6406);
INSERT INTO `region_point` (`region_face_id`, `idx`, `x`, `y`, `z`, `w`) values (288, 0, 1765895.625, 102805.8984, 5162630.0, 1.0);
INSERT INTO `region_point` (`region_face_id`, `idx`, `x`, `y`, `z`, `w`) values (288, 1, 1682318.125, 102806.2968, 5337090.0, 1.0);
INSERT INTO `region_point` (`region_face_id`, `idx`, `x`, `y`, `z`, `w`) values (288, 2, 1925593.0, 102805.8984, 5249389.0, 1.0);
INSERT INTO `region_point` (`region_face_id`, `idx`, `x`, `y`, `z`, `w`) values (288, 3, 1851597.0, 102806.2031, 5410818.0, 1.0);
INSERT INTO `region_face` (`region_face_id`, `region_id`, `kind`, `flags`, `normal_x`, `normal_y`, `normal_z`, `normal_w`, `pos_x`, `pos_y`, `pos_z`, `pos_w`) values (289, 646, 'face', '', 0.909, 0.0, 0.4166, 3937828.25, 1888595.0, 61846.1523, 5330103.5, 97782.4531);
INSERT INTO `region_point` (`region_face_id`, `idx`, `x`, `y`, `z`, `w`) values (289, 0, 1925593.0, 20886.0996, 5249389.0, 1.0);
INSERT INTO `region_point` (`region_face_id`, `idx`, `x`, `y`, `z`, `w`) values (289, 1, 1925593.0, 102805.8984, 5249389.0, 1.0);
INSERT INTO `region_point` (`region_face_id`, `idx`, `x`, `y`, `z`, `w`) values (289, 2, 1851597.0, 20886.3007, 5410818.0, 1.0);
INSERT INTO `region_point` (`region_face_id`, `idx`, `x`, `y`, `z`, `w`) values (289, 3, 1851597.0, 102806.2031, 5410818.0, 1.0);
INSERT INTO `region` (`region_id`, `level_name`, `tree`, `on_enter`, `on_exit`, `on_inside`) values (356, 'prison', 'target', '(talker-spawn "DSbop002")', '', '');
INSERT INTO `region_face` (`region_face_id`, `region_id`, `kind`, `flags`, `normal_x`, `normal_y`, `normal_z`, `normal_w`, `pos_x`, `pos_y`, `pos_z`, `pos_w`) values (290, 356, 'face', '', 0.0, 0.0, 1.0, 445890.0, 2076047.75, 63113.8984, 445890.0, 46160.9882);
INSERT INTO `region_point` (`region_face_id`, `idx`, `x`, `y`, `z`, `w`) values (290, 0, 2054761.25, 22153.9003, 445890.0, 1.0);
INSERT INTO `region_point` (`region_face_id`, `idx`, `x`, `y`, `z`, `w`) values (290, 1, 2097334.25, 22153.9003, 445890.0, 1.0);
INSERT INTO `region_point` (`region_face_id`, `idx`, `x`, `y`, `z`, `w`) values (290, 2, 2054761.25, 104073.8984, 445890.0, 1.0);
INSERT INTO `region_point` (`region_face_id`, `idx`, `x`, `y`, `z`, `w`) values (290, 3, 2097334.25, 104073.8984, 445890.0, 1.0);
INSERT INTO `region_face` (`region_face_id`, `region_id`, `kind`, `flags`, `normal_x`, `normal_y`, `normal_z`, `normal_w`, `pos_x`, `pos_y`, `pos_z`, `pos_w`) values (291, 356, 'face', '', 1.0, 0.0, 0.0, 2097334.25, 2097334.25, 63113.8984, 404930.0, 57926.1875);
INSERT INTO `region_point` (`region_face_id`, `idx`, `x`, `y`, `z`, `w`) values (291, 0, 2097334.25, 22153.9003, 363970.0, 1.0);
INSERT INTO `region_point` (`region_face_id`, `idx`, `x`, `y`, `z`, `w`) values (291, 1, 2097334.25, 104073.8984, 363970.0, 1.0);
INSERT INTO `region_point` (`region_face_id`, `idx`, `x`, `y`, `z`, `w`) values (291, 2, 2097334.25, 22153.9003, 445890.0, 1.0);
INSERT INTO `region_point` (`region_face_id`, `idx`, `x`, `y`, `z`, `w`) values (291, 3, 2097334.25, 104073.8984, 445890.0, 1.0);
INSERT INTO `region_face` (`region_face_id`, `region_id`, `kind`, `flags`, `normal_x`, `normal_y`, `normal_z`, `normal_w`, `pos_x`, `pos_y`, `pos_z`, `pos_w`) values (292, 356, 'face', '', 0.0, 1.0, 0.0, 104073.8984, 2076047.75, 104073.8984, 404930.0, 46160.9882);
INSERT INTO `region_point` (`region_face_id`, `idx`, `x`, `y`, `z`, `w`) values (292, 0, 2054761.25, 104073.8984, 363970.0, 1.0);
INSERT INTO `region_point` (`region_face_id`, `idx`, `x`, `y`, `z`, `w`) values (292, 1, 2054761.25, 104073.8984, 445890.0, 1.0);
INSERT INTO `region_point` (`region_face_id`, `idx`, `x`, `y`, `z`, `w`) values (292, 2, 2097334.25, 104073.8984, 363970.0, 1.0);
INSERT INTO `region_point` (`region_face_id`, `idx`, `x`, `y`, `z`, `w`) values (292, 3, 2097334.25, 104073.8984, 445890.0, 1.0);
INSERT INTO `region_face` (`region_face_id`, `region_id`, `kind`, `flags`, `normal_x`, `normal_y`, `normal_z`, `normal_w`, `pos_x`, `pos_y`, `pos_z`, `pos_w`) values (293, 356, 'face', '', 0.0, -1.0, 0.0, -22153.9003, 2076047.75, 22153.9003, 404930.0, 46160.9882);
INSERT INTO `region_point` (`region_face_id`, `idx`, `x`, `y`, `z`, `w`) values (293, 0, 2054761.25, 22153.9003, 363970.0, 1.0);
INSERT INTO `region_point` (`region_face_id`, `idx`, `x`, `y`, `z`, `w`) values (293, 1, 2097334.25, 22153.9003, 363970.0, 1.0);
INSERT INTO `region_point` (`region_face_id`, `idx`, `x`, `y`, `z`, `w`) values (293, 2, 2054761.25, 22153.9003, 445890.0, 1.0);
INSERT INTO `region_point` (`region_face_id`, `idx`, `x`, `y`, `z`, `w`) values (293, 3, 2097334.25, 22153.9003, 445890.0, 1.0);
INSERT INTO `region_face` (`region_face_id`, `region_id`, `kind`, `flags`, `normal_x`, `normal_y`, `normal_z`, `normal_w`, `pos_x`, `pos_y`, `pos_z`, `pos_w`) values (294, 356, 'face', '', 0.0, 0.0, -1.0, -363970.0, 2076047.75, 63113.8984, 363970.0, 46160.9882);
INSERT INTO `region_point` (`region_face_id`, `idx`, `x`, `y`, `z`, `w`) values (294, 0, 2054761.25, 22153.9003, 363970.0, 1.0);
INSERT INTO `region_point` (`region_face_id`, `idx`, `x`, `y`, `z`, `w`) values (294, 1, 2054761.25, 104073.8984, 363970.0, 1.0);
INSERT INTO `region_point` (`region_face_id`, `idx`, `x`, `y`, `z`, `w`) values (294, 2, 2097334.25, 22153.9003, 363970.0, 1.0);
INSERT INTO `region_point` (`region_face_id`, `idx`, `x`, `y`, `z`, `w`) values (294, 3, 2097334.25, 104073.8984, 363970.0, 1.0);
INSERT INTO `region_face` (`region_face_id`, `region_id`, `kind`, `flags`, `normal_x`, `normal_y`, `normal_z`, `normal_w`, `pos_x`, `pos_y`, `pos_z`, `pos_w`) values (295, 356, 'face', '', -1.0, 0.0, 0.0, -2054761.25, 2054761.25, 63113.8984, 404930.0, 57926.1875);
INSERT INTO `region_point` (`region_face_id`, `idx`, `x`, `y`, `z`, `w`) values (295, 0, 2054761.25, 22153.9003, 363970.0, 1.0);
INSERT INTO `region_point` (`region_face_id`, `idx`, `x`, `y`, `z`, `w`) values (295, 1, 2054761.25, 22153.9003, 445890.0, 1.0);
INSERT INTO `region_point` (`region_face_id`, `idx`, `x`, `y`, `z`, `w`) values (295, 2, 2054761.25, 104073.8984, 363970.0, 1.0);
INSERT INTO `region_point` (`region_face_id`, `idx`, `x`, `y`, `z`, `w`) values (295, 3, 2054761.25, 104073.8984, 445890.0, 1.0);
INSERT INTO `region` (`region_id`, `level_name`, `tree`, `on_enter`, `on_exit`, `on_inside`) values (357, 'prison', 'target', '(talker-spawn "DSbop004")', '', '');
INSERT INTO `region_face` (`region_face_id`, `region_id`, `kind`, `flags`, `normal_x`, `normal_y`, `normal_z`, `normal_w`, `pos_x`, `pos_y`, `pos_z`, `pos_w`) values (296, 357, 'face', '', 0.0, -1.0, -0.0, -84083.5703, 2261056.75, 84086.9453, 711896.625, 27785.1484);
INSERT INTO `region_point` (`region_face_id`, `idx`, `x`, `y`, `z`, `w`) values (296, 0, 2243107.5, 84087.0, 690687.1875, 1.0);
INSERT INTO `region_point` (`region_face_id`, `idx`, `x`, `y`, `z`, `w`) values (296, 1, 2279224.0, 84087.1015, 692524.5, 1.0);
INSERT INTO `region_point` (`region_face_id`, `idx`, `x`, `y`, `z`, `w`) values (296, 2, 2242890.0, 84086.7968, 731268.875, 1.0);
INSERT INTO `region_point` (`region_face_id`, `idx`, `x`, `y`, `z`, `w`) values (296, 3, 2279006.0, 84086.8984, 733106.0, 1.0);
INSERT INTO `region_face` (`region_face_id`, `region_id`, `kind`, `flags`, `normal_x`, `normal_y`, `normal_z`, `normal_w`, `pos_x`, `pos_y`, `pos_z`, `pos_w`) values (297, 357, 'face', '', -0.9999, 0.0, -0.0053, -2246776.75, 2242999.0, 119841.8984, 710978.0, 41111.539);
INSERT INTO `region_point` (`region_face_id`, `idx`, `x`, `y`, `z`, `w`) values (297, 0, 2243107.5, 84087.0, 690687.1875, 1.0);
INSERT INTO `region_point` (`region_face_id`, `idx`, `x`, `y`, `z`, `w`) values (297, 1, 2242890.0, 84086.7968, 731268.875, 1.0);
INSERT INTO `region_point` (`region_face_id`, `idx`, `x`, `y`, `z`, `w`) values (297, 2, 2243107.75, 155597.0, 690687.1875, 1.0);
INSERT INTO `region_point` (`region_face_id`, `idx`, `x`, `y`, `z`, `w`) values (297, 3, 2242890.25, 155596.0, 731268.875, 1.0);
INSERT INTO `region_face` (`region_face_id`, `region_id`, `kind`, `flags`, `normal_x`, `normal_y`, `normal_z`, `normal_w`, `pos_x`, `pos_y`, `pos_z`, `pos_w`) values (298, 357, 'face', '', 0.0508, -0.0, -0.9987, -575831.5625, 2261165.75, 119842.0, 691605.875, 40067.0);
INSERT INTO `region_point` (`region_face_id`, `idx`, `x`, `y`, `z`, `w`) values (298, 0, 2243107.5, 84087.0, 690687.1875, 1.0);
INSERT INTO `region_point` (`region_face_id`, `idx`, `x`, `y`, `z`, `w`) values (298, 1, 2243107.75, 155597.0, 690687.1875, 1.0);
INSERT INTO `region_point` (`region_face_id`, `idx`, `x`, `y`, `z`, `w`) values (298, 2, 2279224.0, 84087.1015, 692524.5, 1.0);
INSERT INTO `region_point` (`region_face_id`, `idx`, `x`, `y`, `z`, `w`) values (298, 3, 2279224.0, 155597.0, 692524.5, 1.0);
INSERT INTO `region_face` (`region_face_id`, `region_id`, `kind`, `flags`, `normal_x`, `normal_y`, `normal_z`, `normal_w`, `pos_x`, `pos_y`, `pos_z`, `pos_w`) values (299, 357, 'face', '', -0.0508, 0.0, 0.9987, 616382.125, 2260948.0, 119841.8984, 732187.4375, 40066.9726);
INSERT INTO `region_point` (`region_face_id`, `idx`, `x`, `y`, `z`, `w`) values (299, 0, 2242890.0, 84086.7968, 731268.875, 1.0);
INSERT INTO `region_point` (`region_face_id`, `idx`, `x`, `y`, `z`, `w`) values (299, 1, 2279006.0, 84086.8984, 733106.0, 1.0);
INSERT INTO `region_point` (`region_face_id`, `idx`, `x`, `y`, `z`, `w`) values (299, 2, 2242890.25, 155596.0, 731268.875, 1.0);
INSERT INTO `region_point` (`region_face_id`, `idx`, `x`, `y`, `z`, `w`) values (299, 3, 2279006.0, 155597.0, 733106.0, 1.0);
INSERT INTO `region_face` (`region_face_id`, `region_id`, `kind`, `flags`, `normal_x`, `normal_y`, `normal_z`, `normal_w`, `pos_x`, `pos_y`, `pos_z`, `pos_w`) values (300, 357, 'face', '', -0.0, 1.0, 0.0, 155611.2031, 2261057.0, 155597.0, 711896.625, 27785.0683);
INSERT INTO `region_point` (`region_face_id`, `idx`, `x`, `y`, `z`, `w`) values (300, 0, 2243107.75, 155597.0, 690687.1875, 1.0);
INSERT INTO `region_point` (`region_face_id`, `idx`, `x`, `y`, `z`, `w`) values (300, 1, 2242890.25, 155596.0, 731268.875, 1.0);
INSERT INTO `region_point` (`region_face_id`, `idx`, `x`, `y`, `z`, `w`) values (300, 2, 2279224.0, 155597.0, 692524.5, 1.0);
INSERT INTO `region_point` (`region_face_id`, `idx`, `x`, `y`, `z`, `w`) values (300, 3, 2279006.0, 155597.0, 733106.0, 1.0);
INSERT INTO `region_face` (`region_face_id`, `region_id`, `kind`, `flags`, `normal_x`, `normal_y`, `normal_z`, `normal_w`, `pos_x`, `pos_y`, `pos_z`, `pos_w`) values (301, 357, 'face', '', 0.9999, 0.0, 0.0053, 2282911.25, 2279115.0, 119841.9531, 712815.25, 41111.4335);
INSERT INTO `region_point` (`region_face_id`, `idx`, `x`, `y`, `z`, `w`) values (301, 0, 2279224.0, 84087.1015, 692524.5, 1.0);
INSERT INTO `region_point` (`region_face_id`, `idx`, `x`, `y`, `z`, `w`) values (301, 1, 2279224.0, 155597.0, 692524.5, 1.0);
INSERT INTO `region_point` (`region_face_id`, `idx`, `x`, `y`, `z`, `w`) values (301, 2, 2279006.0, 84086.8984, 733106.0, 1.0);
INSERT INTO `region_point` (`region_face_id`, `idx`, `x`, `y`, `z`, `w`) values (301, 3, 2279006.0, 155597.0, 733106.0, 1.0);
INSERT INTO `region` (`region_id`, `level_name`, `tree`, `on_enter`, `on_exit`, `on_inside`) values (359, 'prison', 'target', '', '', '(talker-spawn "ds020")');
INSERT INTO `region_face` (`region_face_id`, `region_id`, `kind`, `flags`, `normal_x`, `normal_y`, `normal_z`, `normal_w`, `pos_x`, `pos_y`, `pos_z`, `pos_w`) values (302, 359, 'face', '', 0.0, -1.0, 0.0, -58518.3007, 2191471.25, 58518.3007, 471347.0, 46435.0664);
INSERT INTO `region_point` (`region_face_id`, `idx`, `x`, `y`, `z`, `w`) values (302, 0, 2169596.75, 58518.3007, 430387.0, 1.0);
INSERT INTO `region_point` (`region_face_id`, `idx`, `x`, `y`, `z`, `w`) values (302, 1, 2213345.75, 58518.3007, 430387.0, 1.0);
INSERT INTO `region_point` (`region_face_id`, `idx`, `x`, `y`, `z`, `w`) values (302, 2, 2169596.75, 58518.3007, 512307.0, 1.0);
INSERT INTO `region_point` (`region_face_id`, `idx`, `x`, `y`, `z`, `w`) values (302, 3, 2213345.75, 58518.3007, 512307.0, 1.0);
INSERT INTO `region_face` (`region_face_id`, `region_id`, `kind`, `flags`, `normal_x`, `normal_y`, `normal_z`, `normal_w`, `pos_x`, `pos_y`, `pos_z`, `pos_w`) values (303, 359, 'face', '', -1.0, 0.0, 0.0, -2169596.75, 2169596.75, 80980.6015, 471347.0, 46714.8437);
INSERT INTO `region_point` (`region_face_id`, `idx`, `x`, `y`, `z`, `w`) values (303, 0, 2169596.75, 58518.3007, 430387.0, 1.0);
INSERT INTO `region_point` (`region_face_id`, `idx`, `x`, `y`, `z`, `w`) values (303, 1, 2169596.75, 58518.3007, 512307.0, 1.0);
INSERT INTO `region_point` (`region_face_id`, `idx`, `x`, `y`, `z`, `w`) values (303, 2, 2169596.75, 103442.8984, 430387.0, 1.0);
INSERT INTO `region_point` (`region_face_id`, `idx`, `x`, `y`, `z`, `w`) values (303, 3, 2169596.75, 103442.8984, 512307.0, 1.0);
INSERT INTO `region_face` (`region_face_id`, `region_id`, `kind`, `flags`, `normal_x`, `normal_y`, `normal_z`, `normal_w`, `pos_x`, `pos_y`, `pos_z`, `pos_w`) values (304, 359, 'face', '', 0.0, 0.0, -1.0, -430387.0, 2191471.25, 80980.6015, 430387.0, 31353.6074);
INSERT INTO `region_point` (`region_face_id`, `idx`, `x`, `y`, `z`, `w`) values (304, 0, 2169596.75, 58518.3007, 430387.0, 1.0);
INSERT INTO `region_point` (`region_face_id`, `idx`, `x`, `y`, `z`, `w`) values (304, 1, 2169596.75, 103442.8984, 430387.0, 1.0);
INSERT INTO `region_point` (`region_face_id`, `idx`, `x`, `y`, `z`, `w`) values (304, 2, 2213345.75, 58518.3007, 430387.0, 1.0);
INSERT INTO `region_point` (`region_face_id`, `idx`, `x`, `y`, `z`, `w`) values (304, 3, 2213345.75, 103442.8984, 430387.0, 1.0);
INSERT INTO `region_face` (`region_face_id`, `region_id`, `kind`, `flags`, `normal_x`, `normal_y`, `normal_z`, `normal_w`, `pos_x`, `pos_y`, `pos_z`, `pos_w`) values (305, 359, 'face', '', 0.0, 0.0, 1.0, 512307.0, 2191471.25, 80980.6015, 512307.0, 31353.6074);
INSERT INTO `region_point` (`region_face_id`, `idx`, `x`, `y`, `z`, `w`) values (305, 0, 2169596.75, 58518.3007, 512307.0, 1.0);
INSERT INTO `region_point` (`region_face_id`, `idx`, `x`, `y`, `z`, `w`) values (305, 1, 2213345.75, 58518.3007, 512307.0, 1.0);
INSERT INTO `region_point` (`region_face_id`, `idx`, `x`, `y`, `z`, `w`) values (305, 2, 2169596.75, 103442.8984, 512307.0, 1.0);
INSERT INTO `region_point` (`region_face_id`, `idx`, `x`, `y`, `z`, `w`) values (305, 3, 2213345.75, 103442.8984, 512307.0, 1.0);
INSERT INTO `region_face` (`region_face_id`, `region_id`, `kind`, `flags`, `normal_x`, `normal_y`, `normal_z`, `normal_w`, `pos_x`, `pos_y`, `pos_z`, `pos_w`) values (306, 359, 'face', '', 0.0, 1.0, 0.0, 103442.8984, 2191471.25, 103442.8984, 471347.0, 46435.0664);
INSERT INTO `region_point` (`region_face_id`, `idx`, `x`, `y`, `z`, `w`) values (306, 0, 2169596.75, 103442.8984, 430387.0, 1.0);
INSERT INTO `region_point` (`region_face_id`, `idx`, `x`, `y`, `z`, `w`) values (306, 1, 2169596.75, 103442.8984, 512307.0, 1.0);
INSERT INTO `region_point` (`region_face_id`, `idx`, `x`, `y`, `z`, `w`) values (306, 2, 2213345.75, 103442.8984, 430387.0, 1.0);
INSERT INTO `region_point` (`region_face_id`, `idx`, `x`, `y`, `z`, `w`) values (306, 3, 2213345.75, 103442.8984, 512307.0, 1.0);
INSERT INTO `region_face` (`region_face_id`, `region_id`, `kind`, `flags`, `normal_x`, `normal_y`, `normal_z`, `normal_w`, `pos_x`, `pos_y`, `pos_z`, `pos_w`) values (307, 359, 'face', '', 1.0, 0.0, 0.0, 2213345.75, 2213345.75, 80980.6015, 471347.0, 46714.8437);
INSERT INTO `region_point` (`region_face_id`, `idx`, `x`, `y`, `z`, `w`) values (307, 0, 2213345.75, 58518.3007, 430387.0, 1.0);
INSERT INTO `region_point` (`region_face_id`, `idx`, `x`, `y`, `z`, `w`) values (307, 1, 2213345.75, 103442.8984, 430387.0, 1.0);
INSERT INTO `region_point` (`region_face_id`, `idx`, `x`, `y`, `z`, `w`) values (307, 2, 2213345.75, 58518.3007, 512307.0, 1.0);
INSERT INTO `region_point` (`region_face_id`, `idx`, `x`, `y`, `z`, `w`) values (307, 3, 2213345.75, 103442.8984, 512307.0, 1.0);
INSERT INTO `region` (`region_id`, `level_name`, `tree`, `on_enter`, `on_exit`, `on_inside`) values (472, 'prison', 'target', '', '', '(talker-spawn "cityv039")');
INSERT INTO `region_sphere` (`region_id`, `x`, `y`, `z`, `r`) values (472, 2195284.75, 68878.8984, 612678.0, 29223.3007);
INSERT INTO `region` (`region_id`, `level_name`, `tree`, `on_enter`, `on_exit`, `on_inside`) values (517, 'prison', 'target', '(endlessfall)', '', '');
INSERT INTO `region_face` (`region_face_id`, `region_id`, `kind`, `flags`, `normal_x`, `normal_y`, `normal_z`, `normal_w`, `pos_x`, `pos_y`, `pos_z`, `pos_w`) values (308, 517, 'plane', '', 0.0, 1.0, 0.0, 7250.5, 1930785.5, 7250.5, 396947.0, 142452.8125);
INSERT INTO `region_point` (`region_face_id`, `idx`, `x`, `y`, `z`, `w`) values (308, 0, 1850780.0, 7250.5, 279083.0, 1.0);
INSERT INTO `region_point` (`region_face_id`, `idx`, `x`, `y`, `z`, `w`) values (308, 1, 1850780.0, 7250.5, 514811.0, 1.0);
INSERT INTO `region_point` (`region_face_id`, `idx`, `x`, `y`, `z`, `w`) values (308, 2, 2010791.0, 7250.5, 279083.0, 1.0);
INSERT INTO `region_point` (`region_face_id`, `idx`, `x`, `y`, `z`, `w`) values (308, 3, 2010791.0, 7250.5, 514811.0, 1.0);
INSERT INTO `region` (`region_id`, `level_name`, `tree`, `on_enter`, `on_exit`, `on_inside`) values (556, 'prison', 'target', '(when (and (task-closed? "fortress-save-friends-introduction") (not (task-closed? "fortress-save-friends-resolution"))) (scene-play "fortress-save-friends-res"))', '', '');
INSERT INTO `region_sphere` (`region_id`, `x`, `y`, `z`, `r`) values (556, 1889308.0, 35694.2304, 330511.0, 52931.6992);
INSERT INTO `region` (`region_id`, `level_name`, `tree`, `on_enter`, `on_exit`, `on_inside`) values (641, 'prison', 'target', '(want-vis ''forexita)', '(want-vis ''prison)', '');
INSERT INTO `region_face` (`region_face_id`, `region_id`, `kind`, `flags`, `normal_x`, `normal_y`, `normal_z`, `normal_w`, `pos_x`, `pos_y`, `pos_z`, `pos_w`) values (309, 641, 'plane', '', -0.9997, 0.0, -0.0228, -2292569.75, 2275497.0, 122366.7968, 774408.875, 25228.7109);
INSERT INTO `region_point` (`region_face_id`, `idx`, `x`, `y`, `z`, `w`) values (309, 0, 2275904.0, 140203.0, 756571.0, 1.0);
INSERT INTO `region_point` (`region_face_id`, `idx`, `x`, `y`, `z`, `w`) values (309, 1, 2275904.0, 104530.6015, 756571.0, 1.0);
INSERT INTO `region_point` (`region_face_id`, `idx`, `x`, `y`, `z`, `w`) values (309, 2, 2275090.0, 140203.0, 792246.8125, 1.0);
INSERT INTO `region_point` (`region_face_id`, `idx`, `x`, `y`, `z`, `w`) values (309, 3, 2275090.0, 104530.6015, 792246.8125, 1.0);
INSERT INTO `region` (`region_id`, `level_name`, `tree`, `on_enter`, `on_exit`, `on_inside`) values (775, 'prison', 'target', '(want-load ''prison ''forexita)', '', '');
INSERT INTO `region_face` (`region_face_id`, `region_id`, `kind`, `flags`, `normal_x`, `normal_y`, `normal_z`, `normal_w`, `pos_x`, `pos_y`, `pos_z`, `pos_w`) values (310, 775, 'plane', '', -0.9999, 0.0, 0.0126, -2092649.625, 2097867.0, 82258.0, 399666.0, 29303.5644);
INSERT INTO `region_point` (`region_face_id`, `idx`, `x`, `y`, `z`, `w`) values (310, 0, 2097599.25, 102497.8984, 378477.0, 1.0);
INSERT INTO `region_point` (`region_face_id`, `idx`, `x`, `y`, `z`, `w`) values (310, 1, 2097599.25, 62018.1015, 378477.0, 1.0);
INSERT INTO `region_point` (`region_face_id`, `idx`, `x`, `y`, `z`, `w`) values (310, 2, 2098134.75, 102497.8984, 420855.0, 1.0);
INSERT INTO `region_point` (`region_face_id`, `idx`, `x`, `y`, `z`, `w`) values (310, 3, 2098134.75, 62018.1015, 420855.0, 1.0);
INSERT INTO `region` (`region_id`, `level_name`, `tree`, `on_enter`, `on_exit`, `on_inside`) values (331, 'prison', 'camera', '', '', '(setting-pers string-max-height value (meters 1.0000) mode ''abs)');
INSERT INTO `region_face` (`region_face_id`, `region_id`, `kind`, `flags`, `normal_x`, `normal_y`, `normal_z`, `normal_w`, `pos_x`, `pos_y`, `pos_z`, `pos_w`) values (311, 331, 'face', '', 0.0, -1.0, 0.0, -61217.8007, 2189935.5, 61217.8007, 474773.0, 146413.0);
INSERT INTO `region_point` (`region_face_id`, `idx`, `x`, `y`, `z`, `w`) values (311, 0, 2101288.75, 61217.8007, 358246.0, 1.0);
INSERT INTO `region_point` (`region_face_id`, `idx`, `x`, `y`, `z`, `w`) values (311, 1, 2278582.0, 61217.8007, 358246.0, 1.0);
INSERT INTO `region_point` (`region_face_id`, `idx`, `x`, `y`, `z`, `w`) values (311, 2, 2112927.75, 61217.8007, 586338.0, 1.0);
INSERT INTO `region_point` (`region_face_id`, `idx`, `x`, `y`, `z`, `w`) values (311, 3, 2278582.0, 61217.8007, 591300.0, 1.0);
INSERT INTO `region_face` (`region_face_id`, `region_id`, `kind`, `flags`, `normal_x`, `normal_y`, `normal_z`, `normal_w`, `pos_x`, `pos_y`, `pos_z`, `pos_w`) values (312, 331, 'face', '', -0.9987, 0.0, 0.0509, -2080301.625, 2107108.25, 102177.8984, 472292.0, 121318.1171);
INSERT INTO `region_point` (`region_face_id`, `idx`, `x`, `y`, `z`, `w`) values (312, 0, 2101288.75, 61217.8007, 358246.0, 1.0);
INSERT INTO `region_point` (`region_face_id`, `idx`, `x`, `y`, `z`, `w`) values (312, 1, 2112927.75, 61217.8007, 586338.0, 1.0);
INSERT INTO `region_point` (`region_face_id`, `idx`, `x`, `y`, `z`, `w`) values (312, 2, 2101288.75, 143138.0, 358246.0, 1.0);
INSERT INTO `region_point` (`region_face_id`, `idx`, `x`, `y`, `z`, `w`) values (312, 3, 2112927.75, 143138.0, 586338.0, 1.0);
INSERT INTO `region_face` (`region_face_id`, `region_id`, `kind`, `flags`, `normal_x`, `normal_y`, `normal_z`, `normal_w`, `pos_x`, `pos_y`, `pos_z`, `pos_w`) values (313, 331, 'face', '', 0.0, 0.0, -1.0, -358246.0, 2189935.5, 102177.8984, 358246.0, 97652.3281);
INSERT INTO `region_point` (`region_face_id`, `idx`, `x`, `y`, `z`, `w`) values (313, 0, 2101288.75, 61217.8007, 358246.0, 1.0);
INSERT INTO `region_point` (`region_face_id`, `idx`, `x`, `y`, `z`, `w`) values (313, 1, 2101288.75, 143138.0, 358246.0, 1.0);
INSERT INTO `region_point` (`region_face_id`, `idx`, `x`, `y`, `z`, `w`) values (313, 2, 2278582.0, 61217.8007, 358246.0, 1.0);
INSERT INTO `region_point` (`region_face_id`, `idx`, `x`, `y`, `z`, `w`) values (313, 3, 2278582.0, 143138.0, 358246.0, 1.0);
INSERT INTO `region_face` (`region_face_id`, `region_id`, `kind`, `flags`, `normal_x`, `normal_y`, `normal_z`, `normal_w`, `pos_x`, `pos_y`, `pos_z`, `pos_w`) values (314, 331, 'face', '', -0.0299, 0.0, 0.9995, 522812.9375, 2195755.0, 102177.8984, 588819.0, 92435.0468);
INSERT INTO `region_point` (`region_face_id`, `idx`, `x`, `y`, `z`, `w`) values (314, 0, 2112927.75, 61217.8007, 586338.0, 1.0);
INSERT INTO `region_point` (`region_face_id`, `idx`, `x`, `y`, `z`, `w`) values (314, 1, 2278582.0, 61217.8007, 591300.0, 1.0);
INSERT INTO `region_point` (`region_face_id`, `idx`, `x`, `y`, `z`, `w`) values (314, 2, 2112927.75, 143138.0, 586338.0, 1.0);
INSERT INTO `region_point` (`region_face_id`, `idx`, `x`, `y`, `z`, `w`) values (314, 3, 2278582.0, 143138.0, 591300.0, 1.0);
INSERT INTO `region_face` (`region_face_id`, `region_id`, `kind`, `flags`, `normal_x`, `normal_y`, `normal_z`, `normal_w`, `pos_x`, `pos_y`, `pos_z`, `pos_w`) values (315, 331, 'face', '', 0.0, 1.0, 0.0, 143138.0, 2189935.5, 143138.0, 474773.0, 146413.0);
INSERT INTO `region_point` (`region_face_id`, `idx`, `x`, `y`, `z`, `w`) values (315, 0, 2101288.75, 143138.0, 358246.0, 1.0);
INSERT INTO `region_point` (`region_face_id`, `idx`, `x`, `y`, `z`, `w`) values (315, 1, 2112927.75, 143138.0, 586338.0, 1.0);
INSERT INTO `region_point` (`region_face_id`, `idx`, `x`, `y`, `z`, `w`) values (315, 2, 2278582.0, 143138.0, 358246.0, 1.0);
INSERT INTO `region_point` (`region_face_id`, `idx`, `x`, `y`, `z`, `w`) values (315, 3, 2278582.0, 143138.0, 591300.0, 1.0);
INSERT INTO `region_face` (`region_face_id`, `region_id`, `kind`, `flags`, `normal_x`, `normal_y`, `normal_z`, `normal_w`, `pos_x`, `pos_y`, `pos_z`, `pos_w`) values (316, 331, 'face', '', 1.0, 0.0, 0.0, 2278582.0, 2278582.0, 102177.8984, 474773.0, 123516.2812);
INSERT INTO `region_point` (`region_face_id`, `idx`, `x`, `y`, `z`, `w`) values (316, 0, 2278582.0, 61217.8007, 358246.0, 1.0);
INSERT INTO `region_point` (`region_face_id`, `idx`, `x`, `y`, `z`, `w`) values (316, 1, 2278582.0, 143138.0, 358246.0, 1.0);
INSERT INTO `region_point` (`region_face_id`, `idx`, `x`, `y`, `z`, `w`) values (316, 2, 2278582.0, 61217.8007, 591300.0, 1.0);
INSERT INTO `region_point` (`region_face_id`, `idx`, `x`, `y`, `z`, `w`) values (316, 3, 2278582.0, 143138.0, 591300.0, 1.0);
INSERT INTO `region` (`region_id`, `level_name`, `tree`, `on_enter`, `on_exit`, `on_inside`) values (520, 'prison', 'camera', '', '', '(setting-pers sound-mode mask 1)');
INSERT INTO `region_sphere` (`region_id`, `x`, `y`, `z`, `r`) values (520, 2195236.0, 50583.3984, 627476.875, 43318.3007);
INSERT INTO `region` (`region_id`, `level_name`, `tree`, `on_enter`, `on_exit`, `on_inside`) values (530, 'prison', 'camera', '(want-display ''forexita ''display)', '(want-display ''forexita #f)', '');
INSERT INTO `region_face` (`region_face_id`, `region_id`, `kind`, `flags`, `normal_x`, `normal_y`, `normal_z`, `normal_w`, `pos_x`, `pos_y`, `pos_z`, `pos_w`) values (317, 530, 'plane', '', 0.0299, 0.0, -0.9995, -525622.75, 2197456.0, 102177.8984, 591681.0, 92435.0468);
INSERT INTO `region_point` (`region_face_id`, `idx`, `x`, `y`, `z`, `w`) values (317, 0, 2114628.75, 61217.8007, 589200.0, 1.0);
INSERT INTO `region_point` (`region_face_id`, `idx`, `x`, `y`, `z`, `w`) values (317, 1, 2114628.75, 143138.0, 589200.0, 1.0);
INSERT INTO `region_point` (`region_face_id`, `idx`, `x`, `y`, `z`, `w`) values (317, 2, 2280283.0, 61217.8007, 594162.0, 1.0);
INSERT INTO `region_point` (`region_face_id`, `idx`, `x`, `y`, `z`, `w`) values (317, 3, 2280283.0, 143138.0, 594162.0, 1.0);
INSERT INTO `region` (`region_id`, `level_name`, `tree`, `on_enter`, `on_exit`, `on_inside`) values (808, 'prison', 'camera', '', '', '');
INSERT INTO `region_sphere` (`region_id`, `x`, `y`, `z`, `r`) values (808, 1840658.0, 34195.4296, 362611.0, 49513.1015);
INSERT INTO `region` (`region_id`, `level_name`, `tree`, `on_enter`, `on_exit`, `on_inside`) values (300, 'forexita', 'target', '(want-load ''forexitb ''forexita #f)', '', '');
INSERT INTO `region_face` (`region_face_id`, `region_id`, `kind`, `flags`, `normal_x`, `normal_y`, `normal_z`, `normal_w`, `pos_x`, `pos_y`, `pos_z`, `pos_w`) values (318, 300, 'plane', '', 0.9937, 0.0, 0.1116, 2713060.0, 2669210.5, 332543.0, 542161.5, 88982.5156);
INSERT INTO `region_point` (`region_face_id`, `idx`, `x`, `y`, `z`, `w`) values (318, 0, 2677928.0, 375256.0, 464589.0, 1.0);
INSERT INTO `region_point` (`region_face_id`, `idx`, `x`, `y`, `z`, `w`) values (318, 1, 2660493.0, 375256.0, 619734.0, 1.0);
INSERT INTO `region_point` (`region_face_id`, `idx`, `x`, `y`, `z`, `w`) values (318, 2, 2677928.0, 289830.0, 464589.0, 1.0);
INSERT INTO `region_point` (`region_face_id`, `idx`, `x`, `y`, `z`, `w`) values (318, 3, 2660493.0, 289830.0, 619734.0, 1.0);
INSERT INTO `region` (`region_id`, `level_name`, `tree`, `on_enter`, `on_exit`, `on_inside`) values (332, 'forexita', 'target', '', '', '');
INSERT INTO `region_face` (`region_face_id`, `region_id`, `kind`, `flags`, `normal_x`, `normal_y`, `normal_z`, `normal_w`, `pos_x`, `pos_y`, `pos_z`, `pos_w`) values (319, 332, 'face', '', -0.0, 0.0, 1.0, 711616.375, 2432659.5, 148574.8437, 711619.25, 89096.9765);
INSERT INTO `region_point` (`region_face_id`, `idx`, `x`, `y`, `z`, `w`) values (319, 0, 2379783.0, 76864.7031, 711619.1875, 1.0);
INSERT INTO `region_point` (`region_face_id`, `idx`, `x`, `y`, `z`, `w`) values (319, 1, 2485536.0, 76864.7031, 711619.3125, 1.0);
INSERT INTO `region_point` (`region_face_id`, `idx`, `x`, `y`, `z`, `w`) values (319, 2, 2379783.0, 220285.0, 711619.1875, 1.0);
INSERT INTO `region_point` (`region_face_id`, `idx`, `x`, `y`, `z`, `w`) values (319, 3, 2485536.0, 220285.0, 711619.3125, 1.0);
INSERT INTO `region_face` (`region_face_id`, `region_id`, `kind`, `flags`, `normal_x`, `normal_y`, `normal_z`, `normal_w`, `pos_x`, `pos_y`, `pos_z`, `pos_w`) values (320, 332, 'face', '', 1.0, 0.0, 0.0, 2485536.0, 2485536.0, 148574.8437, 638272.625, 102577.2031);
INSERT INTO `region_point` (`region_face_id`, `idx`, `x`, `y`, `z`, `w`) values (320, 0, 2485536.0, 76864.7031, 564926.0, 1.0);
INSERT INTO `region_point` (`region_face_id`, `idx`, `x`, `y`, `z`, `w`) values (320, 1, 2485536.0, 220285.0, 564926.0, 1.0);
INSERT INTO `region_point` (`region_face_id`, `idx`, `x`, `y`, `z`, `w`) values (320, 2, 2485536.0, 76864.7031, 711619.3125, 1.0);
INSERT INTO `region_point` (`region_face_id`, `idx`, `x`, `y`, `z`, `w`) values (320, 3, 2485536.0, 220285.0, 711619.3125, 1.0);
INSERT INTO `region_face` (`region_face_id`, `region_id`, `kind`, `flags`, `normal_x`, `normal_y`, `normal_z`, `normal_w`, `pos_x`, `pos_y`, `pos_z`, `pos_w`) values (321, 332, 'face', '', 0.0, 1.0, 0.0, 220285.0, 2432659.5, 220285.0, 638272.625, 90419.3593);
INSERT INTO `region_point` (`region_face_id`, `idx`, `x`, `y`, `z`, `w`) values (321, 0, 2379783.0, 220285.0, 564926.0, 1.0);
INSERT INTO `region_point` (`region_face_id`, `idx`, `x`, `y`, `z`, `w`) values (321, 1, 2379783.0, 220285.0, 711619.1875, 1.0);
INSERT INTO `region_point` (`region_face_id`, `idx`, `x`, `y`, `z`, `w`) values (321, 2, 2485536.0, 220285.0, 564926.0, 1.0);
INSERT INTO `region_point` (`region_face_id`, `idx`, `x`, `y`, `z`, `w`) values (321, 3, 2485536.0, 220285.0, 711619.3125, 1.0);
INSERT INTO `region_face` (`region_face_id`, `region_id`, `kind`, `flags`, `normal_x`, `normal_y`, `normal_z`, `normal_w`, `pos_x`, `pos_y`, `pos_z`, `pos_w`) values (322, 332, 'face', '', 0.0, -1.0, 0.0, -76864.7031, 2432659.5, 76864.7031, 638272.625, 90419.3593);
INSERT INTO `region_point` (`region_face_id`, `idx`, `x`, `y`, `z`, `w`) values (322, 0, 2379783.0, 76864.7031, 564926.0, 1.0);
INSERT INTO `region_point` (`region_face_id`, `idx`, `x`, `y`, `z`, `w`) values (322, 1, 2485536.0, 76864.7031, 564926.0, 1.0);
INSERT INTO `region_point` (`region_face_id`, `idx`, `x`, `y`, `z`, `w`) values (322, 2, 2379783.0, 76864.7031, 711619.1875, 1.0);
INSERT INTO `region_point` (`region_face_id`, `idx`, `x`, `y`, `z`, `w`) values (322, 3, 2485536.0, 76864.7031, 711619.3125, 1.0);
INSERT INTO `region_face` (`region_face_id`, `region_id`, `kind`, `flags`, `normal_x`, `normal_y`, `normal_z`, `normal_w`, `pos_x`, `pos_y`, `pos_z`, `pos_w`) values (323, 332, 'face', '', 0.0, 0.0, -1.0, -564926.0, 2432659.5, 148574.8437, 564926.0, 89096.9765);
INSERT INTO `region_point` (`region_face_id`, `idx`, `x`, `y`, `z`, `w`) values (323, 0, 2379783.0, 76864.7031, 564926.0, 1.0);
INSERT INTO `region_point` (`region_face_id`, `idx`, `x`, `y`, `z`, `w`) values (323, 1, 2379783.0, 220285.0, 564926.0, 1.0);
INSERT INTO `region_point` (`region_face_id`, `idx`, `x`, `y`, `z`, `w`) values (323, 2, 2485536.0, 76864.7031, 564926.0, 1.0);
INSERT INTO `region_point` (`region_face_id`, `idx`, `x`, `y`, `z`, `w`) values (323, 3, 2485536.0, 220285.0, 564926.0, 1.0);
INSERT INTO `region_face` (`region_face_id`, `region_id`, `kind`, `flags`, `normal_x`, `normal_y`, `normal_z`, `normal_w`, `pos_x`, `pos_y`, `pos_z`, `pos_w`) values (324, 332, 'face', '', -1.0, 0.0, 0.0, -2379783.0, 2379783.0, 148574.8437, 638272.625, 102577.164);
INSERT INTO `region_point` (`region_face_id`, `idx`, `x`, `y`, `z`, `w`) values (324, 0, 2379783.0, 76864.7031, 564926.0, 1.0);
INSERT INTO `region_point` (`region_face_id`, `idx`, `x`, `y`, `z`, `w`) values (324, 1, 2379783.0, 76864.7031, 711619.1875, 1.0);
INSERT INTO `region_point` (`region_face_id`, `idx`, `x`, `y`, `z`, `w`) values (324, 2, 2379783.0, 220285.0, 564926.0, 1.0);
INSERT INTO `region_point` (`region_face_id`, `idx`, `x`, `y`, `z`, `w`) values (324, 3, 2379783.0, 220285.0, 711619.1875, 1.0);
INSERT INTO `region` (`region_id`, `level_name`, `tree`, `on_enter`, `on_exit`, `on_inside`) values (501, 'forexita', 'target', '', '', '(talker-spawn "kg100a")');
INSERT INTO `region_sphere` (`region_id`, `x`, `y`, `z`, `r`) values (501, 2565159.0, 246883.0, 392492.0, 38194.0);
INSERT INTO `region` (`region_id`, `level_name`, `tree`, `on_enter`, `on_exit`, `on_inside`) values (354, 'forexita', 'target', '(send-event #<actor-group #<entity-actor :name crimson-guard-level-43 @ #x346f804> #<entity-actor :name crimson-guard-level-44 @ #x346fb04> @ #x346cdf4> ''cue-chase)', '', '');
INSERT INTO `region_face` (`region_face_id`, `region_id`, `kind`, `flags`, `normal_x`, `normal_y`, `normal_z`, `normal_w`, `pos_x`, `pos_y`, `pos_z`, `pos_w`) values (325, 354, 'plane', '', -0.7061, 0.0, -0.7081, -2307328.5, 2629858.0, 332387.0, 636007.25, 43155.7929);
INSERT INTO `region_point` (`region_face_id`, `idx`, `x`, `y`, `z`, `w`) values (325, 0, 2644353.0, 370379.0, 621553.0, 1.0);
INSERT INTO `region_point` (`region_face_id`, `idx`, `x`, `y`, `z`, `w`) values (325, 1, 2644353.0, 294395.0, 621553.0, 1.0);
INSERT INTO `region_point` (`region_face_id`, `idx`, `x`, `y`, `z`, `w`) values (325, 2, 2615363.0, 370379.0, 650461.5, 1.0);
INSERT INTO `region_point` (`region_face_id`, `idx`, `x`, `y`, `z`, `w`) values (325, 3, 2615363.0, 294395.0, 650461.5, 1.0);
INSERT INTO `region` (`region_id`, `level_name`, `tree`, `on_enter`, `on_exit`, `on_inside`) values (365, 'forexita', 'target', '(talker-spawn "ds043")', '', '(when (not (task-closed? "fortress-escape-resolution")) (when (= (talker-spawn "ds043") 0) (talker-spawn "ds043m")))');
INSERT INTO `region_face` (`region_face_id`, `region_id`, `kind`, `flags`, `normal_x`, `normal_y`, `normal_z`, `normal_w`, `pos_x`, `pos_y`, `pos_z`, `pos_w`) values (326, 365, 'face', '', 0.0, -1.0, 0.0, -289360.0, 2909448.0, 289360.0, 705963.25, 72792.4765);
INSERT INTO `region_point` (`region_face_id`, `idx`, `x`, `y`, `z`, `w`) values (326, 0, 2868488.0, 289360.0, 645788.375, 1.0);
INSERT INTO `region_point` (`region_face_id`, `idx`, `x`, `y`, `z`, `w`) values (326, 1, 2950408.0, 289360.0, 645788.375, 1.0);
INSERT INTO `region_point` (`region_face_id`, `idx`, `x`, `y`, `z`, `w`) values (326, 2, 2868488.0, 289360.0, 766138.1875, 1.0);
INSERT INTO `region_point` (`region_face_id`, `idx`, `x`, `y`, `z`, `w`) values (326, 3, 2950408.0, 289360.0, 766138.1875, 1.0);
INSERT INTO `region_face` (`region_face_id`, `region_id`, `kind`, `flags`, `normal_x`, `normal_y`, `normal_z`, `normal_w`, `pos_x`, `pos_y`, `pos_z`, `pos_w`) values (327, 365, 'face', '', -1.0, 0.0, 0.0, -2868488.0, 2868488.0, 330319.5, 705963.25, 72792.1953);
INSERT INTO `region_point` (`region_face_id`, `idx`, `x`, `y`, `z`, `w`) values (327, 0, 2868488.0, 289360.0, 645788.375, 1.0);
INSERT INTO `region_point` (`region_face_id`, `idx`, `x`, `y`, `z`, `w`) values (327, 1, 2868488.0, 289360.0, 766138.1875, 1.0);
INSERT INTO `region_point` (`region_face_id`, `idx`, `x`, `y`, `z`, `w`) values (327, 2, 2868488.0, 371279.0, 645788.375, 1.0);
INSERT INTO `region_point` (`region_face_id`, `idx`, `x`, `y`, `z`, `w`) values (327, 3, 2868488.0, 371279.0, 766138.1875, 1.0);
INSERT INTO `region_face` (`region_face_id`, `region_id`, `kind`, `flags`, `normal_x`, `normal_y`, `normal_z`, `normal_w`, `pos_x`, `pos_y`, `pos_z`, `pos_w`) values (328, 365, 'face', '', 0.0, 0.0, -1.0, -645788.375, 2909448.0, 330319.5, 645788.375, 57925.832);
INSERT INTO `region_point` (`region_face_id`, `idx`, `x`, `y`, `z`, `w`) values (328, 0, 2868488.0, 289360.0, 645788.375, 1.0);
INSERT INTO `region_point` (`region_face_id`, `idx`, `x`, `y`, `z`, `w`) values (328, 1, 2868488.0, 371279.0, 645788.375, 1.0);
INSERT INTO `region_point` (`region_face_id`, `idx`, `x`, `y`, `z`, `w`) values (328, 2, 2950408.0, 289360.0, 645788.375, 1.0);
INSERT INTO `region_point` (`region_face_id`, `idx`, `x`, `y`, `z`, `w`) values (328, 3, 2950408.0, 371279.0, 645788.375, 1.0);
INSERT INTO `region_face` (`region_face_id`, `region_id`, `kind`, `flags`, `normal_x`, `normal_y`, `normal_z`, `normal_w`, `pos_x`, `pos_y`, `pos_z`, `pos_w`) values (329, 365, 'face', '', 0.0, 0.0, 1.0, 766138.1875, 2909448.0, 330319.5, 766138.1875, 57925.832);
INSERT INTO `region_point` (`region_face_id`, `idx`, `x`, `y`, `z`, `w`) values (329, 0, 2868488.0, 289360.0, 766138.1875, 1.0);
INSERT INTO `region_point` (`region_face_id`, `idx`, `x`, `y`, `z`, `w`) values (329, 1, 2950408.0, 289360.0, 766138.1875, 1.0);
INSERT INTO `region_point` (`region_face_id`, `idx`, `x`, `y`, `z`, `w`) values (329, 2, 2868488.0, 371279.0, 766138.1875, 1.0);
INSERT INTO `region_point` (`region_face_id`, `idx`, `x`, `y`, `z`, `w`) values (329, 3, 2950408.0, 371279.0, 766138.1875, 1.0);
INSERT INTO `region_face` (`region_face_id`, `region_id`, `kind`, `flags`, `normal_x`, `normal_y`, `normal_z`, `normal_w`, `pos_x`, `pos_y`, `pos_z`, `pos_w`) values (330, 365, 'face', '', 0.0, 1.0, 0.0, 371279.0, 2909448.0, 371279.0, 705963.25, 72792.4765);
INSERT INTO `region_point` (`region_face_id`, `idx`, `x`, `y`, `z`, `w`) values (330, 0, 2868488.0, 371279.0, 645788.375, 1.0);
INSERT INTO `region_point` (`region_face_id`, `idx`, `x`, `y`, `z`, `w`) values (330, 1, 2868488.0, 371279.0, 766138.1875, 1.0);
INSERT INTO `region_point` (`region_face_id`, `idx`, `x`, `y`, `z`, `w`) values (330, 2, 2950408.0, 371279.0, 645788.375, 1.0);
INSERT INTO `region_point` (`region_face_id`, `idx`, `x`, `y`, `z`, `w`) values (330, 3, 2950408.0, 371279.0, 766138.1875, 1.0);
INSERT INTO `region_face` (`region_face_id`, `region_id`, `kind`, `flags`, `normal_x`, `normal_y`, `normal_z`, `normal_w`, `pos_x`, `pos_y`, `pos_z`, `pos_w`) values (331, 365, 'face', '', 1.0, 0.0, 0.0, 2950408.0, 2950408.0, 330319.5, 705963.25, 72792.1953);
INSERT INTO `region_point` (`region_face_id`, `idx`, `x`, `y`, `z`, `w`) values (331, 0, 2950408.0, 289360.0, 645788.375, 1.0);
INSERT INTO `region_point` (`region_face_id`, `idx`, `x`, `y`, `z`, `w`) values (331, 1, 2950408.0, 371279.0, 645788.375, 1.0);
INSERT INTO `region_point` (`region_face_id`, `idx`, `x`, `y`, `z`, `w`) values (331, 2, 2950408.0, 289360.0, 766138.1875, 1.0);
INSERT INTO `region_point` (`region_face_id`, `idx`, `x`, `y`, `z`, `w`) values (331, 3, 2950408.0, 371279.0, 766138.1875, 1.0);
INSERT INTO `region` (`region_id`, `level_name`, `tree`, `on_enter`, `on_exit`, `on_inside`) values (366, 'forexita', 'target', '', '', '(when (not (task-closed? "fortress-escape-resolution")) (when (= (talker-spawn "ds046") 0) (talker-spawn "ds046m")))');
INSERT INTO `region_face` (`region_face_id`, `region_id`, `kind`, `flags`, `normal_x`, `normal_y`, `normal_z`, `normal_w`, `pos_x`, `pos_y`, `pos_z`, `pos_w`) values (332, 366, 'face', '', 0.0, -1.0, 0.0, -168422.0, 2327280.0, 168422.0, 515770.5, 61487.2812);
INSERT INTO `region_point` (`region_face_id`, `idx`, `x`, `y`, `z`, `w`) values (332, 0, 2289785.0, 168422.0, 468532.0, 1.0);
INSERT INTO `region_point` (`region_face_id`, `idx`, `x`, `y`, `z`, `w`) values (332, 1, 2366640.0, 168422.0, 468532.0, 1.0);
INSERT INTO `region_point` (`region_face_id`, `idx`, `x`, `y`, `z`, `w`) values (332, 2, 2287920.0, 168422.0, 563009.0, 1.0);
INSERT INTO `region_point` (`region_face_id`, `idx`, `x`, `y`, `z`, `w`) values (332, 3, 2364774.0, 168422.0, 563010.0, 1.0);
INSERT INTO `region_face` (`region_face_id`, `region_id`, `kind`, `flags`, `normal_x`, `normal_y`, `normal_z`, `normal_w`, `pos_x`, `pos_y`, `pos_z`, `pos_w`) values (333, 366, 'face', '', -0.9998, 0.0, -0.0197, -2298586.0, 2288852.5, 209381.5, 515770.5, 62530.1992);
INSERT INTO `region_point` (`region_face_id`, `idx`, `x`, `y`, `z`, `w`) values (333, 0, 2289785.0, 168422.0, 468532.0, 1.0);
INSERT INTO `region_point` (`region_face_id`, `idx`, `x`, `y`, `z`, `w`) values (333, 1, 2287920.0, 168422.0, 563009.0, 1.0);
INSERT INTO `region_point` (`region_face_id`, `idx`, `x`, `y`, `z`, `w`) values (333, 2, 2289785.0, 250341.0, 468532.0, 1.0);
INSERT INTO `region_point` (`region_face_id`, `idx`, `x`, `y`, `z`, `w`) values (333, 3, 2287920.0, 250341.0, 563009.0, 1.0);
INSERT INTO `region_face` (`region_face_id`, `region_id`, `kind`, `flags`, `normal_x`, `normal_y`, `normal_z`, `normal_w`, `pos_x`, `pos_y`, `pos_z`, `pos_w`) values (334, 366, 'face', '', 0.0, 0.0, -1.0, -468532.0, 2328212.5, 209381.5, 468532.0, 56163.6289);
INSERT INTO `region_point` (`region_face_id`, `idx`, `x`, `y`, `z`, `w`) values (334, 0, 2289785.0, 168422.0, 468532.0, 1.0);
INSERT INTO `region_point` (`region_face_id`, `idx`, `x`, `y`, `z`, `w`) values (334, 1, 2289785.0, 250341.0, 468532.0, 1.0);
INSERT INTO `region_point` (`region_face_id`, `idx`, `x`, `y`, `z`, `w`) values (334, 2, 2366640.0, 168422.0, 468532.0, 1.0);
INSERT INTO `region_point` (`region_face_id`, `idx`, `x`, `y`, `z`, `w`) values (334, 3, 2366640.0, 250341.0, 468532.0, 1.0);
INSERT INTO `region_face` (`region_face_id`, `region_id`, `kind`, `flags`, `normal_x`, `normal_y`, `normal_z`, `normal_w`, `pos_x`, `pos_y`, `pos_z`, `pos_w`) values (335, 366, 'face', '', -0.0, 0.0, 1.0, 562979.25, 2326347.0, 209381.5, 563009.5, 56163.289);
INSERT INTO `region_point` (`region_face_id`, `idx`, `x`, `y`, `z`, `w`) values (335, 0, 2287920.0, 168422.0, 563009.0, 1.0);
INSERT INTO `region_point` (`region_face_id`, `idx`, `x`, `y`, `z`, `w`) values (335, 1, 2364774.0, 168422.0, 563010.0, 1.0);
INSERT INTO `region_point` (`region_face_id`, `idx`, `x`, `y`, `z`, `w`) values (335, 2, 2287920.0, 250341.0, 563009.0, 1.0);
INSERT INTO `region_point` (`region_face_id`, `idx`, `x`, `y`, `z`, `w`) values (335, 3, 2364774.0, 250341.0, 563010.0, 1.0);
INSERT INTO `region_face` (`region_face_id`, `region_id`, `kind`, `flags`, `normal_x`, `normal_y`, `normal_z`, `normal_w`, `pos_x`, `pos_y`, `pos_z`, `pos_w`) values (336, 366, 'face', '', 0.0, 1.0, 0.0, 250341.0, 2327280.0, 250341.0, 515770.5, 61487.2812);
INSERT INTO `region_point` (`region_face_id`, `idx`, `x`, `y`, `z`, `w`) values (336, 0, 2289785.0, 250341.0, 468532.0, 1.0);
INSERT INTO `region_point` (`region_face_id`, `idx`, `x`, `y`, `z`, `w`) values (336, 1, 2287920.0, 250341.0, 563009.0, 1.0);
INSERT INTO `region_point` (`region_face_id`, `idx`, `x`, `y`, `z`, `w`) values (336, 2, 2366640.0, 250341.0, 468532.0, 1.0);
INSERT INTO `region_point` (`region_face_id`, `idx`, `x`, `y`, `z`, `w`) values (336, 3, 2364774.0, 250341.0, 563010.0, 1.0);
INSERT INTO `region_face` (`region_face_id`, `region_id`, `kind`, `flags`, `normal_x`, `normal_y`, `normal_z`, `normal_w`, `pos_x`, `pos_y`, `pos_z`, `pos_w`) values (337, 366, 'face', '', 0.9998, 0.0, 0.0197, 2375430.5, 2365707.0, 209381.5, 515771.0, 62530.5859);
INSERT INTO `region_point` (`region_face_id`, `idx`, `x`, `y`, `z`, `w`) values (337, 0, 2366640.0, 168422.0, 468532.0, 1.0);
INSERT INTO `region_point` (`region_face_id`, `idx`, `x`, `y`, `z`, `w`) values (337, 1, 2366640.0, 250341.0, 468532.0, 1.0);
INSERT INTO `region_point` (`region_face_id`, `idx`, `x`, `y`, `z`, `w`) values (337, 2, 2364774.0, 168422.0, 563010.0, 1.0);
INSERT INTO `region_point` (`region_face_id`, `idx`, `x`, `y`, `z`, `w`) values (337, 3, 2364774.0, 250341.0, 563010.0, 1.0);
INSERT INTO `region` (`region_id`, `level_name`, `tree`, `on_enter`, `on_exit`, `on_inside`) values (367, 'forexita', 'target', '', '', '(setting-pers entity-name mode "camera-181")');
INSERT INTO `region_face` (`region_face_id`, `region_id`, `kind`, `flags`, `normal_x`, `normal_y`, `normal_z`, `normal_w`, `pos_x`, `pos_y`, `pos_z`, `pos_w`) values (338, 367, 'face', '', 0.0, -1.0, 0.0, -287779.0, 2582789.0, 287779.0, 590367.0625, 57926.2304);
INSERT INTO `region_point` (`region_face_id`, `idx`, `x`, `y`, `z`, `w`) values (338, 0, 2541829.0, 287779.0, 549407.0, 1.0);
INSERT INTO `region_point` (`region_face_id`, `idx`, `x`, `y`, `z`, `w`) values (338, 1, 2623749.0, 287779.0, 549407.0, 1.0);
INSERT INTO `region_point` (`region_face_id`, `idx`, `x`, `y`, `z`, `w`) values (338, 2, 2541829.0, 287779.0, 631327.125, 1.0);
INSERT INTO `region_point` (`region_face_id`, `idx`, `x`, `y`, `z`, `w`) values (338, 3, 2623749.0, 287779.0, 631327.125, 1.0);
INSERT INTO `region_face` (`region_face_id`, `region_id`, `kind`, `flags`, `normal_x`, `normal_y`, `normal_z`, `normal_w`, `pos_x`, `pos_y`, `pos_z`, `pos_w`) values (339, 367, 'face', '', -1.0, 0.0, 0.0, -2541829.0, 2541829.0, 328739.0, 590367.0625, 57926.2304);
INSERT INTO `region_point` (`region_face_id`, `idx`, `x`, `y`, `z`, `w`) values (339, 0, 2541829.0, 287779.0, 549407.0, 1.0);
INSERT INTO `region_point` (`region_face_id`, `idx`, `x`, `y`, `z`, `w`) values (339, 1, 2541829.0, 287779.0, 631327.125, 1.0);
INSERT INTO `region_point` (`region_face_id`, `idx`, `x`, `y`, `z`, `w`) values (339, 2, 2541829.0, 369699.0, 549407.0, 1.0);
INSERT INTO `region_point` (`region_face_id`, `idx`, `x`, `y`, `z`, `w`) values (339, 3, 2541829.0, 369699.0, 631327.125, 1.0);
INSERT INTO `region_face` (`region_face_id`, `region_id`, `kind`, `flags`, `normal_x`, `normal_y`, `normal_z`, `normal_w`, `pos_x`, `pos_y`, `pos_z`, `pos_w`) values (340, 367, 'face', '', 0.0, 0.0, -1.0, -549407.0, 2582789.0, 328739.0, 549407.0, 57926.1875);
INSERT INTO `region_point` (`region_face_id`, `idx`, `x`, `y`, `z`, `w`) values (340, 0, 2541829.0, 287779.0, 549407.0, 1.0);
INSERT INTO `region_point` (`region_face_id`, `idx`, `x`, `y`, `z`, `w`) values (340, 1, 2541829.0, 369699.0, 549407.0, 1.0);
INSERT INTO `region_point` (`region_face_id`, `idx`, `x`, `y`, `z`, `w`) values (340, 2, 2623749.0, 287779.0, 549407.0, 1.0);
INSERT INTO `region_point` (`region_face_id`, `idx`, `x`, `y`, `z`, `w`) values (340, 3, 2623749.0, 369699.0, 549407.0, 1.0);
INSERT INTO `region_face` (`region_face_id`, `region_id`, `kind`, `flags`, `normal_x`, `normal_y`, `normal_z`, `normal_w`, `pos_x`, `pos_y`, `pos_z`, `pos_w`) values (341, 367, 'face', '', 0.0, 0.0, 1.0, 631327.125, 2582789.0, 328739.0, 631327.125, 57926.1875);
INSERT INTO `region_point` (`region_face_id`, `idx`, `x`, `y`, `z`, `w`) values (341, 0, 2541829.0, 287779.0, 631327.125, 1.0);
INSERT INTO `region_point` (`region_face_id`, `idx`, `x`, `y`, `z`, `w`) values (341, 1, 2623749.0, 287779.0, 631327.125, 1.0);
INSERT INTO `region_point` (`region_face_id`, `idx`, `x`, `y`, `z`, `w`) values (341, 2, 2541829.0, 369699.0, 631327.125, 1.0);
INSERT INTO `region_point` (`region_face_id`, `idx`, `x`, `y`, `z`, `w`) values (341, 3, 2623749.0, 369699.0, 631327.125, 1.0);
INSERT INTO `region_face` (`region_face_id`, `region_id`, `kind`, `flags`, `normal_x`, `normal_y`, `normal_z`, `normal_w`, `pos_x`, `pos_y`, `pos_z`, `pos_w`) values (342, 367, 'face', '', 0.0, 1.0, 0.0, 369699.0, 2582789.0, 369699.0, 590367.0625, 57926.2304);
INSERT INTO `region_point` (`region_face_id`, `idx`, `x`, `y`, `z`, `w`) values (342, 0, 2541829.0, 369699.0, 549407.0, 1.0);
INSERT INTO `region_point` (`region_face_id`, `idx`, `x`, `y`, `z`, `w`) values (342, 1, 2541829.0, 369699.0, 631327.125, 1.0);
INSERT INTO `region_point` (`region_face_id`, `idx`, `x`, `y`, `z`, `w`) values (342, 2, 2623749.0, 369699.0, 549407.0, 1.0);
INSERT INTO `region_point` (`region_face_id`, `idx`, `x`, `y`, `z`, `w`) values (342, 3, 2623749.0, 369699.0, 631327.125, 1.0);
INSERT INTO `region_face` (`region_face_id`, `region_id`, `kind`, `flags`, `normal_x`, `normal_y`, `normal_z`, `normal_w`, `pos_x`, `pos_y`, `pos_z`, `pos_w`) values (343, 367, 'face', '', 1.0, 0.0, 0.0, 2623749.0, 2623749.0, 328739.0, 590367.0625, 57926.2304);
INSERT INTO `region_point` (`region_face_id`, `idx`, `x`, `y`, `z`, `w`) values (343, 0, 2623749.0, 287779.0, 549407.0, 1.0);
INSERT INTO `region_point` (`region_face_id`, `idx`, `x`, `y`, `z`, `w`) values (343, 1, 2623749.0, 369699.0, 549407.0, 1.0);
INSERT INTO `region_point` (`region_face_id`, `idx`, `x`, `y`, `z`, `w`) values (343, 2, 2623749.0, 287779.0, 631327.125, 1.0);
INSERT INTO `region_point` (`region_face_id`, `idx`, `x`, `y`, `z`, `w`) values (343, 3, 2623749.0, 369699.0, 631327.125, 1.0);
INSERT INTO `region` (`region_id`, `level_name`, `tree`, `on_enter`, `on_exit`, `on_inside`) values (465, 'forexita', 'target', '(want-load ''prison ''forexita #f)', '', '');
INSERT INTO `region_face` (`region_face_id`, `region_id`, `kind`, `flags`, `normal_x`, `normal_y`, `normal_z`, `normal_w`, `pos_x`, `pos_y`, `pos_z`, `pos_w`) values (344, 465, 'plane', '', -0.9996, 0.0, -0.0255, -2753600.75, 2740213.0, 331896.0, 559615.0, 69129.1093);
INSERT INTO `region_point` (`region_face_id`, `idx`, `x`, `y`, `z`, `w`) values (344, 0, 2741600.0, 374609.0, 505278.0, 1.0);
INSERT INTO `region_point` (`region_face_id`, `idx`, `x`, `y`, `z`, `w`) values (344, 1, 2741600.0, 289183.0, 505278.0, 1.0);
INSERT INTO `region_point` (`region_face_id`, `idx`, `x`, `y`, `z`, `w`) values (344, 2, 2738826.0, 374609.0, 613952.0, 1.0);
INSERT INTO `region_point` (`region_face_id`, `idx`, `x`, `y`, `z`, `w`) values (344, 3, 2738826.0, 289183.0, 613952.0, 1.0);
INSERT INTO `region` (`region_id`, `level_name`, `tree`, `on_enter`, `on_exit`, `on_inside`) values (470, 'forexita', 'target', '', '', '(talker-spawn "cityv056")');
INSERT INTO `region_sphere` (`region_id`, `x`, `y`, `z`, `r`) values (470, 2425943.0, 143926.0, 543759.0, 62396.8007);
INSERT INTO `region` (`region_id`, `level_name`, `tree`, `on_enter`, `on_exit`, `on_inside`) values (471, 'forexita', 'target', '', '', '(talker-spawn "cityv054")');
INSERT INTO `region_sphere` (`region_id`, `x`, `y`, `z`, `r`) values (471, 2595510.0, 285625.0, 590843.0, 62396.8007);
INSERT INTO `region` (`region_id`, `level_name`, `tree`, `on_enter`, `on_exit`, `on_inside`) values (502, 'forexita', 'target', '', '', '(talker-spawn "kg104a")');
INSERT INTO `region_sphere` (`region_id`, `x`, `y`, `z`, `r`) values (502, 2755622.0, 313448.0, 575013.0, 38194.0);
INSERT INTO `region` (`region_id`, `level_name`, `tree`, `on_enter`, `on_exit`, `on_inside`) values (503, 'forexita', 'target', '', '', '(talker-spawn "kg102a")');
INSERT INTO `region_sphere` (`region_id`, `x`, `y`, `z`, `r`) values (503, 3050545.0, 307551.0, 689312.625, 48461.3984);
INSERT INTO `region` (`region_id`, `level_name`, `tree`, `on_enter`, `on_exit`, `on_inside`) values (872, 'forexita', 'target', '(endlessfall)', '', '');
INSERT INTO `region_face` (`region_face_id`, `region_id`, `kind`, `flags`, `normal_x`, `normal_y`, `normal_z`, `normal_w`, `pos_x`, `pos_y`, `pos_z`, `pos_w`) values (345, 872, 'plane', '', 0.0, 1.0, 0.0, 257256.0, 2548704.0, 257256.0, 684879.0, 285483.6875);
INSERT INTO `region_point` (`region_face_id`, `idx`, `x`, `y`, `z`, `w`) values (345, 0, 2386388.0, 257256.0, 497466.0, 1.0);
INSERT INTO `region_point` (`region_face_id`, `idx`, `x`, `y`, `z`, `w`) values (345, 1, 2378510.0, 257256.0, 914084.0, 1.0);
INSERT INTO `region_point` (`region_face_id`, `idx`, `x`, `y`, `z`, `w`) values (345, 2, 2718898.0, 257256.0, 455674.0, 1.0);
INSERT INTO `region_point` (`region_face_id`, `idx`, `x`, `y`, `z`, `w`) values (345, 3, 2643307.0, 257256.0, 766972.5, 1.0);
INSERT INTO `region` (`region_id`, `level_name`, `tree`, `on_enter`, `on_exit`, `on_inside`) values (299, 'forexita', 'camera', '(want-display ''forexitb ''display)', '(want-display ''forexitb #f)', '');
INSERT INTO `region_face` (`region_face_id`, `region_id`, `kind`, `flags`, `normal_x`, `normal_y`, `normal_z`, `normal_w`, `pos_x`, `pos_y`, `pos_z`, `pos_w`) values (346, 299, 'plane', '', -0.9363, 0.0, -0.351, -3052449.0, 2994074.5, 332542.5, 709088.5625, 62571.5312);
INSERT INTO `region_point` (`region_face_id`, `idx`, `x`, `y`, `z`, `w`) values (346, 0, 3010126.0, 375256.0, 666273.8125, 1.0);
INSERT INTO `region_point` (`region_face_id`, `idx`, `x`, `y`, `z`, `w`) values (346, 1, 3010126.0, 289829.0, 666273.8125, 1.0);
INSERT INTO `region_point` (`region_face_id`, `idx`, `x`, `y`, `z`, `w`) values (346, 2, 2978023.0, 375256.0, 751903.3125, 1.0);
INSERT INTO `region_point` (`region_face_id`, `idx`, `x`, `y`, `z`, `w`) values (346, 3, 2978023.0, 289829.0, 751903.3125, 1.0);
INSERT INTO `region` (`region_id`, `level_name`, `tree`, `on_enter`, `on_exit`, `on_inside`) values (333, 'forexita', 'camera', '(begin (send-event #<actor-group #<entity-actor :name crimson-guard-level-31 @ #x346cec4> #<entity-actor :name crimson-guard-level-32 @ #x346d1c4> #<entity-actor :name crimson-guard-level-33 @ #x346d4c4> #<entity-actor :name crimson-guard-level-34 @ #x346d7c4> #<entity-actor :name crimson-guard-level-35 @ #x346dac4> #<entity-actor :name crimson-guard-level-36 @ #x346ddc4> #<entity-actor :name crimson-guard-level-37 @ #x346e0c4> #<entity-actor :name crimson-guard-level-38 @ #x346e3c4> #<entity-actor :name crimson-guard-level-39 @ #x346e6c4> #<entity-actor :name crimson-guard-level-40 @ #x346e9c4> @ #x346cd94> ''cue-chase) (want-continue "forexita-mid"))', '', '');
INSERT INTO `region_face` (`region_face_id`, `region_id`, `kind`, `flags`, `normal_x`, `normal_y`, `normal_z`, `normal_w`, `pos_x`, `pos_y`, `pos_z`, `pos_w`) values (347, 333, 'plane', '', -0.0462, 0.0, 0.9989, 501311.3437, 3047066.0, 332542.5, 643019.9375, 65545.789);
INSERT INTO `region_point` (`region_face_id`, `idx`, `x`, `y`, `z`, `w`) values (347, 0, 2997402.0, 375256.0, 640719.0, 1.0);
INSERT INTO `region_point` (`region_face_id`, `idx`, `x`, `y`, `z`, `w`) values (347, 1, 2997402.0, 289829.0, 640719.0, 1.0);
INSERT INTO `region_point` (`region_face_id`, `idx`, `x`, `y`, `z`, `w`) values (347, 2, 3096730.0, 375256.0, 645320.875, 1.0);
INSERT INTO `region_point` (`region_face_id`, `idx`, `x`, `y`, `z`, `w`) values (347, 3, 3096730.0, 289829.0, 645320.875, 1.0);
INSERT INTO `region` (`region_id`, `level_name`, `tree`, `on_enter`, `on_exit`, `on_inside`) values (360, 'forexita', 'camera', '(talker-spawn "DSbop010")', '', '');
INSERT INTO `region_face` (`region_face_id`, `region_id`, `kind`, `flags`, `normal_x`, `normal_y`, `normal_z`, `normal_w`, `pos_x`, `pos_y`, `pos_z`, `pos_w`) values (348, 360, 'face', '', 0.0, 0.0, 1.0, 815367.8125, 2366182.0, 138885.4062, 815367.8125, 57925.9101);
INSERT INTO `region_point` (`region_face_id`, `idx`, `x`, `y`, `z`, `w`) values (348, 0, 2325222.0, 97925.7968, 815367.8125, 1.0);
INSERT INTO `region_point` (`region_face_id`, `idx`, `x`, `y`, `z`, `w`) values (348, 1, 2407142.0, 97925.7968, 815367.8125, 1.0);
INSERT INTO `region_point` (`region_face_id`, `idx`, `x`, `y`, `z`, `w`) values (348, 2, 2325222.0, 179845.0, 815367.8125, 1.0);
INSERT INTO `region_point` (`region_face_id`, `idx`, `x`, `y`, `z`, `w`) values (348, 3, 2407142.0, 179845.0, 815367.8125, 1.0);
INSERT INTO `region_face` (`region_face_id`, `region_id`, `kind`, `flags`, `normal_x`, `normal_y`, `normal_z`, `normal_w`, `pos_x`, `pos_y`, `pos_z`, `pos_w`) values (349, 360, 'face', '', 1.0, 0.0, 0.0, 2407142.0, 2407142.0, 138885.4062, 769272.9375, 61663.8242);
INSERT INTO `region_point` (`region_face_id`, `idx`, `x`, `y`, `z`, `w`) values (349, 0, 2407142.0, 97925.7968, 723178.0625, 1.0);
INSERT INTO `region_point` (`region_face_id`, `idx`, `x`, `y`, `z`, `w`) values (349, 1, 2407142.0, 179845.0, 723178.0625, 1.0);
INSERT INTO `region_point` (`region_face_id`, `idx`, `x`, `y`, `z`, `w`) values (349, 2, 2407142.0, 97925.7968, 815367.8125, 1.0);
INSERT INTO `region_point` (`region_face_id`, `idx`, `x`, `y`, `z`, `w`) values (349, 3, 2407142.0, 179845.0, 815367.8125, 1.0);
INSERT INTO `region_face` (`region_face_id`, `region_id`, `kind`, `flags`, `normal_x`, `normal_y`, `normal_z`, `normal_w`, `pos_x`, `pos_y`, `pos_z`, `pos_w`) values (350, 360, 'face', '', 0.0, 1.0, 0.0, 179845.0, 2366182.0, 179845.0, 769272.9375, 61664.082);
INSERT INTO `region_point` (`region_face_id`, `idx`, `x`, `y`, `z`, `w`) values (350, 0, 2325222.0, 179845.0, 723178.0625, 1.0);
INSERT INTO `region_point` (`region_face_id`, `idx`, `x`, `y`, `z`, `w`) values (350, 1, 2325222.0, 179845.0, 815367.8125, 1.0);
INSERT INTO `region_point` (`region_face_id`, `idx`, `x`, `y`, `z`, `w`) values (350, 2, 2407142.0, 179845.0, 723178.0625, 1.0);
INSERT INTO `region_point` (`region_face_id`, `idx`, `x`, `y`, `z`, `w`) values (350, 3, 2407142.0, 179845.0, 815367.8125, 1.0);
INSERT INTO `region_face` (`region_face_id`, `region_id`, `kind`, `flags`, `normal_x`, `normal_y`, `normal_z`, `normal_w`, `pos_x`, `pos_y`, `pos_z`, `pos_w`) values (351, 360, 'face', '', 0.0, -1.0, 0.0, -97925.7968, 2366182.0, 97925.7968, 769272.9375, 61664.082);
INSERT INTO `region_point` (`region_face_id`, `idx`, `x`, `y`, `z`, `w`) values (351, 0, 2325222.0, 97925.7968, 723178.0625, 1.0);
INSERT INTO `region_point` (`region_face_id`, `idx`, `x`, `y`, `z`, `w`) values (351, 1, 2407142.0, 97925.7968, 723178.0625, 1.0);
INSERT INTO `region_point` (`region_face_id`, `idx`, `x`, `y`, `z`, `w`) values (351, 2, 2325222.0, 97925.7968, 815367.8125, 1.0);
INSERT INTO `region_point` (`region_face_id`, `idx`, `x`, `y`, `z`, `w`) values (351, 3, 2407142.0, 97925.7968, 815367.8125, 1.0);
INSERT INTO `region_face` (`region_face_id`, `region_id`, `kind`, `flags`, `normal_x`, `normal_y`, `normal_z`, `normal_w`, `pos_x`, `pos_y`, `pos_z`, `pos_w`) values (352, 360, 'face', '', 0.0, 0.0, -1.0, -723178.0625, 2366182.0, 138885.4062, 723178.0625, 57925.9101);
INSERT INTO `region_point` (`region_face_id`, `idx`, `x`, `y`, `z`, `w`) values (352, 0, 2325222.0, 97925.7968, 723178.0625, 1.0);
INSERT INTO `region_point` (`region_face_id`, `idx`, `x`, `y`, `z`, `w`) values (352, 1, 2325222.0, 179845.0, 723178.0625, 1.0);
INSERT INTO `region_point` (`region_face_id`, `idx`, `x`, `y`, `z`, `w`) values (352, 2, 2407142.0, 97925.7968, 723178.0625, 1.0);
INSERT INTO `region_point` (`region_face_id`, `idx`, `x`, `y`, `z`, `w`) values (352, 3, 2407142.0, 179845.0, 723178.0625, 1.0);
INSERT INTO `region_face` (`region_face_id`, `region_id`, `kind`, `flags`, `normal_x`, `normal_y`, `normal_z`, `normal_w`, `pos_x`, `pos_y`, `pos_z`, `pos_w`) values (353, 360, 'face', '', -1.0, 0.0, 0.0, -2325222.0, 2325222.0, 138885.4062, 769272.9375, 61663.8242);
INSERT INTO `region_point` (`region_face_id`, `idx`, `x`, `y`, `z`, `w`) values (353, 0, 2325222.0, 97925.7968, 723178.0625, 1.0);
INSERT INTO `region_point` (`region_face_id`, `idx`, `x`, `y`, `z`, `w`) values (353, 1, 2325222.0, 97925.7968, 815367.8125, 1.0);
INSERT INTO `region_point` (`region_face_id`, `idx`, `x`, `y`, `z`, `w`) values (353, 2, 2325222.0, 179845.0, 723178.0625, 1.0);
INSERT INTO `region_point` (`region_face_id`, `idx`, `x`, `y`, `z`, `w`) values (353, 3, 2325222.0, 179845.0, 815367.8125, 1.0);
INSERT INTO `region` (`region_id`, `level_name`, `tree`, `on_enter`, `on_exit`, `on_inside`) values (466, 'forexita', 'camera', '(want-display ''prison ''display)', '(want-display ''prison #f)', '');
INSERT INTO `region_face` (`region_face_id`, `region_id`, `kind`, `flags`, `normal_x`, `normal_y`, `normal_z`, `normal_w`, `pos_x`, `pos_y`, `pos_z`, `pos_w`) values (354, 466, 'plane', '', -0.0541, 0.0, -0.9985, -730490.6875, 2433963.0, 171791.2031, 599493.5, 157389.3906);
INSERT INTO `region_point` (`region_face_id`, `idx`, `x`, `y`, `z`, `w`) values (354, 0, 2298887.0, 252241.0, 606823.0, 1.0);
INSERT INTO `region_point` (`region_face_id`, `idx`, `x`, `y`, `z`, `w`) values (354, 1, 2569039.0, 252241.0, 592164.0, 1.0);
INSERT INTO `region_point` (`region_face_id`, `idx`, `x`, `y`, `z`, `w`) values (354, 2, 2298887.0, 91341.3984, 606823.0, 1.0);
INSERT INTO `region_point` (`region_face_id`, `idx`, `x`, `y`, `z`, `w`) values (354, 3, 2569039.0, 91341.3984, 592164.0, 1.0);
INSERT INTO `region` (`region_id`, `level_name`, `tree`, `on_enter`, `on_exit`, `on_inside`) values (521, 'forexita', 'camera', '', '', '(begin (setting-pers sound-excitement mode "abs" value -1.0000) (unless (entity-status? "crimson-guard-level-41" dead) (setting-pers sound-mode mask 1)))');
INSERT INTO `region_sphere` (`region_id`, `x`, `y`, `z`, `r`) values (521, 2411126.0, 230041.0, 334729.0, 150045.0);
INSERT INTO `region` (`region_id`, `level_name`, `tree`, `on_enter`, `on_exit`, `on_inside`) values (523, 'forexita', 'camera', '', '', '(begin (setting-pers sound-excitement mode ''abs value -1.0000) (unless (entity-status? "crimson-guard-level-42" dead) (setting-pers sound-mode mask 1)))');
INSERT INTO `region_sphere` (`region_id`, `x`, `y`, `z`, `r`) values (523, 2810354.0, 261502.0, 399213.0, 111411.0);
INSERT INTO `region` (`region_id`, `level_name`, `tree`, `on_enter`, `on_exit`, `on_inside`) values (524, 'forexita', 'camera', '', '', '(begin (setting-pers sound-excitement mode "abs" value -1.0000) (unless (and (entity-status? "crimson-guard-level-43" dead) (entity-status? "crimson-guard-level-44" dead) (setting-pers sound-mode mask 1))))');
INSERT INTO `region_sphere` (`region_id`, `x`, `y`, `z`, `r`) values (524, 2883904.0, 305706.0, 711816.125, 56332.6015);
INSERT INTO `region` (`region_id`, `level_name`, `tree`, `on_enter`, `on_exit`, `on_inside`) values (851, 'forexita', 'camera', '(send-event "guard-conversation-1" ''trigger)', '(send-event "guard-conversation-1" ''untrigger)', '');
INSERT INTO `region_face` (`region_face_id`, `region_id`, `kind`, `flags`, `normal_x`, `normal_y`, `normal_z`, `normal_w`, `pos_x`, `pos_y`, `pos_z`, `pos_w`) values (355, 851, 'plane', '', -0.1266, 0.0, 0.9919, -257070.9687, 2936572.5, 277409.0, 115789.0, 123075.3437);
INSERT INTO `region_point` (`region_face_id`, `idx`, `x`, `y`, `z`, `w`) values (355, 0, 2823706.0, 324324.0, 101378.0, 1.0);
INSERT INTO `region_point` (`region_face_id`, `idx`, `x`, `y`, `z`, `w`) values (355, 1, 2823706.0, 230494.0, 101378.0, 1.0);
INSERT INTO `region_point` (`region_face_id`, `idx`, `x`, `y`, `z`, `w`) values (355, 2, 3049439.0, 324324.0, 130200.0, 1.0);
INSERT INTO `region_point` (`region_face_id`, `idx`, `x`, `y`, `z`, `w`) values (355, 3, 3049439.0, 230494.0, 130200.0, 1.0);
INSERT INTO `region` (`region_id`, `level_name`, `tree`, `on_enter`, `on_exit`, `on_inside`) values (198, 'forexitb', 'target', '(want-load ''forexitb ''ctywide ''ctyslumb)', '', '');
INSERT INTO `region_face` (`region_face_id`, `region_id`, `kind`, `flags`, `normal_x`, `normal_y`, `normal_z`, `normal_w`, `pos_x`, `pos_y`, `pos_z`, `pos_w`) values (356, 198, 'plane', '', 0.0, 1.0, 0.0, 238620.0, 2705902.0, 238620.0, 200647.0, 57925.4804);
INSERT INTO `region_point` (`region_face_id`, `idx`, `x`, `y`, `z`, `w`) values (356, 0, 2664942.0, 238620.0, 159688.0, 1.0);
INSERT INTO `region_point` (`region_face_id`, `idx`, `x`, `y`, `z`, `w`) values (356, 1, 2664942.0, 238620.0, 241606.0, 1.0);
INSERT INTO `region_point` (`region_face_id`, `idx`, `x`, `y`, `z`, `w`) values (356, 2, 2746862.0, 238620.0, 159688.0, 1.0);
INSERT INTO `region_point` (`region_face_id`, `idx`, `x`, `y`, `z`, `w`) values (356, 3, 2746862.0, 238620.0, 241606.0, 1.0);
INSERT INTO `region` (`region_id`, `level_name`, `tree`, `on_enter`, `on_exit`, `on_inside`) values (315, 'forexitb', 'target', '', '', '(setting-pers entity-name mode "camera-175")');
INSERT INTO `region_face` (`region_face_id`, `region_id`, `kind`, `flags`, `normal_x`, `normal_y`, `normal_z`, `normal_w`, `pos_x`, `pos_y`, `pos_z`, `pos_w`) values (357, 315, 'face', '', 0.0189, -0.9998, 0.0002, -218141.875, 2906512.5, 273318.5, 451442.5, 162849.4687);
INSERT INTO `region_point` (`region_face_id`, `idx`, `x`, `y`, `z`, `w`) values (357, 0, 2859403.0, 272389.0, 306201.0, 1.0);
INSERT INTO `region_point` (`region_face_id`, `idx`, `x`, `y`, `z`, `w`) values (357, 1, 2982996.0, 274729.0, 307678.0, 1.0);
INSERT INTO `region_point` (`region_face_id`, `idx`, `x`, `y`, `z`, `w`) values (357, 2, 2830029.0, 271908.0, 595207.0, 1.0);
INSERT INTO `region_point` (`region_face_id`, `idx`, `x`, `y`, `z`, `w`) values (357, 3, 2976280.0, 274678.0, 595172.0, 1.0);
INSERT INTO `region_face` (`region_face_id`, `region_id`, `kind`, `flags`, `normal_x`, `normal_y`, `normal_z`, `normal_w`, `pos_x`, `pos_y`, `pos_z`, `pos_w`) values (358, 315, 'face', '', -0.9935, 0.0516, -0.1008, -2857812.75, 2846744.5, 312335.9375, 451289.6875, 151018.9375);
INSERT INTO `region_point` (`region_face_id`, `idx`, `x`, `y`, `z`, `w`) values (358, 0, 2859403.0, 272389.0, 306201.0, 1.0);
INSERT INTO `region_point` (`region_face_id`, `idx`, `x`, `y`, `z`, `w`) values (358, 1, 2830029.0, 271908.0, 595207.0, 1.0);
INSERT INTO `region_point` (`region_face_id`, `idx`, `x`, `y`, `z`, `w`) values (358, 2, 2862773.0, 354932.0, 315247.0, 1.0);
INSERT INTO `region_point` (`region_face_id`, `idx`, `x`, `y`, `z`, `w`) values (358, 3, 2834313.0, 354347.0, 595206.0, 1.0);
INSERT INTO `region_face` (`region_face_id`, `region_id`, `kind`, `flags`, `normal_x`, `normal_y`, `normal_z`, `normal_w`, `pos_x`, `pos_y`, `pos_z`, `pos_w`) values (359, 315, 'face', '', 0.0098, 0.1085, -0.994, -246720.9218, 2921094.5, 314610.5, 311421.0, 74938.2734);
INSERT INTO `region_point` (`region_face_id`, `idx`, `x`, `y`, `z`, `w`) values (359, 0, 2859403.0, 272389.0, 306201.0, 1.0);
INSERT INTO `region_point` (`region_face_id`, `idx`, `x`, `y`, `z`, `w`) values (359, 1, 2862773.0, 354932.0, 315247.0, 1.0);
INSERT INTO `region_point` (`region_face_id`, `idx`, `x`, `y`, `z`, `w`) values (359, 2, 2982996.0, 274729.0, 307678.0, 1.0);
INSERT INTO `region_point` (`region_face_id`, `idx`, `x`, `y`, `z`, `w`) values (359, 3, 2982786.0, 356832.0, 316641.0, 1.0);
INSERT INTO `region_face` (`region_face_id`, `region_id`, `kind`, `flags`, `normal_x`, `normal_y`, `normal_z`, `normal_w`, `pos_x`, `pos_y`, `pos_z`, `pos_w`) values (360, 315, 'face', '', 0.0002, -0.0, 1.0, 595884.1875, 2903154.5, 314253.0, 595189.5, 84501.1093);
INSERT INTO `region_point` (`region_face_id`, `idx`, `x`, `y`, `z`, `w`) values (360, 0, 2830029.0, 271908.0, 595207.0, 1.0);
INSERT INTO `region_point` (`region_face_id`, `idx`, `x`, `y`, `z`, `w`) values (360, 1, 2976280.0, 274678.0, 595172.0, 1.0);
INSERT INTO `region_point` (`region_face_id`, `idx`, `x`, `y`, `z`, `w`) values (360, 2, 2834313.0, 354347.0, 595206.0, 1.0);
INSERT INTO `region_point` (`region_face_id`, `idx`, `x`, `y`, `z`, `w`) values (360, 3, 2976280.0, 356598.0, 595172.0, 1.0);
INSERT INTO `region_face` (`region_face_id`, `region_id`, `kind`, `flags`, `normal_x`, `normal_y`, `normal_z`, `normal_w`, `pos_x`, `pos_y`, `pos_z`, `pos_w`) values (361, 315, 'face', '', -0.0158, 0.9998, 0.0004, 309706.0312, 2908549.5, 355589.5, 455923.5, 157836.0468);
INSERT INTO `region_point` (`region_face_id`, `idx`, `x`, `y`, `z`, `w`) values (361, 0, 2862773.0, 354932.0, 315247.0, 1.0);
INSERT INTO `region_point` (`region_face_id`, `idx`, `x`, `y`, `z`, `w`) values (361, 1, 2834313.0, 354347.0, 595206.0, 1.0);
INSERT INTO `region_point` (`region_face_id`, `idx`, `x`, `y`, `z`, `w`) values (361, 2, 2982786.0, 356832.0, 316641.0, 1.0);
INSERT INTO `region_point` (`region_face_id`, `idx`, `x`, `y`, `z`, `w`) values (361, 3, 2976280.0, 356598.0, 595172.0, 1.0);
INSERT INTO `region_face` (`region_face_id`, `region_id`, `kind`, `flags`, `normal_x`, `normal_y`, `normal_z`, `normal_w`, `pos_x`, `pos_y`, `pos_z`, `pos_w`) values (362, 315, 'face', '', 0.9997, 0.0, 0.0233, 2989370.0, 2979629.75, 314607.375, 451760.125, 149536.875);
INSERT INTO `region_point` (`region_face_id`, `idx`, `x`, `y`, `z`, `w`) values (362, 0, 2982996.0, 274729.0, 307678.0, 1.0);
INSERT INTO `region_point` (`region_face_id`, `idx`, `x`, `y`, `z`, `w`) values (362, 1, 2982786.0, 356832.0, 316641.0, 1.0);
INSERT INTO `region_point` (`region_face_id`, `idx`, `x`, `y`, `z`, `w`) values (362, 2, 2976280.0, 274678.0, 595172.0, 1.0);
INSERT INTO `region_point` (`region_face_id`, `idx`, `x`, `y`, `z`, `w`) values (362, 3, 2976280.0, 356598.0, 595172.0, 1.0);
INSERT INTO `region` (`region_id`, `level_name`, `tree`, `on_enter`, `on_exit`, `on_inside`) values (328, 'forexitb', 'target', '(begin (setting-pers immediate-string-min-max time (seconds 0.0098)) (setting-pers string-max-length value (meters 2.0000) mode ''abs time (seconds 0.0098)) (setting-pers string-min-length value (meters 1.8997) mode ''abs time (seconds 0.0098)) (setting-pers string-max-height value (meters 10.0000) mode ''abs time (seconds 0.0098)) (setting-pers string-min-height value (meters 9.8999) mode ''abs time (seconds 0.0098)))', '', '');
INSERT INTO `region_face` (`region_face_id`, `region_id`, `kind`, `flags`, `normal_x`, `normal_y`, `normal_z`, `normal_w`, `pos_x`, `pos_y`, `pos_z`, `pos_w`) values (363, 328, 'face', '', 0.0, -1.0, 0.0, -279780.0, 2916708.5, 279780.0, 245110.0, 27674.8847);
INSERT INTO `region_point` (`region_face_id`, `idx`, `x`, `y`, `z`, `w`) values (363, 0, 2901175.0, 279780.0, 222207.0, 1.0);
INSERT INTO `region_point` (`region_face_id`, `idx`, `x`, `y`, `z`, `w`) values (363, 1, 2932244.0, 279780.0, 222207.0, 1.0);
INSERT INTO `region_point` (`region_face_id`, `idx`, `x`, `y`, `z`, `w`) values (363, 2, 2901173.0, 279780.0, 268013.0, 1.0);
INSERT INTO `region_point` (`region_face_id`, `idx`, `x`, `y`, `z`, `w`) values (363, 3, 2932243.0, 279780.0, 268013.0, 1.0);
INSERT INTO `region_face` (`region_face_id`, `region_id`, `kind`, `flags`, `normal_x`, `normal_y`, `normal_z`, `normal_w`, `pos_x`, `pos_y`, `pos_z`, `pos_w`) values (364, 328, 'face', '', -1.0, -0.0, -0.0, -2901204.0, 2901174.0, 287006.0, 245110.0, 24015.8808);
INSERT INTO `region_point` (`region_face_id`, `idx`, `x`, `y`, `z`, `w`) values (364, 0, 2901175.0, 279780.0, 222207.0, 1.0);
INSERT INTO `region_point` (`region_face_id`, `idx`, `x`, `y`, `z`, `w`) values (364, 1, 2901173.0, 279780.0, 268013.0, 1.0);
INSERT INTO `region_point` (`region_face_id`, `idx`, `x`, `y`, `z`, `w`) values (364, 2, 2901174.0, 294232.0, 222207.0, 1.0);
INSERT INTO `region_point` (`region_face_id`, `idx`, `x`, `y`, `z`, `w`) values (364, 3, 2901173.0, 294232.0, 268013.0, 1.0);
INSERT INTO `region_face` (`region_face_id`, `region_id`, `kind`, `flags`, `normal_x`, `normal_y`, `normal_z`, `normal_w`, `pos_x`, `pos_y`, `pos_z`, `pos_w`) values (365, 328, 'face', '', 0.0, 0.0, -1.0, -222207.0, 2916709.0, 287006.0, 222207.0, 17133.3378);
INSERT INTO `region_point` (`region_face_id`, `idx`, `x`, `y`, `z`, `w`) values (365, 0, 2901175.0, 279780.0, 222207.0, 1.0);
INSERT INTO `region_point` (`region_face_id`, `idx`, `x`, `y`, `z`, `w`) values (365, 1, 2901174.0, 294232.0, 222207.0, 1.0);
INSERT INTO `region_point` (`region_face_id`, `idx`, `x`, `y`, `z`, `w`) values (365, 2, 2932244.0, 279780.0, 222207.0, 1.0);
INSERT INTO `region_point` (`region_face_id`, `idx`, `x`, `y`, `z`, `w`) values (365, 3, 2932243.0, 294232.0, 222207.0, 1.0);
INSERT INTO `region_face` (`region_face_id`, `region_id`, `kind`, `flags`, `normal_x`, `normal_y`, `normal_z`, `normal_w`, `pos_x`, `pos_y`, `pos_z`, `pos_w`) values (366, 328, 'face', '', 0.0, 0.0, 1.0, 268013.0, 2916708.0, 287006.0, 268013.0, 17133.3378);
INSERT INTO `region_point` (`region_face_id`, `idx`, `x`, `y`, `z`, `w`) values (366, 0, 2901173.0, 279780.0, 268013.0, 1.0);
INSERT INTO `region_point` (`region_face_id`, `idx`, `x`, `y`, `z`, `w`) values (366, 1, 2932243.0, 279780.0, 268013.0, 1.0);
INSERT INTO `region_point` (`region_face_id`, `idx`, `x`, `y`, `z`, `w`) values (366, 2, 2901173.0, 294232.0, 268013.0, 1.0);
INSERT INTO `region_point` (`region_face_id`, `idx`, `x`, `y`, `z`, `w`) values (366, 3, 2932242.0, 294232.0, 268013.0, 1.0);
INSERT INTO `region_face` (`region_face_id`, `region_id`, `kind`, `flags`, `normal_x`, `normal_y`, `normal_z`, `normal_w`, `pos_x`, `pos_y`, `pos_z`, `pos_w`) values (367, 328, 'face', '', 0.0, 1.0, 0.0, 294232.0, 2916708.0, 294232.0, 245110.0, 27674.6035);
INSERT INTO `region_point` (`region_face_id`, `idx`, `x`, `y`, `z`, `w`) values (367, 0, 2901174.0, 294232.0, 222207.0, 1.0);
INSERT INTO `region_point` (`region_face_id`, `idx`, `x`, `y`, `z`, `w`) values (367, 1, 2901173.0, 294232.0, 268013.0, 1.0);
INSERT INTO `region_point` (`region_face_id`, `idx`, `x`, `y`, `z`, `w`) values (367, 2, 2932243.0, 294232.0, 222207.0, 1.0);
INSERT INTO `region_point` (`region_face_id`, `idx`, `x`, `y`, `z`, `w`) values (367, 3, 2932242.0, 294232.0, 268013.0, 1.0);
INSERT INTO `region_face` (`region_face_id`, `region_id`, `kind`, `flags`, `normal_x`, `normal_y`, `normal_z`, `normal_w`, `pos_x`, `pos_y`, `pos_z`, `pos_w`) values (368, 328, 'face', '', 1.0, 0.0, 0.0, 2932268.25, 2932243.0, 287006.0, 245110.0, 24015.8808);
INSERT INTO `region_point` (`region_face_id`, `idx`, `x`, `y`, `z`, `w`) values (368, 0, 2932244.0, 279780.0, 222207.0, 1.0);
INSERT INTO `region_point` (`region_face_id`, `idx`, `x`, `y`, `z`, `w`) values (368, 1, 2932243.0, 294232.0, 222207.0, 1.0);
INSERT INTO `region_point` (`region_face_id`, `idx`, `x`, `y`, `z`, `w`) values (368, 2, 2932243.0, 279780.0, 268013.0, 1.0);
INSERT INTO `region_point` (`region_face_id`, `idx`, `x`, `y`, `z`, `w`) values (368, 3, 2932242.0, 294232.0, 268013.0, 1.0);
INSERT INTO `region` (`region_id`, `level_name`, `tree`, `on_enter`, `on_exit`, `on_inside`) values (358, 'forexitb', 'target', '(begin (setting-pers immediate-string-min-max time (seconds 0.0098)) (setting-pers string-max-length value (meters 2.0000) mode ''abs time (seconds 0.0098)) (setting-pers string-min-length value (meters 1.8997) mode ''abs time (seconds 0.0098)) (setting-pers string-max-height value (meters 10.0000) mode ''abs time (seconds 0.0098)) (setting-pers string-min-height value (meters 9.8999) mode ''abs time (seconds 0.0098)))', '', '');
INSERT INTO `region_face` (`region_face_id`, `region_id`, `kind`, `flags`, `normal_x`, `normal_y`, `normal_z`, `normal_w`, `pos_x`, `pos_y`, `pos_z`, `pos_w`) values (369, 358, 'face', '', 0.0, -1.0, 0.0, -230077.0, 2697384.5, 230077.0, 202623.0, 27674.0566);
INSERT INTO `region_point` (`region_face_id`, `idx`, `x`, `y`, `z`, `w`) values (369, 0, 2681851.0, 230077.0, 179721.0, 1.0);
INSERT INTO `region_point` (`region_face_id`, `idx`, `x`, `y`, `z`, `w`) values (369, 1, 2712920.0, 230077.0, 179721.0, 1.0);
INSERT INTO `region_point` (`region_face_id`, `idx`, `x`, `y`, `z`, `w`) values (369, 2, 2681849.0, 230077.0, 225525.0, 1.0);
INSERT INTO `region_point` (`region_face_id`, `idx`, `x`, `y`, `z`, `w`) values (369, 3, 2712919.0, 230077.0, 225525.0, 1.0);
INSERT INTO `region_face` (`region_face_id`, `region_id`, `kind`, `flags`, `normal_x`, `normal_y`, `normal_z`, `normal_w`, `pos_x`, `pos_y`, `pos_z`, `pos_w`) values (370, 358, 'face', '', -1.0, -0.0, -0.0, -2681874.75, 2681850.0, 237303.0, 202623.0, 24014.9257);
INSERT INTO `region_point` (`region_face_id`, `idx`, `x`, `y`, `z`, `w`) values (370, 0, 2681851.0, 230077.0, 179721.0, 1.0);
INSERT INTO `region_point` (`region_face_id`, `idx`, `x`, `y`, `z`, `w`) values (370, 1, 2681849.0, 230077.0, 225525.0, 1.0);
INSERT INTO `region_point` (`region_face_id`, `idx`, `x`, `y`, `z`, `w`) values (370, 2, 2681850.0, 244529.0, 179721.0, 1.0);
INSERT INTO `region_point` (`region_face_id`, `idx`, `x`, `y`, `z`, `w`) values (370, 3, 2681849.0, 244529.0, 225525.0, 1.0);
INSERT INTO `region_face` (`region_face_id`, `region_id`, `kind`, `flags`, `normal_x`, `normal_y`, `normal_z`, `normal_w`, `pos_x`, `pos_y`, `pos_z`, `pos_w`) values (371, 358, 'face', '', 0.0, 0.0, -1.0, -179721.0, 2697385.0, 237303.0, 179721.0, 17133.3378);
INSERT INTO `region_point` (`region_face_id`, `idx`, `x`, `y`, `z`, `w`) values (371, 0, 2681851.0, 230077.0, 179721.0, 1.0);
INSERT INTO `region_point` (`region_face_id`, `idx`, `x`, `y`, `z`, `w`) values (371, 1, 2681850.0, 244529.0, 179721.0, 1.0);
INSERT INTO `region_point` (`region_face_id`, `idx`, `x`, `y`, `z`, `w`) values (371, 2, 2712920.0, 230077.0, 179721.0, 1.0);
INSERT INTO `region_point` (`region_face_id`, `idx`, `x`, `y`, `z`, `w`) values (371, 3, 2712919.0, 244529.0, 179721.0, 1.0);
INSERT INTO `region_face` (`region_face_id`, `region_id`, `kind`, `flags`, `normal_x`, `normal_y`, `normal_z`, `normal_w`, `pos_x`, `pos_y`, `pos_z`, `pos_w`) values (372, 358, 'face', '', 0.0, 0.0, 1.0, 225525.0, 2697384.0, 237303.0, 225525.0, 17133.3378);
INSERT INTO `region_point` (`region_face_id`, `idx`, `x`, `y`, `z`, `w`) values (372, 0, 2681849.0, 230077.0, 225525.0, 1.0);
INSERT INTO `region_point` (`region_face_id`, `idx`, `x`, `y`, `z`, `w`) values (372, 1, 2712919.0, 230077.0, 225525.0, 1.0);
INSERT INTO `region_point` (`region_face_id`, `idx`, `x`, `y`, `z`, `w`) values (372, 2, 2681849.0, 244529.0, 225525.0, 1.0);
INSERT INTO `region_point` (`region_face_id`, `idx`, `x`, `y`, `z`, `w`) values (372, 3, 2712918.0, 244529.0, 225525.0, 1.0);
INSERT INTO `region_face` (`region_face_id`, `region_id`, `kind`, `flags`, `normal_x`, `normal_y`, `normal_z`, `normal_w`, `pos_x`, `pos_y`, `pos_z`, `pos_w`) values (373, 358, 'face', '', 0.0, 1.0, 0.0, 244529.0, 2697384.0, 244529.0, 202623.0, 27673.7753);
INSERT INTO `region_point` (`region_face_id`, `idx`, `x`, `y`, `z`, `w`) values (373, 0, 2681850.0, 244529.0, 179721.0, 1.0);
INSERT INTO `region_point` (`region_face_id`, `idx`, `x`, `y`, `z`, `w`) values (373, 1, 2681849.0, 244529.0, 225525.0, 1.0);
INSERT INTO `region_point` (`region_face_id`, `idx`, `x`, `y`, `z`, `w`) values (373, 2, 2712919.0, 244529.0, 179721.0, 1.0);
INSERT INTO `region_point` (`region_face_id`, `idx`, `x`, `y`, `z`, `w`) values (373, 3, 2712918.0, 244529.0, 225525.0, 1.0);
INSERT INTO `region_face` (`region_face_id`, `region_id`, `kind`, `flags`, `normal_x`, `normal_y`, `normal_z`, `normal_w`, `pos_x`, `pos_y`, `pos_z`, `pos_w`) values (374, 358, 'face', '', 1.0, 0.0, 0.0, 2712939.75, 2712919.0, 237303.0, 202623.0, 24014.9257);
INSERT INTO `region_point` (`region_face_id`, `idx`, `x`, `y`, `z`, `w`) values (374, 0, 2712920.0, 230077.0, 179721.0, 1.0);
INSERT INTO `region_point` (`region_face_id`, `idx`, `x`, `y`, `z`, `w`) values (374, 1, 2712919.0, 244529.0, 179721.0, 1.0);
INSERT INTO `region_point` (`region_face_id`, `idx`, `x`, `y`, `z`, `w`) values (374, 2, 2712919.0, 230077.0, 225525.0, 1.0);
INSERT INTO `region_point` (`region_face_id`, `idx`, `x`, `y`, `z`, `w`) values (374, 3, 2712918.0, 244529.0, 225525.0, 1.0);
INSERT INTO `region` (`region_id`, `level_name`, `tree`, `on_enter`, `on_exit`, `on_inside`) values (363, 'forexitb', 'target', '(talker-spawn "DSbop016")', '', '');
INSERT INTO `region_face` (`region_face_id`, `region_id`, `kind`, `flags`, `normal_x`, `normal_y`, `normal_z`, `normal_w`, `pos_x`, `pos_y`, `pos_z`, `pos_w`) values (375, 363, 'face', '', 0.0, -1.0, 0.0, -282535.0, 2917421.0, 282535.0, 250833.5, 31308.3242);
INSERT INTO `region_point` (`region_face_id`, `idx`, `x`, `y`, `z`, `w`) values (375, 0, 2896383.0, 282535.0, 227647.0, 1.0);
INSERT INTO `region_point` (`region_face_id`, `idx`, `x`, `y`, `z`, `w`) values (375, 1, 2938459.0, 282535.0, 227647.0, 1.0);
INSERT INTO `region_point` (`region_face_id`, `idx`, `x`, `y`, `z`, `w`) values (375, 2, 2896383.0, 282535.0, 274020.0, 1.0);
INSERT INTO `region_point` (`region_face_id`, `idx`, `x`, `y`, `z`, `w`) values (375, 3, 2938459.0, 282535.0, 274020.0, 1.0);
INSERT INTO `region_face` (`region_face_id`, `region_id`, `kind`, `flags`, `normal_x`, `normal_y`, `normal_z`, `normal_w`, `pos_x`, `pos_y`, `pos_z`, `pos_w`) values (376, 363, 'face', '', -1.0, 0.0, 0.0, -2896383.0, 2896383.0, 323495.0, 250833.5, 47067.3515);
INSERT INTO `region_point` (`region_face_id`, `idx`, `x`, `y`, `z`, `w`) values (376, 0, 2896383.0, 282535.0, 227647.0, 1.0);
INSERT INTO `region_point` (`region_face_id`, `idx`, `x`, `y`, `z`, `w`) values (376, 1, 2896383.0, 282535.0, 274020.0, 1.0);
INSERT INTO `region_point` (`region_face_id`, `idx`, `x`, `y`, `z`, `w`) values (376, 2, 2896383.0, 364455.0, 227647.0, 1.0);
INSERT INTO `region_point` (`region_face_id`, `idx`, `x`, `y`, `z`, `w`) values (376, 3, 2896383.0, 364455.0, 274020.0, 1.0);
INSERT INTO `region_face` (`region_face_id`, `region_id`, `kind`, `flags`, `normal_x`, `normal_y`, `normal_z`, `normal_w`, `pos_x`, `pos_y`, `pos_z`, `pos_w`) values (377, 363, 'face', '', 0.0, 0.0, -1.0, -227647.0, 2917421.0, 323495.0, 227647.0, 46046.9218);
INSERT INTO `region_point` (`region_face_id`, `idx`, `x`, `y`, `z`, `w`) values (377, 0, 2896383.0, 282535.0, 227647.0, 1.0);
INSERT INTO `region_point` (`region_face_id`, `idx`, `x`, `y`, `z`, `w`) values (377, 1, 2896383.0, 364455.0, 227647.0, 1.0);
INSERT INTO `region_point` (`region_face_id`, `idx`, `x`, `y`, `z`, `w`) values (377, 2, 2938459.0, 282535.0, 227647.0, 1.0);
INSERT INTO `region_point` (`region_face_id`, `idx`, `x`, `y`, `z`, `w`) values (377, 3, 2938459.0, 364455.0, 227647.0, 1.0);
INSERT INTO `region_face` (`region_face_id`, `region_id`, `kind`, `flags`, `normal_x`, `normal_y`, `normal_z`, `normal_w`, `pos_x`, `pos_y`, `pos_z`, `pos_w`) values (378, 363, 'face', '', 0.0, 0.0, 1.0, 274020.0, 2917421.0, 323495.0, 274020.0, 46046.9218);
INSERT INTO `region_point` (`region_face_id`, `idx`, `x`, `y`, `z`, `w`) values (378, 0, 2896383.0, 282535.0, 274020.0, 1.0);
INSERT INTO `region_point` (`region_face_id`, `idx`, `x`, `y`, `z`, `w`) values (378, 1, 2938459.0, 282535.0, 274020.0, 1.0);
INSERT INTO `region_point` (`region_face_id`, `idx`, `x`, `y`, `z`, `w`) values (378, 2, 2896383.0, 364455.0, 274020.0, 1.0);
INSERT INTO `region_point` (`region_face_id`, `idx`, `x`, `y`, `z`, `w`) values (378, 3, 2938459.0, 364455.0, 274020.0, 1.0);
INSERT INTO `region_face` (`region_face_id`, `region_id`, `kind`, `flags`, `normal_x`, `normal_y`, `normal_z`, `normal_w`, `pos_x`, `pos_y`, `pos_z`, `pos_w`) values (379, 363, 'face', '', 0.0, 1.0, 0.0, 364455.0, 2917421.0, 364455.0, 250833.5, 31308.3242);
INSERT INTO `region_point` (`region_face_id`, `idx`, `x`, `y`, `z`, `w`) values (379, 0, 2896383.0, 364455.0, 227647.0, 1.0);
INSERT INTO `region_point` (`region_face_id`, `idx`, `x`, `y`, `z`, `w`) values (379, 1, 2896383.0, 364455.0, 274020.0, 1.0);
INSERT INTO `region_point` (`region_face_id`, `idx`, `x`, `y`, `z`, `w`) values (379, 2, 2938459.0, 364455.0, 227647.0, 1.0);
INSERT INTO `region_point` (`region_face_id`, `idx`, `x`, `y`, `z`, `w`) values (379, 3, 2938459.0, 364455.0, 274020.0, 1.0);
INSERT INTO `region_face` (`region_face_id`, `region_id`, `kind`, `flags`, `normal_x`, `normal_y`, `normal_z`, `normal_w`, `pos_x`, `pos_y`, `pos_z`, `pos_w`) values (380, 363, 'face', '', 1.0, 0.0, 0.0, 2938459.0, 2938459.0, 323495.0, 250833.5, 47067.3515);
INSERT INTO `region_point` (`region_face_id`, `idx`, `x`, `y`, `z`, `w`) values (380, 0, 2938459.0, 282535.0, 227647.0, 1.0);
INSERT INTO `region_point` (`region_face_id`, `idx`, `x`, `y`, `z`, `w`) values (380, 1, 2938459.0, 364455.0, 227647.0, 1.0);
INSERT INTO `region_point` (`region_face_id`, `idx`, `x`, `y`, `z`, `w`) values (380, 2, 2938459.0, 282535.0, 274020.0, 1.0);
INSERT INTO `region_point` (`region_face_id`, `idx`, `x`, `y`, `z`, `w`) values (380, 3, 2938459.0, 364455.0, 274020.0, 1.0);
INSERT INTO `region` (`region_id`, `level_name`, `tree`, `on_enter`, `on_exit`, `on_inside`) values (473, 'forexitb', 'target', '', '', '(talker-spawn "cityv055")');
INSERT INTO `region_sphere` (`region_id`, `x`, `y`, `z`, `r`) values (473, 2492690.0, 121165.5, 117736.0, 45595.6992);
INSERT INTO `region` (`region_id`, `level_name`, `tree`, `on_enter`, `on_exit`, `on_inside`) values (504, 'forexitb', 'target', '', '', '(talker-spawn "kg071a")');
INSERT INTO `region_sphere` (`region_id`, `x`, `y`, `z`, `r`) values (504, 2967649.0, 303057.0, 535896.0, 26699.1992);
INSERT INTO `region` (`region_id`, `level_name`, `tree`, `on_enter`, `on_exit`, `on_inside`) values (505, 'forexitb', 'target', '', '', '(talker-spawn "kg107a")');
INSERT INTO `region_sphere` (`region_id`, `x`, `y`, `z`, `r`) values (505, 2985663.0, 303057.0, 456392.0, 38439.8007);
INSERT INTO `region` (`region_id`, `level_name`, `tree`, `on_enter`, `on_exit`, `on_inside`) values (506, 'forexitb', 'target', '', '', '(talker-spawn "kg097a")');
INSERT INTO `region_sphere` (`region_id`, `x`, `y`, `z`, `r`) values (506, 2956265.0, 303057.0, 349125.0, 38439.8007);
INSERT INTO `region` (`region_id`, `level_name`, `tree`, `on_enter`, `on_exit`, `on_inside`) values (850, 'forexitb', 'camera', '', '', '(when (not (entity-status? "guard-conversation-1" subtask-complete)) (setting-pers speech-control mode #f))');
INSERT INTO `region_face` (`region_face_id`, `region_id`, `kind`, `flags`, `normal_x`, `normal_y`, `normal_z`, `normal_w`, `pos_x`, `pos_y`, `pos_z`, `pos_w`) values (381, 850, 'face', '', 0.0701, 0.0, 0.9975, 409782.3437, 2790718.5, 252382.0, 214507.5, 172240.2968);
INSERT INTO `region_point` (`region_face_id`, `idx`, `x`, `y`, `z`, `w`) values (381, 0, 2621338.0, 223485.0, 226421.0, 1.0);
INSERT INTO `region_point` (`region_face_id`, `idx`, `x`, `y`, `z`, `w`) values (381, 1, 2960099.0, 223486.0, 202594.0, 1.0);
INSERT INTO `region_point` (`region_face_id`, `idx`, `x`, `y`, `z`, `w`) values (381, 2, 2621338.0, 281278.0, 226421.0, 1.0);
INSERT INTO `region_point` (`region_face_id`, `idx`, `x`, `y`, `z`, `w`) values (381, 3, 2960099.0, 281279.0, 202594.0, 1.0);
INSERT INTO `region_face` (`region_face_id`, `region_id`, `kind`, `flags`, `normal_x`, `normal_y`, `normal_z`, `normal_w`, `pos_x`, `pos_y`, `pos_z`, `pos_w`) values (382, 850, 'face', '', 0.9929, 0.0, 0.1188, 2963198.0, 2972317.5, 252384.0, 100508.5, 106798.1015);
INSERT INTO `region_point` (`region_face_id`, `idx`, `x`, `y`, `z`, `w`) values (382, 0, 2984536.0, 223486.0, -1577.0, 1.0);
INSERT INTO `region_point` (`region_face_id`, `idx`, `x`, `y`, `z`, `w`) values (382, 1, 2984536.0, 281282.0, -1577.0, 1.0);
INSERT INTO `region_point` (`region_face_id`, `idx`, `x`, `y`, `z`, `w`) values (382, 2, 2960099.0, 223486.0, 202594.0, 1.0);
INSERT INTO `region_point` (`region_face_id`, `idx`, `x`, `y`, `z`, `w`) values (382, 3, 2960099.0, 281279.0, 202594.0, 1.0);
INSERT INTO `region_face` (`region_face_id`, `region_id`, `kind`, `flags`, `normal_x`, `normal_y`, `normal_z`, `normal_w`, `pos_x`, `pos_y`, `pos_z`, `pos_w`) values (383, 850, 'face', '', -0.0, 1.0, 0.0, 281276.2187, 2802937.0, 281280.0, 112422.0, 214415.4062);
INSERT INTO `region_point` (`region_face_id`, `idx`, `x`, `y`, `z`, `w`) values (383, 0, 2645774.0, 281281.0, 22254.0, 1.0);
INSERT INTO `region_point` (`region_face_id`, `idx`, `x`, `y`, `z`, `w`) values (383, 1, 2621338.0, 281278.0, 226421.0, 1.0);
INSERT INTO `region_point` (`region_face_id`, `idx`, `x`, `y`, `z`, `w`) values (383, 2, 2984536.0, 281282.0, -1577.0, 1.0);
INSERT INTO `region_point` (`region_face_id`, `idx`, `x`, `y`, `z`, `w`) values (383, 3, 2960099.0, 281279.0, 202594.0, 1.0);
INSERT INTO `region_face` (`region_face_id`, `region_id`, `kind`, `flags`, `normal_x`, `normal_y`, `normal_z`, `normal_w`, `pos_x`, `pos_y`, `pos_z`, `pos_w`) values (384, 850, 'face', '', -0.0, -1.0, -0.0, -223487.0312, 2802937.0, 223485.5, 112422.0, 214415.4062);
INSERT INTO `region_point` (`region_face_id`, `idx`, `x`, `y`, `z`, `w`) values (384, 0, 2645774.0, 223486.0, 22254.0, 1.0);
INSERT INTO `region_point` (`region_face_id`, `idx`, `x`, `y`, `z`, `w`) values (384, 1, 2984536.0, 223486.0, -1577.0, 1.0);
INSERT INTO `region_point` (`region_face_id`, `idx`, `x`, `y`, `z`, `w`) values (384, 2, 2621338.0, 223485.0, 226421.0, 1.0);
INSERT INTO `region_point` (`region_face_id`, `idx`, `x`, `y`, `z`, `w`) values (384, 3, 2960099.0, 223486.0, 202594.0, 1.0);
INSERT INTO `region_face` (`region_face_id`, `region_id`, `kind`, `flags`, `normal_x`, `normal_y`, `normal_z`, `normal_w`, `pos_x`, `pos_y`, `pos_z`, `pos_w`) values (385, 850, 'face', '', -0.0701, 0.0, -0.9975, -207863.4375, 2815155.0, 252384.0, 10338.5, 172241.0937);
INSERT INTO `region_point` (`region_face_id`, `idx`, `x`, `y`, `z`, `w`) values (385, 0, 2645774.0, 223486.0, 22254.0, 1.0);
INSERT INTO `region_point` (`region_face_id`, `idx`, `x`, `y`, `z`, `w`) values (385, 1, 2645774.0, 281281.0, 22254.0, 1.0);
INSERT INTO `region_point` (`region_face_id`, `idx`, `x`, `y`, `z`, `w`) values (385, 2, 2984536.0, 223486.0, -1577.0, 1.0);
INSERT INTO `region_point` (`region_face_id`, `idx`, `x`, `y`, `z`, `w`) values (385, 3, 2984536.0, 281282.0, -1577.0, 1.0);
INSERT INTO `region_face` (`region_face_id`, `region_id`, `kind`, `flags`, `normal_x`, `normal_y`, `normal_z`, `normal_w`, `pos_x`, `pos_y`, `pos_z`, `pos_w`) values (386, 850, 'face', '', -0.9929, 0.0, -0.1188, -2629669.5, 2633556.0, 252383.0, 124337.5, 106796.1328);
INSERT INTO `region_point` (`region_face_id`, `idx`, `x`, `y`, `z`, `w`) values (386, 0, 2645774.0, 223486.0, 22254.0, 1.0);
INSERT INTO `region_point` (`region_face_id`, `idx`, `x`, `y`, `z`, `w`) values (386, 1, 2621338.0, 223485.0, 226421.0, 1.0);
INSERT INTO `region_point` (`region_face_id`, `idx`, `x`, `y`, `z`, `w`) values (386, 2, 2645774.0, 281281.0, 22254.0, 1.0);
INSERT INTO `region_point` (`region_face_id`, `idx`, `x`, `y`, `z`, `w`) values (386, 3, 2621338.0, 281278.0, 226421.0, 1.0);
INSERT INTO `region` (`region_id`, `level_name`, `tree`, `on_enter`, `on_exit`, `on_inside`) values (368, 'forexitb', 'water', '', '', '(water water-anim #<entity-actor :name water-anim-fortress-1 @ #x25ed6c4> (swim wade))');
INSERT INTO `region_sphere` (`region_id`, `x`, `y`, `z`, `r`) values (368, 2305864.0, 38312.4804, 177157.0, 336748.0);
INSERT INTO `region` (`region_id`, `level_name`, `tree`, `on_enter`, `on_exit`, `on_inside`) values (202, 'forresca', 'target', '(begin (want-load ''forresca ''forrescb #f) (want-display ''forrescb ''display))', '(want-display ''forrescb #f)', '');
INSERT INTO `region_face` (`region_face_id`, `region_id`, `kind`, `flags`, `normal_x`, `normal_y`, `normal_z`, `normal_w`, `pos_x`, `pos_y`, `pos_z`, `pos_w`) values (387, 202, 'plane', '', 0.9633, 0.0, 0.2682, 2830106.0, 2708274.5, 73425.4375, 824209.5625, 66199.3437);
INSERT INTO `region_point` (`region_face_id`, `idx`, `x`, `y`, `z`, `w`) values (387, 0, 2721870.0, 116003.7031, 775377.125, 1.0);
INSERT INTO `region_point` (`region_face_id`, `idx`, `x`, `y`, `z`, `w`) values (387, 1, 2694679.0, 116003.7031, 873042.0, 1.0);
INSERT INTO `region_point` (`region_face_id`, `idx`, `x`, `y`, `z`, `w`) values (387, 2, 2721870.0, 30847.1796, 775377.125, 1.0);
INSERT INTO `region_point` (`region_face_id`, `idx`, `x`, `y`, `z`, `w`) values (387, 3, 2694679.0, 30847.1796, 873042.0, 1.0);
INSERT INTO `region` (`region_id`, `level_name`, `tree`, `on_enter`, `on_exit`, `on_inside`) values (203, 'forresca', 'target', '(want-display ''forrescb ''display)', '', '');
INSERT INTO `region_face` (`region_face_id`, `region_id`, `kind`, `flags`, `normal_x`, `normal_y`, `normal_z`, `normal_w`, `pos_x`, `pos_y`, `pos_z`, `pos_w`) values (388, 203, 'plane', '', 0.9962, 0.0, -0.086, 2257099.0, 2345703.5, 63645.3984, 928180.0, 101395.4453);
INSERT INTO `region_point` (`region_face_id`, `idx`, `x`, `y`, `z`, `w`) values (388, 0, 2353088.0, 9592.4003, 1013648.0, 1.0);
INSERT INTO `region_point` (`region_face_id`, `idx`, `x`, `y`, `z`, `w`) values (388, 1, 2338319.0, 9592.4003, 842712.0, 1.0);
INSERT INTO `region_point` (`region_face_id`, `idx`, `x`, `y`, `z`, `w`) values (388, 2, 2353088.0, 117698.3984, 1013648.0, 1.0);
INSERT INTO `region_point` (`region_face_id`, `idx`, `x`, `y`, `z`, `w`) values (388, 3, 2338319.0, 117698.3984, 842712.0, 1.0);
INSERT INTO `region` (`region_id`, `level_name`, `tree`, `on_enter`, `on_exit`, `on_inside`) values (214, 'forresca', 'target', '(want-load ''forresca ''forrescb #f)', '', '');
INSERT INTO `region_face` (`region_face_id`, `region_id`, `kind`, `flags`, `normal_x`, `normal_y`, `normal_z`, `normal_w`, `pos_x`, `pos_y`, `pos_z`, `pos_w`) values (389, 214, 'plane', '', -0.9642, 0.0, -0.2648, -2852322.25, 2729980.5, 73425.4453, 830004.8125, 63212.9375);
INSERT INTO `region_point` (`region_face_id`, `idx`, `x`, `y`, `z`, `w`) values (389, 0, 2742357.0, 116003.7031, 784951.625, 1.0);
INSERT INTO `region_point` (`region_face_id`, `idx`, `x`, `y`, `z`, `w`) values (389, 1, 2742357.0, 30847.1894, 784951.625, 1.0);
INSERT INTO `region_point` (`region_face_id`, `idx`, `x`, `y`, `z`, `w`) values (389, 2, 2717604.0, 116003.7031, 875058.0, 1.0);
INSERT INTO `region_point` (`region_face_id`, `idx`, `x`, `y`, `z`, `w`) values (389, 3, 2717604.0, 30847.1894, 875058.0, 1.0);
INSERT INTO `region` (`region_id`, `level_name`, `tree`, `on_enter`, `on_exit`, `on_inside`) values (650, 'forresca', 'target', '(send-event "crimson-guard-hover-41" ''cue-chase)', '', '');
INSERT INTO `region_face` (`region_face_id`, `region_id`, `kind`, `flags`, `normal_x`, `normal_y`, `normal_z`, `normal_w`, `pos_x`, `pos_y`, `pos_z`, `pos_w`) values (390, 650, 'plane', '', 0.7786, 0.0, 0.6274, 2682093.75, 2760770.5, 73182.7031, 848456.875, 57945.5195);
INSERT INTO `region_point` (`region_face_id`, `idx`, `x`, `y`, `z`, `w`) values (390, 0, 2792050.0, 43648.5, 809636.6875, 1.0);
INSERT INTO `region_point` (`region_face_id`, `idx`, `x`, `y`, `z`, `w`) values (390, 1, 2792050.0, 102716.8984, 809636.6875, 1.0);
INSERT INTO `region_point` (`region_face_id`, `idx`, `x`, `y`, `z`, `w`) values (390, 2, 2729491.0, 43648.5, 887277.0, 1.0);
INSERT INTO `region_point` (`region_face_id`, `idx`, `x`, `y`, `z`, `w`) values (390, 3, 2729491.0, 102716.8984, 887277.0, 1.0);
INSERT INTO `region` (`region_id`, `level_name`, `tree`, `on_enter`, `on_exit`, `on_inside`) values (651, 'forresca', 'target', '(begin (send-event "crimson-guard-hover-40" ''cue-chase) (send-event "crimson-guard-hover-39" ''cue-chase))', '', '');
INSERT INTO `region_face` (`region_face_id`, `region_id`, `kind`, `flags`, `normal_x`, `normal_y`, `normal_z`, `normal_w`, `pos_x`, `pos_y`, `pos_z`, `pos_w`) values (391, 651, 'plane', '', 0.6219, 0.0, -0.783, 937922.125, 2619416.5, 68589.8671, 882754.1875, 99852.7734);
INSERT INTO `region_point` (`region_face_id`, `idx`, `x`, `y`, `z`, `w`) values (391, 0, 2544785.0, 38809.7304, 823476.375, 1.0);
INSERT INTO `region_point` (`region_face_id`, `idx`, `x`, `y`, `z`, `w`) values (391, 1, 2544785.0, 98370.0, 823476.375, 1.0);
INSERT INTO `region_point` (`region_face_id`, `idx`, `x`, `y`, `z`, `w`) values (391, 2, 2694048.0, 38809.7304, 942032.0, 1.0);
INSERT INTO `region_point` (`region_face_id`, `idx`, `x`, `y`, `z`, `w`) values (391, 3, 2694048.0, 98370.0, 942032.0, 1.0);
INSERT INTO `region` (`region_id`, `level_name`, `tree`, `on_enter`, `on_exit`, `on_inside`) values (658, 'forresca', 'target', '(send-event "battle-55" ''trigger)', '', '');
INSERT INTO `region_face` (`region_face_id`, `region_id`, `kind`, `flags`, `normal_x`, `normal_y`, `normal_z`, `normal_w`, `pos_x`, `pos_y`, `pos_z`, `pos_w`) values (392, 658, 'plane', '', 0.9881, 0.0, 0.1531, 2759228.25, 2657663.0, 90280.7031, 867770.1875, 83717.6328);
INSERT INTO `region_point` (`region_face_id`, `idx`, `x`, `y`, `z`, `w`) values (392, 0, 2668314.0, 43648.3984, 799063.375, 1.0);
INSERT INTO `region_point` (`region_face_id`, `idx`, `x`, `y`, `z`, `w`) values (392, 1, 2668314.0, 136913.0, 799063.375, 1.0);
INSERT INTO `region_point` (`region_face_id`, `idx`, `x`, `y`, `z`, `w`) values (392, 2, 2647012.0, 43648.3984, 936477.0, 1.0);
INSERT INTO `region_point` (`region_face_id`, `idx`, `x`, `y`, `z`, `w`) values (392, 3, 2647012.0, 136913.0, 936477.0, 1.0);
INSERT INTO `region` (`region_id`, `level_name`, `tree`, `on_enter`, `on_exit`, `on_inside`) values (659, 'forresca', 'target', '(send-event "battle-55" ''beaten)', '', '');
INSERT INTO `region_face` (`region_face_id`, `region_id`, `kind`, `flags`, `normal_x`, `normal_y`, `normal_z`, `normal_w`, `pos_x`, `pos_y`, `pos_z`, `pos_w`) values (393, 659, 'plane', '', 0.9759, 0.0, -0.2178, 2059051.75, 2324338.0, 73182.7031, 961281.0, 53639.7812);
INSERT INTO `region_point` (`region_face_id`, `idx`, `x`, `y`, `z`, `w`) values (393, 0, 2314582.0, 43648.5, 917580.0, 1.0);
INSERT INTO `region_point` (`region_face_id`, `idx`, `x`, `y`, `z`, `w`) values (393, 1, 2314582.0, 102716.8984, 917580.0, 1.0);
INSERT INTO `region_point` (`region_face_id`, `idx`, `x`, `y`, `z`, `w`) values (393, 2, 2334094.0, 43648.5, 1004982.0, 1.0);
INSERT INTO `region_point` (`region_face_id`, `idx`, `x`, `y`, `z`, `w`) values (393, 3, 2334094.0, 102716.8984, 1004982.0, 1.0);
INSERT INTO `region` (`region_id`, `level_name`, `tree`, `on_enter`, `on_exit`, `on_inside`) values (215, 'forresca', 'camera', '', '', '');
INSERT INTO `region_sphere` (`region_id`, `x`, `y`, `z`, `r`) values (215, 3044248.0, 34838.0, 932458.0, 55948.0);
INSERT INTO `region` (`region_id`, `level_name`, `tree`, `on_enter`, `on_exit`, `on_inside`) values (854, 'forresca', 'camera', '', '', '(when (not (entity-status? "guard-conversation-2" subtask-complete)) (setting-pers speech-control mode #f))');
INSERT INTO `region_face` (`region_face_id`, `region_id`, `kind`, `flags`, `normal_x`, `normal_y`, `normal_z`, `normal_w`, `pos_x`, `pos_y`, `pos_z`, `pos_w`) values (394, 854, 'face', '', -0.0, -1.0, -0.0, -25918.6464, 2882102.0, 25918.1601, 935068.75, 250691.9687);
INSERT INTO `region_point` (`region_face_id`, `idx`, `x`, `y`, `z`, `w`) values (394, 0, 2692542.0, 25918.1992, 771015.5, 1.0);
INSERT INTO `region_point` (`region_face_id`, `idx`, `x`, `y`, `z`, `w`) values (394, 1, 3055146.0, 25918.1406, 794326.125, 1.0);
INSERT INTO `region_point` (`region_face_id`, `idx`, `x`, `y`, `z`, `w`) values (394, 2, 2657924.0, 25918.1992, 1032565.0, 1.0);
INSERT INTO `region_point` (`region_face_id`, `idx`, `x`, `y`, `z`, `w`) values (394, 3, 3071662.0, 25918.1191, 1099122.0, 1.0);
INSERT INTO `region_face` (`region_face_id`, `region_id`, `kind`, `flags`, `normal_x`, `normal_y`, `normal_z`, `normal_w`, `pos_x`, `pos_y`, `pos_z`, `pos_w`) values (395, 854, 'face', '', -0.9913, 0.0, -0.1312, -2770430.0, 2675233.0, 86873.6015, 901790.25, 145317.5781);
INSERT INTO `region_point` (`region_face_id`, `idx`, `x`, `y`, `z`, `w`) values (395, 0, 2692542.0, 25918.1992, 771015.5, 1.0);
INSERT INTO `region_point` (`region_face_id`, `idx`, `x`, `y`, `z`, `w`) values (395, 1, 2657924.0, 25918.1992, 1032565.0, 1.0);
INSERT INTO `region_point` (`region_face_id`, `idx`, `x`, `y`, `z`, `w`) values (395, 2, 2692542.0, 147828.0, 771015.625, 1.0);
INSERT INTO `region_point` (`region_face_id`, `idx`, `x`, `y`, `z`, `w`) values (395, 3, 2657924.0, 147829.0, 1032565.0, 1.0);
INSERT INTO `region_face` (`region_face_id`, `region_id`, `kind`, `flags`, `normal_x`, `normal_y`, `normal_z`, `normal_w`, `pos_x`, `pos_y`, `pos_z`, `pos_w`) values (396, 854, 'face', '', 0.0641, 0.0, -0.9979, -596689.0625, 2873844.0, 86873.0703, 782670.875, 191629.2343);
INSERT INTO `region_point` (`region_face_id`, `idx`, `x`, `y`, `z`, `w`) values (396, 0, 2692542.0, 25918.1992, 771015.5, 1.0);
INSERT INTO `region_point` (`region_face_id`, `idx`, `x`, `y`, `z`, `w`) values (396, 1, 2692542.0, 147828.0, 771015.625, 1.0);
INSERT INTO `region_point` (`region_face_id`, `idx`, `x`, `y`, `z`, `w`) values (396, 2, 3055146.0, 25918.1406, 794326.125, 1.0);
INSERT INTO `region_point` (`region_face_id`, `idx`, `x`, `y`, `z`, `w`) values (396, 3, 3055146.0, 147827.0, 794326.125, 1.0);
INSERT INTO `region_face` (`region_face_id`, `region_id`, `kind`, `flags`, `normal_x`, `normal_y`, `normal_z`, `normal_w`, `pos_x`, `pos_y`, `pos_z`, `pos_w`) values (397, 854, 'face', '', -0.1588, 0.0, 0.9873, 597312.0625, 2864793.0, 86873.5625, 1065843.5, 218215.0468);
INSERT INTO `region_point` (`region_face_id`, `idx`, `x`, `y`, `z`, `w`) values (397, 0, 2657924.0, 25918.1992, 1032565.0, 1.0);
INSERT INTO `region_point` (`region_face_id`, `idx`, `x`, `y`, `z`, `w`) values (397, 1, 3071662.0, 25918.1191, 1099122.0, 1.0);
INSERT INTO `region_point` (`region_face_id`, `idx`, `x`, `y`, `z`, `w`) values (397, 2, 2657924.0, 147829.0, 1032565.0, 1.0);
INSERT INTO `region_point` (`region_face_id`, `idx`, `x`, `y`, `z`, `w`) values (397, 3, 3071662.0, 147827.0, 1099122.0, 1.0);
INSERT INTO `region_face` (`region_face_id`, `region_id`, `kind`, `flags`, `normal_x`, `normal_y`, `normal_z`, `normal_w`, `pos_x`, `pos_y`, `pos_z`, `pos_w`) values (398, 854, 'face', '', 0.0, 1.0, -0.0, 147833.375, 2882102.0, 147827.5, 935068.8125, 250691.9218);
INSERT INTO `region_point` (`region_face_id`, `idx`, `x`, `y`, `z`, `w`) values (398, 0, 2692542.0, 147828.0, 771015.625, 1.0);
INSERT INTO `region_point` (`region_face_id`, `idx`, `x`, `y`, `z`, `w`) values (398, 1, 2657924.0, 147829.0, 1032565.0, 1.0);
INSERT INTO `region_point` (`region_face_id`, `idx`, `x`, `y`, `z`, `w`) values (398, 2, 3055146.0, 147827.0, 794326.125, 1.0);
INSERT INTO `region_point` (`region_face_id`, `idx`, `x`, `y`, `z`, `w`) values (398, 3, 3071662.0, 147827.0, 1099122.0, 1.0);
INSERT INTO `region_face` (`region_face_id`, `region_id`, `kind`, `flags`, `normal_x`, `normal_y`, `normal_z`, `normal_w`, `pos_x`, `pos_y`, `pos_z`, `pos_w`) values (399, 854, 'face', '', 0.9985, 0.0, -0.0541, 3007691.25, 3063404.0, 86872.5625, 946724.0625, 164343.4531);
INSERT INTO `region_point` (`region_face_id`, `idx`, `x`, `y`, `z`, `w`) values (399, 0, 3055146.0, 25918.1406, 794326.125, 1.0);
INSERT INTO `region_point` (`region_face_id`, `idx`, `x`, `y`, `z`, `w`) values (399, 1, 3055146.0, 147827.0, 794326.125, 1.0);
INSERT INTO `region_point` (`region_face_id`, `idx`, `x`, `y`, `z`, `w`) values (399, 2, 3071662.0, 25918.1191, 1099122.0, 1.0);
INSERT INTO `region_point` (`region_face_id`, `idx`, `x`, `y`, `z`, `w`) values (399, 3, 3071662.0, 147827.0, 1099122.0, 1.0);
INSERT INTO `region` (`region_id`, `level_name`, `tree`, `on_enter`, `on_exit`, `on_inside`) values (856, 'forresca', 'camera', '(send-event "guard-conversation-2" ''trigger)', '(send-event "guard-conversation-2" ''untrigger)', '');
INSERT INTO `region_face` (`region_face_id`, `region_id`, `kind`, `flags`, `normal_x`, `normal_y`, `normal_z`, `normal_w`, `pos_x`, `pos_y`, `pos_z`, `pos_w`) values (400, 856, 'plane', '', 0.9997, 0.0, 0.0209, 2934056.0, 2915785.5, 75083.6093, 903078.375, 131770.1093);
INSERT INTO `region_point` (`region_face_id`, `idx`, `x`, `y`, `z`, `w`) values (400, 0, 2913208.0, 122105.7031, 1026146.0, 1.0);
INSERT INTO `region_point` (`region_face_id`, `idx`, `x`, `y`, `z`, `w`) values (400, 1, 2913208.0, 28061.5097, 1026146.0, 1.0);
INSERT INTO `region_point` (`region_face_id`, `idx`, `x`, `y`, `z`, `w`) values (400, 2, 2918363.0, 122105.7031, 780010.8125, 1.0);
INSERT INTO `region_point` (`region_face_id`, `idx`, `x`, `y`, `z`, `w`) values (400, 3, 2918363.0, 28061.5097, 780010.8125, 1.0);
INSERT INTO `region` (`region_id`, `level_name`, `tree`, `on_enter`, `on_exit`, `on_inside`) values (204, 'forrescb', 'target', '', '', '');
INSERT INTO `region_face` (`region_face_id`, `region_id`, `kind`, `flags`, `normal_x`, `normal_y`, `normal_z`, `normal_w`, `pos_x`, `pos_y`, `pos_z`, `pos_w`) values (401, 204, 'plane', '', 0.0575, 0.0, 0.9983, 890895.8125, 2064964.25, 68745.2031, 773432.375, 96370.1484);
INSERT INTO `region_point` (`region_face_id`, `idx`, `x`, `y`, `z`, `w`) values (401, 0, 1980653.0, 115169.7031, 778288.625, 1.0);
INSERT INTO `region_point` (`region_face_id`, `idx`, `x`, `y`, `z`, `w`) values (401, 1, 1980653.0, 22320.6992, 778288.625, 1.0);
INSERT INTO `region_point` (`region_face_id`, `idx`, `x`, `y`, `z`, `w`) values (401, 2, 2149275.5, 115169.7031, 768576.125, 1.0);
INSERT INTO `region_point` (`region_face_id`, `idx`, `x`, `y`, `z`, `w`) values (401, 3, 2149275.5, 22320.6992, 768576.125, 1.0);
INSERT INTO `region` (`region_id`, `level_name`, `tree`, `on_enter`, `on_exit`, `on_inside`) values (205, 'forrescb', 'target', '(want-load ''forresca ''forrescb #f)', '', '');
INSERT INTO `region_face` (`region_face_id`, `region_id`, `kind`, `flags`, `normal_x`, `normal_y`, `normal_z`, `normal_w`, `pos_x`, `pos_y`, `pos_z`, `pos_w`) values (402, 205, 'plane', '', 0.9999, 0.0, -0.0035, 1966133.25, 1969196.0, 72451.1093, 862535.125, 80991.0703);
INSERT INTO `region_point` (`region_face_id`, `idx`, `x`, `y`, `z`, `w`) values (402, 0, 1969434.0, 117513.6015, 929832.0, 1.0);
INSERT INTO `region_point` (`region_face_id`, `idx`, `x`, `y`, `z`, `w`) values (402, 1, 1969434.0, 27388.6191, 929832.0, 1.0);
INSERT INTO `region_point` (`region_face_id`, `idx`, `x`, `y`, `z`, `w`) values (402, 2, 1968958.0, 117513.6015, 795238.3125, 1.0);
INSERT INTO `region_point` (`region_face_id`, `idx`, `x`, `y`, `z`, `w`) values (402, 3, 1968958.0, 27388.6191, 795238.3125, 1.0);
INSERT INTO `region` (`region_id`, `level_name`, `tree`, `on_enter`, `on_exit`, `on_inside`) values (655, 'forrescb', 'target', '', '', '(setting-pers string-max-height value (meters 0.0000) mode ''abs)');
INSERT INTO `region_face` (`region_face_id`, `region_id`, `kind`, `flags`, `normal_x`, `normal_y`, `normal_z`, `normal_w`, `pos_x`, `pos_y`, `pos_z`, `pos_w`) values (403, 655, 'face', '', 0.0, 0.0, 1.0, 822943.625, 2005085.25, 87166.3984, 822943.625, 132430.7812);
INSERT INTO `region_point` (`region_face_id`, `idx`, `x`, `y`, `z`, `w`) values (403, 0, 1879148.0, 46206.3984, 822943.625, 1.0);
INSERT INTO `region_point` (`region_face_id`, `idx`, `x`, `y`, `z`, `w`) values (403, 1, 2131022.5, 46206.3984, 822943.625, 1.0);
INSERT INTO `region_point` (`region_face_id`, `idx`, `x`, `y`, `z`, `w`) values (403, 2, 1879148.0, 128126.3984, 822943.625, 1.0);
INSERT INTO `region_point` (`region_face_id`, `idx`, `x`, `y`, `z`, `w`) values (403, 3, 2131022.5, 128126.3984, 822943.625, 1.0);
INSERT INTO `region_face` (`region_face_id`, `region_id`, `kind`, `flags`, `normal_x`, `normal_y`, `normal_z`, `normal_w`, `pos_x`, `pos_y`, `pos_z`, `pos_w`) values (404, 655, 'face', '', 1.0, 0.0, 0.0, 2131022.5, 2131022.5, 87166.3984, 697660.3125, 131809.0625);
INSERT INTO `region_point` (`region_face_id`, `idx`, `x`, `y`, `z`, `w`) values (404, 0, 2131022.5, 46206.3984, 572377.0, 1.0);
INSERT INTO `region_point` (`region_face_id`, `idx`, `x`, `y`, `z`, `w`) values (404, 1, 2131022.5, 128126.3984, 572377.0, 1.0);
INSERT INTO `region_point` (`region_face_id`, `idx`, `x`, `y`, `z`, `w`) values (404, 2, 2131022.5, 46206.3984, 822943.625, 1.0);
INSERT INTO `region_point` (`region_face_id`, `idx`, `x`, `y`, `z`, `w`) values (404, 3, 2131022.5, 128126.3984, 822943.625, 1.0);
INSERT INTO `region_face` (`region_face_id`, `region_id`, `kind`, `flags`, `normal_x`, `normal_y`, `normal_z`, `normal_w`, `pos_x`, `pos_y`, `pos_z`, `pos_w`) values (405, 655, 'face', '', 0.0, 1.0, 0.0, 128126.3984, 2005085.25, 128126.3984, 697660.3125, 177640.375);
INSERT INTO `region_point` (`region_face_id`, `idx`, `x`, `y`, `z`, `w`) values (405, 0, 1879148.0, 128126.3984, 572377.0, 1.0);
INSERT INTO `region_point` (`region_face_id`, `idx`, `x`, `y`, `z`, `w`) values (405, 1, 1879148.0, 128126.3984, 822943.625, 1.0);
INSERT INTO `region_point` (`region_face_id`, `idx`, `x`, `y`, `z`, `w`) values (405, 2, 2131022.5, 128126.3984, 572377.0, 1.0);
INSERT INTO `region_point` (`region_face_id`, `idx`, `x`, `y`, `z`, `w`) values (405, 3, 2131022.5, 128126.3984, 822943.625, 1.0);
INSERT INTO `region_face` (`region_face_id`, `region_id`, `kind`, `flags`, `normal_x`, `normal_y`, `normal_z`, `normal_w`, `pos_x`, `pos_y`, `pos_z`, `pos_w`) values (406, 655, 'face', '', 0.0, -1.0, 0.0, -46206.3984, 2005085.25, 46206.3984, 697660.3125, 177640.375);
INSERT INTO `region_point` (`region_face_id`, `idx`, `x`, `y`, `z`, `w`) values (406, 0, 1879148.0, 46206.3984, 572377.0, 1.0);
INSERT INTO `region_point` (`region_face_id`, `idx`, `x`, `y`, `z`, `w`) values (406, 1, 2131022.5, 46206.3984, 572377.0, 1.0);
INSERT INTO `region_point` (`region_face_id`, `idx`, `x`, `y`, `z`, `w`) values (406, 2, 1879148.0, 46206.3984, 822943.625, 1.0);
INSERT INTO `region_point` (`region_face_id`, `idx`, `x`, `y`, `z`, `w`) values (406, 3, 2131022.5, 46206.3984, 822943.625, 1.0);
INSERT INTO `region_face` (`region_face_id`, `region_id`, `kind`, `flags`, `normal_x`, `normal_y`, `normal_z`, `normal_w`, `pos_x`, `pos_y`, `pos_z`, `pos_w`) values (407, 655, 'face', '', 0.0, 0.0, -1.0, -572377.0, 2005085.25, 87166.3984, 572377.0, 132430.7812);
INSERT INTO `region_point` (`region_face_id`, `idx`, `x`, `y`, `z`, `w`) values (407, 0, 1879148.0, 46206.3984, 572377.0, 1.0);
INSERT INTO `region_point` (`region_face_id`, `idx`, `x`, `y`, `z`, `w`) values (407, 1, 1879148.0, 128126.3984, 572377.0, 1.0);
INSERT INTO `region_point` (`region_face_id`, `idx`, `x`, `y`, `z`, `w`) values (407, 2, 2131022.5, 46206.3984, 572377.0, 1.0);
INSERT INTO `region_point` (`region_face_id`, `idx`, `x`, `y`, `z`, `w`) values (407, 3, 2131022.5, 128126.3984, 572377.0, 1.0);
INSERT INTO `region_face` (`region_face_id`, `region_id`, `kind`, `flags`, `normal_x`, `normal_y`, `normal_z`, `normal_w`, `pos_x`, `pos_y`, `pos_z`, `pos_w`) values (408, 655, 'face', '', -1.0, 0.0, 0.0, -1879148.0, 1879148.0, 87166.3984, 697660.3125, 131809.0625);
INSERT INTO `region_point` (`region_face_id`, `idx`, `x`, `y`, `z`, `w`) values (408, 0, 1879148.0, 46206.3984, 572377.0, 1.0);
INSERT INTO `region_point` (`region_face_id`, `idx`, `x`, `y`, `z`, `w`) values (408, 1, 1879148.0, 46206.3984, 822943.625, 1.0);
INSERT INTO `region_point` (`region_face_id`, `idx`, `x`, `y`, `z`, `w`) values (408, 2, 1879148.0, 128126.3984, 572377.0, 1.0);
INSERT INTO `region_point` (`region_face_id`, `idx`, `x`, `y`, `z`, `w`) values (408, 3, 1879148.0, 128126.3984, 822943.625, 1.0);
INSERT INTO `region` (`region_id`, `level_name`, `tree`, `on_enter`, `on_exit`, `on_inside`) values (698, 'forrescb', 'target', '(send-event "battle-57" ''trigger)', '', '');
INSERT INTO `region_face` (`region_face_id`, `region_id`, `kind`, `flags`, `normal_x`, `normal_y`, `normal_z`, `normal_w`, `pos_x`, `pos_y`, `pos_z`, `pos_w`) values (409, 698, 'plane', '', -0.0157, 0.0, 0.9998, 270638.4687, 1652662.5, 88421.6484, 296778.5, 35941.9375);
INSERT INTO `region_point` (`region_face_id`, `idx`, `x`, `y`, `z`, `w`) values (409, 0, 1631297.0, 117321.8984, 296441.0, 1.0);
INSERT INTO `region_point` (`region_face_id`, `idx`, `x`, `y`, `z`, `w`) values (409, 1, 1631297.0, 59521.3984, 296441.0, 1.0);
INSERT INTO `region_point` (`region_face_id`, `idx`, `x`, `y`, `z`, `w`) values (409, 2, 1674028.0, 117321.8984, 297116.0, 1.0);
INSERT INTO `region_point` (`region_face_id`, `idx`, `x`, `y`, `z`, `w`) values (409, 3, 1674028.0, 59521.3984, 297116.0, 1.0);
INSERT INTO `region` (`region_id`, `level_name`, `tree`, `on_enter`, `on_exit`, `on_inside`) values (756, 'forrescb', 'target', '(begin (send-event "crimson-guard-hover-42" ''cue-chase) (send-event "crimson-guard-hover-43" ''cue-chase))', '', '');
INSERT INTO `region_face` (`region_face_id`, `region_id`, `kind`, `flags`, `normal_x`, `normal_y`, `normal_z`, `normal_w`, `pos_x`, `pos_y`, `pos_z`, `pos_w`) values (410, 756, 'plane', '', 0.9998, 0.0, -0.0148, 1724744.75, 1734280.0, 97527.0, 628353.4375, 78788.3046);
INSERT INTO `region_point` (`region_face_id`, `idx`, `x`, `y`, `z`, `w`) values (410, 0, 1735335.0, 131787.7031, 699294.875, 1.0);
INSERT INTO `region_point` (`region_face_id`, `idx`, `x`, `y`, `z`, `w`) values (410, 1, 1735335.0, 63266.3007, 699294.875, 1.0);
INSERT INTO `region_point` (`region_face_id`, `idx`, `x`, `y`, `z`, `w`) values (410, 2, 1733225.0, 131787.7031, 557412.0, 1.0);
INSERT INTO `region_point` (`region_face_id`, `idx`, `x`, `y`, `z`, `w`) values (410, 3, 1733225.0, 63266.3007, 557412.0, 1.0);
INSERT INTO `region` (`region_id`, `level_name`, `tree`, `on_enter`, `on_exit`, `on_inside`) values (824, 'forrescb', 'target', '(send-event #<actor-group #<entity-actor :name crimson-guard-level-156 @ #x270c554> #<entity-actor :name crimson-guard-level-157 @ #x270c844> #<entity-actor :name crimson-guard-level-158 @ #x270ce24> #<entity-actor :name crimson-guard-level-159 @ #x270d114> #<entity-actor :name crimson-guard-level-160 @ #x270d404> #<entity-actor :name crimson-guard-level-161 @ #x270cb34> @ #x3402a04> ''trigger)', '(send-event #<actor-group #<entity-actor :name crimson-guard-level-156 @ #x270c554> #<entity-actor :name crimson-guard-level-157 @ #x270c844> #<entity-actor :name crimson-guard-level-158 @ #x270ce24> #<entity-actor :name crimson-guard-level-159 @ #x270d114> #<entity-actor :name crimson-guard-level-160 @ #x270d404> #<entity-actor :name crimson-guard-level-161 @ #x270cb34> @ #x3402a04> ''untrigger)', '');
INSERT INTO `region_face` (`region_face_id`, `region_id`, `kind`, `flags`, `normal_x`, `normal_y`, `normal_z`, `normal_w`, `pos_x`, `pos_y`, `pos_z`, `pos_w`) values (411, 824, 'face', '', -0.0, 0.0, 1.0, 754707.5625, 2007399.875, 78402.9765, 754709.75, 120366.4296);
INSERT INTO `region_point` (`region_face_id`, `idx`, `x`, `y`, `z`, `w`) values (411, 0, 1894217.0, 37443.0507, 754709.625, 1.0);
INSERT INTO `region_point` (`region_face_id`, `idx`, `x`, `y`, `z`, `w`) values (411, 1, 2120582.75, 37443.0507, 754709.875, 1.0);
INSERT INTO `region_point` (`region_face_id`, `idx`, `x`, `y`, `z`, `w`) values (411, 2, 1894217.0, 119362.8984, 754709.625, 1.0);
INSERT INTO `region_point` (`region_face_id`, `idx`, `x`, `y`, `z`, `w`) values (411, 3, 2120582.75, 119362.8984, 754709.875, 1.0);
INSERT INTO `region_face` (`region_face_id`, `region_id`, `kind`, `flags`, `normal_x`, `normal_y`, `normal_z`, `normal_w`, `pos_x`, `pos_y`, `pos_z`, `pos_w`) values (412, 824, 'face', '', 1.0, 0.0, -0.0, 2120581.75, 2120582.5, 78402.9765, 660816.9375, 102438.2734);
INSERT INTO `region_point` (`region_face_id`, `idx`, `x`, `y`, `z`, `w`) values (412, 0, 2120582.5, 37443.0507, 566924.0, 1.0);
INSERT INTO `region_point` (`region_face_id`, `idx`, `x`, `y`, `z`, `w`) values (412, 1, 2120582.5, 119362.8984, 566924.0, 1.0);
INSERT INTO `region_point` (`region_face_id`, `idx`, `x`, `y`, `z`, `w`) values (412, 2, 2120582.75, 37443.0507, 754709.875, 1.0);
INSERT INTO `region_point` (`region_face_id`, `idx`, `x`, `y`, `z`, `w`) values (412, 3, 2120582.75, 119362.8984, 754709.875, 1.0);
INSERT INTO `region_face` (`region_face_id`, `region_id`, `kind`, `flags`, `normal_x`, `normal_y`, `normal_z`, `normal_w`, `pos_x`, `pos_y`, `pos_z`, `pos_w`) values (413, 824, 'face', '', 0.0, 1.0, 0.0, 119362.8984, 2007399.375, 119362.8984, 660816.9375, 147059.0312);
INSERT INTO `region_point` (`region_face_id`, `idx`, `x`, `y`, `z`, `w`) values (413, 0, 1894216.0, 119362.8984, 566924.0, 1.0);
INSERT INTO `region_point` (`region_face_id`, `idx`, `x`, `y`, `z`, `w`) values (413, 1, 1894217.0, 119362.8984, 754709.625, 1.0);
INSERT INTO `region_point` (`region_face_id`, `idx`, `x`, `y`, `z`, `w`) values (413, 2, 2120582.5, 119362.8984, 566924.0, 1.0);
INSERT INTO `region_point` (`region_face_id`, `idx`, `x`, `y`, `z`, `w`) values (413, 3, 2120582.75, 119362.8984, 754709.875, 1.0);
INSERT INTO `region_face` (`region_face_id`, `region_id`, `kind`, `flags`, `normal_x`, `normal_y`, `normal_z`, `normal_w`, `pos_x`, `pos_y`, `pos_z`, `pos_w`) values (414, 824, 'face', '', 0.0, -1.0, 0.0, -37443.0507, 2007399.375, 37443.0507, 660816.9375, 147059.0312);
INSERT INTO `region_point` (`region_face_id`, `idx`, `x`, `y`, `z`, `w`) values (414, 0, 1894216.0, 37443.0507, 566924.0, 1.0);
INSERT INTO `region_point` (`region_face_id`, `idx`, `x`, `y`, `z`, `w`) values (414, 1, 2120582.5, 37443.0507, 566924.0, 1.0);
INSERT INTO `region_point` (`region_face_id`, `idx`, `x`, `y`, `z`, `w`) values (414, 2, 1894217.0, 37443.0507, 754709.625, 1.0);
INSERT INTO `region_point` (`region_face_id`, `idx`, `x`, `y`, `z`, `w`) values (414, 3, 2120582.75, 37443.0507, 754709.875, 1.0);
INSERT INTO `region_face` (`region_face_id`, `region_id`, `kind`, `flags`, `normal_x`, `normal_y`, `normal_z`, `normal_w`, `pos_x`, `pos_y`, `pos_z`, `pos_w`) values (415, 824, 'face', '', 0.0, 0.0, -1.0, -566924.0, 2007399.25, 78402.9765, 566924.0, 120366.789);
INSERT INTO `region_point` (`region_face_id`, `idx`, `x`, `y`, `z`, `w`) values (415, 0, 1894216.0, 37443.0507, 566924.0, 1.0);
INSERT INTO `region_point` (`region_face_id`, `idx`, `x`, `y`, `z`, `w`) values (415, 1, 1894216.0, 119362.8984, 566924.0, 1.0);
INSERT INTO `region_point` (`region_face_id`, `idx`, `x`, `y`, `z`, `w`) values (415, 2, 2120582.5, 37443.0507, 566924.0, 1.0);
INSERT INTO `region_point` (`region_face_id`, `idx`, `x`, `y`, `z`, `w`) values (415, 3, 2120582.5, 119362.8984, 566924.0, 1.0);
INSERT INTO `region_face` (`region_face_id`, `region_id`, `kind`, `flags`, `normal_x`, `normal_y`, `normal_z`, `normal_w`, `pos_x`, `pos_y`, `pos_z`, `pos_w`) values (416, 824, 'face', '', -1.0, 0.0, 0.0, -1894213.0, 1894216.5, 78402.9765, 660816.8125, 102438.1562);
INSERT INTO `region_point` (`region_face_id`, `idx`, `x`, `y`, `z`, `w`) values (416, 0, 1894216.0, 37443.0507, 566924.0, 1.0);
INSERT INTO `region_point` (`region_face_id`, `idx`, `x`, `y`, `z`, `w`) values (416, 1, 1894217.0, 37443.0507, 754709.625, 1.0);
INSERT INTO `region_point` (`region_face_id`, `idx`, `x`, `y`, `z`, `w`) values (416, 2, 1894216.0, 119362.8984, 566924.0, 1.0);
INSERT INTO `region_point` (`region_face_id`, `idx`, `x`, `y`, `z`, `w`) values (416, 3, 1894217.0, 119362.8984, 754709.625, 1.0);
INSERT INTO `region` (`region_id`, `level_name`, `tree`, `on_enter`, `on_exit`, `on_inside`) values (206, 'forrescb', 'camera', '(want-display ''forresca ''display)', '(want-display ''forresca ''special)', '');
INSERT INTO `region_face` (`region_face_id`, `region_id`, `kind`, `flags`, `normal_x`, `normal_y`, `normal_z`, `normal_w`, `pos_x`, `pos_y`, `pos_z`, `pos_w`) values (417, 206, 'plane', '', -0.2883, 0.0, -0.9575, -1606210.375, 2064370.75, 78791.5468, 1055849.5, 76773.9609);
INSERT INTO `region_point` (`region_face_id`, `idx`, `x`, `y`, `z`, `w`) values (417, 0, 2128356.5, 116591.8984, 1036583.0, 1.0);
INSERT INTO `region_point` (`region_face_id`, `idx`, `x`, `y`, `z`, `w`) values (417, 1, 2128356.5, 40991.1914, 1036583.0, 1.0);
INSERT INTO `region_point` (`region_face_id`, `idx`, `x`, `y`, `z`, `w`) values (417, 2, 2000385.0, 116591.8984, 1075116.0, 1.0);
INSERT INTO `region_point` (`region_face_id`, `idx`, `x`, `y`, `z`, `w`) values (417, 3, 2000385.0, 40991.1914, 1075116.0, 1.0);
INSERT INTO `region` (`region_id`, `level_name`, `tree`, `on_enter`, `on_exit`, `on_inside`) values (200, 'fordumpa', 'target', '(want-load ''fordumpa ''fordumpb)', '', '');
INSERT INTO `region_face` (`region_face_id`, `region_id`, `kind`, `flags`, `normal_x`, `normal_y`, `normal_z`, `normal_w`, `pos_x`, `pos_y`, `pos_z`, `pos_w`) values (418, 200, 'plane', '', 0.0, 0.0, 0.0, 0.0, 2934195.0, 120833.8984, 1092923.0, 0.0);
INSERT INTO `region_point` (`region_face_id`, `idx`, `x`, `y`, `z`, `w`) values (418, 0, 2934195.0, 120833.8984, 1092923.0, 1.0);
INSERT INTO `region_point` (`region_face_id`, `idx`, `x`, `y`, `z`, `w`) values (418, 1, 2934195.0, 120833.8984, 1092923.0, 1.0);
INSERT INTO `region_point` (`region_face_id`, `idx`, `x`, `y`, `z`, `w`) values (418, 2, 2934195.0, 120833.8984, 1092923.0, 1.0);
INSERT INTO `region_point` (`region_face_id`, `idx`, `x`, `y`, `z`, `w`) values (418, 3, 2934195.0, 120833.8984, 1092923.0, 1.0);
INSERT INTO `region` (`region_id`, `level_name`, `tree`, `on_enter`, `on_exit`, `on_inside`) values (303, 'fordumpa', 'target', '(send-event #<entity-actor :name fort-robotank-2 @ #x2724014> ''trigger 1)', '', '');
INSERT INTO `region_face` (`region_face_id`, `region_id`, `kind`, `flags`, `normal_x`, `normal_y`, `normal_z`, `normal_w`, `pos_x`, `pos_y`, `pos_z`, `pos_w`) values (419, 303, 'plane', '', -0.001, 0.0, 0.9999, 1197482.5, 2879137.0, 78874.6484, 1200389.0, 71510.0468);
INSERT INTO `region_point` (`region_face_id`, `idx`, `x`, `y`, `z`, `w`) values (419, 0, 2839504.0, 19352.3007, 1200349.0, 1.0);
INSERT INTO `region_point` (`region_face_id`, `idx`, `x`, `y`, `z`, `w`) values (419, 1, 2918770.0, 19352.3007, 1200429.0, 1.0);
INSERT INTO `region_point` (`region_face_id`, `idx`, `x`, `y`, `z`, `w`) values (419, 2, 2839504.0, 138397.0, 1200349.0, 1.0);
INSERT INTO `region_point` (`region_face_id`, `idx`, `x`, `y`, `z`, `w`) values (419, 3, 2918770.0, 138397.0, 1200429.0, 1.0);
INSERT INTO `region` (`region_id`, `level_name`, `tree`, `on_enter`, `on_exit`, `on_inside`) values (309, 'fordumpa', 'target', '(send-event #<entity-actor :name fort-robotank-2 @ #x2724014> ''trigger 2)', '', '');
INSERT INTO `region_face` (`region_face_id`, `region_id`, `kind`, `flags`, `normal_x`, `normal_y`, `normal_z`, `normal_w`, `pos_x`, `pos_y`, `pos_z`, `pos_w`) values (420, 309, 'plane', '', 0.0032, 0.0, 0.9999, 1274697.0, 2329622.5, 101870.7968, 1267115.0, 88894.0156);
INSERT INTO `region_point` (`region_face_id`, `idx`, `x`, `y`, `z`, `w`) values (420, 0, 2250728.0, 60910.8007, 1267372.0, 1.0);
INSERT INTO `region_point` (`region_face_id`, `idx`, `x`, `y`, `z`, `w`) values (420, 1, 2408517.0, 60910.6015, 1266858.0, 1.0);
INSERT INTO `region_point` (`region_face_id`, `idx`, `x`, `y`, `z`, `w`) values (420, 2, 2250728.0, 142831.0, 1267372.0, 1.0);
INSERT INTO `region_point` (`region_face_id`, `idx`, `x`, `y`, `z`, `w`) values (420, 3, 2407249.0, 142830.0, 1266862.0, 1.0);
INSERT INTO `region` (`region_id`, `level_name`, `tree`, `on_enter`, `on_exit`, `on_inside`) values (305, 'fordumpa', 'target', '(send-event #<entity-actor :name fort-robotank-2 @ #x2724014> ''trigger 0)', '', '');
INSERT INTO `region_face` (`region_face_id`, `region_id`, `kind`, `flags`, `normal_x`, `normal_y`, `normal_z`, `normal_w`, `pos_x`, `pos_y`, `pos_z`, `pos_w`) values (421, 305, 'plane', '', 0.0537, 0.0, -0.9985, -847145.5, 2991869.0, 99652.7578, 1009299.0, 84246.5312);
INSERT INTO `region_point` (`region_face_id`, `idx`, `x`, `y`, `z`, `w`) values (421, 0, 3038626.0, 29617.5195, 1011814.0, 1.0);
INSERT INTO `region_point` (`region_face_id`, `idx`, `x`, `y`, `z`, `w`) values (421, 1, 2945112.0, 29617.5195, 1006784.0, 1.0);
INSERT INTO `region_point` (`region_face_id`, `idx`, `x`, `y`, `z`, `w`) values (421, 2, 3038626.0, 169688.0, 1011814.0, 1.0);
INSERT INTO `region_point` (`region_face_id`, `idx`, `x`, `y`, `z`, `w`) values (421, 3, 2945112.0, 169688.0, 1006784.0, 1.0);
INSERT INTO `region` (`region_id`, `level_name`, `tree`, `on_enter`, `on_exit`, `on_inside`) values (415, 'fordumpa', 'target', '', '', '');
INSERT INTO `region_face` (`region_face_id`, `region_id`, `kind`, `flags`, `normal_x`, `normal_y`, `normal_z`, `normal_w`, `pos_x`, `pos_y`, `pos_z`, `pos_w`) values (422, 415, 'face', '', 0.0, -1.0, 0.0, -47549.8007, 4598864.0, 47549.8007, 1994307.0, 103073.0);
INSERT INTO `region_point` (`region_face_id`, `idx`, `x`, `y`, `z`, `w`) values (422, 0, 4557904.0, 47549.8007, 1899722.0, 1.0);
INSERT INTO `region_point` (`region_face_id`, `idx`, `x`, `y`, `z`, `w`) values (422, 1, 4639824.0, 47549.8007, 1899722.0, 1.0);
INSERT INTO `region_point` (`region_face_id`, `idx`, `x`, `y`, `z`, `w`) values (422, 2, 4557904.0, 47549.8007, 2088892.0, 1.0);
INSERT INTO `region_point` (`region_face_id`, `idx`, `x`, `y`, `z`, `w`) values (422, 3, 4639824.0, 47549.8007, 2088892.0, 1.0);
INSERT INTO `region_face` (`region_face_id`, `region_id`, `kind`, `flags`, `normal_x`, `normal_y`, `normal_z`, `normal_w`, `pos_x`, `pos_y`, `pos_z`, `pos_w`) values (423, 415, 'face', '', -1.0, 0.0, 0.0, -4557904.0, 4557904.0, 88509.6484, 1994307.0, 103072.9453);
INSERT INTO `region_point` (`region_face_id`, `idx`, `x`, `y`, `z`, `w`) values (423, 0, 4557904.0, 47549.8007, 1899722.0, 1.0);
INSERT INTO `region_point` (`region_face_id`, `idx`, `x`, `y`, `z`, `w`) values (423, 1, 4557904.0, 47549.8007, 2088892.0, 1.0);
INSERT INTO `region_point` (`region_face_id`, `idx`, `x`, `y`, `z`, `w`) values (423, 2, 4557904.0, 129469.5, 1899722.0, 1.0);
INSERT INTO `region_point` (`region_face_id`, `idx`, `x`, `y`, `z`, `w`) values (423, 3, 4557904.0, 129469.5, 2088892.0, 1.0);
INSERT INTO `region_face` (`region_face_id`, `region_id`, `kind`, `flags`, `normal_x`, `normal_y`, `normal_z`, `normal_w`, `pos_x`, `pos_y`, `pos_z`, `pos_w`) values (424, 415, 'face', '', 0.0, 0.0, -1.0, -1899722.0, 4598864.0, 88509.6484, 1899722.0, 57926.082);
INSERT INTO `region_point` (`region_face_id`, `idx`, `x`, `y`, `z`, `w`) values (424, 0, 4557904.0, 47549.8007, 1899722.0, 1.0);
INSERT INTO `region_point` (`region_face_id`, `idx`, `x`, `y`, `z`, `w`) values (424, 1, 4557904.0, 129469.5, 1899722.0, 1.0);
INSERT INTO `region_point` (`region_face_id`, `idx`, `x`, `y`, `z`, `w`) values (424, 2, 4639824.0, 47549.8007, 1899722.0, 1.0);
INSERT INTO `region_point` (`region_face_id`, `idx`, `x`, `y`, `z`, `w`) values (424, 3, 4639824.0, 129469.5, 1899722.0, 1.0);
INSERT INTO `region_face` (`region_face_id`, `region_id`, `kind`, `flags`, `normal_x`, `normal_y`, `normal_z`, `normal_w`, `pos_x`, `pos_y`, `pos_z`, `pos_w`) values (425, 415, 'face', '', 0.0, 0.0, 1.0, 2088892.0, 4598864.0, 88509.6484, 2088892.0, 57926.082);
INSERT INTO `region_point` (`region_face_id`, `idx`, `x`, `y`, `z`, `w`) values (425, 0, 4557904.0, 47549.8007, 2088892.0, 1.0);
INSERT INTO `region_point` (`region_face_id`, `idx`, `x`, `y`, `z`, `w`) values (425, 1, 4639824.0, 47549.8007, 2088892.0, 1.0);
INSERT INTO `region_point` (`region_face_id`, `idx`, `x`, `y`, `z`, `w`) values (425, 2, 4557904.0, 129469.5, 2088892.0, 1.0);
INSERT INTO `region_point` (`region_face_id`, `idx`, `x`, `y`, `z`, `w`) values (425, 3, 4639824.0, 129469.5, 2088892.0, 1.0);
INSERT INTO `region_face` (`region_face_id`, `region_id`, `kind`, `flags`, `normal_x`, `normal_y`, `normal_z`, `normal_w`, `pos_x`, `pos_y`, `pos_z`, `pos_w`) values (426, 415, 'face', '', 0.0, 1.0, 0.0, 129469.5, 4598864.0, 129469.5, 1994307.0, 103073.0);
INSERT INTO `region_point` (`region_face_id`, `idx`, `x`, `y`, `z`, `w`) values (426, 0, 4557904.0, 129469.5, 1899722.0, 1.0);
INSERT INTO `region_point` (`region_face_id`, `idx`, `x`, `y`, `z`, `w`) values (426, 1, 4557904.0, 129469.5, 2088892.0, 1.0);
INSERT INTO `region_point` (`region_face_id`, `idx`, `x`, `y`, `z`, `w`) values (426, 2, 4639824.0, 129469.5, 1899722.0, 1.0);
INSERT INTO `region_point` (`region_face_id`, `idx`, `x`, `y`, `z`, `w`) values (426, 3, 4639824.0, 129469.5, 2088892.0, 1.0);
INSERT INTO `region_face` (`region_face_id`, `region_id`, `kind`, `flags`, `normal_x`, `normal_y`, `normal_z`, `normal_w`, `pos_x`, `pos_y`, `pos_z`, `pos_w`) values (427, 415, 'face', '', 1.0, 0.0, 0.0, 4639824.0, 4639824.0, 88509.6484, 1994307.0, 103072.9453);
INSERT INTO `region_point` (`region_face_id`, `idx`, `x`, `y`, `z`, `w`) values (427, 0, 4639824.0, 47549.8007, 1899722.0, 1.0);
INSERT INTO `region_point` (`region_face_id`, `idx`, `x`, `y`, `z`, `w`) values (427, 1, 4639824.0, 129469.5, 1899722.0, 1.0);
INSERT INTO `region_point` (`region_face_id`, `idx`, `x`, `y`, `z`, `w`) values (427, 2, 4639824.0, 47549.8007, 2088892.0, 1.0);
INSERT INTO `region_point` (`region_face_id`, `idx`, `x`, `y`, `z`, `w`) values (427, 3, 4639824.0, 129469.5, 2088892.0, 1.0);
INSERT INTO `region` (`region_id`, `level_name`, `tree`, `on_enter`, `on_exit`, `on_inside`) values (420, 'fordumpa', 'target', '', '', '(begin (setting-pers string-max-length value (meters 15.0000) mode ''abs) (setting-pers string-min-length value (meters 14.5000) mode ''abs) (setting-pers string-max-height value (meters 6.0000) mode ''abs) (setting-pers string-min-height value (meters 5.5000) mode ''abs))');
INSERT INTO `region_face` (`region_face_id`, `region_id`, `kind`, `flags`, `normal_x`, `normal_y`, `normal_z`, `normal_w`, `pos_x`, `pos_y`, `pos_z`, `pos_w`) values (428, 420, 'face', '', 0.0, 0.0, 1.0, 1360754.0, 2470432.5, 39695.6484, 1360754.0, 66905.2265);
INSERT INTO `region_point` (`region_face_id`, `idx`, `x`, `y`, `z`, `w`) values (428, 0, 2410403.0, 10153.0, 1360754.0, 1.0);
INSERT INTO `region_point` (`region_face_id`, `idx`, `x`, `y`, `z`, `w`) values (428, 1, 2530462.0, 10153.0, 1360754.0, 1.0);
INSERT INTO `region_point` (`region_face_id`, `idx`, `x`, `y`, `z`, `w`) values (428, 2, 2410403.0, 69238.2968, 1360754.0, 1.0);
INSERT INTO `region_point` (`region_face_id`, `idx`, `x`, `y`, `z`, `w`) values (428, 3, 2530462.0, 69238.2968, 1360754.0, 1.0);
INSERT INTO `region_face` (`region_face_id`, `region_id`, `kind`, `flags`, `normal_x`, `normal_y`, `normal_z`, `normal_w`, `pos_x`, `pos_y`, `pos_z`, `pos_w`) values (429, 420, 'face', '', 1.0, 0.0, -0.0, 2530456.75, 2530461.5, 39695.6484, 1228402.0, 135609.0625);
INSERT INTO `region_point` (`region_face_id`, `idx`, `x`, `y`, `z`, `w`) values (429, 0, 2530461.0, 10153.0, 1096050.0, 1.0);
INSERT INTO `region_point` (`region_face_id`, `idx`, `x`, `y`, `z`, `w`) values (429, 1, 2530461.0, 69238.2968, 1096050.0, 1.0);
INSERT INTO `region_point` (`region_face_id`, `idx`, `x`, `y`, `z`, `w`) values (429, 2, 2530462.0, 10153.0, 1360754.0, 1.0);
INSERT INTO `region_point` (`region_face_id`, `idx`, `x`, `y`, `z`, `w`) values (429, 3, 2530462.0, 69238.2968, 1360754.0, 1.0);
INSERT INTO `region_face` (`region_face_id`, `region_id`, `kind`, `flags`, `normal_x`, `normal_y`, `normal_z`, `normal_w`, `pos_x`, `pos_y`, `pos_z`, `pos_w`) values (430, 420, 'face', '', 0.0, -1.0, 0.0, -10153.0, 2470432.0, 10153.0, 1228402.0, 145329.4687);
INSERT INTO `region_point` (`region_face_id`, `idx`, `x`, `y`, `z`, `w`) values (430, 0, 2410402.0, 10153.0, 1096050.0, 1.0);
INSERT INTO `region_point` (`region_face_id`, `idx`, `x`, `y`, `z`, `w`) values (430, 1, 2530461.0, 10153.0, 1096050.0, 1.0);
INSERT INTO `region_point` (`region_face_id`, `idx`, `x`, `y`, `z`, `w`) values (430, 2, 2410403.0, 10153.0, 1360754.0, 1.0);
INSERT INTO `region_point` (`region_face_id`, `idx`, `x`, `y`, `z`, `w`) values (430, 3, 2530462.0, 10153.0, 1360754.0, 1.0);
INSERT INTO `region_face` (`region_face_id`, `region_id`, `kind`, `flags`, `normal_x`, `normal_y`, `normal_z`, `normal_w`, `pos_x`, `pos_y`, `pos_z`, `pos_w`) values (431, 420, 'face', '', 0.0, 1.0, 0.0, 69238.2968, 2470432.0, 69238.2968, 1228402.0, 145329.4687);
INSERT INTO `region_point` (`region_face_id`, `idx`, `x`, `y`, `z`, `w`) values (431, 0, 2410402.0, 69238.2968, 1096050.0, 1.0);
INSERT INTO `region_point` (`region_face_id`, `idx`, `x`, `y`, `z`, `w`) values (431, 1, 2410403.0, 69238.2968, 1360754.0, 1.0);
INSERT INTO `region_point` (`region_face_id`, `idx`, `x`, `y`, `z`, `w`) values (431, 2, 2530461.0, 69238.2968, 1096050.0, 1.0);
INSERT INTO `region_point` (`region_face_id`, `idx`, `x`, `y`, `z`, `w`) values (431, 3, 2530462.0, 69238.2968, 1360754.0, 1.0);
INSERT INTO `region_face` (`region_face_id`, `region_id`, `kind`, `flags`, `normal_x`, `normal_y`, `normal_z`, `normal_w`, `pos_x`, `pos_y`, `pos_z`, `pos_w`) values (432, 420, 'face', '', 0.0, 0.0, -1.0, -1096050.0, 2470431.5, 39695.6484, 1096050.0, 66905.2265);
INSERT INTO `region_point` (`region_face_id`, `idx`, `x`, `y`, `z`, `w`) values (432, 0, 2410402.0, 10153.0, 1096050.0, 1.0);
INSERT INTO `region_point` (`region_face_id`, `idx`, `x`, `y`, `z`, `w`) values (432, 1, 2410402.0, 69238.2968, 1096050.0, 1.0);
INSERT INTO `region_point` (`region_face_id`, `idx`, `x`, `y`, `z`, `w`) values (432, 2, 2530461.0, 10153.0, 1096050.0, 1.0);
INSERT INTO `region_point` (`region_face_id`, `idx`, `x`, `y`, `z`, `w`) values (432, 3, 2530461.0, 69238.2968, 1096050.0, 1.0);
INSERT INTO `region_face` (`region_face_id`, `region_id`, `kind`, `flags`, `normal_x`, `normal_y`, `normal_z`, `normal_w`, `pos_x`, `pos_y`, `pos_z`, `pos_w`) values (433, 420, 'face', '', -1.0, 0.0, 0.0, -2410397.75, 2410402.5, 39695.6484, 1228402.0, 135609.0625);
INSERT INTO `region_point` (`region_face_id`, `idx`, `x`, `y`, `z`, `w`) values (433, 0, 2410402.0, 10153.0, 1096050.0, 1.0);
INSERT INTO `region_point` (`region_face_id`, `idx`, `x`, `y`, `z`, `w`) values (433, 1, 2410403.0, 10153.0, 1360754.0, 1.0);
INSERT INTO `region_point` (`region_face_id`, `idx`, `x`, `y`, `z`, `w`) values (433, 2, 2410402.0, 69238.2968, 1096050.0, 1.0);
INSERT INTO `region_point` (`region_face_id`, `idx`, `x`, `y`, `z`, `w`) values (433, 3, 2410403.0, 69238.2968, 1360754.0, 1.0);
INSERT INTO `region` (`region_id`, `level_name`, `tree`, `on_enter`, `on_exit`, `on_inside`) values (422, 'fordumpa', 'target', '(send-event "fort-robotank-2" ''fire-suppress-on)', '(send-event "fort-robotank-2" ''fire-suppress-off)', '');
INSERT INTO `region_face` (`region_face_id`, `region_id`, `kind`, `flags`, `normal_x`, `normal_y`, `normal_z`, `normal_w`, `pos_x`, `pos_y`, `pos_z`, `pos_w`) values (434, 422, 'plane', '', 0.9995, 0.0, 0.0304, 1925434.875, 1890406.5, 121957.7031, 1177870.0, 47293.0742);
INSERT INTO `region_point` (`region_face_id`, `idx`, `x`, `y`, `z`, `w`) values (434, 0, 1891556.0, 93413.3984, 1140180.0, 1.0);
INSERT INTO `region_point` (`region_face_id`, `idx`, `x`, `y`, `z`, `w`) values (434, 1, 1891556.0, 150502.0, 1140180.0, 1.0);
INSERT INTO `region_point` (`region_face_id`, `idx`, `x`, `y`, `z`, `w`) values (434, 2, 1889257.0, 93413.3984, 1215560.0, 1.0);
INSERT INTO `region_point` (`region_face_id`, `idx`, `x`, `y`, `z`, `w`) values (434, 3, 1889257.0, 150502.0, 1215560.0, 1.0);
INSERT INTO `region` (`region_id`, `level_name`, `tree`, `on_enter`, `on_exit`, `on_inside`) values (455, 'fordumpa', 'target', '(begin (want-continue "fordumpa-midpoint") (send-event "fort-robotank-2" ''stop-music))', '', '');
INSERT INTO `region_face` (`region_face_id`, `region_id`, `kind`, `flags`, `normal_x`, `normal_y`, `normal_z`, `normal_w`, `pos_x`, `pos_y`, `pos_z`, `pos_w`) values (435, 455, 'plane', '', 0.7064, 0.0, 0.7077, 2300220.75, 2007097.5, 110133.1562, 1246584.0, 32861.7187);
INSERT INTO `region_point` (`region_face_id`, `idx`, `x`, `y`, `z`, `w`) values (435, 0, 1988260.0, 129406.2031, 1265388.0, 1.0);
INSERT INTO `region_point` (`region_face_id`, `idx`, `x`, `y`, `z`, `w`) values (435, 1, 1988260.0, 90860.1015, 1265388.0, 1.0);
INSERT INTO `region_point` (`region_face_id`, `idx`, `x`, `y`, `z`, `w`) values (435, 2, 2025935.0, 129406.2031, 1227780.0, 1.0);
INSERT INTO `region_point` (`region_face_id`, `idx`, `x`, `y`, `z`, `w`) values (435, 3, 2025935.0, 90860.1015, 1227780.0, 1.0);
INSERT INTO `region` (`region_id`, `level_name`, `tree`, `on_enter`, `on_exit`, `on_inside`) values (519, 'fordumpa', 'target', '(send-event "fort-elec-switch-1" ''hint)', '', '');
INSERT INTO `region_face` (`region_face_id`, `region_id`, `kind`, `flags`, `normal_x`, `normal_y`, `normal_z`, `normal_w`, `pos_x`, `pos_y`, `pos_z`, `pos_w`) values (436, 519, 'plane', '', 0.9999, 0.0, -0.0111, 2231948.0, 2245583.5, 110481.9531, 1209812.5, 64617.0859);
INSERT INTO `region_point` (`region_face_id`, `idx`, `x`, `y`, `z`, `w`) values (436, 0, 2244962.0, 77750.8984, 1154102.0, 1.0);
INSERT INTO `region_point` (`region_face_id`, `idx`, `x`, `y`, `z`, `w`) values (436, 1, 2244962.0, 143213.0, 1154102.0, 1.0);
INSERT INTO `region_point` (`region_face_id`, `idx`, `x`, `y`, `z`, `w`) values (436, 2, 2246205.0, 77750.8984, 1265523.0, 1.0);
INSERT INTO `region_point` (`region_face_id`, `idx`, `x`, `y`, `z`, `w`) values (436, 3, 2246205.0, 143213.0, 1265523.0, 1.0);
INSERT INTO `region` (`region_id`, `level_name`, `tree`, `on_enter`, `on_exit`, `on_inside`) values (199, 'fordumpa', 'camera', '(want-display ''fordumpb ''display)', '(want-display ''fordumpb #f)', '');
INSERT INTO `region_face` (`region_face_id`, `region_id`, `kind`, `flags`, `normal_x`, `normal_y`, `normal_z`, `normal_w`, `pos_x`, `pos_y`, `pos_z`, `pos_w`) values (437, 199, 'plane', '', 0.6135, 0.0, 0.7896, 2455170.5, 2573429.0, 65524.496, 1109649.5, 116161.5625);
INSERT INTO `region_point` (`region_face_id`, `idx`, `x`, `y`, `z`, `w`) values (437, 0, 2660825.0, 100799.0, 1041744.0, 1.0);
INSERT INTO `region_point` (`region_face_id`, `idx`, `x`, `y`, `z`, `w`) values (437, 1, 2486033.0, 100799.0, 1177555.0, 1.0);
INSERT INTO `region_point` (`region_face_id`, `idx`, `x`, `y`, `z`, `w`) values (437, 2, 2660825.0, 30249.9902, 1041744.0, 1.0);
INSERT INTO `region_point` (`region_face_id`, `idx`, `x`, `y`, `z`, `w`) values (437, 3, 2486033.0, 30249.9902, 1177555.0, 1.0);
INSERT INTO `region` (`region_id`, `level_name`, `tree`, `on_enter`, `on_exit`, `on_inside`) values (857, 'fordumpa', 'camera', '', '', '(when (not (entity-status? "guard-conversation-3" subtask-complete)) (setting-pers speech-control mode #f))');
INSERT INTO `region_face` (`region_face_id`, `region_id`, `kind`, `flags`, `normal_x`, `normal_y`, `normal_z`, `normal_w`, `pos_x`, `pos_y`, `pos_z`, `pos_w`) values (438, 857, 'face', '', 0.0729, 0.0, 0.9973, 1397439.125, 1824342.0, 128115.9531, 1267690.5, 192407.1562);
INSERT INTO `region_point` (`region_face_id`, `idx`, `x`, `y`, `z`, `w`) values (438, 0, 1637588.0, 83880.8984, 1281355.0, 1.0);
INSERT INTO `region_point` (`region_face_id`, `idx`, `x`, `y`, `z`, `w`) values (438, 1, 2011096.0, 83881.0, 1254026.0, 1.0);
INSERT INTO `region_point` (`region_face_id`, `idx`, `x`, `y`, `z`, `w`) values (438, 2, 1637588.0, 172350.0, 1281355.0, 1.0);
INSERT INTO `region_point` (`region_face_id`, `idx`, `x`, `y`, `z`, `w`) values (438, 3, 2011096.0, 172351.0, 1254026.0, 1.0);
INSERT INTO `region_face` (`region_face_id`, `region_id`, `kind`, `flags`, `normal_x`, `normal_y`, `normal_z`, `normal_w`, `pos_x`, `pos_y`, `pos_z`, `pos_w`) values (439, 857, 'face', '', 0.9978, 0.0, 0.0652, 2088635.875, 2016621.5, 128116.0, 1169525.0, 95538.9218);
INSERT INTO `region_point` (`region_face_id`, `idx`, `x`, `y`, `z`, `w`) values (439, 0, 2022147.0, 83881.0, 1085024.0, 1.0);
INSERT INTO `region_point` (`region_face_id`, `idx`, `x`, `y`, `z`, `w`) values (439, 1, 2022147.0, 172351.0, 1085024.0, 1.0);
INSERT INTO `region_point` (`region_face_id`, `idx`, `x`, `y`, `z`, `w`) values (439, 2, 2011096.0, 83881.0, 1254026.0, 1.0);
INSERT INTO `region_point` (`region_face_id`, `idx`, `x`, `y`, `z`, `w`) values (439, 3, 2011096.0, 172351.0, 1254026.0, 1.0);
INSERT INTO `region_face` (`region_face_id`, `region_id`, `kind`, `flags`, `normal_x`, `normal_y`, `normal_z`, `normal_w`, `pos_x`, `pos_y`, `pos_z`, `pos_w`) values (440, 857, 'face', '', 0.0, 1.0, 0.0, 172358.7812, 1829867.5, 172350.5, 1183189.5, 215888.5625);
INSERT INTO `region_point` (`region_face_id`, `idx`, `x`, `y`, `z`, `w`) values (440, 0, 1636194.0, 172351.0, 1119182.0, 1.0);
INSERT INTO `region_point` (`region_face_id`, `idx`, `x`, `y`, `z`, `w`) values (440, 1, 1637588.0, 172350.0, 1281355.0, 1.0);
INSERT INTO `region_point` (`region_face_id`, `idx`, `x`, `y`, `z`, `w`) values (440, 2, 2022147.0, 172351.0, 1085024.0, 1.0);
INSERT INTO `region_point` (`region_face_id`, `idx`, `x`, `y`, `z`, `w`) values (440, 3, 2011096.0, 172351.0, 1254026.0, 1.0);
INSERT INTO `region_face` (`region_face_id`, `region_id`, `kind`, `flags`, `normal_x`, `normal_y`, `normal_z`, `normal_w`, `pos_x`, `pos_y`, `pos_z`, `pos_w`) values (441, 857, 'face', '', -0.0, -1.0, -0.0, -83884.4296, 1829867.5, 83880.9531, 1183189.5, 215888.5625);
INSERT INTO `region_point` (`region_face_id`, `idx`, `x`, `y`, `z`, `w`) values (441, 0, 1636194.0, 83881.2031, 1119182.0, 1.0);
INSERT INTO `region_point` (`region_face_id`, `idx`, `x`, `y`, `z`, `w`) values (441, 1, 2022147.0, 83881.0, 1085024.0, 1.0);
INSERT INTO `region_point` (`region_face_id`, `idx`, `x`, `y`, `z`, `w`) values (441, 2, 1637588.0, 83880.8984, 1281355.0, 1.0);
INSERT INTO `region_point` (`region_face_id`, `idx`, `x`, `y`, `z`, `w`) values (441, 3, 2011096.0, 83881.0, 1254026.0, 1.0);
INSERT INTO `region_face` (`region_face_id`, `region_id`, `kind`, `flags`, `normal_x`, `normal_y`, `normal_z`, `normal_w`, `pos_x`, `pos_y`, `pos_z`, `pos_w`) values (442, 857, 'face', '', -0.0881, 0.0, -0.9961, -1259068.625, 1829170.5, 128116.0, 1102103.0, 198716.7812);
INSERT INTO `region_point` (`region_face_id`, `idx`, `x`, `y`, `z`, `w`) values (442, 0, 1636194.0, 83881.2031, 1119182.0, 1.0);
INSERT INTO `region_point` (`region_face_id`, `idx`, `x`, `y`, `z`, `w`) values (442, 1, 1636194.0, 172351.0, 1119182.0, 1.0);
INSERT INTO `region_point` (`region_face_id`, `idx`, `x`, `y`, `z`, `w`) values (442, 2, 2022147.0, 83881.0, 1085024.0, 1.0);
INSERT INTO `region_point` (`region_face_id`, `idx`, `x`, `y`, `z`, `w`) values (442, 3, 2022147.0, 172351.0, 1085024.0, 1.0);
INSERT INTO `region_face` (`region_face_id`, `region_id`, `kind`, `flags`, `normal_x`, `normal_y`, `normal_z`, `normal_w`, `pos_x`, `pos_y`, `pos_z`, `pos_w`) values (443, 857, 'face', '', -0.9999, 0.0, 0.0085, -1626513.625, 1636891.0, 128115.9531, 1200268.5, 92370.1562);
INSERT INTO `region_point` (`region_face_id`, `idx`, `x`, `y`, `z`, `w`) values (443, 0, 1636194.0, 83881.2031, 1119182.0, 1.0);
INSERT INTO `region_point` (`region_face_id`, `idx`, `x`, `y`, `z`, `w`) values (443, 1, 1637588.0, 83880.8984, 1281355.0, 1.0);
INSERT INTO `region_point` (`region_face_id`, `idx`, `x`, `y`, `z`, `w`) values (443, 2, 1636194.0, 172351.0, 1119182.0, 1.0);
INSERT INTO `region_point` (`region_face_id`, `idx`, `x`, `y`, `z`, `w`) values (443, 3, 1637588.0, 172350.0, 1281355.0, 1.0);
INSERT INTO `region` (`region_id`, `level_name`, `tree`, `on_enter`, `on_exit`, `on_inside`) values (880, 'fordumpa', 'camera', '', '', '(setting-pers sound-excitement mode "abs" value -1.0000)');
INSERT INTO `region_sphere` (`region_id`, `x`, `y`, `z`, `r`) values (880, 2936053.0, 86592.6015, 920101.0, 220310.0);
INSERT INTO `region` (`region_id`, `level_name`, `tree`, `on_enter`, `on_exit`, `on_inside`) values (881, 'fordumpa', 'camera', '', '', '(setting-pers music-volume value 0.6998)');
INSERT INTO `region_sphere` (`region_id`, `x`, `y`, `z`, `r`) values (881, 2258173.0, -92853.0, 1273450.0, 757433.0);
INSERT INTO `region` (`region_id`, `level_name`, `tree`, `on_enter`, `on_exit`, `on_inside`) values (342, 'fordumpb', 'target', '(begin (want-load ''fordumpc ''fordumpb ''fordumpd) (want-display ''fordumpc ''display))', '', '');
INSERT INTO `region_face` (`region_face_id`, `region_id`, `kind`, `flags`, `normal_x`, `normal_y`, `normal_z`, `normal_w`, `pos_x`, `pos_y`, `pos_z`, `pos_w`) values (444, 342, 'plane', '', -0.0, 1.0, -0.0, 91890.0625, 1960622.5, 91932.75, 1537690.0, 29927.8906);
INSERT INTO `region_point` (`region_face_id`, `idx`, `x`, `y`, `z`, `w`) values (444, 0, 1942055.0, 91932.2968, 1520770.0, 1.0);
INSERT INTO `region_point` (`region_face_id`, `idx`, `x`, `y`, `z`, `w`) values (444, 1, 1945601.0, 91933.2031, 1563575.0, 1.0);
INSERT INTO `region_point` (`region_face_id`, `idx`, `x`, `y`, `z`, `w`) values (444, 2, 1975644.0, 91932.2968, 1511805.0, 1.0);
INSERT INTO `region_point` (`region_face_id`, `idx`, `x`, `y`, `z`, `w`) values (444, 3, 1979190.0, 91933.2031, 1554610.0, 1.0);
INSERT INTO `region` (`region_id`, `level_name`, `tree`, `on_enter`, `on_exit`, `on_inside`) values (426, 'fordumpb', 'target', '(begin (setting-pers immediate-string-min-max time (seconds 0.0097)) (setting-pers string-max-length value (meters 2.0000) mode ''abs time (seconds 0.0097)) (setting-pers string-min-length value (meters 1.8996) mode ''abs time (seconds 0.0097)) (setting-pers string-max-height value (meters 10.0000) mode ''abs time (seconds 0.0097)) (setting-pers string-min-height value (meters 9.8999) mode ''abs time (seconds 0.0097)) (send-event "fort-plat-shuttle-11" ''trigger))', '', '');
INSERT INTO `region_face` (`region_face_id`, `region_id`, `kind`, `flags`, `normal_x`, `normal_y`, `normal_z`, `normal_w`, `pos_x`, `pos_y`, `pos_z`, `pos_w`) values (445, 426, 'face', '', 0.0, 0.0463, 0.9989, 1558552.0, 1962547.0, 90858.25, 1556013.0, 17244.5605);
INSERT INTO `region_point` (`region_face_id`, `idx`, `x`, `y`, `z`, `w`) values (445, 0, 1947801.0, 87259.2968, 1556180.0, 1.0);
INSERT INTO `region_point` (`region_face_id`, `idx`, `x`, `y`, `z`, `w`) values (445, 1, 1979411.0, 87259.2968, 1556180.0, 1.0);
INSERT INTO `region_point` (`region_face_id`, `idx`, `x`, `y`, `z`, `w`) values (445, 2, 1945683.0, 94457.2031, 1555846.0, 1.0);
INSERT INTO `region_point` (`region_face_id`, `idx`, `x`, `y`, `z`, `w`) values (445, 3, 1977292.0, 94457.2031, 1555846.0, 1.0);
INSERT INTO `region_face` (`region_face_id`, `region_id`, `kind`, `flags`, `normal_x`, `normal_y`, `normal_z`, `normal_w`, `pos_x`, `pos_y`, `pos_z`, `pos_w`) values (446, 426, 'face', '', 0.9592, 0.2824, 0.0, 1923480.625, 1978351.5, 90858.25, 1540519.5, 16103.6103);
INSERT INTO `region_point` (`region_face_id`, `idx`, `x`, `y`, `z`, `w`) values (446, 0, 1979411.0, 87259.2968, 1525193.0, 1.0);
INSERT INTO `region_point` (`region_face_id`, `idx`, `x`, `y`, `z`, `w`) values (446, 1, 1977292.0, 94457.2031, 1524859.0, 1.0);
INSERT INTO `region_point` (`region_face_id`, `idx`, `x`, `y`, `z`, `w`) values (446, 2, 1979411.0, 87259.2968, 1556180.0, 1.0);
INSERT INTO `region_point` (`region_face_id`, `idx`, `x`, `y`, `z`, `w`) values (446, 3, 1977292.0, 94457.2031, 1555846.0, 1.0);
INSERT INTO `region_face` (`region_face_id`, `region_id`, `kind`, `flags`, `normal_x`, `normal_y`, `normal_z`, `normal_w`, `pos_x`, `pos_y`, `pos_z`, `pos_w`) values (447, 426, 'face', '', 0.0, 1.0, 0.0, 94457.2031, 1961487.5, 94457.2031, 1540352.5, 22132.121);
INSERT INTO `region_point` (`region_face_id`, `idx`, `x`, `y`, `z`, `w`) values (447, 0, 1945683.0, 94457.2031, 1524859.0, 1.0);
INSERT INTO `region_point` (`region_face_id`, `idx`, `x`, `y`, `z`, `w`) values (447, 1, 1945683.0, 94457.2031, 1555846.0, 1.0);
INSERT INTO `region_point` (`region_face_id`, `idx`, `x`, `y`, `z`, `w`) values (447, 2, 1977292.0, 94457.2031, 1524859.0, 1.0);
INSERT INTO `region_point` (`region_face_id`, `idx`, `x`, `y`, `z`, `w`) values (447, 3, 1977292.0, 94457.2031, 1555846.0, 1.0);
INSERT INTO `region_face` (`region_face_id`, `region_id`, `kind`, `flags`, `normal_x`, `normal_y`, `normal_z`, `normal_w`, `pos_x`, `pos_y`, `pos_z`, `pos_w`) values (448, 426, 'face', '', 0.0, -1.0, 0.0, -87259.2968, 1963606.0, 87259.2968, 1540686.5, 22132.4765);
INSERT INTO `region_point` (`region_face_id`, `idx`, `x`, `y`, `z`, `w`) values (448, 0, 1947801.0, 87259.2968, 1525193.0, 1.0);
INSERT INTO `region_point` (`region_face_id`, `idx`, `x`, `y`, `z`, `w`) values (448, 1, 1979411.0, 87259.2968, 1525193.0, 1.0);
INSERT INTO `region_point` (`region_face_id`, `idx`, `x`, `y`, `z`, `w`) values (448, 2, 1947801.0, 87259.2968, 1556180.0, 1.0);
INSERT INTO `region_point` (`region_face_id`, `idx`, `x`, `y`, `z`, `w`) values (448, 3, 1979411.0, 87259.2968, 1556180.0, 1.0);
INSERT INTO `region_face` (`region_face_id`, `region_id`, `kind`, `flags`, `normal_x`, `normal_y`, `normal_z`, `normal_w`, `pos_x`, `pos_y`, `pos_z`, `pos_w`) values (449, 426, 'face', '', 0.0, -0.0463, -0.9989, -1527598.375, 1962547.0, 90858.25, 1525026.0, 17244.5605);
INSERT INTO `region_point` (`region_face_id`, `idx`, `x`, `y`, `z`, `w`) values (449, 0, 1947801.0, 87259.2968, 1525193.0, 1.0);
INSERT INTO `region_point` (`region_face_id`, `idx`, `x`, `y`, `z`, `w`) values (449, 1, 1945683.0, 94457.2031, 1524859.0, 1.0);
INSERT INTO `region_point` (`region_face_id`, `idx`, `x`, `y`, `z`, `w`) values (449, 2, 1979411.0, 87259.2968, 1525193.0, 1.0);
INSERT INTO `region_point` (`region_face_id`, `idx`, `x`, `y`, `z`, `w`) values (449, 3, 1977292.0, 94457.2031, 1524859.0, 1.0);
INSERT INTO `region_face` (`region_face_id`, `region_id`, `kind`, `flags`, `normal_x`, `normal_y`, `normal_z`, `normal_w`, `pos_x`, `pos_y`, `pos_z`, `pos_w`) values (450, 426, 'face', '', -0.9593, -0.2822, 0.0, -1893217.0, 1946742.0, 90858.25, 1540519.5, 16103.5771);
INSERT INTO `region_point` (`region_face_id`, `idx`, `x`, `y`, `z`, `w`) values (450, 0, 1947801.0, 87259.2968, 1525193.0, 1.0);
INSERT INTO `region_point` (`region_face_id`, `idx`, `x`, `y`, `z`, `w`) values (450, 1, 1947801.0, 87259.2968, 1556180.0, 1.0);
INSERT INTO `region_point` (`region_face_id`, `idx`, `x`, `y`, `z`, `w`) values (450, 2, 1945683.0, 94457.2031, 1524859.0, 1.0);
INSERT INTO `region_point` (`region_face_id`, `idx`, `x`, `y`, `z`, `w`) values (450, 3, 1945683.0, 94457.2031, 1555846.0, 1.0);
INSERT INTO `region` (`region_id`, `level_name`, `tree`, `on_enter`, `on_exit`, `on_inside`) values (427, 'fordumpb', 'target', '', '', '(want-anim "fortress-blow-up-ammo-res-a")');
INSERT INTO `region_sphere` (`region_id`, `x`, `y`, `z`, `r`) values (427, 2490611.0, 158333.0, 1487757.0, 61310.6992);
INSERT INTO `region` (`region_id`, `level_name`, `tree`, `on_enter`, `on_exit`, `on_inside`) values (375, 'fordumpb', 'camera', '(want-display ''fordumpa #f)', '(want-display ''fordumpa ''display)', '');
INSERT INTO `region_face` (`region_face_id`, `region_id`, `kind`, `flags`, `normal_x`, `normal_y`, `normal_z`, `normal_w`, `pos_x`, `pos_y`, `pos_z`, `pos_w`) values (451, 375, 'plane', '', 0.9985, 0.0, -0.0532, 1688280.75, 1762076.0, 129551.2968, 1338487.5, 77482.8515);
INSERT INTO `region_point` (`region_face_id`, `idx`, `x`, `y`, `z`, `w`) values (451, 0, 1758576.0, 88492.6015, 1272871.0, 1.0);
INSERT INTO `region_point` (`region_face_id`, `idx`, `x`, `y`, `z`, `w`) values (451, 1, 1758576.0, 170610.0, 1272871.0, 1.0);
INSERT INTO `region_point` (`region_face_id`, `idx`, `x`, `y`, `z`, `w`) values (451, 2, 1765576.0, 88492.6015, 1404104.0, 1.0);
INSERT INTO `region_point` (`region_face_id`, `idx`, `x`, `y`, `z`, `w`) values (451, 3, 1765576.0, 170610.0, 1404104.0, 1.0);
INSERT INTO `region` (`region_id`, `level_name`, `tree`, `on_enter`, `on_exit`, `on_inside`) values (376, 'fordumpb', 'camera', '', '(want-load ''fordumpa ''fordumpb #f)', '');
INSERT INTO `region_face` (`region_face_id`, `region_id`, `kind`, `flags`, `normal_x`, `normal_y`, `normal_z`, `normal_w`, `pos_x`, `pos_y`, `pos_z`, `pos_w`) values (452, 376, 'plane', '', 0.0215, 0.0, -0.9997, -1415198.0, 1642788.5, 129551.25, 1450981.0, 78240.1093);
INSERT INTO `region_point` (`region_face_id`, `idx`, `x`, `y`, `z`, `w`) values (452, 0, 1576203.0, 88492.5, 1449544.0, 1.0);
INSERT INTO `region_point` (`region_face_id`, `idx`, `x`, `y`, `z`, `w`) values (452, 1, 1576203.0, 170610.0, 1449544.0, 1.0);
INSERT INTO `region_point` (`region_face_id`, `idx`, `x`, `y`, `z`, `w`) values (452, 2, 1709374.0, 88492.5, 1452418.0, 1.0);
INSERT INTO `region_point` (`region_face_id`, `idx`, `x`, `y`, `z`, `w`) values (452, 3, 1709374.0, 170610.0, 1452418.0, 1.0);
INSERT INTO `region` (`region_id`, `level_name`, `tree`, `on_enter`, `on_exit`, `on_inside`) values (377, 'fordumpb', 'camera', '(want-load ''fordumpb ''fordumpc #f)', '', '');
INSERT INTO `region_face` (`region_face_id`, `region_id`, `kind`, `flags`, `normal_x`, `normal_y`, `normal_z`, `normal_w`, `pos_x`, `pos_y`, `pos_z`, `pos_w`) values (453, 377, 'plane', '', 0.0215, 0.0, -0.9997, -1457329.25, 1641962.0, 129551.2031, 1493116.5, 78240.5703);
INSERT INTO `region_point` (`region_face_id`, `idx`, `x`, `y`, `z`, `w`) values (453, 0, 1575376.0, 88492.3984, 1491679.0, 1.0);
INSERT INTO `region_point` (`region_face_id`, `idx`, `x`, `y`, `z`, `w`) values (453, 1, 1575376.0, 170610.0, 1491679.0, 1.0);
INSERT INTO `region_point` (`region_face_id`, `idx`, `x`, `y`, `z`, `w`) values (453, 2, 1708548.0, 88492.3984, 1494554.0, 1.0);
INSERT INTO `region_point` (`region_face_id`, `idx`, `x`, `y`, `z`, `w`) values (453, 3, 1708548.0, 170610.0, 1494554.0, 1.0);
INSERT INTO `region` (`region_id`, `level_name`, `tree`, `on_enter`, `on_exit`, `on_inside`) values (858, 'fordumpb', 'camera', '(send-event "guard-conversation-3" ''trigger)', '(send-event "guard-conversation-3" ''untrigger)', '');
INSERT INTO `region_face` (`region_face_id`, `region_id`, `kind`, `flags`, `normal_x`, `normal_y`, `normal_z`, `normal_w`, `pos_x`, `pos_y`, `pos_z`, `pos_w`) values (454, 858, 'plane', '', 0.6658, 0.0, 0.746, 2195052.25, 1972866.5, 115500.8515, 1181391.0, 68019.3046);
INSERT INTO `region_point` (`region_face_id`, `idx`, `x`, `y`, `z`, `w`) values (454, 0, 1926889.0, 144293.0, 1222424.0, 1.0);
INSERT INTO `region_point` (`region_face_id`, `idx`, `x`, `y`, `z`, `w`) values (454, 1, 1926889.0, 86708.7031, 1222424.0, 1.0);
INSERT INTO `region_point` (`region_face_id`, `idx`, `x`, `y`, `z`, `w`) values (454, 2, 2018844.0, 144293.0, 1140358.0, 1.0);
INSERT INTO `region_point` (`region_face_id`, `idx`, `x`, `y`, `z`, `w`) values (454, 3, 2018844.0, 86708.7031, 1140358.0, 1.0);
INSERT INTO `region` (`region_id`, `level_name`, `tree`, `on_enter`, `on_exit`, `on_inside`) values (346, 'fordumpc', 'target', '(when (not (task-closed? "fortress-dump-deal")) (scene-play "fortress-blow-up-ammo-res-a"))', '', '');
INSERT INTO `region_face` (`region_face_id`, `region_id`, `kind`, `flags`, `normal_x`, `normal_y`, `normal_z`, `normal_w`, `pos_x`, `pos_y`, `pos_z`, `pos_w`) values (455, 346, 'plane', '', -0.9997, 0.0, -0.0228, -2552207.75, 2519040.0, 162362.5, 1483354.5, 25768.0859);
INSERT INTO `region_point` (`region_face_id`, `idx`, `x`, `y`, `z`, `w`) values (455, 0, 2519496.0, 178612.0, 1463361.0, 1.0);
INSERT INTO `region_point` (`region_face_id`, `idx`, `x`, `y`, `z`, `w`) values (455, 1, 2519496.0, 146113.0, 1463361.0, 1.0);
INSERT INTO `region_point` (`region_face_id`, `idx`, `x`, `y`, `z`, `w`) values (455, 2, 2518584.0, 178612.0, 1503348.0, 1.0);
INSERT INTO `region_point` (`region_face_id`, `idx`, `x`, `y`, `z`, `w`) values (455, 3, 2518584.0, 146113.0, 1503348.0, 1.0);
INSERT INTO `region` (`region_id`, `level_name`, `tree`, `on_enter`, `on_exit`, `on_inside`) values (347, 'fordumpc', 'target', '(when (not (task-closed? "fortress-dump-resolution")) (scene-play "fortress-blow-up-ammo-res-b"))', '', '');
INSERT INTO `region_face` (`region_face_id`, `region_id`, `kind`, `flags`, `normal_x`, `normal_y`, `normal_z`, `normal_w`, `pos_x`, `pos_y`, `pos_z`, `pos_w`) values (456, 347, 'plane', '', -0.9997, 0.0, -0.0227, -3085450.25, 3053691.5, 162481.5, 1429145.5, 29030.6113);
INSERT INTO `region_point` (`region_face_id`, `idx`, `x`, `y`, `z`, `w`) values (456, 0, 3054147.0, 183525.0, 1409152.0, 1.0);
INSERT INTO `region_point` (`region_face_id`, `idx`, `x`, `y`, `z`, `w`) values (456, 1, 3054147.0, 141438.0, 1409152.0, 1.0);
INSERT INTO `region_point` (`region_face_id`, `idx`, `x`, `y`, `z`, `w`) values (456, 2, 3053236.0, 183525.0, 1449139.0, 1.0);
INSERT INTO `region_point` (`region_face_id`, `idx`, `x`, `y`, `z`, `w`) values (456, 3, 3053236.0, 141438.0, 1449139.0, 1.0);
INSERT INTO `region` (`region_id`, `level_name`, `tree`, `on_enter`, `on_exit`, `on_inside`) values (425, 'fordumpc', 'target', '', '', '(setting-pers minimap mode ''clear mask MINIMAP_FLAG_MINIMAP)');
INSERT INTO `region_face` (`region_face_id`, `region_id`, `kind`, `flags`, `normal_x`, `normal_y`, `normal_z`, `normal_w`, `pos_x`, `pos_y`, `pos_z`, `pos_w`) values (457, 425, 'face', '', 0.0, -1.0, 0.0, 23439.3007, 2777167.5, -23439.3007, 1443372.5, 315605.7187);
INSERT INTO `region_point` (`region_face_id`, `idx`, `x`, `y`, `z`, `w`) values (457, 0, 2495817.0, -23439.3007, 1300373.0, 1.0);
INSERT INTO `region_point` (`region_face_id`, `idx`, `x`, `y`, `z`, `w`) values (457, 1, 3058518.0, -23439.3007, 1300475.0, 1.0);
INSERT INTO `region_point` (`region_face_id`, `idx`, `x`, `y`, `z`, `w`) values (457, 2, 2495818.0, -23439.3007, 1586271.0, 1.0);
INSERT INTO `region_point` (`region_face_id`, `idx`, `x`, `y`, `z`, `w`) values (457, 3, 3058518.0, -23439.3007, 1586372.0, 1.0);
INSERT INTO `region_face` (`region_face_id`, `region_id`, `kind`, `flags`, `normal_x`, `normal_y`, `normal_z`, `normal_w`, `pos_x`, `pos_y`, `pos_z`, `pos_w`) values (458, 425, 'face', '', -0.9999, 0.0028, 0.0, -2495869.5, 2496315.5, 149836.3437, 1442230.5, 225327.2343);
INSERT INTO `region_point` (`region_face_id`, `idx`, `x`, `y`, `z`, `w`) values (458, 0, 2495817.0, -23439.3007, 1300373.0, 1.0);
INSERT INTO `region_point` (`region_face_id`, `idx`, `x`, `y`, `z`, `w`) values (458, 1, 2495818.0, -23439.3007, 1586271.0, 1.0);
INSERT INTO `region_point` (`region_face_id`, `idx`, `x`, `y`, `z`, `w`) values (458, 2, 2496814.0, 323112.0, 1298190.0, 1.0);
INSERT INTO `region_point` (`region_face_id`, `idx`, `x`, `y`, `z`, `w`) values (458, 3, 2496814.0, 323112.0, 1584088.0, 1.0);
INSERT INTO `region_face` (`region_face_id`, `region_id`, `kind`, `flags`, `normal_x`, `normal_y`, `normal_z`, `normal_w`, `pos_x`, `pos_y`, `pos_z`, `pos_w`) values (459, 425, 'face', '', 0.0001, -0.0062, -0.9999, -1299747.125, 2777665.5, 149836.3437, 1299332.5, 330853.5937);
INSERT INTO `region_point` (`region_face_id`, `idx`, `x`, `y`, `z`, `w`) values (459, 0, 2495817.0, -23439.3007, 1300373.0, 1.0);
INSERT INTO `region_point` (`region_face_id`, `idx`, `x`, `y`, `z`, `w`) values (459, 1, 2496814.0, 323112.0, 1298190.0, 1.0);
INSERT INTO `region_point` (`region_face_id`, `idx`, `x`, `y`, `z`, `w`) values (459, 2, 3058518.0, -23439.3007, 1300475.0, 1.0);
INSERT INTO `region_point` (`region_face_id`, `idx`, `x`, `y`, `z`, `w`) values (459, 3, 3059514.0, 323112.0, 1298292.0, 1.0);
INSERT INTO `region_face` (`region_face_id`, `region_id`, `kind`, `flags`, `normal_x`, `normal_y`, `normal_z`, `normal_w`, `pos_x`, `pos_y`, `pos_z`, `pos_w`) values (460, 425, 'face', '', -0.0001, 0.0062, 0.9999, 1585643.875, 2777666.0, 149836.3437, 1585230.0, 330853.1875);
INSERT INTO `region_point` (`region_face_id`, `idx`, `x`, `y`, `z`, `w`) values (460, 0, 2495818.0, -23439.3007, 1586271.0, 1.0);
INSERT INTO `region_point` (`region_face_id`, `idx`, `x`, `y`, `z`, `w`) values (460, 1, 3058518.0, -23439.3007, 1586372.0, 1.0);
INSERT INTO `region_point` (`region_face_id`, `idx`, `x`, `y`, `z`, `w`) values (460, 2, 2496814.0, 323112.0, 1584088.0, 1.0);
INSERT INTO `region_point` (`region_face_id`, `idx`, `x`, `y`, `z`, `w`) values (460, 3, 3059514.0, 323112.0, 1584189.0, 1.0);
INSERT INTO `region_face` (`region_face_id`, `region_id`, `kind`, `flags`, `normal_x`, `normal_y`, `normal_z`, `normal_w`, `pos_x`, `pos_y`, `pos_z`, `pos_w`) values (461, 425, 'face', '', 0.0, 1.0, 0.0, 323112.0, 2778164.0, 323112.0, 1441189.5, 315605.25);
INSERT INTO `region_point` (`region_face_id`, `idx`, `x`, `y`, `z`, `w`) values (461, 0, 2496814.0, 323112.0, 1298190.0, 1.0);
INSERT INTO `region_point` (`region_face_id`, `idx`, `x`, `y`, `z`, `w`) values (461, 1, 2496814.0, 323112.0, 1584088.0, 1.0);
INSERT INTO `region_point` (`region_face_id`, `idx`, `x`, `y`, `z`, `w`) values (461, 2, 3059514.0, 323112.0, 1298292.0, 1.0);
INSERT INTO `region_point` (`region_face_id`, `idx`, `x`, `y`, `z`, `w`) values (461, 3, 3059514.0, 323112.0, 1584189.0, 1.0);
INSERT INTO `region_face` (`region_face_id`, `region_id`, `kind`, `flags`, `normal_x`, `normal_y`, `normal_z`, `normal_w`, `pos_x`, `pos_y`, `pos_z`, `pos_w`) values (462, 425, 'face', '', 0.9999, -0.0028, 0.0, 3058572.75, 3059016.0, 149836.3437, 1442332.0, 225326.9218);
INSERT INTO `region_point` (`region_face_id`, `idx`, `x`, `y`, `z`, `w`) values (462, 0, 3058518.0, -23439.3007, 1300475.0, 1.0);
INSERT INTO `region_point` (`region_face_id`, `idx`, `x`, `y`, `z`, `w`) values (462, 1, 3059514.0, 323112.0, 1298292.0, 1.0);
INSERT INTO `region_point` (`region_face_id`, `idx`, `x`, `y`, `z`, `w`) values (462, 2, 3058518.0, -23439.3007, 1586372.0, 1.0);
INSERT INTO `region_point` (`region_face_id`, `idx`, `x`, `y`, `z`, `w`) values (462, 3, 3059514.0, 323112.0, 1584189.0, 1.0);
INSERT INTO `region` (`region_id`, `level_name`, `tree`, `on_enter`, `on_exit`, `on_inside`) values (796, 'fordumpc', 'target', '(want-anim "fortress-blow-up-ammo-res-b")', '', '');
INSERT INTO `region_sphere` (`region_id`, `x`, `y`, `z`, `r`) values (796, 3028762.0, 147675.0, 1427419.0, 75965.0);
INSERT INTO `region` (`region_id`, `level_name`, `tree`, `on_enter`, `on_exit`, `on_inside`) values (319, 'stadium', 'target', '(want-load ''stadium ''ctywide ''garage)', '', '');
INSERT INTO `region_face` (`region_face_id`, `region_id`, `kind`, `flags`, `normal_x`, `normal_y`, `normal_z`, `normal_w`, `pos_x`, `pos_y`, `pos_z`, `pos_w`) values (463, 319, 'plane', '', 0.8832, 0.0, -0.4688, 1721724.25, 707940.5, 83110.5, -2338435.0, 291629.2187);
INSERT INTO `region_point` (`region_face_id`, `idx`, `x`, `y`, `z`, `w`) values (463, 0, 843158.0, 39763.0, -2083710.0, 1.0);
INSERT INTO `region_point` (`region_face_id`, `idx`, `x`, `y`, `z`, `w`) values (463, 1, 572723.0, 39763.0, -2593160.0, 1.0);
INSERT INTO `region_point` (`region_face_id`, `idx`, `x`, `y`, `z`, `w`) values (463, 2, 843158.0, 126458.0, -2083710.0, 1.0);
INSERT INTO `region_point` (`region_face_id`, `idx`, `x`, `y`, `z`, `w`) values (463, 3, 572723.0, 126458.0, -2593160.0, 1.0);
INSERT INTO `region` (`region_id`, `level_name`, `tree`, `on_enter`, `on_exit`, `on_inside`) values (557, 'stadium', 'target', '(cond ((or (task-closed? "stadium-burning-bush-race-class1-introduction") (task-closed? "stadium-burning-bush-race-class1-r-introduction")) (want-load ''stadium ''ctywide ''stadiumd)) ((or (task-closed? "stadium-burning-bush-race-class2-introduction") (task-closed? "stadium-burning-bush-race-class2-r-introduction")) (want-load ''stadium ''ctywide ''stadiumc)) ((or (task-closed? "stadium-burning-bush-race-class3-introduction") (task-closed? "stadium-burning-bush-race-class3-r-introduction")) (want-load ''stadium ''ctywide ''stadiumb)) ((task-closed? "stadium-burning-bush-race-board-introduction") (want-load ''stadium ''ctywide ''skatea)) ((and (task-closed? "drill-mech-resolution") (task-closed? "city-save-lurkers-resolution")) (want-load ''stadium ''ctywide ''stadiumd)) ((task-closed? "fortress-save-friends-resolution") (want-load ''stadium ''ctywide ''stadiumc)) ((and (task-closed? "sewer-board-resolution") (task-closed? "city-intercept-tanker-resolution")) (want-load ''stadium ''ctywide ''stadiumb)) ((task-closed? "city-keira-delivery-resolution") (want-load ''stadium ''ctywide ''skatea)) (else (want-load ''stadium ''ctywide ''skatea)))', '', '');
INSERT INTO `region_face` (`region_face_id`, `region_id`, `kind`, `flags`, `normal_x`, `normal_y`, `normal_z`, `normal_w`, `pos_x`, `pos_y`, `pos_z`, `pos_w`) values (464, 557, 'plane', '', -0.1824, 0.0, 0.9832, -2666925.25, 779789.0, 83470.7031, -2567755.0, 166256.1406);
INSERT INTO `region_point` (`region_face_id`, `idx`, `x`, `y`, `z`, `w`) values (464, 0, 937505.0, 39763.3984, -2538490.0, 1.0);
INSERT INTO `region_point` (`region_face_id`, `idx`, `x`, `y`, `z`, `w`) values (464, 1, 937505.0, 127178.0, -2538490.0, 1.0);
INSERT INTO `region_point` (`region_face_id`, `idx`, `x`, `y`, `z`, `w`) values (464, 2, 622073.0, 39763.3984, -2597020.0, 1.0);
INSERT INTO `region_point` (`region_face_id`, `idx`, `x`, `y`, `z`, `w`) values (464, 3, 622073.0, 127178.0, -2597020.0, 1.0);
INSERT INTO `region` (`region_id`, `level_name`, `tree`, `on_enter`, `on_exit`, `on_inside`) values (320, 'stadium', 'target', '(begin (want-load ''stadium ''ctywide ''ctygenb) (want-sound ''ctywide1 ''ctywide2 ''ctywide3))', '', '');
INSERT INTO `region_face` (`region_face_id`, `region_id`, `kind`, `flags`, `normal_x`, `normal_y`, `normal_z`, `normal_w`, `pos_x`, `pos_y`, `pos_z`, `pos_w`) values (465, 320, 'plane', '', 0.1824, 0.0, -0.9832, 2635476.25, 781830.5, 83470.6484, -2535400.0, 166255.75);
INSERT INTO `region_point` (`region_face_id`, `idx`, `x`, `y`, `z`, `w`) values (465, 0, 939547.0, 39763.3007, -2506140.0, 1.0);
INSERT INTO `region_point` (`region_face_id`, `idx`, `x`, `y`, `z`, `w`) values (465, 1, 624114.0, 39763.3007, -2564660.0, 1.0);
INSERT INTO `region_point` (`region_face_id`, `idx`, `x`, `y`, `z`, `w`) values (465, 2, 939547.0, 127178.0, -2506140.0, 1.0);
INSERT INTO `region_point` (`region_face_id`, `idx`, `x`, `y`, `z`, `w`) values (465, 3, 624114.0, 127178.0, -2564660.0, 1.0);
INSERT INTO `region` (`region_id`, `level_name`, `tree`, `on_enter`, `on_exit`, `on_inside`) values (364, 'stadium', 'target', '(when (task-open? "stadium-board1-resolution") (send-event "keira-npc-1" ''say))', '', '');
INSERT INTO `region_face` (`region_face_id`, `region_id`, `kind`, `flags`, `normal_x`, `normal_y`, `normal_z`, `normal_w`, `pos_x`, `pos_y`, `pos_z`, `pos_w`) values (466, 364, 'plane', '', -0.9107, 0.0, 0.4129, -1032463.125, 323669.5, 65818.2031, -1786400.0, 35420.3945);
INSERT INTO `region_point` (`region_face_id`, `idx`, `x`, `y`, `z`, `w`) values (466, 0, 311550.0, 85648.2031, -1813130.0, 1.0);
INSERT INTO `region_point` (`region_face_id`, `idx`, `x`, `y`, `z`, `w`) values (466, 1, 311550.0, 45988.1992, -1813130.0, 1.0);
INSERT INTO `region_point` (`region_face_id`, `idx`, `x`, `y`, `z`, `w`) values (466, 2, 335789.0, 85648.2031, -1759670.0, 1.0);
INSERT INTO `region_point` (`region_face_id`, `idx`, `x`, `y`, `z`, `w`) values (466, 3, 335789.0, 45988.1992, -1759670.0, 1.0);
INSERT INTO `region` (`region_id`, `level_name`, `tree`, `on_enter`, `on_exit`, `on_inside`) values (718, 'stadium', 'target', '', '', '(setting-pers ambient-volume mode ''rel value 0.5000)');
INSERT INTO `region_sphere` (`region_id`, `x`, `y`, `z`, `r`) values (718, -1192220.0, 739.161, -1293830.0, 1088900.0);
INSERT INTO `region` (`region_id`, `level_name`, `tree`, `on_enter`, `on_exit`, `on_inside`) values (777, 'stadium', 'target', '', '', '(setting-pers darkjak mode #f)');
INSERT INTO `region_sphere` (`region_id`, `x`, `y`, `z`, `r`) values (777, -615984.0, -3714.8999, -2383610.0, 646273.0);
INSERT INTO `region` (`region_id`, `level_name`, `tree`, `on_enter`, `on_exit`, `on_inside`) values (317, 'stadium', 'camera', '(cond ((or (task-closed? "stadium-burning-bush-race-class1-introduction") (task-closed? "stadium-burning-bush-race-class1-r-introduction")) (want-display ''stadiumd ''display)) ((or (task-closed? "stadium-burning-bush-race-class2-introduction") (task-closed? "stadium-burning-bush-race-class2-r-introduction")) (want-display ''stadiumc ''display)) ((or (task-closed? "stadium-burning-bush-race-class3-introduction") (task-closed? "stadium-burning-bush-race-class3-r-introduction")) (want-display ''stadiumb ''display)) ((task-closed? "stadium-burning-bush-race-board-introduction") (want-display ''skatea ''display)) ((and (task-closed? "drill-mech-resolution") (task-closed? "city-save-lurkers-resolution")) (want-display ''stadiumd ''display)) ((task-closed? "fortress-save-friends-resolution") (want-display ''stadiumc ''display)) ((and (task-closed? "sewer-board-resolution") (task-closed? "city-intercept-tanker-resolution")) (want-display ''stadiumb ''display)) ((task-closed? "city-keira-delivery-resolution") (want-display ''skatea ''display)) (else (want-display ''skatea ''display)))', '(begin (want-display ''skatea #f) (want-display ''stadiumb #f) (want-display ''stadiumc #f) (want-display ''stadiumd #f))', '');
INSERT INTO `region_face` (`region_face_id`, `region_id`, `kind`, `flags`, `normal_x`, `normal_y`, `normal_z`, `normal_w`, `pos_x`, `pos_y`, `pos_z`, `pos_w`) values (467, 317, 'plane', '', 0.5216, 0.0, 0.8531, -2369853.0, 306733.0, 87823.1015, -2965355.0, 80505.625);
INSERT INTO `region_point` (`region_face_id`, `idx`, `x`, `y`, `z`, `w`) values (467, 0, 247148.0, 127864.0, -2928920.0, 1.0);
INSERT INTO `region_point` (`region_face_id`, `idx`, `x`, `y`, `z`, `w`) values (467, 1, 247148.0, 47782.1992, -2928920.0, 1.0);
INSERT INTO `region_point` (`region_face_id`, `idx`, `x`, `y`, `z`, `w`) values (467, 2, 366318.0, 127864.0, -3001790.0, 1.0);
INSERT INTO `region_point` (`region_face_id`, `idx`, `x`, `y`, `z`, `w`) values (467, 3, 366318.0, 47782.1992, -3001790.0, 1.0);
INSERT INTO `region` (`region_id`, `level_name`, `tree`, `on_enter`, `on_exit`, `on_inside`) values (318, 'stadium', 'camera', '(want-display ''ctygenb ''display)', '(want-display ''ctygenb #f)', '');
INSERT INTO `region_face` (`region_face_id`, `region_id`, `kind`, `flags`, `normal_x`, `normal_y`, `normal_z`, `normal_w`, `pos_x`, `pos_y`, `pos_z`, `pos_w`) values (468, 318, 'plane', '', -0.9872, 0.0, 0.1588, -1694922.0, 1408590.0, 69279.9609, -1914625.0, 144865.6875);
INSERT INTO `region_point` (`region_face_id`, `idx`, `x`, `y`, `z`, `w`) values (468, 0, 1388420.0, 139086.0, -2039950.0, 1.0);
INSERT INTO `region_point` (`region_face_id`, `idx`, `x`, `y`, `z`, `w`) values (468, 1, 1388420.0, -526.077, -2039950.0, 1.0);
INSERT INTO `region_point` (`region_face_id`, `idx`, `x`, `y`, `z`, `w`) values (468, 2, 1428760.0, 139086.0, -1789300.0, 1.0);
INSERT INTO `region_point` (`region_face_id`, `idx`, `x`, `y`, `z`, `w`) values (468, 3, 1428760.0, -526.077, -1789300.0, 1.0);
INSERT INTO `region` (`region_id`, `level_name`, `tree`, `on_enter`, `on_exit`, `on_inside`) values (776, 'stadium', 'camera', '', '', '(want-vis ''garage)');
INSERT INTO `region_face` (`region_face_id`, `region_id`, `kind`, `flags`, `normal_x`, `normal_y`, `normal_z`, `normal_w`, `pos_x`, `pos_y`, `pos_z`, `pos_w`) values (469, 776, 'face', '', -0.8792, 0.0, 0.4763, -920993.625, 154556.9062, 63604.5, -1648225.0, 129333.2265);
INSERT INTO `region_point` (`region_face_id`, `idx`, `x`, `y`, `z`, `w`) values (469, 0, 96122.7968, 22645.0, -1756090.0, 1.0);
INSERT INTO `region_point` (`region_face_id`, `idx`, `x`, `y`, `z`, `w`) values (469, 1, 212991.0, 22645.0, -1540360.0, 1.0);
INSERT INTO `region_point` (`region_face_id`, `idx`, `x`, `y`, `z`, `w`) values (469, 2, 96122.7968, 104564.0, -1756090.0, 1.0);
INSERT INTO `region_point` (`region_face_id`, `idx`, `x`, `y`, `z`, `w`) values (469, 3, 212991.0, 104561.0, -1540360.0, 1.0);
INSERT INTO `region_face` (`region_face_id`, `region_id`, `kind`, `flags`, `normal_x`, `normal_y`, `normal_z`, `normal_w`, `pos_x`, `pos_y`, `pos_z`, `pos_w`) values (470, 776, 'face', '', 0.4648, 0.0, 0.8854, -1264844.5, 413220.0, 63603.5, -1645475.0, 229822.5781);
INSERT INTO `region_point` (`region_face_id`, `idx`, `x`, `y`, `z`, `w`) values (470, 0, 613449.0, 22645.0, -1750590.0, 1.0);
INSERT INTO `region_point` (`region_face_id`, `idx`, `x`, `y`, `z`, `w`) values (470, 1, 613449.0, 104562.0, -1750590.0, 1.0);
INSERT INTO `region_point` (`region_face_id`, `idx`, `x`, `y`, `z`, `w`) values (470, 2, 212991.0, 22645.0, -1540360.0, 1.0);
INSERT INTO `region_point` (`region_face_id`, `idx`, `x`, `y`, `z`, `w`) values (470, 3, 212991.0, 104561.0, -1540360.0, 1.0);
INSERT INTO `region_face` (`region_face_id`, `region_id`, `kind`, `flags`, `normal_x`, `normal_y`, `normal_z`, `normal_w`, `pos_x`, `pos_y`, `pos_z`, `pos_w`) values (471, 776, 'face', '', 0.0, 1.0, 0.0, 104541.2578, 354785.9062, 104563.0, -1753340.0, 258677.7187);
INSERT INTO `region_point` (`region_face_id`, `idx`, `x`, `y`, `z`, `w`) values (471, 0, 448010.0, 104565.0, -1931800.0, 1.0);
INSERT INTO `region_point` (`region_face_id`, `idx`, `x`, `y`, `z`, `w`) values (471, 1, 96122.7968, 104564.0, -1756090.0, 1.0);
INSERT INTO `region_point` (`region_face_id`, `idx`, `x`, `y`, `z`, `w`) values (471, 2, 613449.0, 104562.0, -1750590.0, 1.0);
INSERT INTO `region_point` (`region_face_id`, `idx`, `x`, `y`, `z`, `w`) values (471, 3, 212991.0, 104561.0, -1540360.0, 1.0);
INSERT INTO `region_face` (`region_face_id`, `region_id`, `kind`, `flags`, `normal_x`, `normal_y`, `normal_z`, `normal_w`, `pos_x`, `pos_y`, `pos_z`, `pos_w`) values (472, 776, 'face', '', 0.0, -1.0, 0.0, -22645.0, 354785.9062, 22645.0, -1753340.0, 258677.7187);
INSERT INTO `region_point` (`region_face_id`, `idx`, `x`, `y`, `z`, `w`) values (472, 0, 448010.0, 22645.0, -1931800.0, 1.0);
INSERT INTO `region_point` (`region_face_id`, `idx`, `x`, `y`, `z`, `w`) values (472, 1, 613449.0, 22645.0, -1750590.0, 1.0);
INSERT INTO `region_point` (`region_face_id`, `idx`, `x`, `y`, `z`, `w`) values (472, 2, 96122.7968, 22645.0, -1756090.0, 1.0);
INSERT INTO `region_point` (`region_face_id`, `idx`, `x`, `y`, `z`, `w`) values (472, 3, 212991.0, 22645.0, -1540360.0, 1.0);
INSERT INTO `region_face` (`region_face_id`, `region_id`, `kind`, `flags`, `normal_x`, `normal_y`, `normal_z`, `normal_w`, `pos_x`, `pos_y`, `pos_z`, `pos_w`) values (473, 776, 'face', '', 0.7385, 0.0, -0.6742, 1633356.375, 530729.5, 63605.0, -1841195.0, 129342.5859);
INSERT INTO `region_point` (`region_face_id`, `idx`, `x`, `y`, `z`, `w`) values (473, 0, 448010.0, 22645.0, -1931800.0, 1.0);
INSERT INTO `region_point` (`region_face_id`, `idx`, `x`, `y`, `z`, `w`) values (473, 1, 448010.0, 104565.0, -1931800.0, 1.0);
INSERT INTO `region_point` (`region_face_id`, `idx`, `x`, `y`, `z`, `w`) values (473, 2, 613449.0, 22645.0, -1750590.0, 1.0);
INSERT INTO `region_point` (`region_face_id`, `idx`, `x`, `y`, `z`, `w`) values (473, 3, 613449.0, 104562.0, -1750590.0, 1.0);
INSERT INTO `region_face` (`region_face_id`, `region_id`, `kind`, `flags`, `normal_x`, `normal_y`, `normal_z`, `normal_w`, `pos_x`, `pos_y`, `pos_z`, `pos_w`) values (474, 776, 'face', '', -0.4467, 0.0, -0.8946, 1528169.875, 272066.4062, 63605.0, -1843945.0, 200879.0);
INSERT INTO `region_point` (`region_face_id`, `idx`, `x`, `y`, `z`, `w`) values (474, 0, 448010.0, 22645.0, -1931800.0, 1.0);
INSERT INTO `region_point` (`region_face_id`, `idx`, `x`, `y`, `z`, `w`) values (474, 1, 96122.7968, 22645.0, -1756090.0, 1.0);
INSERT INTO `region_point` (`region_face_id`, `idx`, `x`, `y`, `z`, `w`) values (474, 2, 448010.0, 104565.0, -1931800.0, 1.0);
INSERT INTO `region_point` (`region_face_id`, `idx`, `x`, `y`, `z`, `w`) values (474, 3, 96122.7968, 104564.0, -1756090.0, 1.0);
INSERT INTO `region` (`region_id`, `level_name`, `tree`, `on_enter`, `on_exit`, `on_inside`) values (787, 'stadium', 'camera', '(begin (alive "stad-c-force-field-2" store #f) (cond ((or (task-closed? "stadium-burning-bush-race-board-introduction") (not (task-closed? "stadium-race-class3-introduction"))) (want-sound ''ctywide1 ''stadium1 ''skate1)) (else (want-sound ''ctywide1 ''ctywide2 ''stadium1))))', '(want-sound ''ctywide1 ''ctywide2 ''ctywide3)', '');
INSERT INTO `region_face` (`region_face_id`, `region_id`, `kind`, `flags`, `normal_x`, `normal_y`, `normal_z`, `normal_w`, `pos_x`, `pos_y`, `pos_z`, `pos_w`) values (475, 787, 'plane', '', 0.5216, 0.0, 0.8531, -2384995.5, 292065.0, 87823.1015, -2974135.0, 80505.625);
INSERT INTO `region_point` (`region_face_id`, `idx`, `x`, `y`, `z`, `w`) values (475, 0, 232480.0, 127864.0, -2937700.0, 1.0);
INSERT INTO `region_point` (`region_face_id`, `idx`, `x`, `y`, `z`, `w`) values (475, 1, 232480.0, 47782.1992, -2937700.0, 1.0);
INSERT INTO `region_point` (`region_face_id`, `idx`, `x`, `y`, `z`, `w`) values (475, 2, 351650.0, 127864.0, -3010570.0, 1.0);
INSERT INTO `region_point` (`region_face_id`, `idx`, `x`, `y`, `z`, `w`) values (475, 3, 351650.0, 47782.1992, -3010570.0, 1.0);
INSERT INTO `region` (`region_id`, `level_name`, `tree`, `on_enter`, `on_exit`, `on_inside`) values (882, 'stadium', 'camera', '', '', '');
INSERT INTO `region_sphere` (`region_id`, `x`, `y`, `z`, `r`) values (882, 150635.0, -87670.7968, -3407530.0, 695156.0);
INSERT INTO `region` (`region_id`, `level_name`, `tree`, `on_enter`, `on_exit`, `on_inside`) values (727, 'stadium', 'water', '', '', '(water water-anim #<entity-actor :name water-anim-stadium-27 @ #x26b8264> (wade))');
INSERT INTO `region_face` (`region_face_id`, `region_id`, `kind`, `flags`, `normal_x`, `normal_y`, `normal_z`, `normal_w`, `pos_x`, `pos_y`, `pos_z`, `pos_w`) values (476, 727, 'face', '', -0.4625, 0.0, 0.8865, -2139450.0, 989031.0, -24312.4648, -1897120.0, 31839.0292);
INSERT INTO `region_point` (`region_face_id`, `idx`, `x`, `y`, `z`, `w`) values (476, 0, 967412.0, -44784.5, -1908400.0, 1.0);
INSERT INTO `region_point` (`region_face_id`, `idx`, `x`, `y`, `z`, `w`) values (476, 1, 1010650.0, -44784.5, -1885840.0, 1.0);
INSERT INTO `region_point` (`region_face_id`, `idx`, `x`, `y`, `z`, `w`) values (476, 2, 967412.0, -3840.4299, -1908400.0, 1.0);
INSERT INTO `region_point` (`region_face_id`, `idx`, `x`, `y`, `z`, `w`) values (476, 3, 1010650.0, -3840.4299, -1885840.0, 1.0);
INSERT INTO `region_face` (`region_face_id`, `region_id`, `kind`, `flags`, `normal_x`, `normal_y`, `normal_z`, `normal_w`, `pos_x`, `pos_y`, `pos_z`, `pos_w`) values (477, 727, 'face', '', 0.9231, 0.0, 0.3844, 208072.3906, 1039700.0, -24312.5156, -1955605.0, 78295.3671);
INSERT INTO `region_point` (`region_face_id`, `idx`, `x`, `y`, `z`, `w`) values (477, 0, 1068750.0, -44784.6015, -2025370.0, 1.0);
INSERT INTO `region_point` (`region_face_id`, `idx`, `x`, `y`, `z`, `w`) values (477, 1, 1068750.0, -3840.4399, -2025370.0, 1.0);
INSERT INTO `region_point` (`region_face_id`, `idx`, `x`, `y`, `z`, `w`) values (477, 2, 1010650.0, -44784.5, -1885840.0, 1.0);
INSERT INTO `region_point` (`region_face_id`, `idx`, `x`, `y`, `z`, `w`) values (477, 3, 1010650.0, -3840.4299, -1885840.0, 1.0);
INSERT INTO `region_face` (`region_face_id`, `region_id`, `kind`, `flags`, `normal_x`, `normal_y`, `normal_z`, `normal_w`, `pos_x`, `pos_y`, `pos_z`, `pos_w`) values (478, 727, 'face', '', 0.0, 1.0, -0.0, -3840.2824, 1017082.125, -3840.435, -1964878.5, 79553.6562);
INSERT INTO `region_point` (`region_face_id`, `idx`, `x`, `y`, `z`, `w`) values (478, 0, 1021800.0, -3840.4399, -2041910.0, 1.0);
INSERT INTO `region_point` (`region_face_id`, `idx`, `x`, `y`, `z`, `w`) values (478, 1, 967412.0, -3840.4299, -1908400.0, 1.0);
INSERT INTO `region_point` (`region_face_id`, `idx`, `x`, `y`, `z`, `w`) values (478, 2, 1068750.0, -3840.4399, -2025370.0, 1.0);
INSERT INTO `region_point` (`region_face_id`, `idx`, `x`, `y`, `z`, `w`) values (478, 3, 1010650.0, -3840.4299, -1885840.0, 1.0);
INSERT INTO `region_face` (`region_face_id`, `region_id`, `kind`, `flags`, `normal_x`, `normal_y`, `normal_z`, `normal_w`, `pos_x`, `pos_y`, `pos_z`, `pos_w`) values (479, 727, 'face', '', -0.0, -1.0, 0.0, 44783.0039, 1017082.125, -44784.5507, -1964878.5, 79553.6562);
INSERT INTO `region_point` (`region_face_id`, `idx`, `x`, `y`, `z`, `w`) values (479, 0, 1021800.0, -44784.6015, -2041910.0, 1.0);
INSERT INTO `region_point` (`region_face_id`, `idx`, `x`, `y`, `z`, `w`) values (479, 1, 1068750.0, -44784.6015, -2025370.0, 1.0);
INSERT INTO `region_point` (`region_face_id`, `idx`, `x`, `y`, `z`, `w`) values (479, 2, 967412.0, -44784.5, -1908400.0, 1.0);
INSERT INTO `region_point` (`region_face_id`, `idx`, `x`, `y`, `z`, `w`) values (479, 3, 1010650.0, -44784.5, -1885840.0, 1.0);
INSERT INTO `region_face` (`region_face_id`, `region_id`, `kind`, `flags`, `normal_x`, `normal_y`, `normal_z`, `normal_w`, `pos_x`, `pos_y`, `pos_z`, `pos_w`) values (480, 727, 'face', '', 0.3322, 0.0, -0.9431, 2265412.0, 1045275.0, -24312.5214, -2033640.0, 32226.9238);
INSERT INTO `region_point` (`region_face_id`, `idx`, `x`, `y`, `z`, `w`) values (480, 0, 1021800.0, -44784.6015, -2041910.0, 1.0);
INSERT INTO `region_point` (`region_face_id`, `idx`, `x`, `y`, `z`, `w`) values (480, 1, 1021800.0, -3840.4399, -2041910.0, 1.0);
INSERT INTO `region_point` (`region_face_id`, `idx`, `x`, `y`, `z`, `w`) values (480, 2, 1068750.0, -44784.6015, -2025370.0, 1.0);
INSERT INTO `region_point` (`region_face_id`, `idx`, `x`, `y`, `z`, `w`) values (480, 3, 1068750.0, -3840.4399, -2025370.0, 1.0);
INSERT INTO `region_face` (`region_face_id`, `region_id`, `kind`, `flags`, `normal_x`, `normal_y`, `normal_z`, `normal_w`, `pos_x`, `pos_y`, `pos_z`, `pos_w`) values (481, 727, 'face', '', -0.9261, 0.0, -0.3772, -175947.4531, 994606.0, -24312.5156, -1975155.0, 74932.3046);
INSERT INTO `region_point` (`region_face_id`, `idx`, `x`, `y`, `z`, `w`) values (481, 0, 1021800.0, -44784.6015, -2041910.0, 1.0);
INSERT INTO `region_point` (`region_face_id`, `idx`, `x`, `y`, `z`, `w`) values (481, 1, 967412.0, -44784.5, -1908400.0, 1.0);
INSERT INTO `region_point` (`region_face_id`, `idx`, `x`, `y`, `z`, `w`) values (481, 2, 1021800.0, -3840.4399, -2041910.0, 1.0);
INSERT INTO `region_point` (`region_face_id`, `idx`, `x`, `y`, `z`, `w`) values (481, 3, 967412.0, -3840.4299, -1908400.0, 1.0);
INSERT INTO `region` (`region_id`, `level_name`, `tree`, `on_enter`, `on_exit`, `on_inside`) values (728, 'stadium', 'water', '', '', '(water water-anim #<entity-actor :name water-anim-stadium-28 @ #x26b84f4> (wade))');
INSERT INTO `region_face` (`region_face_id`, `region_id`, `kind`, `flags`, `normal_x`, `normal_y`, `normal_z`, `normal_w`, `pos_x`, `pos_y`, `pos_z`, `pos_w`) values (482, 728, 'face', '', 0.7332, 0.0, 0.6799, -746162.1875, 1129385.0, -26653.0253, -2315520.0, 30409.1933);
INSERT INTO `region_point` (`region_face_id`, `idx`, `x`, `y`, `z`, `w`) values (482, 0, 1114040.0, -47033.1015, -2298970.0, 1.0);
INSERT INTO `region_point` (`region_face_id`, `idx`, `x`, `y`, `z`, `w`) values (482, 1, 1144730.0, -47033.1015, -2332070.0, 1.0);
INSERT INTO `region_point` (`region_face_id`, `idx`, `x`, `y`, `z`, `w`) values (482, 2, 1114040.0, -6272.9501, -2298970.0, 1.0);
INSERT INTO `region_point` (`region_face_id`, `idx`, `x`, `y`, `z`, `w`) values (482, 3, 1144730.0, -6272.9702, -2332070.0, 1.0);
INSERT INTO `region_face` (`region_face_id`, `region_id`, `kind`, `flags`, `normal_x`, `normal_y`, `normal_z`, `normal_w`, `pos_x`, `pos_y`, `pos_z`, `pos_w`) values (483, 728, 'face', '', 0.9996, 0.0, 0.0271, 1080890.25, 1145460.0, -26653.0214, -2358905.0, 33704.5664);
INSERT INTO `region_point` (`region_face_id`, `idx`, `x`, `y`, `z`, `w`) values (483, 0, 1146190.0, -47033.0, -2385740.0, 1.0);
INSERT INTO `region_point` (`region_face_id`, `idx`, `x`, `y`, `z`, `w`) values (483, 1, 1146190.0, -6272.9399, -2385740.0, 1.0);
INSERT INTO `region_point` (`region_face_id`, `idx`, `x`, `y`, `z`, `w`) values (483, 2, 1144730.0, -47033.1015, -2332070.0, 1.0);
INSERT INTO `region_point` (`region_face_id`, `idx`, `x`, `y`, `z`, `w`) values (483, 3, 1144730.0, -6272.9702, -2332070.0, 1.0);
INSERT INTO `region_face` (`region_face_id`, `region_id`, `kind`, `flags`, `normal_x`, `normal_y`, `normal_z`, `normal_w`, `pos_x`, `pos_y`, `pos_z`, `pos_w`) values (484, 728, 'face', '', 0.0, 1.0, 0.0, -6273.1743, 1117110.0, -6272.9404, -2355930.0, 57042.6718);
INSERT INTO `region_point` (`region_face_id`, `idx`, `x`, `y`, `z`, `w`) values (484, 0, 1120180.0, -6272.9301, -2412890.0, 1.0);
INSERT INTO `region_point` (`region_face_id`, `idx`, `x`, `y`, `z`, `w`) values (484, 1, 1114040.0, -6272.9501, -2298970.0, 1.0);
INSERT INTO `region_point` (`region_face_id`, `idx`, `x`, `y`, `z`, `w`) values (484, 2, 1146190.0, -6272.9399, -2385740.0, 1.0);
INSERT INTO `region_point` (`region_face_id`, `idx`, `x`, `y`, `z`, `w`) values (484, 3, 1144730.0, -6272.9702, -2332070.0, 1.0);
INSERT INTO `region_face` (`region_face_id`, `region_id`, `kind`, `flags`, `normal_x`, `normal_y`, `normal_z`, `normal_w`, `pos_x`, `pos_y`, `pos_z`, `pos_w`) values (485, 728, 'face', '', -0.0, -1.0, -0.0, 47035.2851, 1117110.0, -47033.0, -2355930.0, 57042.6718);
INSERT INTO `region_point` (`region_face_id`, `idx`, `x`, `y`, `z`, `w`) values (485, 0, 1120180.0, -47032.8984, -2412890.0, 1.0);
INSERT INTO `region_point` (`region_face_id`, `idx`, `x`, `y`, `z`, `w`) values (485, 1, 1146190.0, -47033.0, -2385740.0, 1.0);
INSERT INTO `region_point` (`region_face_id`, `idx`, `x`, `y`, `z`, `w`) values (485, 2, 1114040.0, -47033.1015, -2298970.0, 1.0);
INSERT INTO `region_point` (`region_face_id`, `idx`, `x`, `y`, `z`, `w`) values (485, 3, 1144730.0, -47033.1015, -2332070.0, 1.0);
INSERT INTO `region_face` (`region_face_id`, `region_id`, `kind`, `flags`, `normal_x`, `normal_y`, `normal_z`, `normal_w`, `pos_x`, `pos_y`, `pos_z`, `pos_w`) values (486, 728, 'face', '', 0.7221, 0.0, -0.6917, 2478085.75, 1133185.0, -26652.9648, -2399315.0, 27726.4589);
INSERT INTO `region_point` (`region_face_id`, `idx`, `x`, `y`, `z`, `w`) values (486, 0, 1120180.0, -47032.8984, -2412890.0, 1.0);
INSERT INTO `region_point` (`region_face_id`, `idx`, `x`, `y`, `z`, `w`) values (486, 1, 1120180.0, -6272.9301, -2412890.0, 1.0);
INSERT INTO `region_point` (`region_face_id`, `idx`, `x`, `y`, `z`, `w`) values (486, 2, 1146190.0, -47033.0, -2385740.0, 1.0);
INSERT INTO `region_point` (`region_face_id`, `idx`, `x`, `y`, `z`, `w`) values (486, 3, 1146190.0, -6272.9399, -2385740.0, 1.0);
INSERT INTO `region_face` (`region_face_id`, `region_id`, `kind`, `flags`, `normal_x`, `normal_y`, `normal_z`, `normal_w`, `pos_x`, `pos_y`, `pos_z`, `pos_w`) values (487, 728, 'face', '', -0.9985, 0.0, -0.0538, -988696.375, 1117110.0, -26653.0156, -2355930.0, 60574.0429);
INSERT INTO `region_point` (`region_face_id`, `idx`, `x`, `y`, `z`, `w`) values (487, 0, 1120180.0, -47032.8984, -2412890.0, 1.0);
INSERT INTO `region_point` (`region_face_id`, `idx`, `x`, `y`, `z`, `w`) values (487, 1, 1114040.0, -47033.1015, -2298970.0, 1.0);
INSERT INTO `region_point` (`region_face_id`, `idx`, `x`, `y`, `z`, `w`) values (487, 2, 1120180.0, -6272.9301, -2412890.0, 1.0);
INSERT INTO `region_point` (`region_face_id`, `idx`, `x`, `y`, `z`, `w`) values (487, 3, 1114040.0, -6272.9501, -2298970.0, 1.0);
INSERT INTO `region` (`region_id`, `level_name`, `tree`, `on_enter`, `on_exit`, `on_inside`) values (729, 'stadium', 'water', '', '', '(water water-anim #<entity-actor :name water-anim-stadium-29 @ #x26b8784> (wade))');
INSERT INTO `region_face` (`region_face_id`, `region_id`, `kind`, `flags`, `normal_x`, `normal_y`, `normal_z`, `normal_w`, `pos_x`, `pos_y`, `pos_z`, `pos_w`) values (488, 729, 'face', '', -0.0, -1.0, -0.0, 47041.8945, 1036160.0, -47032.6992, -2763220.0, 57095.5429);
INSERT INTO `region_point` (`region_face_id`, `idx`, `x`, `y`, `z`, `w`) values (488, 0, 1013210.0, -47032.3984, -2815500.0, 1.0);
INSERT INTO `region_point` (`region_face_id`, `idx`, `x`, `y`, `z`, `w`) values (488, 1, 1052720.0, -47032.6015, -2796290.0, 1.0);
INSERT INTO `region_point` (`region_face_id`, `idx`, `x`, `y`, `z`, `w`) values (488, 2, 1059110.0, -47033.0, -2710940.0, 1.0);
INSERT INTO `region_point` (`region_face_id`, `idx`, `x`, `y`, `z`, `w`) values (488, 3, 1073220.0, -47032.8984, -2747190.0, 1.0);
INSERT INTO `region_face` (`region_face_id`, `region_id`, `kind`, `flags`, `normal_x`, `normal_y`, `normal_z`, `normal_w`, `pos_x`, `pos_y`, `pos_z`, `pos_w`) values (489, 729, 'face', '', -0.9156, -0.0002, 0.4019, -2059455.75, 1036155.0, -26652.9257, -2763220.0, 60625.7187);
INSERT INTO `region_point` (`region_face_id`, `idx`, `x`, `y`, `z`, `w`) values (489, 0, 1013210.0, -47032.3984, -2815500.0, 1.0);
INSERT INTO `region_point` (`region_face_id`, `idx`, `x`, `y`, `z`, `w`) values (489, 1, 1059110.0, -47033.0, -2710940.0, 1.0);
INSERT INTO `region_point` (`region_face_id`, `idx`, `x`, `y`, `z`, `w`) values (489, 2, 1013200.0, -6272.85, -2815500.0, 1.0);
INSERT INTO `region_point` (`region_face_id`, `idx`, `x`, `y`, `z`, `w`) values (489, 3, 1059110.0, -6272.9199, -2710940.0, 1.0);
INSERT INTO `region_face` (`region_face_id`, `region_id`, `kind`, `flags`, `normal_x`, `normal_y`, `normal_z`, `normal_w`, `pos_x`, `pos_y`, `pos_z`, `pos_w`) values (490, 729, 'face', '', 0.4372, 0.0001, -0.8993, 2975108.75, 1032960.0, -26652.7265, -2805895.0, 29967.5312);
INSERT INTO `region_point` (`region_face_id`, `idx`, `x`, `y`, `z`, `w`) values (490, 0, 1013210.0, -47032.3984, -2815500.0, 1.0);
INSERT INTO `region_point` (`region_face_id`, `idx`, `x`, `y`, `z`, `w`) values (490, 1, 1013200.0, -6272.85, -2815500.0, 1.0);
INSERT INTO `region_point` (`region_face_id`, `idx`, `x`, `y`, `z`, `w`) values (490, 2, 1052720.0, -47032.6015, -2796290.0, 1.0);
INSERT INTO `region_point` (`region_face_id`, `idx`, `x`, `y`, `z`, `w`) values (490, 3, 1052720.0, -6272.8798, -2796290.0, 1.0);
INSERT INTO `region_face` (`region_face_id`, `region_id`, `kind`, `flags`, `normal_x`, `normal_y`, `normal_z`, `normal_w`, `pos_x`, `pos_y`, `pos_z`, `pos_w`) values (491, 729, 'face', '', 0.9318, 0.0, 0.3627, 3634.4855, 1066165.0, -26652.955, -2729065.0, 28171.5253);
INSERT INTO `region_point` (`region_face_id`, `idx`, `x`, `y`, `z`, `w`) values (491, 0, 1059110.0, -47033.0, -2710940.0, 1.0);
INSERT INTO `region_point` (`region_face_id`, `idx`, `x`, `y`, `z`, `w`) values (491, 1, 1073220.0, -47032.8984, -2747190.0, 1.0);
INSERT INTO `region_point` (`region_face_id`, `idx`, `x`, `y`, `z`, `w`) values (491, 2, 1059110.0, -6272.9199, -2710940.0, 1.0);
INSERT INTO `region_point` (`region_face_id`, `idx`, `x`, `y`, `z`, `w`) values (491, 3, 1073220.0, -6272.9101, -2747190.0, 1.0);
INSERT INTO `region_face` (`region_face_id`, `region_id`, `kind`, `flags`, `normal_x`, `normal_y`, `normal_z`, `normal_w`, `pos_x`, `pos_y`, `pos_z`, `pos_w`) values (492, 729, 'face', '', 0.0, 1.0, 0.0, -6273.5034, 1036155.0, -6272.8852, -2763220.0, 57097.5507);
INSERT INTO `region_point` (`region_face_id`, `idx`, `x`, `y`, `z`, `w`) values (492, 0, 1013200.0, -6272.85, -2815500.0, 1.0);
INSERT INTO `region_point` (`region_face_id`, `idx`, `x`, `y`, `z`, `w`) values (492, 1, 1059110.0, -6272.9199, -2710940.0, 1.0);
INSERT INTO `region_point` (`region_face_id`, `idx`, `x`, `y`, `z`, `w`) values (492, 2, 1052720.0, -6272.8798, -2796290.0, 1.0);
INSERT INTO `region_point` (`region_face_id`, `idx`, `x`, `y`, `z`, `w`) values (492, 3, 1073220.0, -6272.9101, -2747190.0, 1.0);
INSERT INTO `region_face` (`region_face_id`, `region_id`, `kind`, `flags`, `normal_x`, `normal_y`, `normal_z`, `normal_w`, `pos_x`, `pos_y`, `pos_z`, `pos_w`) values (493, 729, 'face', '', 0.9227, 0.0, -0.3852, 2048810.25, 1062970.0, -26652.8886, -2771740.0, 33512.8281);
INSERT INTO `region_point` (`region_face_id`, `idx`, `x`, `y`, `z`, `w`) values (493, 0, 1052720.0, -47032.6015, -2796290.0, 1.0);
INSERT INTO `region_point` (`region_face_id`, `idx`, `x`, `y`, `z`, `w`) values (493, 1, 1052720.0, -6272.8798, -2796290.0, 1.0);
INSERT INTO `region_point` (`region_face_id`, `idx`, `x`, `y`, `z`, `w`) values (493, 2, 1073220.0, -47032.8984, -2747190.0, 1.0);
INSERT INTO `region_point` (`region_face_id`, `idx`, `x`, `y`, `z`, `w`) values (493, 3, 1073220.0, -6272.9101, -2747190.0, 1.0);
INSERT INTO `region` (`region_id`, `level_name`, `tree`, `on_enter`, `on_exit`, `on_inside`) values (236, 'stadium', 'water', '', '', '(water water-anim #<entity-actor :name water-anim-stadium-22 @ #x26b7594> (wade))');
INSERT INTO `region_face` (`region_face_id`, `region_id`, `kind`, `flags`, `normal_x`, `normal_y`, `normal_z`, `normal_w`, `pos_x`, `pos_y`, `pos_z`, `pos_w`) values (494, 236, 'face', '', -0.0, -1.0, -0.0, -15447.5302, 939809.25, 15443.9794, -1997740.0, 76647.7343);
INSERT INTO `region_point` (`region_face_id`, `idx`, `x`, `y`, `z`, `w`) values (494, 0, 896663.0, 15445.5996, -2057150.0, 1.0);
INSERT INTO `region_point` (`region_face_id`, `idx`, `x`, `y`, `z`, `w`) values (494, 1, 1012640.0, 15442.4003, -2017250.0, 1.0);
INSERT INTO `region_point` (`region_face_id`, `idx`, `x`, `y`, `z`, `w`) values (494, 2, 866030.0, 15445.5996, -1980030.0, 1.0);
INSERT INTO `region_point` (`region_face_id`, `idx`, `x`, `y`, `z`, `w`) values (494, 3, 975540.0, 15442.4003, -1929930.0, 1.0);
INSERT INTO `region_face` (`region_face_id`, `region_id`, `kind`, `flags`, `normal_x`, `normal_y`, `normal_z`, `normal_w`, `pos_x`, `pos_y`, `pos_z`, `pos_w`) values (495, 236, 'face', '', -0.9288, 0.0344, -0.3689, -73343.6796, 882196.5, 33692.5507, -2019025.0, 45988.2265);
INSERT INTO `region_point` (`region_face_id`, `idx`, `x`, `y`, `z`, `w`) values (495, 0, 896663.0, 15445.5996, -2057150.0, 1.0);
INSERT INTO `region_point` (`region_face_id`, `idx`, `x`, `y`, `z`, `w`) values (495, 1, 866030.0, 15445.5996, -1980030.0, 1.0);
INSERT INTO `region_point` (`region_face_id`, `idx`, `x`, `y`, `z`, `w`) values (495, 2, 898363.0, 51939.5, -2058020.0, 1.0);
INSERT INTO `region_point` (`region_face_id`, `idx`, `x`, `y`, `z`, `w`) values (495, 3, 867755.0, 51931.3984, -1980950.0, 1.0);
INSERT INTO `region_face` (`region_face_id`, `region_id`, `kind`, `flags`, `normal_x`, `normal_y`, `normal_z`, `normal_w`, `pos_x`, `pos_y`, `pos_z`, `pos_w`) values (496, 236, 'face', '', 0.325, -0.0376, -0.9449, 2234781.75, 955501.5, 33692.4492, -2037635.0, 64620.0585);
INSERT INTO `region_point` (`region_face_id`, `idx`, `x`, `y`, `z`, `w`) values (496, 0, 896663.0, 15445.5996, -2057150.0, 1.0);
INSERT INTO `region_point` (`region_face_id`, `idx`, `x`, `y`, `z`, `w`) values (496, 1, 898363.0, 51939.5, -2058020.0, 1.0);
INSERT INTO `region_point` (`region_face_id`, `idx`, `x`, `y`, `z`, `w`) values (496, 2, 1012640.0, 15442.4003, -2017250.0, 1.0);
INSERT INTO `region_point` (`region_face_id`, `idx`, `x`, `y`, `z`, `w`) values (496, 3, 1014340.0, 51939.3007, -2018120.0, 1.0);
INSERT INTO `region_face` (`region_face_id`, `region_id`, `kind`, `flags`, `normal_x`, `normal_y`, `normal_z`, `normal_w`, `pos_x`, `pos_y`, `pos_z`, `pos_w`) values (497, 236, 'face', '', -0.4156, 0.0425, 0.9085, -2158221.5, 921646.5, 33687.8007, -1955445.0, 63485.3945);
INSERT INTO `region_point` (`region_face_id`, `idx`, `x`, `y`, `z`, `w`) values (497, 0, 866030.0, 15445.5996, -1980030.0, 1.0);
INSERT INTO `region_point` (`region_face_id`, `idx`, `x`, `y`, `z`, `w`) values (497, 1, 975540.0, 15442.4003, -1929930.0, 1.0);
INSERT INTO `region_point` (`region_face_id`, `idx`, `x`, `y`, `z`, `w`) values (497, 2, 867755.0, 51931.3984, -1980950.0, 1.0);
INSERT INTO `region_point` (`region_face_id`, `idx`, `x`, `y`, `z`, `w`) values (497, 3, 977263.0, 51930.0, -1930860.0, 1.0);
INSERT INTO `region_face` (`region_face_id`, `region_id`, `kind`, `flags`, `normal_x`, `normal_y`, `normal_z`, `normal_w`, `pos_x`, `pos_y`, `pos_z`, `pos_w`) values (498, 236, 'face', '', -0.0, 1.0, 0.0, 51720.707, 941520.25, 51935.2812, -1998638.5, 76625.5703);
INSERT INTO `region_point` (`region_face_id`, `idx`, `x`, `y`, `z`, `w`) values (498, 0, 898363.0, 51939.5, -2058020.0, 1.0);
INSERT INTO `region_point` (`region_face_id`, `idx`, `x`, `y`, `z`, `w`) values (498, 1, 867755.0, 51931.3984, -1980950.0, 1.0);
INSERT INTO `region_point` (`region_face_id`, `idx`, `x`, `y`, `z`, `w`) values (498, 2, 1014340.0, 51939.3007, -2018120.0, 1.0);
INSERT INTO `region_point` (`region_face_id`, `idx`, `x`, `y`, `z`, `w`) values (498, 3, 977263.0, 51930.0, -1930860.0, 1.0);
INSERT INTO `region_face` (`region_face_id`, `region_id`, `kind`, `flags`, `normal_x`, `normal_y`, `normal_z`, `normal_w`, `pos_x`, `pos_y`, `pos_z`, `pos_w`) values (499, 236, 'face', '', 0.9198, -0.0335, 0.3908, 142577.6093, 994940.0, 33690.8515, -1974025.0, 51514.414);
INSERT INTO `region_point` (`region_face_id`, `idx`, `x`, `y`, `z`, `w`) values (499, 0, 1012640.0, 15442.4003, -2017250.0, 1.0);
INSERT INTO `region_point` (`region_face_id`, `idx`, `x`, `y`, `z`, `w`) values (499, 1, 1014340.0, 51939.3007, -2018120.0, 1.0);
INSERT INTO `region_point` (`region_face_id`, `idx`, `x`, `y`, `z`, `w`) values (499, 2, 975540.0, 15442.4003, -1929930.0, 1.0);
INSERT INTO `region_point` (`region_face_id`, `idx`, `x`, `y`, `z`, `w`) values (499, 3, 977263.0, 51930.0, -1930860.0, 1.0);
INSERT INTO `region` (`region_id`, `level_name`, `tree`, `on_enter`, `on_exit`, `on_inside`) values (725, 'stadium', 'water', '', '', '(water water-anim #<entity-actor :name water-anim-stadium-21 @ #x26b72e4> (wade))');
INSERT INTO `region_face` (`region_face_id`, `region_id`, `kind`, `flags`, `normal_x`, `normal_y`, `normal_z`, `normal_w`, `pos_x`, `pos_y`, `pos_z`, `pos_w`) values (500, 725, 'face', '', 0.6971, 0.0, 0.7169, -911603.0625, 1081965.0, 28937.3183, -2323570.0, 31004.8183);
INSERT INTO `region_point` (`region_face_id`, `idx`, `x`, `y`, `z`, `w`) values (500, 0, 1070930.0, 2022.7399, -2312840.0, 1.0);
INSERT INTO `region_point` (`region_face_id`, `idx`, `x`, `y`, `z`, `w`) values (500, 1, 1093000.0, 2022.81, -2334300.0, 1.0);
INSERT INTO `region_point` (`region_face_id`, `idx`, `x`, `y`, `z`, `w`) values (500, 2, 1070930.0, 55851.8984, -2312840.0, 1.0);
INSERT INTO `region_point` (`region_face_id`, `idx`, `x`, `y`, `z`, `w`) values (500, 3, 1093000.0, 55851.8984, -2334290.0, 1.0);
INSERT INTO `region_face` (`region_face_id`, `region_id`, `kind`, `flags`, `normal_x`, `normal_y`, `normal_z`, `normal_w`, `pos_x`, `pos_y`, `pos_z`, `pos_w`) values (501, 725, 'face', '', 0.9999, 0.0, -0.0037, 1101778.125, 1092905.0, 28937.3496, -2359535.0, 36901.3828);
INSERT INTO `region_point` (`region_face_id`, `idx`, `x`, `y`, `z`, `w`) values (501, 0, 1092810.0, 2022.8, -2384780.0, 1.0);
INSERT INTO `region_point` (`region_face_id`, `idx`, `x`, `y`, `z`, `w`) values (501, 1, 1092810.0, 55851.8984, -2384780.0, 1.0);
INSERT INTO `region_point` (`region_face_id`, `idx`, `x`, `y`, `z`, `w`) values (501, 2, 1093000.0, 2022.81, -2334300.0, 1.0);
INSERT INTO `region_point` (`region_face_id`, `idx`, `x`, `y`, `z`, `w`) values (501, 3, 1093000.0, 55851.8984, -2334290.0, 1.0);
INSERT INTO `region_face` (`region_face_id`, `region_id`, `kind`, `flags`, `normal_x`, `normal_y`, `normal_z`, `normal_w`, `pos_x`, `pos_y`, `pos_z`, `pos_w`) values (502, 725, 'face', '', 0.0, 1.0, 0.0, 55851.8984, 1070895.0, 55851.8984, -2359680.0, 46840.0117);
INSERT INTO `region_point` (`region_face_id`, `idx`, `x`, `y`, `z`, `w`) values (502, 0, 1070860.0, 55851.8984, -2406520.0, 1.0);
INSERT INTO `region_point` (`region_face_id`, `idx`, `x`, `y`, `z`, `w`) values (502, 1, 1070930.0, 55851.8984, -2312840.0, 1.0);
INSERT INTO `region_point` (`region_face_id`, `idx`, `x`, `y`, `z`, `w`) values (502, 2, 1092810.0, 55851.8984, -2384780.0, 1.0);
INSERT INTO `region_point` (`region_face_id`, `idx`, `x`, `y`, `z`, `w`) values (502, 3, 1093000.0, 55851.8984, -2334290.0, 1.0);
INSERT INTO `region_face` (`region_face_id`, `region_id`, `kind`, `flags`, `normal_x`, `normal_y`, `normal_z`, `normal_w`, `pos_x`, `pos_y`, `pos_z`, `pos_w`) values (503, 725, 'face', '', 0.0, -1.0, 0.0, -2019.674, 1070895.0, 2022.7349, -2359680.0, 46840.0117);
INSERT INTO `region_point` (`region_face_id`, `idx`, `x`, `y`, `z`, `w`) values (503, 0, 1070860.0, 2022.7299, -2406520.0, 1.0);
INSERT INTO `region_point` (`region_face_id`, `idx`, `x`, `y`, `z`, `w`) values (503, 1, 1092810.0, 2022.8, -2384780.0, 1.0);
INSERT INTO `region_point` (`region_face_id`, `idx`, `x`, `y`, `z`, `w`) values (503, 2, 1070930.0, 2022.7399, -2312840.0, 1.0);
INSERT INTO `region_point` (`region_face_id`, `idx`, `x`, `y`, `z`, `w`) values (503, 3, 1093000.0, 2022.81, -2334300.0, 1.0);
INSERT INTO `region_face` (`region_face_id`, `region_id`, `kind`, `flags`, `normal_x`, `normal_y`, `normal_z`, `normal_w`, `pos_x`, `pos_y`, `pos_z`, `pos_w`) values (504, 725, 'face', '', 0.7036, 0.0, -0.7104, 2463390.0, 1081835.0, 28937.3144, -2395650.0, 31032.2792);
INSERT INTO `region_point` (`region_face_id`, `idx`, `x`, `y`, `z`, `w`) values (504, 0, 1070860.0, 2022.7299, -2406520.0, 1.0);
INSERT INTO `region_point` (`region_face_id`, `idx`, `x`, `y`, `z`, `w`) values (504, 1, 1070860.0, 55851.8984, -2406520.0, 1.0);
INSERT INTO `region_point` (`region_face_id`, `idx`, `x`, `y`, `z`, `w`) values (504, 2, 1092810.0, 2022.8, -2384780.0, 1.0);
INSERT INTO `region_point` (`region_face_id`, `idx`, `x`, `y`, `z`, `w`) values (504, 3, 1092810.0, 55851.8984, -2384780.0, 1.0);
INSERT INTO `region_face` (`region_face_id`, `region_id`, `kind`, `flags`, `normal_x`, `normal_y`, `normal_z`, `normal_w`, `pos_x`, `pos_y`, `pos_z`, `pos_w`) values (505, 725, 'face', '', -0.9999, 0.0, 0.0007, -1072657.875, 1070895.0, 28937.3144, -2359680.0, 54022.0468);
INSERT INTO `region_point` (`region_face_id`, `idx`, `x`, `y`, `z`, `w`) values (505, 0, 1070860.0, 2022.7299, -2406520.0, 1.0);
INSERT INTO `region_point` (`region_face_id`, `idx`, `x`, `y`, `z`, `w`) values (505, 1, 1070930.0, 2022.7399, -2312840.0, 1.0);
INSERT INTO `region_point` (`region_face_id`, `idx`, `x`, `y`, `z`, `w`) values (505, 2, 1070860.0, 55851.8984, -2406520.0, 1.0);
INSERT INTO `region_point` (`region_face_id`, `idx`, `x`, `y`, `z`, `w`) values (505, 3, 1070930.0, 55851.8984, -2312840.0, 1.0);
INSERT INTO `region` (`region_id`, `level_name`, `tree`, `on_enter`, `on_exit`, `on_inside`) values (726, 'stadium', 'water', '', '', '(water water-anim #<entity-actor :name water-anim-stadium-23 @ #x26b7824> (wade))');
INSERT INTO `region_face` (`region_face_id`, `region_id`, `kind`, `flags`, `normal_x`, `normal_y`, `normal_z`, `normal_w`, `pos_x`, `pos_y`, `pos_z`, `pos_w`) values (506, 726, 'face', '', 0.0, -1.0, 0.0, -2020.2395, 994597.0, 2022.77, -2744310.0, 47015.5156);
INSERT INTO `region_point` (`region_face_id`, `idx`, `x`, `y`, `z`, `w`) values (506, 0, 977204.0, 2022.7199, -2787990.0, 1.0);
INSERT INTO `region_point` (`region_face_id`, `idx`, `x`, `y`, `z`, `w`) values (506, 1, 1006370.0, 2022.8, -2774600.0, 1.0);
INSERT INTO `region_point` (`region_face_id`, `idx`, `x`, `y`, `z`, `w`) values (506, 2, 1011990.0, 2022.8199, -2700630.0, 1.0);
INSERT INTO `region_point` (`region_face_id`, `idx`, `x`, `y`, `z`, `w`) values (506, 3, 1025690.0, 2022.8599, -2729180.0, 1.0);
INSERT INTO `region_face` (`region_face_id`, `region_id`, `kind`, `flags`, `normal_x`, `normal_y`, `normal_z`, `normal_w`, `pos_x`, `pos_y`, `pos_z`, `pos_w`) values (507, 726, 'face', '', -0.929, 0.0, 0.3699, -1939270.0, 994597.0, 28937.3085, -2744310.0, 54174.2929);
INSERT INTO `region_point` (`region_face_id`, `idx`, `x`, `y`, `z`, `w`) values (507, 0, 977204.0, 2022.7199, -2787990.0, 1.0);
INSERT INTO `region_point` (`region_face_id`, `idx`, `x`, `y`, `z`, `w`) values (507, 1, 1011990.0, 2022.8199, -2700630.0, 1.0);
INSERT INTO `region_point` (`region_face_id`, `idx`, `x`, `y`, `z`, `w`) values (507, 2, 977204.0, 55851.8984, -2787990.0, 1.0);
INSERT INTO `region_point` (`region_face_id`, `idx`, `x`, `y`, `z`, `w`) values (507, 3, 1011990.0, 55851.8984, -2700630.0, 1.0);
INSERT INTO `region_face` (`region_face_id`, `region_id`, `kind`, `flags`, `normal_x`, `normal_y`, `normal_z`, `normal_w`, `pos_x`, `pos_y`, `pos_z`, `pos_w`) values (508, 726, 'face', '', 0.4172, 0.0, -0.9088, 2941447.5, 991787.0, 28937.3085, -2781295.0, 31334.998);
INSERT INTO `region_point` (`region_face_id`, `idx`, `x`, `y`, `z`, `w`) values (508, 0, 977204.0, 2022.7199, -2787990.0, 1.0);
INSERT INTO `region_point` (`region_face_id`, `idx`, `x`, `y`, `z`, `w`) values (508, 1, 977204.0, 55851.8984, -2787990.0, 1.0);
INSERT INTO `region_point` (`region_face_id`, `idx`, `x`, `y`, `z`, `w`) values (508, 2, 1006370.0, 2022.8, -2774600.0, 1.0);
INSERT INTO `region_point` (`region_face_id`, `idx`, `x`, `y`, `z`, `w`) values (508, 3, 1006370.0, 55851.8984, -2774600.0, 1.0);
INSERT INTO `region_face` (`region_face_id`, `region_id`, `kind`, `flags`, `normal_x`, `normal_y`, `normal_z`, `normal_w`, `pos_x`, `pos_y`, `pos_z`, `pos_w`) values (509, 726, 'face', '', 0.9015, 0.0, 0.4326, -255987.0156, 1018840.0, 28937.3593, -2714905.0, 31226.4394);
INSERT INTO `region_point` (`region_face_id`, `idx`, `x`, `y`, `z`, `w`) values (509, 0, 1011990.0, 2022.8199, -2700630.0, 1.0);
INSERT INTO `region_point` (`region_face_id`, `idx`, `x`, `y`, `z`, `w`) values (509, 1, 1025690.0, 2022.8599, -2729180.0, 1.0);
INSERT INTO `region_point` (`region_face_id`, `idx`, `x`, `y`, `z`, `w`) values (509, 2, 1011990.0, 55851.8984, -2700630.0, 1.0);
INSERT INTO `region_point` (`region_face_id`, `idx`, `x`, `y`, `z`, `w`) values (509, 3, 1025690.0, 55851.8984, -2729180.0, 1.0);
INSERT INTO `region_face` (`region_face_id`, `region_id`, `kind`, `flags`, `normal_x`, `normal_y`, `normal_z`, `normal_w`, `pos_x`, `pos_y`, `pos_z`, `pos_w`) values (510, 726, 'face', '', 0.0, 1.0, 0.0, 55851.8984, 994597.0, 55851.8984, -2744310.0, 47015.5156);
INSERT INTO `region_point` (`region_face_id`, `idx`, `x`, `y`, `z`, `w`) values (510, 0, 977204.0, 55851.8984, -2787990.0, 1.0);
INSERT INTO `region_point` (`region_face_id`, `idx`, `x`, `y`, `z`, `w`) values (510, 1, 1011990.0, 55851.8984, -2700630.0, 1.0);
INSERT INTO `region_point` (`region_face_id`, `idx`, `x`, `y`, `z`, `w`) values (510, 2, 1006370.0, 55851.8984, -2774600.0, 1.0);
INSERT INTO `region_point` (`region_face_id`, `idx`, `x`, `y`, `z`, `w`) values (510, 3, 1025690.0, 55851.8984, -2729180.0, 1.0);
INSERT INTO `region_face` (`region_face_id`, `region_id`, `kind`, `flags`, `normal_x`, `normal_y`, `normal_z`, `normal_w`, `pos_x`, `pos_y`, `pos_z`, `pos_w`) values (511, 726, 'face', '', 0.9202, 0.0, -0.3914, 2012116.625, 1016030.0, 28937.3496, -2751890.0, 36516.4726);
INSERT INTO `region_point` (`region_face_id`, `idx`, `x`, `y`, `z`, `w`) values (511, 0, 1006370.0, 2022.8, -2774600.0, 1.0);
INSERT INTO `region_point` (`region_face_id`, `idx`, `x`, `y`, `z`, `w`) values (511, 1, 1006370.0, 55851.8984, -2774600.0, 1.0);
INSERT INTO `region_point` (`region_face_id`, `idx`, `x`, `y`, `z`, `w`) values (511, 2, 1025690.0, 2022.8599, -2729180.0, 1.0);
INSERT INTO `region_point` (`region_face_id`, `idx`, `x`, `y`, `z`, `w`) values (511, 3, 1025690.0, 55851.8984, -2729180.0, 1.0);
INSERT INTO `region` (`region_id`, `level_name`, `tree`, `on_enter`, `on_exit`, `on_inside`) values (711, 'stadiumb', 'target', '', '', '(when (or (task-open? "stadium-race-class3-race") (task-open? "stadium-burning-bush-race-class3-resolution") (task-open? "stadium-burning-bush-race-class3-r-resolution")) (sound-play-loop "stadium-amb1"))');
INSERT INTO `region_sphere` (`region_id`, `x`, `y`, `z`, `r`) values (711, -425944.0, -21620.3007, -2079340.0, 1534250.0);
INSERT INTO `region` (`region_id`, `level_name`, `tree`, `on_enter`, `on_exit`, `on_inside`) values (788, 'stadiumb', 'target', '(endlessfall)', '', '');
INSERT INTO `region_face` (`region_face_id`, `region_id`, `kind`, `flags`, `normal_x`, `normal_y`, `normal_z`, `normal_w`, `pos_x`, `pos_y`, `pos_z`, `pos_w`) values (512, 788, 'plane', '', 0.0, 1.0, 0.0, -180648.0, -622964.5, -180648.0, -988342.5, 220883.3437);
INSERT INTO `region_point` (`region_face_id`, `idx`, `x`, `y`, `z`, `w`) values (512, 0, -764598.0, -180648.0, -1157840.0, 1.0);
INSERT INTO `region_point` (`region_face_id`, `idx`, `x`, `y`, `z`, `w`) values (512, 1, -764598.0, -180648.0, -818845.0, 1.0);
INSERT INTO `region_point` (`region_face_id`, `idx`, `x`, `y`, `z`, `w`) values (512, 2, -481331.0, -180648.0, -1157840.0, 1.0);
INSERT INTO `region_point` (`region_face_id`, `idx`, `x`, `y`, `z`, `w`) values (512, 3, -481331.0, -180648.0, -818845.0, 1.0);
INSERT INTO `region` (`region_id`, `level_name`, `tree`, `on_enter`, `on_exit`, `on_inside`) values (886, 'stadiumb', 'camera', '', '', '(setting-pers ambient-volume mode ''rel value 0.5000)');
INSERT INTO `region_sphere` (`region_id`, `x`, `y`, `z`, `r`) values (886, -562884.0, -77276.3984, -1951600.0, 118816.0);
INSERT INTO `region` (`region_id`, `level_name`, `tree`, `on_enter`, `on_exit`, `on_inside`) values (887, 'stadiumb', 'camera', '', '', '');
INSERT INTO `region_sphere` (`region_id`, `x`, `y`, `z`, `r`) values (887, -879083.0, -94865.1015, -1957600.0, 134166.0);
INSERT INTO `region` (`region_id`, `level_name`, `tree`, `on_enter`, `on_exit`, `on_inside`) values (790, 'stadiumc', 'target', '(endlessfall)', '', '');
INSERT INTO `region_face` (`region_face_id`, `region_id`, `kind`, `flags`, `normal_x`, `normal_y`, `normal_z`, `normal_w`, `pos_x`, `pos_y`, `pos_z`, `pos_w`) values (513, 790, 'plane', '', 0.1744, 0.9846, -0.0103, -126451.1953, -98223.25, -146006.0, -3334085.0, 268932.4687);
INSERT INTO `region_point` (`region_face_id`, `idx`, `x`, `y`, `z`, `w`) values (513, 0, -250944.0, -120942.0, -3524370.0, 1.0);
INSERT INTO `region_point` (`region_face_id`, `idx`, `x`, `y`, `z`, `w`) values (513, 1, -225728.0, -120943.0, -3098630.0, 1.0);
INSERT INTO `region_point` (`region_face_id`, `idx`, `x`, `y`, `z`, `w`) values (513, 2, 29281.5, -171069.0, -3569540.0, 1.0);
INSERT INTO `region_point` (`region_face_id`, `idx`, `x`, `y`, `z`, `w`) values (513, 3, 39852.8007, -170149.0, -3303410.0, 1.0);
INSERT INTO `region` (`region_id`, `level_name`, `tree`, `on_enter`, `on_exit`, `on_inside`) values (866, 'stadiumc', 'target', '', '', '(when (or (task-open? "stadium-race-class2-race") (task-open? "stadium-burning-bush-race-class2-resolution") (task-open? "stadium-burning-bush-race-class2-r-resolution")) (sound-play-loop "stadium-amb1"))');
INSERT INTO `region_sphere` (`region_id`, `x`, `y`, `z`, `r`) values (866, -276422.0, -184177.0, -2417260.0, 1660910.0);
INSERT INTO `region` (`region_id`, `level_name`, `tree`, `on_enter`, `on_exit`, `on_inside`) values (885, 'stadiumc', 'camera', '', '', '(setting-pers ambient-volume mode ''rel value 0.5000)');
INSERT INTO `region_sphere` (`region_id`, `x`, `y`, `z`, `r`) values (885, -80569.2031, -123527.0, -2531980.0, 127564.0);
INSERT INTO `region` (`region_id`, `level_name`, `tree`, `on_enter`, `on_exit`, `on_inside`) values (791, 'stadiumd', 'target', '(endlessfall)', '', '');
INSERT INTO `region_face` (`region_face_id`, `region_id`, `kind`, `flags`, `normal_x`, `normal_y`, `normal_z`, `normal_w`, `pos_x`, `pos_y`, `pos_z`, `pos_w`) values (514, 791, 'plane', '', 0.0164, 0.9998, 0.0, -120557.8359, -389793.0, -114143.5, -1034412.0, 113862.164);
INSERT INTO `region_point` (`region_face_id`, `idx`, `x`, `y`, `z`, `w`) values (514, 0, -496019.0, -112391.0, -1075370.0, 1.0);
INSERT INTO `region_point` (`region_face_id`, `idx`, `x`, `y`, `z`, `w`) values (514, 1, -496019.0, -112391.0, -993455.0, 1.0);
INSERT INTO `region_point` (`region_face_id`, `idx`, `x`, `y`, `z`, `w`) values (514, 2, -283567.0, -115896.0, -1075370.0, 1.0);
INSERT INTO `region_point` (`region_face_id`, `idx`, `x`, `y`, `z`, `w`) values (514, 3, -283567.0, -115896.0, -993454.0, 1.0);
INSERT INTO `region` (`region_id`, `level_name`, `tree`, `on_enter`, `on_exit`, `on_inside`) values (867, 'stadiumd', 'target', '', '', '(when (or (task-open? "stadium-race-class1-race") (task-open? "stadium-burning-bush-race-class1-resolution") (task-open? "stadium-burning-bush-race-class1-r-resolution")) (sound-play-loop "stadium-amb1"))');
INSERT INTO `region_sphere` (`region_id`, `x`, `y`, `z`, `r`) values (867, -425944.0, -21620.3007, -2079340.0, 1534250.0);
INSERT INTO `region` (`region_id`, `level_name`, `tree`, `on_enter`, `on_exit`, `on_inside`) values (888, 'stadiumd', 'camera', '', '', '(setting-pers ambient-volume mode ''rel value 0.5000)');
INSERT INTO `region_sphere` (`region_id`, `x`, `y`, `z`, `r`) values (888, -511710.0, -68497.5, -2012830.0, 134615.0);
INSERT INTO `region` (`region_id`, `level_name`, `tree`, `on_enter`, `on_exit`, `on_inside`) values (338, 'skatea', 'target', '(send-event "hoverboard-training-manager-1" ''boost)', '', '');
INSERT INTO `region_face` (`region_face_id`, `region_id`, `kind`, `flags`, `normal_x`, `normal_y`, `normal_z`, `normal_w`, `pos_x`, `pos_y`, `pos_z`, `pos_w`) values (515, 338, 'plane', '', -0.9997, 0.0, -0.0237, -502436.1562, 558006.0, 13400.8505, -2336435.0, 66022.0078);
INSERT INTO `region_point` (`region_face_id`, `idx`, `x`, `y`, `z`, `w`) values (515, 0, 559300.0, 50577.1015, -2390980.0, 1.0);
INSERT INTO `region_point` (`region_face_id`, `idx`, `x`, `y`, `z`, `w`) values (515, 1, 559300.0, -23775.4003, -2390980.0, 1.0);
INSERT INTO `region_point` (`region_face_id`, `idx`, `x`, `y`, `z`, `w`) values (515, 2, 556712.0, 50577.1015, -2281890.0, 1.0);
INSERT INTO `region_point` (`region_face_id`, `idx`, `x`, `y`, `z`, `w`) values (515, 3, 556712.0, -23775.4003, -2281890.0, 1.0);
INSERT INTO `region` (`region_id`, `level_name`, `tree`, `on_enter`, `on_exit`, `on_inside`) values (339, 'skatea', 'target', '(send-event "hoverboard-training-manager-1" ''grind)', '', '');
INSERT INTO `region_face` (`region_face_id`, `region_id`, `kind`, `flags`, `normal_x`, `normal_y`, `normal_z`, `normal_w`, `pos_x`, `pos_y`, `pos_z`, `pos_w`) values (516, 339, 'plane', '', 1.0, 0.0, -0.0002, 557101.8125, 556666.0, 13400.5507, -1997310.0, 82215.25);
INSERT INTO `region_point` (`region_face_id`, `idx`, `x`, `y`, `z`, `w`) values (516, 0, 556682.0, 50576.6015, -1923980.0, 1.0);
INSERT INTO `region_point` (`region_face_id`, `idx`, `x`, `y`, `z`, `w`) values (516, 1, 556682.0, -23775.5, -1923980.0, 1.0);
INSERT INTO `region_point` (`region_face_id`, `idx`, `x`, `y`, `z`, `w`) values (516, 2, 556650.0, 50576.6015, -2070640.0, 1.0);
INSERT INTO `region_point` (`region_face_id`, `idx`, `x`, `y`, `z`, `w`) values (516, 3, 556650.0, -23775.5, -2070640.0, 1.0);
INSERT INTO `region` (`region_id`, `level_name`, `tree`, `on_enter`, `on_exit`, `on_inside`) values (370, 'skatea', 'target', '(cond ((task-closed? "forest-scouts-get-board") #f) ((and (task-closed? "stadium-board1-training-judge") (game-feature? board)) (scene-play "city-put-hoverboard")))', '', '');
INSERT INTO `region_sphere` (`region_id`, `x`, `y`, `z`, `r`) values (370, 453608.0, -34943.1015, -2623590.0, 53148.0);
INSERT INTO `region` (`region_id`, `level_name`, `tree`, `on_enter`, `on_exit`, `on_inside`) values (372, 'skatea', 'target', '(send-event "hoverboard-training-manager-1" ''text-on)', '(send-event "hoverboard-training-manager-1" ''text-off)', '');
INSERT INTO `region_face` (`region_face_id`, `region_id`, `kind`, `flags`, `normal_x`, `normal_y`, `normal_z`, `normal_w`, `pos_x`, `pos_y`, `pos_z`, `pos_w`) values (517, 372, 'plane', '', -0.9902, 0.0, -0.1392, 154548.2031, 240227.0, 72625.1484, -2819050.0, 57693.1953);
INSERT INTO `region_point` (`region_face_id`, `idx`, `x`, `y`, `z`, `w`) values (517, 0, 246508.0, 108580.0, -2863730.0, 1.0);
INSERT INTO `region_point` (`region_face_id`, `idx`, `x`, `y`, `z`, `w`) values (517, 1, 246508.0, 36670.3007, -2863730.0, 1.0);
INSERT INTO `region_point` (`region_face_id`, `idx`, `x`, `y`, `z`, `w`) values (517, 2, 233946.0, 108580.0, -2774370.0, 1.0);
INSERT INTO `region_point` (`region_face_id`, `idx`, `x`, `y`, `z`, `w`) values (517, 3, 233946.0, 36670.3007, -2774370.0, 1.0);
INSERT INTO `region` (`region_id`, `level_name`, `tree`, `on_enter`, `on_exit`, `on_inside`) values (379, 'palcab', 'target', '', '', '(begin (setting-pers string-max-height value (meters 5.0998) mode ''abs) (setting-pers string-min-height value (meters 4.6999) mode ''abs))');
INSERT INTO `region_face` (`region_face_id`, `region_id`, `kind`, `flags`, `normal_x`, `normal_y`, `normal_z`, `normal_w`, `pos_x`, `pos_y`, `pos_z`, `pos_w`) values (518, 379, 'face', '', 0.0, -1.0, 0.0, -1611540.0, 928327.5, 1611540.0, -356604.0, 213987.0468);
INSERT INTO `region_point` (`region_face_id`, `idx`, `x`, `y`, `z`, `w`) values (518, 0, 891419.0, 1611540.0, -560456.0, 1.0);
INSERT INTO `region_point` (`region_face_id`, `idx`, `x`, `y`, `z`, `w`) values (518, 1, 993403.0, 1611540.0, -560456.0, 1.0);
INSERT INTO `region_point` (`region_face_id`, `idx`, `x`, `y`, `z`, `w`) values (518, 2, 863252.0, 1611540.0, -152752.0, 1.0);
INSERT INTO `region_point` (`region_face_id`, `idx`, `x`, `y`, `z`, `w`) values (518, 3, 965237.0, 1611540.0, -152752.0, 1.0);
INSERT INTO `region_face` (`region_face_id`, `region_id`, `kind`, `flags`, `normal_x`, `normal_y`, `normal_z`, `normal_w`, `pos_x`, `pos_y`, `pos_z`, `pos_w`) values (519, 379, 'face', '', -0.9976, 0.0, -0.0689, -850671.125, 877335.5, 1700305.0, -356604.0, 222785.1093);
INSERT INTO `region_point` (`region_face_id`, `idx`, `x`, `y`, `z`, `w`) values (519, 0, 891419.0, 1611540.0, -560456.0, 1.0);
INSERT INTO `region_point` (`region_face_id`, `idx`, `x`, `y`, `z`, `w`) values (519, 1, 863252.0, 1611540.0, -152752.0, 1.0);
INSERT INTO `region_point` (`region_face_id`, `idx`, `x`, `y`, `z`, `w`) values (519, 2, 891419.0, 1789070.0, -560456.0, 1.0);
INSERT INTO `region_point` (`region_face_id`, `idx`, `x`, `y`, `z`, `w`) values (519, 3, 863252.0, 1789070.0, -152752.0, 1.0);
INSERT INTO `region_face` (`region_face_id`, `region_id`, `kind`, `flags`, `normal_x`, `normal_y`, `normal_z`, `normal_w`, `pos_x`, `pos_y`, `pos_z`, `pos_w`) values (520, 379, 'face', '', 0.0, 0.0, -1.0, 560456.0, 942411.0, 1700305.0, -560456.0, 102368.9843);
INSERT INTO `region_point` (`region_face_id`, `idx`, `x`, `y`, `z`, `w`) values (520, 0, 891419.0, 1611540.0, -560456.0, 1.0);
INSERT INTO `region_point` (`region_face_id`, `idx`, `x`, `y`, `z`, `w`) values (520, 1, 891419.0, 1789070.0, -560456.0, 1.0);
INSERT INTO `region_point` (`region_face_id`, `idx`, `x`, `y`, `z`, `w`) values (520, 2, 993403.0, 1611540.0, -560456.0, 1.0);
INSERT INTO `region_point` (`region_face_id`, `idx`, `x`, `y`, `z`, `w`) values (520, 3, 993403.0, 1789070.0, -560456.0, 1.0);
INSERT INTO `region_face` (`region_face_id`, `region_id`, `kind`, `flags`, `normal_x`, `normal_y`, `normal_z`, `normal_w`, `pos_x`, `pos_y`, `pos_z`, `pos_w`) values (521, 379, 'face', '', 0.0, 0.0, 1.0, -152752.0, 914244.5, 1700305.0, -152752.0, 102369.2343);
INSERT INTO `region_point` (`region_face_id`, `idx`, `x`, `y`, `z`, `w`) values (521, 0, 863252.0, 1611540.0, -152752.0, 1.0);
INSERT INTO `region_point` (`region_face_id`, `idx`, `x`, `y`, `z`, `w`) values (521, 1, 965237.0, 1611540.0, -152752.0, 1.0);
INSERT INTO `region_point` (`region_face_id`, `idx`, `x`, `y`, `z`, `w`) values (521, 2, 863252.0, 1789070.0, -152752.0, 1.0);
INSERT INTO `region_point` (`region_face_id`, `idx`, `x`, `y`, `z`, `w`) values (521, 3, 965237.0, 1789070.0, -152752.0, 1.0);
INSERT INTO `region_face` (`region_face_id`, `region_id`, `kind`, `flags`, `normal_x`, `normal_y`, `normal_z`, `normal_w`, `pos_x`, `pos_y`, `pos_z`, `pos_w`) values (522, 379, 'face', '', 0.0, 1.0, 0.0, 1789070.0, 928327.5, 1789070.0, -356604.0, 213987.0468);
INSERT INTO `region_point` (`region_face_id`, `idx`, `x`, `y`, `z`, `w`) values (522, 0, 891419.0, 1789070.0, -560456.0, 1.0);
INSERT INTO `region_point` (`region_face_id`, `idx`, `x`, `y`, `z`, `w`) values (522, 1, 863252.0, 1789070.0, -152752.0, 1.0);
INSERT INTO `region_point` (`region_face_id`, `idx`, `x`, `y`, `z`, `w`) values (522, 2, 993403.0, 1789070.0, -560456.0, 1.0);
INSERT INTO `region_point` (`region_face_id`, `idx`, `x`, `y`, `z`, `w`) values (522, 3, 965237.0, 1789070.0, -152752.0, 1.0);
INSERT INTO `region_face` (`region_face_id`, `region_id`, `kind`, `flags`, `normal_x`, `normal_y`, `normal_z`, `normal_w`, `pos_x`, `pos_y`, `pos_z`, `pos_w`) values (523, 379, 'face', '', 0.9976, 0.0, 0.0689, 952414.1875, 979320.0, 1700305.0, -356604.0, 222785.0781);
INSERT INTO `region_point` (`region_face_id`, `idx`, `x`, `y`, `z`, `w`) values (523, 0, 993403.0, 1611540.0, -560456.0, 1.0);
INSERT INTO `region_point` (`region_face_id`, `idx`, `x`, `y`, `z`, `w`) values (523, 1, 993403.0, 1789070.0, -560456.0, 1.0);
INSERT INTO `region_point` (`region_face_id`, `idx`, `x`, `y`, `z`, `w`) values (523, 2, 965237.0, 1611540.0, -152752.0, 1.0);
INSERT INTO `region_point` (`region_face_id`, `idx`, `x`, `y`, `z`, `w`) values (523, 3, 965237.0, 1789070.0, -152752.0, 1.0);
INSERT INTO `region` (`region_id`, `level_name`, `tree`, `on_enter`, `on_exit`, `on_inside`) values (380, 'palcab', 'target', '', '', '(begin (setting-pers string-max-length value (meters 5) mode ''abs) (setting-pers string-min-length value (meters 4.0000) mode ''abs) (setting-pers string-max-height value (meters 7.5000) mode ''abs) (setting-pers string-min-height value (meters 7.0000) mode ''abs))');
INSERT INTO `region_face` (`region_face_id`, `region_id`, `kind`, `flags`, `normal_x`, `normal_y`, `normal_z`, `normal_w`, `pos_x`, `pos_y`, `pos_z`, `pos_w`) values (524, 380, 'face', '', 0.0, -1.0, 0.0, -1795110.0, 936329.5, 1795110.0, -551741.0, 75601.25);
INSERT INTO `region_point` (`region_face_id`, `idx`, `x`, `y`, `z`, `w`) values (524, 0, 863879.0, 1795110.0, -573339.0, 1.0);
INSERT INTO `region_point` (`region_face_id`, `idx`, `x`, `y`, `z`, `w`) values (524, 1, 1008780.0, 1795110.0, -573339.0, 1.0);
INSERT INTO `region_point` (`region_face_id`, `idx`, `x`, `y`, `z`, `w`) values (524, 2, 863879.0, 1795110.0, -530143.0, 1.0);
INSERT INTO `region_point` (`region_face_id`, `idx`, `x`, `y`, `z`, `w`) values (524, 3, 1008780.0, 1795110.0, -530143.0, 1.0);
INSERT INTO `region_face` (`region_face_id`, `region_id`, `kind`, `flags`, `normal_x`, `normal_y`, `normal_z`, `normal_w`, `pos_x`, `pos_y`, `pos_z`, `pos_w`) values (525, 380, 'face', '', -1.0, 0.0, 0.0, -863879.0, 863879.0, 1836070.0, -551741.0, 46305.457);
INSERT INTO `region_point` (`region_face_id`, `idx`, `x`, `y`, `z`, `w`) values (525, 0, 863879.0, 1795110.0, -573339.0, 1.0);
INSERT INTO `region_point` (`region_face_id`, `idx`, `x`, `y`, `z`, `w`) values (525, 1, 863879.0, 1795110.0, -530143.0, 1.0);
INSERT INTO `region_point` (`region_face_id`, `idx`, `x`, `y`, `z`, `w`) values (525, 2, 863879.0, 1877030.0, -573339.0, 1.0);
INSERT INTO `region_point` (`region_face_id`, `idx`, `x`, `y`, `z`, `w`) values (525, 3, 863879.0, 1877030.0, -530143.0, 1.0);
INSERT INTO `region_face` (`region_face_id`, `region_id`, `kind`, `flags`, `normal_x`, `normal_y`, `normal_z`, `normal_w`, `pos_x`, `pos_y`, `pos_z`, `pos_w`) values (526, 380, 'face', '', 0.0, 0.0, -1.0, 573339.0, 936329.5, 1836070.0, -573339.0, 83227.3828);
INSERT INTO `region_point` (`region_face_id`, `idx`, `x`, `y`, `z`, `w`) values (526, 0, 863879.0, 1795110.0, -573339.0, 1.0);
INSERT INTO `region_point` (`region_face_id`, `idx`, `x`, `y`, `z`, `w`) values (526, 1, 863879.0, 1877030.0, -573339.0, 1.0);
INSERT INTO `region_point` (`region_face_id`, `idx`, `x`, `y`, `z`, `w`) values (526, 2, 1008780.0, 1795110.0, -573339.0, 1.0);
INSERT INTO `region_point` (`region_face_id`, `idx`, `x`, `y`, `z`, `w`) values (526, 3, 1008780.0, 1877030.0, -573339.0, 1.0);
INSERT INTO `region_face` (`region_face_id`, `region_id`, `kind`, `flags`, `normal_x`, `normal_y`, `normal_z`, `normal_w`, `pos_x`, `pos_y`, `pos_z`, `pos_w`) values (527, 380, 'face', '', 0.0, 0.0, 1.0, -530143.0, 936329.5, 1836070.0, -530143.0, 83227.3828);
INSERT INTO `region_point` (`region_face_id`, `idx`, `x`, `y`, `z`, `w`) values (527, 0, 863879.0, 1795110.0, -530143.0, 1.0);
INSERT INTO `region_point` (`region_face_id`, `idx`, `x`, `y`, `z`, `w`) values (527, 1, 1008780.0, 1795110.0, -530143.0, 1.0);
INSERT INTO `region_point` (`region_face_id`, `idx`, `x`, `y`, `z`, `w`) values (527, 2, 863879.0, 1877030.0, -530143.0, 1.0);
INSERT INTO `region_point` (`region_face_id`, `idx`, `x`, `y`, `z`, `w`) values (527, 3, 1008780.0, 1877030.0, -530143.0, 1.0);
INSERT INTO `region_face` (`region_face_id`, `region_id`, `kind`, `flags`, `normal_x`, `normal_y`, `normal_z`, `normal_w`, `pos_x`, `pos_y`, `pos_z`, `pos_w`) values (528, 380, 'face', '', 0.0, 1.0, 0.0, 1877030.0, 936329.5, 1877030.0, -551741.0, 75601.25);
INSERT INTO `region_point` (`region_face_id`, `idx`, `x`, `y`, `z`, `w`) values (528, 0, 863879.0, 1877030.0, -573339.0, 1.0);
INSERT INTO `region_point` (`region_face_id`, `idx`, `x`, `y`, `z`, `w`) values (528, 1, 863879.0, 1877030.0, -530143.0, 1.0);
INSERT INTO `region_point` (`region_face_id`, `idx`, `x`, `y`, `z`, `w`) values (528, 2, 1008780.0, 1877030.0, -573339.0, 1.0);
INSERT INTO `region_point` (`region_face_id`, `idx`, `x`, `y`, `z`, `w`) values (528, 3, 1008780.0, 1877030.0, -530143.0, 1.0);
INSERT INTO `region_face` (`region_face_id`, `region_id`, `kind`, `flags`, `normal_x`, `normal_y`, `normal_z`, `normal_w`, `pos_x`, `pos_y`, `pos_z`, `pos_w`) values (529, 380, 'face', '', 1.0, 0.0, 0.0, 1008780.0, 1008780.0, 1836070.0, -551741.0, 46305.457);
INSERT INTO `region_point` (`region_face_id`, `idx`, `x`, `y`, `z`, `w`) values (529, 0, 1008780.0, 1795110.0, -573339.0, 1.0);
INSERT INTO `region_point` (`region_face_id`, `idx`, `x`, `y`, `z`, `w`) values (529, 1, 1008780.0, 1877030.0, -573339.0, 1.0);
INSERT INTO `region_point` (`region_face_id`, `idx`, `x`, `y`, `z`, `w`) values (529, 2, 1008780.0, 1795110.0, -530143.0, 1.0);
INSERT INTO `region_point` (`region_face_id`, `idx`, `x`, `y`, `z`, `w`) values (529, 3, 1008780.0, 1877030.0, -530143.0, 1.0);
INSERT INTO `region` (`region_id`, `level_name`, `tree`, `on_enter`, `on_exit`, `on_inside`) values (385, 'palcab', 'target', '(want-load ''palcab ''palroof ''throne #f)', '', '');
INSERT INTO `region_face` (`region_face_id`, `region_id`, `kind`, `flags`, `normal_x`, `normal_y`, `normal_z`, `normal_w`, `pos_x`, `pos_y`, `pos_z`, `pos_w`) values (530, 385, 'plane', '', 0.0719, 0.0, -0.9974, -673776.375, 862530.0, 1611280.0, 737732.0, 84172.4921);
INSERT INTO `region_point` (`region_face_id`, `idx`, `x`, `y`, `z`, `w`) values (530, 0, 927921.0, 1664070.0, 742448.0, 1.0);
INSERT INTO `region_point` (`region_face_id`, `idx`, `x`, `y`, `z`, `w`) values (530, 1, 927921.0, 1558490.0, 742448.0, 1.0);
INSERT INTO `region_point` (`region_face_id`, `idx`, `x`, `y`, `z`, `w`) values (530, 2, 797139.0, 1664070.0, 733016.0, 1.0);
INSERT INTO `region_point` (`region_face_id`, `idx`, `x`, `y`, `z`, `w`) values (530, 3, 797139.0, 1558490.0, 733016.0, 1.0);
INSERT INTO `region` (`region_id`, `level_name`, `tree`, `on_enter`, `on_exit`, `on_inside`) values (386, 'palcab', 'target', '(begin (want-load ''palcab ''palroof ''palshaft #f) (want-sound ''ctywide1 ''palcab1 ''palcab2))', '(want-sound ''palcab1 ''palcab2 ''palcab3)', '');
INSERT INTO `region_face` (`region_face_id`, `region_id`, `kind`, `flags`, `normal_x`, `normal_y`, `normal_z`, `normal_w`, `pos_x`, `pos_y`, `pos_z`, `pos_w`) values (531, 386, 'plane', '', -0.0719, 0.0, 0.9974, 416828.0, 878430.5, 1611280.0, 481270.5, 84172.125);
INSERT INTO `region_point` (`region_face_id`, `idx`, `x`, `y`, `z`, `w`) values (531, 0, 943821.0, 1664070.0, 485987.0, 1.0);
INSERT INTO `region_point` (`region_face_id`, `idx`, `x`, `y`, `z`, `w`) values (531, 1, 813040.0, 1664070.0, 476554.0, 1.0);
INSERT INTO `region_point` (`region_face_id`, `idx`, `x`, `y`, `z`, `w`) values (531, 2, 943821.0, 1558490.0, 485987.0, 1.0);
INSERT INTO `region_point` (`region_face_id`, `idx`, `x`, `y`, `z`, `w`) values (531, 3, 813040.0, 1558490.0, 476554.0, 1.0);
INSERT INTO `region` (`region_id`, `level_name`, `tree`, `on_enter`, `on_exit`, `on_inside`) values (398, 'palcab', 'target', '', '', '(setting-pers entity-name mode "camera-193")');
INSERT INTO `region_face` (`region_face_id`, `region_id`, `kind`, `flags`, `normal_x`, `normal_y`, `normal_z`, `normal_w`, `pos_x`, `pos_y`, `pos_z`, `pos_w`) values (532, 398, 'face', '', 0.0, -1.0, 0.0, -1542830.0, 937084.0, 1542830.0, 33653.3437, 47892.9726);
INSERT INTO `region_point` (`region_face_id`, `idx`, `x`, `y`, `z`, `w`) values (532, 0, 896124.0, 1542830.0, 8833.6904, 1.0);
INSERT INTO `region_point` (`region_face_id`, `idx`, `x`, `y`, `z`, `w`) values (532, 1, 978044.0, 1542830.0, 8833.6904, 1.0);
INSERT INTO `region_point` (`region_face_id`, `idx`, `x`, `y`, `z`, `w`) values (532, 2, 896124.0, 1542830.0, 58473.0, 1.0);
INSERT INTO `region_point` (`region_face_id`, `idx`, `x`, `y`, `z`, `w`) values (532, 3, 978044.0, 1542830.0, 58473.0, 1.0);
INSERT INTO `region_face` (`region_face_id`, `region_id`, `kind`, `flags`, `normal_x`, `normal_y`, `normal_z`, `normal_w`, `pos_x`, `pos_y`, `pos_z`, `pos_w`) values (533, 398, 'face', '', -1.0, 0.0, 0.0, -896124.0, 896124.0, 1569000.0, 33653.3437, 36067.7734);
INSERT INTO `region_point` (`region_face_id`, `idx`, `x`, `y`, `z`, `w`) values (533, 0, 896124.0, 1542830.0, 8833.6904, 1.0);
INSERT INTO `region_point` (`region_face_id`, `idx`, `x`, `y`, `z`, `w`) values (533, 1, 896124.0, 1542830.0, 58473.0, 1.0);
INSERT INTO `region_point` (`region_face_id`, `idx`, `x`, `y`, `z`, `w`) values (533, 2, 896124.0, 1595170.0, 8833.6904, 1.0);
INSERT INTO `region_point` (`region_face_id`, `idx`, `x`, `y`, `z`, `w`) values (533, 3, 896124.0, 1595170.0, 58473.0, 1.0);
INSERT INTO `region_face` (`region_face_id`, `region_id`, `kind`, `flags`, `normal_x`, `normal_y`, `normal_z`, `normal_w`, `pos_x`, `pos_y`, `pos_z`, `pos_w`) values (534, 398, 'face', '', 0.0, 0.0, -1.0, -8833.6904, 937084.0, 1569000.0, 8833.6904, 48606.4843);
INSERT INTO `region_point` (`region_face_id`, `idx`, `x`, `y`, `z`, `w`) values (534, 0, 896124.0, 1542830.0, 8833.6904, 1.0);
INSERT INTO `region_point` (`region_face_id`, `idx`, `x`, `y`, `z`, `w`) values (534, 1, 896124.0, 1595170.0, 8833.6904, 1.0);
INSERT INTO `region_point` (`region_face_id`, `idx`, `x`, `y`, `z`, `w`) values (534, 2, 978044.0, 1542830.0, 8833.6904, 1.0);
INSERT INTO `region_point` (`region_face_id`, `idx`, `x`, `y`, `z`, `w`) values (534, 3, 978044.0, 1595170.0, 8833.6904, 1.0);
INSERT INTO `region_face` (`region_face_id`, `region_id`, `kind`, `flags`, `normal_x`, `normal_y`, `normal_z`, `normal_w`, `pos_x`, `pos_y`, `pos_z`, `pos_w`) values (535, 398, 'face', '', 0.0, 0.0, 1.0, 58473.0, 937084.0, 1569000.0, 58473.0, 48606.4843);
INSERT INTO `region_point` (`region_face_id`, `idx`, `x`, `y`, `z`, `w`) values (535, 0, 896124.0, 1542830.0, 58473.0, 1.0);
INSERT INTO `region_point` (`region_face_id`, `idx`, `x`, `y`, `z`, `w`) values (535, 1, 978044.0, 1542830.0, 58473.0, 1.0);
INSERT INTO `region_point` (`region_face_id`, `idx`, `x`, `y`, `z`, `w`) values (535, 2, 896124.0, 1595170.0, 58473.0, 1.0);
INSERT INTO `region_point` (`region_face_id`, `idx`, `x`, `y`, `z`, `w`) values (535, 3, 978044.0, 1595170.0, 58473.0, 1.0);
INSERT INTO `region_face` (`region_face_id`, `region_id`, `kind`, `flags`, `normal_x`, `normal_y`, `normal_z`, `normal_w`, `pos_x`, `pos_y`, `pos_z`, `pos_w`) values (536, 398, 'face', '', 0.0, 1.0, 0.0, 1595170.0, 937084.0, 1595170.0, 33653.3437, 47892.9726);
INSERT INTO `region_point` (`region_face_id`, `idx`, `x`, `y`, `z`, `w`) values (536, 0, 896124.0, 1595170.0, 8833.6904, 1.0);
INSERT INTO `region_point` (`region_face_id`, `idx`, `x`, `y`, `z`, `w`) values (536, 1, 896124.0, 1595170.0, 58473.0, 1.0);
INSERT INTO `region_point` (`region_face_id`, `idx`, `x`, `y`, `z`, `w`) values (536, 2, 978044.0, 1595170.0, 8833.6904, 1.0);
INSERT INTO `region_point` (`region_face_id`, `idx`, `x`, `y`, `z`, `w`) values (536, 3, 978044.0, 1595170.0, 58473.0, 1.0);
INSERT INTO `region_face` (`region_face_id`, `region_id`, `kind`, `flags`, `normal_x`, `normal_y`, `normal_z`, `normal_w`, `pos_x`, `pos_y`, `pos_z`, `pos_w`) values (537, 398, 'face', '', 1.0, 0.0, 0.0, 978044.0, 978044.0, 1569000.0, 33653.3437, 36067.7734);
INSERT INTO `region_point` (`region_face_id`, `idx`, `x`, `y`, `z`, `w`) values (537, 0, 978044.0, 1542830.0, 8833.6904, 1.0);
INSERT INTO `region_point` (`region_face_id`, `idx`, `x`, `y`, `z`, `w`) values (537, 1, 978044.0, 1595170.0, 8833.6904, 1.0);
INSERT INTO `region_point` (`region_face_id`, `idx`, `x`, `y`, `z`, `w`) values (537, 2, 978044.0, 1542830.0, 58473.0, 1.0);
INSERT INTO `region_point` (`region_face_id`, `idx`, `x`, `y`, `z`, `w`) values (537, 3, 978044.0, 1595170.0, 58473.0, 1.0);
INSERT INTO `region` (`region_id`, `level_name`, `tree`, `on_enter`, `on_exit`, `on_inside`) values (399, 'palcab', 'target', '', '', '(begin (setting-pers string-max-height value (meters 8.5000) mode ''abs) (setting-pers string-min-height value (meters 8.0000) mode ''abs))');
INSERT INTO `region_face` (`region_face_id`, `region_id`, `kind`, `flags`, `normal_x`, `normal_y`, `normal_z`, `normal_w`, `pos_x`, `pos_y`, `pos_z`, `pos_w`) values (538, 399, 'face', '', 0.0, -1.0, 0.0, -1614120.0, 885677.5, 1614120.0, 133459.9531, 59809.2851);
INSERT INTO `region_point` (`region_face_id`, `idx`, `x`, `y`, `z`, `w`) values (538, 0, 858964.0, 1614120.0, 79947.8984, 1.0);
INSERT INTO `region_point` (`region_face_id`, `idx`, `x`, `y`, `z`, `w`) values (538, 1, 915599.0, 1614120.0, 82603.3984, 1.0);
INSERT INTO `region_point` (`region_face_id`, `idx`, `x`, `y`, `z`, `w`) values (538, 2, 855754.0, 1614120.0, 184317.0, 1.0);
INSERT INTO `region_point` (`region_face_id`, `idx`, `x`, `y`, `z`, `w`) values (538, 3, 912391.0, 1614120.0, 186972.0, 1.0);
INSERT INTO `region_face` (`region_face_id`, `region_id`, `kind`, `flags`, `normal_x`, `normal_y`, `normal_z`, `normal_w`, `pos_x`, `pos_y`, `pos_z`, `pos_w`) values (539, 399, 'face', '', -0.9995, 0.0, -0.0307, -861015.75, 857359.0, 1641305.0, 132132.4531, 58862.789);
INSERT INTO `region_point` (`region_face_id`, `idx`, `x`, `y`, `z`, `w`) values (539, 0, 858964.0, 1614120.0, 79947.8984, 1.0);
INSERT INTO `region_point` (`region_face_id`, `idx`, `x`, `y`, `z`, `w`) values (539, 1, 855754.0, 1614120.0, 184317.0, 1.0);
INSERT INTO `region_point` (`region_face_id`, `idx`, `x`, `y`, `z`, `w`) values (539, 2, 858964.0, 1668490.0, 79947.8984, 1.0);
INSERT INTO `region_point` (`region_face_id`, `idx`, `x`, `y`, `z`, `w`) values (539, 3, 855754.0, 1668490.0, 184317.0, 1.0);
INSERT INTO `region_face` (`region_face_id`, `region_id`, `kind`, `flags`, `normal_x`, `normal_y`, `normal_z`, `normal_w`, `pos_x`, `pos_y`, `pos_z`, `pos_w`) values (540, 399, 'face', '', 0.0468, 0.0, -0.9989, -39629.2851, 887281.5, 1641305.0, 81275.6484, 39276.8125);
INSERT INTO `region_point` (`region_face_id`, `idx`, `x`, `y`, `z`, `w`) values (540, 0, 858964.0, 1614120.0, 79947.8984, 1.0);
INSERT INTO `region_point` (`region_face_id`, `idx`, `x`, `y`, `z`, `w`) values (540, 1, 858964.0, 1668490.0, 79947.8984, 1.0);
INSERT INTO `region_point` (`region_face_id`, `idx`, `x`, `y`, `z`, `w`) values (540, 2, 915599.0, 1614120.0, 82603.3984, 1.0);
INSERT INTO `region_point` (`region_face_id`, `idx`, `x`, `y`, `z`, `w`) values (540, 3, 915599.0, 1668490.0, 82603.3984, 1.0);
INSERT INTO `region_face` (`region_face_id`, `region_id`, `kind`, `flags`, `normal_x`, `normal_y`, `normal_z`, `normal_w`, `pos_x`, `pos_y`, `pos_z`, `pos_w`) values (541, 399, 'face', '', -0.0468, 0.0, 0.9989, 144043.2187, 884072.5, 1641305.0, 185644.5, 39277.5234);
INSERT INTO `region_point` (`region_face_id`, `idx`, `x`, `y`, `z`, `w`) values (541, 0, 855754.0, 1614120.0, 184317.0, 1.0);
INSERT INTO `region_point` (`region_face_id`, `idx`, `x`, `y`, `z`, `w`) values (541, 1, 912391.0, 1614120.0, 186972.0, 1.0);
INSERT INTO `region_point` (`region_face_id`, `idx`, `x`, `y`, `z`, `w`) values (541, 2, 855754.0, 1668490.0, 184317.0, 1.0);
INSERT INTO `region_point` (`region_face_id`, `idx`, `x`, `y`, `z`, `w`) values (541, 3, 912391.0, 1668490.0, 186972.0, 1.0);
INSERT INTO `region_face` (`region_face_id`, `region_id`, `kind`, `flags`, `normal_x`, `normal_y`, `normal_z`, `normal_w`, `pos_x`, `pos_y`, `pos_z`, `pos_w`) values (542, 399, 'face', '', 0.0, 1.0, 0.0, 1668490.0, 885677.5, 1668490.0, 133459.9531, 59809.2851);
INSERT INTO `region_point` (`region_face_id`, `idx`, `x`, `y`, `z`, `w`) values (542, 0, 858964.0, 1668490.0, 79947.8984, 1.0);
INSERT INTO `region_point` (`region_face_id`, `idx`, `x`, `y`, `z`, `w`) values (542, 1, 855754.0, 1668490.0, 184317.0, 1.0);
INSERT INTO `region_point` (`region_face_id`, `idx`, `x`, `y`, `z`, `w`) values (542, 2, 915599.0, 1668490.0, 82603.3984, 1.0);
INSERT INTO `region_point` (`region_face_id`, `idx`, `x`, `y`, `z`, `w`) values (542, 3, 912391.0, 1668490.0, 186972.0, 1.0);
INSERT INTO `region_face` (`region_face_id`, `region_id`, `kind`, `flags`, `normal_x`, `normal_y`, `normal_z`, `normal_w`, `pos_x`, `pos_y`, `pos_z`, `pos_w`) values (543, 399, 'face', '', 0.9995, 0.0, 0.0307, 917704.5625, 913995.0, 1641305.0, 134787.7031, 58862.539);
INSERT INTO `region_point` (`region_face_id`, `idx`, `x`, `y`, `z`, `w`) values (543, 0, 915599.0, 1614120.0, 82603.3984, 1.0);
INSERT INTO `region_point` (`region_face_id`, `idx`, `x`, `y`, `z`, `w`) values (543, 1, 915599.0, 1668490.0, 82603.3984, 1.0);
INSERT INTO `region_point` (`region_face_id`, `idx`, `x`, `y`, `z`, `w`) values (543, 2, 912391.0, 1614120.0, 186972.0, 1.0);
INSERT INTO `region_point` (`region_face_id`, `idx`, `x`, `y`, `z`, `w`) values (543, 3, 912391.0, 1668490.0, 186972.0, 1.0);
INSERT INTO `region` (`region_id`, `level_name`, `tree`, `on_enter`, `on_exit`, `on_inside`) values (400, 'palcab', 'target', '', '', '(begin (setting-pers string-max-height value (meters 5.5000) mode ''abs) (setting-pers string-min-height value (meters 5.0000) mode ''abs))');
INSERT INTO `region_face` (`region_face_id`, `region_id`, `kind`, `flags`, `normal_x`, `normal_y`, `normal_z`, `normal_w`, `pos_x`, `pos_y`, `pos_z`, `pos_w`) values (544, 400, 'face', '', 0.0, -1.0, 0.0, -1586390.0, 856502.0, 1586390.0, 853853.0, 65387.2148);
INSERT INTO `region_point` (`region_face_id`, `idx`, `x`, `y`, `z`, `w`) values (544, 0, 819224.0, 1586390.0, 800133.0, 1.0);
INSERT INTO `region_point` (`region_face_id`, `idx`, `x`, `y`, `z`, `w`) values (544, 1, 893779.0, 1586390.0, 805140.0, 1.0);
INSERT INTO `region_point` (`region_face_id`, `idx`, `x`, `y`, `z`, `w`) values (544, 2, 819224.0, 1586390.0, 902566.0, 1.0);
INSERT INTO `region_point` (`region_face_id`, `idx`, `x`, `y`, `z`, `w`) values (544, 3, 893780.0, 1586390.0, 907573.0, 1.0);
INSERT INTO `region_face` (`region_face_id`, `region_id`, `kind`, `flags`, `normal_x`, `normal_y`, `normal_z`, `normal_w`, `pos_x`, `pos_y`, `pos_z`, `pos_w`) values (545, 400, 'face', '', -0.9993, 0.0358, 0.0, -761762.6875, 820308.0, 1616575.0, 851160.0, 59622.8671);
INSERT INTO `region_point` (`region_face_id`, `idx`, `x`, `y`, `z`, `w`) values (545, 0, 819224.0, 1586390.0, 800133.0, 1.0);
INSERT INTO `region_point` (`region_face_id`, `idx`, `x`, `y`, `z`, `w`) values (545, 1, 819224.0, 1586390.0, 902566.0, 1.0);
INSERT INTO `region_point` (`region_face_id`, `idx`, `x`, `y`, `z`, `w`) values (545, 2, 821392.0, 1646760.0, 799754.0, 1.0);
INSERT INTO `region_point` (`region_face_id`, `idx`, `x`, `y`, `z`, `w`) values (545, 3, 821392.0, 1646760.0, 902186.0, 1.0);
INSERT INTO `region_face` (`region_face_id`, `region_id`, `kind`, `flags`, `normal_x`, `normal_y`, `normal_z`, `normal_w`, `pos_x`, `pos_y`, `pos_z`, `pos_w`) values (546, 400, 'face', '', 0.067, -0.0086, -0.9977, -757166.375, 857586.0, 1616575.0, 802447.0, 48868.5156);
INSERT INTO `region_point` (`region_face_id`, `idx`, `x`, `y`, `z`, `w`) values (546, 0, 819224.0, 1586390.0, 800133.0, 1.0);
INSERT INTO `region_point` (`region_face_id`, `idx`, `x`, `y`, `z`, `w`) values (546, 1, 821392.0, 1646760.0, 799754.0, 1.0);
INSERT INTO `region_point` (`region_face_id`, `idx`, `x`, `y`, `z`, `w`) values (546, 2, 893779.0, 1586390.0, 805140.0, 1.0);
INSERT INTO `region_point` (`region_face_id`, `idx`, `x`, `y`, `z`, `w`) values (546, 3, 895948.0, 1646760.0, 804761.0, 1.0);
INSERT INTO `region_face` (`region_face_id`, `region_id`, `kind`, `flags`, `normal_x`, `normal_y`, `normal_z`, `normal_w`, `pos_x`, `pos_y`, `pos_z`, `pos_w`) values (547, 400, 'face', '', -0.067, 0.0086, 0.9977, 859392.125, 857586.0, 1616575.0, 904879.0, 48868.4687);
INSERT INTO `region_point` (`region_face_id`, `idx`, `x`, `y`, `z`, `w`) values (547, 0, 819224.0, 1586390.0, 902566.0, 1.0);
INSERT INTO `region_point` (`region_face_id`, `idx`, `x`, `y`, `z`, `w`) values (547, 1, 893780.0, 1586390.0, 907573.0, 1.0);
INSERT INTO `region_point` (`region_face_id`, `idx`, `x`, `y`, `z`, `w`) values (547, 2, 821392.0, 1646760.0, 902186.0, 1.0);
INSERT INTO `region_point` (`region_face_id`, `idx`, `x`, `y`, `z`, `w`) values (547, 3, 895948.0, 1646760.0, 907192.0, 1.0);
INSERT INTO `region_face` (`region_face_id`, `region_id`, `kind`, `flags`, `normal_x`, `normal_y`, `normal_z`, `normal_w`, `pos_x`, `pos_y`, `pos_z`, `pos_w`) values (548, 400, 'face', '', 0.0, 1.0, 0.0, 1646760.0, 858670.0, 1646760.0, 853473.0, 65386.3906);
INSERT INTO `region_point` (`region_face_id`, `idx`, `x`, `y`, `z`, `w`) values (548, 0, 821392.0, 1646760.0, 799754.0, 1.0);
INSERT INTO `region_point` (`region_face_id`, `idx`, `x`, `y`, `z`, `w`) values (548, 1, 821392.0, 1646760.0, 902186.0, 1.0);
INSERT INTO `region_point` (`region_face_id`, `idx`, `x`, `y`, `z`, `w`) values (548, 2, 895948.0, 1646760.0, 804761.0, 1.0);
INSERT INTO `region_point` (`region_face_id`, `idx`, `x`, `y`, `z`, `w`) values (548, 3, 895948.0, 1646760.0, 907192.0, 1.0);
INSERT INTO `region_face` (`region_face_id`, `region_id`, `kind`, `flags`, `normal_x`, `normal_y`, `normal_z`, `normal_w`, `pos_x`, `pos_y`, `pos_z`, `pos_w`) values (549, 400, 'face', '', 0.9993, -0.0359, -0.0, 836235.0, 894864.0, 1616575.0, 856167.0, 59622.8671);
INSERT INTO `region_point` (`region_face_id`, `idx`, `x`, `y`, `z`, `w`) values (549, 0, 893779.0, 1586390.0, 805140.0, 1.0);
INSERT INTO `region_point` (`region_face_id`, `idx`, `x`, `y`, `z`, `w`) values (549, 1, 895948.0, 1646760.0, 804761.0, 1.0);
INSERT INTO `region_point` (`region_face_id`, `idx`, `x`, `y`, `z`, `w`) values (549, 2, 893780.0, 1586390.0, 907573.0, 1.0);
INSERT INTO `region_point` (`region_face_id`, `idx`, `x`, `y`, `z`, `w`) values (549, 3, 895948.0, 1646760.0, 907192.0, 1.0);
INSERT INTO `region` (`region_id`, `level_name`, `tree`, `on_enter`, `on_exit`, `on_inside`) values (401, 'palcab', 'target', '', '', '(begin (setting-pers string-max-height value (meters 9.5000) mode ''abs) (setting-pers string-min-height value (meters 9.0000) mode ''abs))');
INSERT INTO `region_face` (`region_face_id`, `region_id`, `kind`, `flags`, `normal_x`, `normal_y`, `normal_z`, `normal_w`, `pos_x`, `pos_y`, `pos_z`, `pos_w`) values (550, 401, 'face', '', -0.067, 0.0086, 0.9977, 1254253.5, 819563.5, 1616575.0, 1298125.0, 48868.957);
INSERT INTO `region_point` (`region_face_id`, `idx`, `x`, `y`, `z`, `w`) values (550, 0, 781201.0, 1586390.0, 1295810.0, 1.0);
INSERT INTO `region_point` (`region_face_id`, `idx`, `x`, `y`, `z`, `w`) values (550, 1, 855758.0, 1586390.0, 1300820.0, 1.0);
INSERT INTO `region_point` (`region_face_id`, `idx`, `x`, `y`, `z`, `w`) values (550, 2, 783369.0, 1646760.0, 1295430.0, 1.0);
INSERT INTO `region_point` (`region_face_id`, `idx`, `x`, `y`, `z`, `w`) values (550, 3, 857926.0, 1646760.0, 1300440.0, 1.0);
INSERT INTO `region_face` (`region_face_id`, `region_id`, `kind`, `flags`, `normal_x`, `normal_y`, `normal_z`, `normal_w`, `pos_x`, `pos_y`, `pos_z`, `pos_w`) values (551, 401, 'face', '', 0.9993, -0.0359, -0.0055, 790958.125, 856473.0, 1615795.0, 1239540.0, 68335.5859);
INSERT INTO `region_point` (`region_face_id`, `idx`, `x`, `y`, `z`, `w`) values (551, 0, 855020.0, 1584830.0, 1178640.0, 1.0);
INSERT INTO `region_point` (`region_face_id`, `idx`, `x`, `y`, `z`, `w`) values (551, 1, 857188.0, 1645210.0, 1178260.0, 1.0);
INSERT INTO `region_point` (`region_face_id`, `idx`, `x`, `y`, `z`, `w`) values (551, 2, 855758.0, 1586390.0, 1300820.0, 1.0);
INSERT INTO `region_point` (`region_face_id`, `idx`, `x`, `y`, `z`, `w`) values (551, 3, 857926.0, 1646760.0, 1300440.0, 1.0);
INSERT INTO `region_face` (`region_face_id`, `region_id`, `kind`, `flags`, `normal_x`, `normal_y`, `normal_z`, `normal_w`, `pos_x`, `pos_y`, `pos_z`, `pos_w`) values (552, 401, 'face', '', 0.0008, 0.9999, -0.0126, 1630855.375, 820279.0, 1645985.0, 1236845.0, 73906.8437);
INSERT INTO `region_point` (`region_face_id`, `idx`, `x`, `y`, `z`, `w`) values (552, 0, 782632.0, 1645210.0, 1173250.0, 1.0);
INSERT INTO `region_point` (`region_face_id`, `idx`, `x`, `y`, `z`, `w`) values (552, 1, 783369.0, 1646760.0, 1295430.0, 1.0);
INSERT INTO `region_point` (`region_face_id`, `idx`, `x`, `y`, `z`, `w`) values (552, 2, 857188.0, 1645210.0, 1178260.0, 1.0);
INSERT INTO `region_point` (`region_face_id`, `idx`, `x`, `y`, `z`, `w`) values (552, 3, 857926.0, 1646760.0, 1300440.0, 1.0);
INSERT INTO `region_face` (`region_face_id`, `region_id`, `kind`, `flags`, `normal_x`, `normal_y`, `normal_z`, `normal_w`, `pos_x`, `pos_y`, `pos_z`, `pos_w`) values (553, 401, 'face', '', -0.0008, -0.9999, 0.0127, -1570380.125, 818111.0, 1585610.0, 1237225.0, 73906.8906);
INSERT INTO `region_point` (`region_face_id`, `idx`, `x`, `y`, `z`, `w`) values (553, 0, 780464.0, 1584830.0, 1173630.0, 1.0);
INSERT INTO `region_point` (`region_face_id`, `idx`, `x`, `y`, `z`, `w`) values (553, 1, 855020.0, 1584830.0, 1178640.0, 1.0);
INSERT INTO `region_point` (`region_face_id`, `idx`, `x`, `y`, `z`, `w`) values (553, 2, 781201.0, 1586390.0, 1295810.0, 1.0);
INSERT INTO `region_point` (`region_face_id`, `idx`, `x`, `y`, `z`, `w`) values (553, 3, 855758.0, 1586390.0, 1300820.0, 1.0);
INSERT INTO `region_face` (`region_face_id`, `region_id`, `kind`, `flags`, `normal_x`, `normal_y`, `normal_z`, `normal_w`, `pos_x`, `pos_y`, `pos_z`, `pos_w`) values (554, 401, 'face', '', 0.067, -0.0086, -0.9977, -1132385.875, 818826.0, 1615020.0, 1175945.0, 48871.6523);
INSERT INTO `region_point` (`region_face_id`, `idx`, `x`, `y`, `z`, `w`) values (554, 0, 780464.0, 1584830.0, 1173630.0, 1.0);
INSERT INTO `region_point` (`region_face_id`, `idx`, `x`, `y`, `z`, `w`) values (554, 1, 782632.0, 1645210.0, 1173250.0, 1.0);
INSERT INTO `region_point` (`region_face_id`, `idx`, `x`, `y`, `z`, `w`) values (554, 2, 855020.0, 1584830.0, 1178640.0, 1.0);
INSERT INTO `region_point` (`region_face_id`, `idx`, `x`, `y`, `z`, `w`) values (554, 3, 857188.0, 1645210.0, 1178260.0, 1.0);
INSERT INTO `region_face` (`region_face_id`, `region_id`, `kind`, `flags`, `normal_x`, `normal_y`, `normal_z`, `normal_w`, `pos_x`, `pos_y`, `pos_z`, `pos_w`) values (555, 401, 'face', '', -0.9993, 0.0359, 0.0055, -716489.0, 781916.5, 1615795.0, 1234530.0, 68335.5781);
INSERT INTO `region_point` (`region_face_id`, `idx`, `x`, `y`, `z`, `w`) values (555, 0, 780464.0, 1584830.0, 1173630.0, 1.0);
INSERT INTO `region_point` (`region_face_id`, `idx`, `x`, `y`, `z`, `w`) values (555, 1, 781201.0, 1586390.0, 1295810.0, 1.0);
INSERT INTO `region_point` (`region_face_id`, `idx`, `x`, `y`, `z`, `w`) values (555, 2, 782632.0, 1645210.0, 1173250.0, 1.0);
INSERT INTO `region_point` (`region_face_id`, `idx`, `x`, `y`, `z`, `w`) values (555, 3, 783369.0, 1646760.0, 1295430.0, 1.0);
INSERT INTO `region` (`region_id`, `level_name`, `tree`, `on_enter`, `on_exit`, `on_inside`) values (411, 'palcab', 'target', '', '', '(begin (setting-pers string-max-height value (meters 8.5000) mode ''abs) (setting-pers string-min-height value (meters 8.0000) mode ''abs))');
INSERT INTO `region_face` (`region_face_id`, `region_id`, `kind`, `flags`, `normal_x`, `normal_y`, `normal_z`, `normal_w`, `pos_x`, `pos_y`, `pos_z`, `pos_w`) values (556, 411, 'face', '', 0.0, 0.0, 1.0, -11172.0, 947100.0, 1622595.0, -11172.0, 56682.1875);
INSERT INTO `region_point` (`region_face_id`, `idx`, `x`, `y`, `z`, `w`) values (556, 0, 925670.0, 1570120.0, -11172.0, 1.0);
INSERT INTO `region_point` (`region_face_id`, `idx`, `x`, `y`, `z`, `w`) values (556, 1, 968530.0, 1570120.0, -11172.0, 1.0);
INSERT INTO `region_point` (`region_face_id`, `idx`, `x`, `y`, `z`, `w`) values (556, 2, 925670.0, 1675070.0, -11172.0, 1.0);
INSERT INTO `region_point` (`region_face_id`, `idx`, `x`, `y`, `z`, `w`) values (556, 3, 968530.0, 1675070.0, -11172.0, 1.0);
INSERT INTO `region_face` (`region_face_id`, `region_id`, `kind`, `flags`, `normal_x`, `normal_y`, `normal_z`, `normal_w`, `pos_x`, `pos_y`, `pos_z`, `pos_w`) values (557, 411, 'face', '', 1.0, 0.0, 0.0, 968530.0, 968530.0, 1622595.0, -86890.5, 92124.4687);
INSERT INTO `region_point` (`region_face_id`, `idx`, `x`, `y`, `z`, `w`) values (557, 0, 968530.0, 1570120.0, -162609.0, 1.0);
INSERT INTO `region_point` (`region_face_id`, `idx`, `x`, `y`, `z`, `w`) values (557, 1, 968530.0, 1675070.0, -162609.0, 1.0);
INSERT INTO `region_point` (`region_face_id`, `idx`, `x`, `y`, `z`, `w`) values (557, 2, 968530.0, 1570120.0, -11172.0, 1.0);
INSERT INTO `region_point` (`region_face_id`, `idx`, `x`, `y`, `z`, `w`) values (557, 3, 968530.0, 1675070.0, -11172.0, 1.0);
INSERT INTO `region_face` (`region_face_id`, `region_id`, `kind`, `flags`, `normal_x`, `normal_y`, `normal_z`, `normal_w`, `pos_x`, `pos_y`, `pos_z`, `pos_w`) values (558, 411, 'face', '', 0.0, 1.0, 0.0, 1675070.0, 947100.0, 1675070.0, -86890.5, 78692.6718);
INSERT INTO `region_point` (`region_face_id`, `idx`, `x`, `y`, `z`, `w`) values (558, 0, 925670.0, 1675070.0, -162609.0, 1.0);
INSERT INTO `region_point` (`region_face_id`, `idx`, `x`, `y`, `z`, `w`) values (558, 1, 925670.0, 1675070.0, -11172.0, 1.0);
INSERT INTO `region_point` (`region_face_id`, `idx`, `x`, `y`, `z`, `w`) values (558, 2, 968530.0, 1675070.0, -162609.0, 1.0);
INSERT INTO `region_point` (`region_face_id`, `idx`, `x`, `y`, `z`, `w`) values (558, 3, 968530.0, 1675070.0, -11172.0, 1.0);
INSERT INTO `region_face` (`region_face_id`, `region_id`, `kind`, `flags`, `normal_x`, `normal_y`, `normal_z`, `normal_w`, `pos_x`, `pos_y`, `pos_z`, `pos_w`) values (559, 411, 'face', '', 0.0, -1.0, 0.0, -1570120.0, 947100.0, 1570120.0, -86890.5, 78692.6718);
INSERT INTO `region_point` (`region_face_id`, `idx`, `x`, `y`, `z`, `w`) values (559, 0, 925670.0, 1570120.0, -162609.0, 1.0);
INSERT INTO `region_point` (`region_face_id`, `idx`, `x`, `y`, `z`, `w`) values (559, 1, 968530.0, 1570120.0, -162609.0, 1.0);
INSERT INTO `region_point` (`region_face_id`, `idx`, `x`, `y`, `z`, `w`) values (559, 2, 925670.0, 1570120.0, -11172.0, 1.0);
INSERT INTO `region_point` (`region_face_id`, `idx`, `x`, `y`, `z`, `w`) values (559, 3, 968530.0, 1570120.0, -11172.0, 1.0);
INSERT INTO `region_face` (`region_face_id`, `region_id`, `kind`, `flags`, `normal_x`, `normal_y`, `normal_z`, `normal_w`, `pos_x`, `pos_y`, `pos_z`, `pos_w`) values (560, 411, 'face', '', 0.0, 0.0, -1.0, 162609.0, 947100.0, 1622595.0, -162609.0, 56682.1875);
INSERT INTO `region_point` (`region_face_id`, `idx`, `x`, `y`, `z`, `w`) values (560, 0, 925670.0, 1570120.0, -162609.0, 1.0);
INSERT INTO `region_point` (`region_face_id`, `idx`, `x`, `y`, `z`, `w`) values (560, 1, 925670.0, 1675070.0, -162609.0, 1.0);
INSERT INTO `region_point` (`region_face_id`, `idx`, `x`, `y`, `z`, `w`) values (560, 2, 968530.0, 1570120.0, -162609.0, 1.0);
INSERT INTO `region_point` (`region_face_id`, `idx`, `x`, `y`, `z`, `w`) values (560, 3, 968530.0, 1675070.0, -162609.0, 1.0);
INSERT INTO `region_face` (`region_face_id`, `region_id`, `kind`, `flags`, `normal_x`, `normal_y`, `normal_z`, `normal_w`, `pos_x`, `pos_y`, `pos_z`, `pos_w`) values (561, 411, 'face', '', -1.0, 0.0, 0.0, -925670.0, 925670.0, 1622595.0, -86890.5, 92124.4687);
INSERT INTO `region_point` (`region_face_id`, `idx`, `x`, `y`, `z`, `w`) values (561, 0, 925670.0, 1570120.0, -162609.0, 1.0);
INSERT INTO `region_point` (`region_face_id`, `idx`, `x`, `y`, `z`, `w`) values (561, 1, 925670.0, 1570120.0, -11172.0, 1.0);
INSERT INTO `region_point` (`region_face_id`, `idx`, `x`, `y`, `z`, `w`) values (561, 2, 925670.0, 1675070.0, -162609.0, 1.0);
INSERT INTO `region_point` (`region_face_id`, `idx`, `x`, `y`, `z`, `w`) values (561, 3, 925670.0, 1675070.0, -11172.0, 1.0);
INSERT INTO `region` (`region_id`, `level_name`, `tree`, `on_enter`, `on_exit`, `on_inside`) values (429, 'palcab', 'target', '(send-event "pal-rot-gun-1" ''trigger)', '(send-event "pal-rot-gun-1" ''untrigger)', '');
INSERT INTO `region_face` (`region_face_id`, `region_id`, `kind`, `flags`, `normal_x`, `normal_y`, `normal_z`, `normal_w`, `pos_x`, `pos_y`, `pos_z`, `pos_w`) values (562, 429, 'plane', '', 0.0076, 0.0, -0.9999, -1445315.75, 823787.0, 1664750.0, 1451655.0, 90794.4843);
INSERT INTO `region_point` (`region_face_id`, `idx`, `x`, `y`, `z`, `w`) values (562, 0, 889852.0, 1727030.0, 1452160.0, 1.0);
INSERT INTO `region_point` (`region_face_id`, `idx`, `x`, `y`, `z`, `w`) values (562, 1, 889852.0, 1602470.0, 1452160.0, 1.0);
INSERT INTO `region_point` (`region_face_id`, `idx`, `x`, `y`, `z`, `w`) values (562, 2, 757722.0, 1727030.0, 1451150.0, 1.0);
INSERT INTO `region_point` (`region_face_id`, `idx`, `x`, `y`, `z`, `w`) values (562, 3, 757722.0, 1602470.0, 1451150.0, 1.0);
INSERT INTO `region` (`region_id`, `level_name`, `tree`, `on_enter`, `on_exit`, `on_inside`) values (441, 'palcab', 'target', '(when (not (task-closed? "palace-cable-resolution")) (scene-play "palace-outside-window-res"))', '', '');
INSERT INTO `region_sphere` (`region_id`, `x`, `y`, `z`, `r`) values (441, 607957.0, 1737460.0, 2105120.0, 81338.6015);
INSERT INTO `region` (`region_id`, `level_name`, `tree`, `on_enter`, `on_exit`, `on_inside`) values (442, 'palcab', 'target', '(when (not (task-closed? "palace-cable-resolution")) (want-anim "palace-outside-window-res"))', '', '');
INSERT INTO `region_sphere` (`region_id`, `x`, `y`, `z`, `r`) values (442, 609086.0, 1737460.0, 2096830.0, 115173.0);
INSERT INTO `region` (`region_id`, `level_name`, `tree`, `on_enter`, `on_exit`, `on_inside`) values (456, 'palcab', 'target', '', '', '(setting-pers string-max-height value (meters 1.0000) mode ''abs)');
INSERT INTO `region_face` (`region_face_id`, `region_id`, `kind`, `flags`, `normal_x`, `normal_y`, `normal_z`, `normal_w`, `pos_x`, `pos_y`, `pos_z`, `pos_w`) values (563, 456, 'face', '', 0.0, -1.0, 0.0, -1514560.0, 842586.0, 1514560.0, 1081065.0, 59725.9218);
INSERT INTO `region_point` (`region_face_id`, `idx`, `x`, `y`, `z`, `w`) values (563, 0, 788809.0, 1514560.0, 1055080.0, 1.0);
INSERT INTO `region_point` (`region_face_id`, `idx`, `x`, `y`, `z`, `w`) values (563, 1, 896363.0, 1514560.0, 1055080.0, 1.0);
INSERT INTO `region_point` (`region_face_id`, `idx`, `x`, `y`, `z`, `w`) values (563, 2, 788809.0, 1514560.0, 1107050.0, 1.0);
INSERT INTO `region_point` (`region_face_id`, `idx`, `x`, `y`, `z`, `w`) values (563, 3, 896363.0, 1514560.0, 1107050.0, 1.0);
INSERT INTO `region_face` (`region_face_id`, `region_id`, `kind`, `flags`, `normal_x`, `normal_y`, `normal_z`, `normal_w`, `pos_x`, `pos_y`, `pos_z`, `pos_w`) values (564, 456, 'face', '', -1.0, 0.0, 0.0, -788809.0, 788809.0, 1532805.0, 1081065.0, 31750.5937);
INSERT INTO `region_point` (`region_face_id`, `idx`, `x`, `y`, `z`, `w`) values (564, 0, 788809.0, 1514560.0, 1055080.0, 1.0);
INSERT INTO `region_point` (`region_face_id`, `idx`, `x`, `y`, `z`, `w`) values (564, 1, 788809.0, 1514560.0, 1107050.0, 1.0);
INSERT INTO `region_point` (`region_face_id`, `idx`, `x`, `y`, `z`, `w`) values (564, 2, 788809.0, 1551050.0, 1055080.0, 1.0);
INSERT INTO `region_point` (`region_face_id`, `idx`, `x`, `y`, `z`, `w`) values (564, 3, 788809.0, 1551050.0, 1107050.0, 1.0);
INSERT INTO `region_face` (`region_face_id`, `region_id`, `kind`, `flags`, `normal_x`, `normal_y`, `normal_z`, `normal_w`, `pos_x`, `pos_y`, `pos_z`, `pos_w`) values (565, 456, 'face', '', 0.0, 0.0, -1.0, -1055080.0, 842586.0, 1532805.0, 1055080.0, 56787.7265);
INSERT INTO `region_point` (`region_face_id`, `idx`, `x`, `y`, `z`, `w`) values (565, 0, 788809.0, 1514560.0, 1055080.0, 1.0);
INSERT INTO `region_point` (`region_face_id`, `idx`, `x`, `y`, `z`, `w`) values (565, 1, 788809.0, 1551050.0, 1055080.0, 1.0);
INSERT INTO `region_point` (`region_face_id`, `idx`, `x`, `y`, `z`, `w`) values (565, 2, 896363.0, 1514560.0, 1055080.0, 1.0);
INSERT INTO `region_point` (`region_face_id`, `idx`, `x`, `y`, `z`, `w`) values (565, 3, 896363.0, 1551050.0, 1055080.0, 1.0);
INSERT INTO `region_face` (`region_face_id`, `region_id`, `kind`, `flags`, `normal_x`, `normal_y`, `normal_z`, `normal_w`, `pos_x`, `pos_y`, `pos_z`, `pos_w`) values (566, 456, 'face', '', 0.0, 0.0, 1.0, 1107050.0, 842586.0, 1532805.0, 1107050.0, 56787.7265);
INSERT INTO `region_point` (`region_face_id`, `idx`, `x`, `y`, `z`, `w`) values (566, 0, 788809.0, 1514560.0, 1107050.0, 1.0);
INSERT INTO `region_point` (`region_face_id`, `idx`, `x`, `y`, `z`, `w`) values (566, 1, 896363.0, 1514560.0, 1107050.0, 1.0);
INSERT INTO `region_point` (`region_face_id`, `idx`, `x`, `y`, `z`, `w`) values (566, 2, 788809.0, 1551050.0, 1107050.0, 1.0);
INSERT INTO `region_point` (`region_face_id`, `idx`, `x`, `y`, `z`, `w`) values (566, 3, 896363.0, 1551050.0, 1107050.0, 1.0);
INSERT INTO `region_face` (`region_face_id`, `region_id`, `kind`, `flags`, `normal_x`, `normal_y`, `normal_z`, `normal_w`, `pos_x`, `pos_y`, `pos_z`, `pos_w`) values (567, 456, 'face', '', 0.0, 1.0, 0.0, 1551050.0, 842586.0, 1551050.0, 1081065.0, 59725.9218);
INSERT INTO `region_point` (`region_face_id`, `idx`, `x`, `y`, `z`, `w`) values (567, 0, 788809.0, 1551050.0, 1055080.0, 1.0);
INSERT INTO `region_point` (`region_face_id`, `idx`, `x`, `y`, `z`, `w`) values (567, 1, 788809.0, 1551050.0, 1107050.0, 1.0);
INSERT INTO `region_point` (`region_face_id`, `idx`, `x`, `y`, `z`, `w`) values (567, 2, 896363.0, 1551050.0, 1055080.0, 1.0);
INSERT INTO `region_point` (`region_face_id`, `idx`, `x`, `y`, `z`, `w`) values (567, 3, 896363.0, 1551050.0, 1107050.0, 1.0);
INSERT INTO `region_face` (`region_face_id`, `region_id`, `kind`, `flags`, `normal_x`, `normal_y`, `normal_z`, `normal_w`, `pos_x`, `pos_y`, `pos_z`, `pos_w`) values (568, 456, 'face', '', 1.0, 0.0, 0.0, 896363.0, 896363.0, 1532805.0, 1081065.0, 31750.5937);
INSERT INTO `region_point` (`region_face_id`, `idx`, `x`, `y`, `z`, `w`) values (568, 0, 896363.0, 1514560.0, 1055080.0, 1.0);
INSERT INTO `region_point` (`region_face_id`, `idx`, `x`, `y`, `z`, `w`) values (568, 1, 896363.0, 1551050.0, 1055080.0, 1.0);
INSERT INTO `region_point` (`region_face_id`, `idx`, `x`, `y`, `z`, `w`) values (568, 2, 896363.0, 1514560.0, 1107050.0, 1.0);
INSERT INTO `region_point` (`region_face_id`, `idx`, `x`, `y`, `z`, `w`) values (568, 3, 896363.0, 1551050.0, 1107050.0, 1.0);
INSERT INTO `region` (`region_id`, `level_name`, `tree`, `on_enter`, `on_exit`, `on_inside`) values (815, 'palcab', 'target', '(want-continue "palcab-mid")', '', '');
INSERT INTO `region_sphere` (`region_id`, `x`, `y`, `z`, `r`) values (815, 851224.0, 1598700.0, 875976.0, 43163.6992);
INSERT INTO `region` (`region_id`, `level_name`, `tree`, `on_enter`, `on_exit`, `on_inside`) values (387, 'palcab', 'camera', '(want-display ''throne ''display)', '(want-display ''throne #f)', '');
INSERT INTO `region_face` (`region_face_id`, `region_id`, `kind`, `flags`, `normal_x`, `normal_y`, `normal_z`, `normal_w`, `pos_x`, `pos_y`, `pos_z`, `pos_w`) values (569, 387, 'plane', '', 0.1385, 0.0, -0.9903, -1720635.625, 802071.5, 1683305.0, 1849640.0, 97750.9921);
INSERT INTO `region_point` (`region_face_id`, `idx`, `x`, `y`, `z`, `w`) values (569, 0, 871746.0, 1751170.0, 1859390.0, 1.0);
INSERT INTO `region_point` (`region_face_id`, `idx`, `x`, `y`, `z`, `w`) values (569, 1, 871746.0, 1615440.0, 1859390.0, 1.0);
INSERT INTO `region_point` (`region_face_id`, `idx`, `x`, `y`, `z`, `w`) values (569, 2, 732397.0, 1751170.0, 1839890.0, 1.0);
INSERT INTO `region_point` (`region_face_id`, `idx`, `x`, `y`, `z`, `w`) values (569, 3, 732397.0, 1615440.0, 1839890.0, 1.0);
INSERT INTO `region` (`region_id`, `level_name`, `tree`, `on_enter`, `on_exit`, `on_inside`) values (460, 'palcab', 'camera', '', '', '(begin (sound-play-loop "palcab-amb"))');
INSERT INTO `region_sphere` (`region_id`, `x`, `y`, `z`, `r`) values (460, 793863.0, 1547830.0, 710267.0, 2088310.0);
INSERT INTO `region` (`region_id`, `level_name`, `tree`, `on_enter`, `on_exit`, `on_inside`) values (742, 'palcab', 'camera', '', '', '(setting-pers rain mode ''abs value 0.0000)');
INSERT INTO `region_sphere` (`region_id`, `x`, `y`, `z`, `r`) values (742, 943081.0, 1842690.0, -672147.0, 222738.0);
INSERT INTO `region` (`region_id`, `level_name`, `tree`, `on_enter`, `on_exit`, `on_inside`) values (623, 'palroof', 'target', '(begin (want-load ''palroof ''palcab ''palboss) (want-sound ''palroof1 ''palroof2 ''palroof3))', '(want-sound ''ctywide1 ''palcab1 ''palcab2)', '');
INSERT INTO `region_face` (`region_face_id`, `region_id`, `kind`, `flags`, `normal_x`, `normal_y`, `normal_z`, `normal_w`, `pos_x`, `pos_y`, `pos_z`, `pos_w`) values (570, 623, 'plane', '', -0.8006, 0.0, 0.5991, 681576.625, 724072.5, 1738870.0, 2105275.0, 55445.4375);
INSERT INTO `region_point` (`region_face_id`, `idx`, `x`, `y`, `z`, `w`) values (570, 0, 702825.0, 1781490.0, 2076880.0, 1.0);
INSERT INTO `region_point` (`region_face_id`, `idx`, `x`, `y`, `z`, `w`) values (570, 1, 702825.0, 1696250.0, 2076880.0, 1.0);
INSERT INTO `region_point` (`region_face_id`, `idx`, `x`, `y`, `z`, `w`) values (570, 2, 745320.0, 1781490.0, 2133670.0, 1.0);
INSERT INTO `region_point` (`region_face_id`, `idx`, `x`, `y`, `z`, `w`) values (570, 3, 745320.0, 1696250.0, 2133670.0, 1.0);
INSERT INTO `region` (`region_id`, `level_name`, `tree`, `on_enter`, `on_exit`, `on_inside`) values (616, 'palroof', 'target', '(cond ((task-closed? "palace-boss-introduction") (want-display ''palboss ''display) (want-continue "palroof-boos")) (else (scene-play "palace-outside-window-res-b")))', '', '');
INSERT INTO `region_face` (`region_face_id`, `region_id`, `kind`, `flags`, `normal_x`, `normal_y`, `normal_z`, `normal_w`, `pos_x`, `pos_y`, `pos_z`, `pos_w`) values (571, 616, 'plane', '', -0.8793, 0.0, 0.4762, 206956.4375, 885795.5, 1676810.0, 2070280.0, 144189.0);
INSERT INTO `region_point` (`region_face_id`, `idx`, `x`, `y`, `z`, `w`) values (571, 0, 944629.0, 1751150.0, 2178920.0, 1.0);
INSERT INTO `region_point` (`region_face_id`, `idx`, `x`, `y`, `z`, `w`) values (571, 1, 826962.0, 1751150.0, 1961640.0, 1.0);
INSERT INTO `region_point` (`region_face_id`, `idx`, `x`, `y`, `z`, `w`) values (571, 2, 944629.0, 1602470.0, 2178920.0, 1.0);
INSERT INTO `region_point` (`region_face_id`, `idx`, `x`, `y`, `z`, `w`) values (571, 3, 826962.0, 1602470.0, 1961640.0, 1.0);
INSERT INTO `region` (`region_id`, `level_name`, `tree`, `on_enter`, `on_exit`, `on_inside`) values (663, 'palroof', 'target', '(send-event "squid-2" ''plane 0)', '', '');
INSERT INTO `region_face` (`region_face_id`, `region_id`, `kind`, `flags`, `normal_x`, `normal_y`, `normal_z`, `normal_w`, `pos_x`, `pos_y`, `pos_z`, `pos_w`) values (572, 663, 'plane', '', -0.6755, 0.0, -0.7373, -2322613.25, 1083055.0, 1700990.0, 2157775.0, 42052.0117);
INSERT INTO `region_point` (`region_face_id`, `idx`, `x`, `y`, `z`, `w`) values (572, 0, 1103470.0, 1732640.0, 2139070.0, 1.0);
INSERT INTO `region_point` (`region_face_id`, `idx`, `x`, `y`, `z`, `w`) values (572, 1, 1103470.0, 1669340.0, 2139070.0, 1.0);
INSERT INTO `region_point` (`region_face_id`, `idx`, `x`, `y`, `z`, `w`) values (572, 2, 1062640.0, 1732640.0, 2176480.0, 1.0);
INSERT INTO `region_point` (`region_face_id`, `idx`, `x`, `y`, `z`, `w`) values (572, 3, 1062640.0, 1669340.0, 2176480.0, 1.0);
INSERT INTO `region` (`region_id`, `level_name`, `tree`, `on_enter`, `on_exit`, `on_inside`) values (664, 'palroof', 'target', '(send-event "squid-2" ''plane 1)', '', '');
INSERT INTO `region_face` (`region_face_id`, `region_id`, `kind`, `flags`, `normal_x`, `normal_y`, `normal_z`, `normal_w`, `pos_x`, `pos_y`, `pos_z`, `pos_w`) values (573, 664, 'plane', '', -0.5112, 0.0, -0.8594, -2528559.75, 1204720.0, 1700990.0, 2225475.0, 97942.7187);
INSERT INTO `region_point` (`region_face_id`, `idx`, `x`, `y`, `z`, `w`) values (573, 0, 1284380.0, 1732640.0, 2178090.0, 1.0);
INSERT INTO `region_point` (`region_face_id`, `idx`, `x`, `y`, `z`, `w`) values (573, 1, 1284380.0, 1669340.0, 2178090.0, 1.0);
INSERT INTO `region_point` (`region_face_id`, `idx`, `x`, `y`, `z`, `w`) values (573, 2, 1125060.0, 1732640.0, 2272860.0, 1.0);
INSERT INTO `region_point` (`region_face_id`, `idx`, `x`, `y`, `z`, `w`) values (573, 3, 1125060.0, 1669340.0, 2272860.0, 1.0);
INSERT INTO `region` (`region_id`, `level_name`, `tree`, `on_enter`, `on_exit`, `on_inside`) values (665, 'palroof', 'target', '(send-event "squid-2" ''plane 2)', '', '');
INSERT INTO `region_face` (`region_face_id`, `region_id`, `kind`, `flags`, `normal_x`, `normal_y`, `normal_z`, `normal_w`, `pos_x`, `pos_y`, `pos_z`, `pos_w`) values (574, 665, 'plane', '', -0.0307, 0.0, -0.9995, -2509303.75, 1307690.0, 1700990.0, 2470250.0, 86012.664);
INSERT INTO `region_point` (`region_face_id`, `idx`, `x`, `y`, `z`, `w`) values (574, 0, 1387630.0, 1732640.0, 2467790.0, 1.0);
INSERT INTO `region_point` (`region_face_id`, `idx`, `x`, `y`, `z`, `w`) values (574, 1, 1387630.0, 1669340.0, 2467790.0, 1.0);
INSERT INTO `region_point` (`region_face_id`, `idx`, `x`, `y`, `z`, `w`) values (574, 2, 1227750.0, 1732640.0, 2472710.0, 1.0);
INSERT INTO `region_point` (`region_face_id`, `idx`, `x`, `y`, `z`, `w`) values (574, 3, 1227750.0, 1669340.0, 2472710.0, 1.0);
INSERT INTO `region` (`region_id`, `level_name`, `tree`, `on_enter`, `on_exit`, `on_inside`) values (666, 'palroof', 'target', '(send-event "squid-2" ''plane 3)', '', '');
INSERT INTO `region_face` (`region_face_id`, `region_id`, `kind`, `flags`, `normal_x`, `normal_y`, `normal_z`, `normal_w`, `pos_x`, `pos_y`, `pos_z`, `pos_w`) values (575, 666, 'plane', '', 0.2688, 0.0, -0.9631, -2137398.25, 1294445.0, 1700990.0, 2580440.0, 85069.375);
INSERT INTO `region_point` (`region_face_id`, `idx`, `x`, `y`, `z`, `w`) values (575, 0, 1370500.0, 1732640.0, 2601670.0, 1.0);
INSERT INTO `region_point` (`region_face_id`, `idx`, `x`, `y`, `z`, `w`) values (575, 1, 1370500.0, 1669340.0, 2601670.0, 1.0);
INSERT INTO `region_point` (`region_face_id`, `idx`, `x`, `y`, `z`, `w`) values (575, 2, 1218390.0, 1732640.0, 2559210.0, 1.0);
INSERT INTO `region_point` (`region_face_id`, `idx`, `x`, `y`, `z`, `w`) values (575, 3, 1218390.0, 1669340.0, 2559210.0, 1.0);
INSERT INTO `region` (`region_id`, `level_name`, `tree`, `on_enter`, `on_exit`, `on_inside`) values (794, 'palroof', 'target', '', '', '(when (not (task-closed? "palace-boss-introduction")) (want-anim "palace-outside-window-res-b"))');
INSERT INTO `region_sphere` (`region_id`, `x`, `y`, `z`, `r`) values (794, 836161.0, 1698150.0, 2034720.0, 87730.8984);
INSERT INTO `region` (`region_id`, `level_name`, `tree`, `on_enter`, `on_exit`, `on_inside`) values (462, 'palroof', 'camera', '(want-sound ''palroof1 ''palroof2 ''palroof3)', '(want-sound ''ctywide1 ''palcab1 ''palcab2)', '');
INSERT INTO `region_face` (`region_face_id`, `region_id`, `kind`, `flags`, `normal_x`, `normal_y`, `normal_z`, `normal_w`, `pos_x`, `pos_y`, `pos_z`, `pos_w`) values (576, 462, 'plane', '', -0.8814, 0.0, 0.4722, 509007.8437, 837317.5, 1746715.0, 2640590.0, 55345.4648);
INSERT INTO `region_point` (`region_face_id`, `idx`, `x`, `y`, `z`, `w`) values (576, 0, 823205.0, 1700130.0, 2614250.0, 1.0);
INSERT INTO `region_point` (`region_face_id`, `idx`, `x`, `y`, `z`, `w`) values (576, 1, 851430.0, 1700130.0, 2666930.0, 1.0);
INSERT INTO `region_point` (`region_face_id`, `idx`, `x`, `y`, `z`, `w`) values (576, 2, 823205.0, 1793300.0, 2614250.0, 1.0);
INSERT INTO `region_point` (`region_face_id`, `idx`, `x`, `y`, `z`, `w`) values (576, 3, 851430.0, 1793300.0, 2666930.0, 1.0);
INSERT INTO `region` (`region_id`, `level_name`, `tree`, `on_enter`, `on_exit`, `on_inside`) values (525, 'palshaft', 'target', '', '(want-load ''ctygenb ''ctywide ''palshaft)', '');
INSERT INTO `region_face` (`region_face_id`, `region_id`, `kind`, `flags`, `normal_x`, `normal_y`, `normal_z`, `normal_w`, `pos_x`, `pos_y`, `pos_z`, `pos_w`) values (577, 525, 'plane', '', 0.0, -1.0, 0.0, -722224.0, 944562.0, 722224.0, -713034.0, 57926.1875);
INSERT INTO `region_point` (`region_face_id`, `idx`, `x`, `y`, `z`, `w`) values (577, 0, 903602.0, 722224.0, -753994.0, 1.0);
INSERT INTO `region_point` (`region_face_id`, `idx`, `x`, `y`, `z`, `w`) values (577, 1, 985522.0, 722224.0, -753994.0, 1.0);
INSERT INTO `region_point` (`region_face_id`, `idx`, `x`, `y`, `z`, `w`) values (577, 2, 903602.0, 722224.0, -672074.0, 1.0);
INSERT INTO `region_point` (`region_face_id`, `idx`, `x`, `y`, `z`, `w`) values (577, 3, 985522.0, 722224.0, -672074.0, 1.0);
INSERT INTO `region` (`region_id`, `level_name`, `tree`, `on_enter`, `on_exit`, `on_inside`) values (526, 'palshaft', 'target', '(want-load ''palshaft ''palcab ''palroof)', '(want-load ''ctygenb ''ctywide ''palshaft)', '');
INSERT INTO `region_face` (`region_face_id`, `region_id`, `kind`, `flags`, `normal_x`, `normal_y`, `normal_z`, `normal_w`, `pos_x`, `pos_y`, `pos_z`, `pos_w`) values (578, 526, 'plane', '', 0.0, -1.0, 0.0, -991429.0, 944562.0, 991429.0, -713034.0, 57926.1875);
INSERT INTO `region_point` (`region_face_id`, `idx`, `x`, `y`, `z`, `w`) values (578, 0, 903602.0, 991429.0, -753994.0, 1.0);
INSERT INTO `region_point` (`region_face_id`, `idx`, `x`, `y`, `z`, `w`) values (578, 1, 985522.0, 991429.0, -753994.0, 1.0);
INSERT INTO `region_point` (`region_face_id`, `idx`, `x`, `y`, `z`, `w`) values (578, 2, 903602.0, 991429.0, -672074.0, 1.0);
INSERT INTO `region_point` (`region_face_id`, `idx`, `x`, `y`, `z`, `w`) values (578, 3, 985522.0, 991429.0, -672074.0, 1.0);
INSERT INTO `region` (`region_id`, `level_name`, `tree`, `on_enter`, `on_exit`, `on_inside`) values (527, 'palshaft', 'target', '', '(begin (want-load ''ctypal ''ctywide ''palshaft) (if (task-closed? "palace-sneak-in-introduction") (want-sound ''ctywide1 ''ctywide2 ''palent1) (want-sound ''ctywide1 ''palcab1 ''palcab2)))', '');
INSERT INTO `region_face` (`region_face_id`, `region_id`, `kind`, `flags`, `normal_x`, `normal_y`, `normal_z`, `normal_w`, `pos_x`, `pos_y`, `pos_z`, `pos_w`) values (579, 527, 'plane', '', 0.0, -1.0, 0.0, -632942.0, 563052.0, 632942.0, 2607130.0, 92622.4765);
INSERT INTO `region_point` (`region_face_id`, `idx`, `x`, `y`, `z`, `w`) values (579, 0, 502122.0, 632942.0, 2537370.0, 1.0);
INSERT INTO `region_point` (`region_face_id`, `idx`, `x`, `y`, `z`, `w`) values (579, 1, 623982.0, 632942.0, 2564550.0, 1.0);
INSERT INTO `region_point` (`region_face_id`, `idx`, `x`, `y`, `z`, `w`) values (579, 2, 527378.0, 632942.0, 2676890.0, 1.0);
INSERT INTO `region_point` (`region_face_id`, `idx`, `x`, `y`, `z`, `w`) values (579, 3, 609297.0, 632942.0, 2676890.0, 1.0);
INSERT INTO `region` (`region_id`, `level_name`, `tree`, `on_enter`, `on_exit`, `on_inside`) values (528, 'palshaft', 'target', '(cond ((task-closed? "palace-sneak-in-introduction") (want-load ''palshaft ''palent ''throne) (want-sound ''ctywide1 ''palent1 ''palent2)) (else (want-load ''palshaft ''palcab ''palroof) (want-sound ''ctywide1 ''palcab1 ''palcab2)))', '', '');
INSERT INTO `region_face` (`region_face_id`, `region_id`, `kind`, `flags`, `normal_x`, `normal_y`, `normal_z`, `normal_w`, `pos_x`, `pos_y`, `pos_z`, `pos_w`) values (580, 528, 'plane', '', 0.0, -1.0, 0.0, -981060.0, 562929.0, 981060.0, 2607140.0, 92622.4765);
INSERT INTO `region_point` (`region_face_id`, `idx`, `x`, `y`, `z`, `w`) values (580, 0, 501999.0, 981060.0, 2537380.0, 1.0);
INSERT INTO `region_point` (`region_face_id`, `idx`, `x`, `y`, `z`, `w`) values (580, 1, 623859.0, 981060.0, 2564560.0, 1.0);
INSERT INTO `region_point` (`region_face_id`, `idx`, `x`, `y`, `z`, `w`) values (580, 2, 527254.0, 981060.0, 2676900.0, 1.0);
INSERT INTO `region_point` (`region_face_id`, `idx`, `x`, `y`, `z`, `w`) values (580, 3, 609174.0, 981060.0, 2676900.0, 1.0);
INSERT INTO `region` (`region_id`, `level_name`, `tree`, `on_enter`, `on_exit`, `on_inside`) values (542, 'palshaft', 'target', '', '', '(setting-pers endlessfall mode #f)');
INSERT INTO `region_face` (`region_face_id`, `region_id`, `kind`, `flags`, `normal_x`, `normal_y`, `normal_z`, `normal_w`, `pos_x`, `pos_y`, `pos_z`, `pos_w`) values (581, 542, 'face', '', 0.0, -1.0, 0.0, -841158.0, 955353.0, 841158.0, -714047.0, 57926.1875);
INSERT INTO `region_point` (`region_face_id`, `idx`, `x`, `y`, `z`, `w`) values (581, 0, 914393.0, 841158.0, -755007.0, 1.0);
INSERT INTO `region_point` (`region_face_id`, `idx`, `x`, `y`, `z`, `w`) values (581, 1, 996313.0, 841158.0, -755007.0, 1.0);
INSERT INTO `region_point` (`region_face_id`, `idx`, `x`, `y`, `z`, `w`) values (581, 2, 914393.0, 841158.0, -673087.0, 1.0);
INSERT INTO `region_point` (`region_face_id`, `idx`, `x`, `y`, `z`, `w`) values (581, 3, 996313.0, 841158.0, -673087.0, 1.0);
INSERT INTO `region_face` (`region_face_id`, `region_id`, `kind`, `flags`, `normal_x`, `normal_y`, `normal_z`, `normal_w`, `pos_x`, `pos_y`, `pos_z`, `pos_w`) values (582, 542, 'face', '', -1.0, 0.0, 0.0, -914393.0, 914393.0, 1298989.0, -714047.0, 459659.5937);
INSERT INTO `region_point` (`region_face_id`, `idx`, `x`, `y`, `z`, `w`) values (582, 0, 914393.0, 841158.0, -755007.0, 1.0);
INSERT INTO `region_point` (`region_face_id`, `idx`, `x`, `y`, `z`, `w`) values (582, 1, 914393.0, 841158.0, -673087.0, 1.0);
INSERT INTO `region_point` (`region_face_id`, `idx`, `x`, `y`, `z`, `w`) values (582, 2, 914393.0, 1756820.0, -755007.0, 1.0);
INSERT INTO `region_point` (`region_face_id`, `idx`, `x`, `y`, `z`, `w`) values (582, 3, 914393.0, 1756820.0, -673087.0, 1.0);
INSERT INTO `region_face` (`region_face_id`, `region_id`, `kind`, `flags`, `normal_x`, `normal_y`, `normal_z`, `normal_w`, `pos_x`, `pos_y`, `pos_z`, `pos_w`) values (583, 542, 'face', '', 0.0, 0.0, -1.0, 755007.0, 955353.0, 1298989.0, -755007.0, 459659.5937);
INSERT INTO `region_point` (`region_face_id`, `idx`, `x`, `y`, `z`, `w`) values (583, 0, 914393.0, 841158.0, -755007.0, 1.0);
INSERT INTO `region_point` (`region_face_id`, `idx`, `x`, `y`, `z`, `w`) values (583, 1, 914393.0, 1756820.0, -755007.0, 1.0);
INSERT INTO `region_point` (`region_face_id`, `idx`, `x`, `y`, `z`, `w`) values (583, 2, 996313.0, 841158.0, -755007.0, 1.0);
INSERT INTO `region_point` (`region_face_id`, `idx`, `x`, `y`, `z`, `w`) values (583, 3, 996313.0, 1756820.0, -755007.0, 1.0);
INSERT INTO `region_face` (`region_face_id`, `region_id`, `kind`, `flags`, `normal_x`, `normal_y`, `normal_z`, `normal_w`, `pos_x`, `pos_y`, `pos_z`, `pos_w`) values (584, 542, 'face', '', 0.0, 0.0, 1.0, -673087.0, 955353.0, 1298989.0, -673087.0, 459659.5937);
INSERT INTO `region_point` (`region_face_id`, `idx`, `x`, `y`, `z`, `w`) values (584, 0, 914393.0, 841158.0, -673087.0, 1.0);
INSERT INTO `region_point` (`region_face_id`, `idx`, `x`, `y`, `z`, `w`) values (584, 1, 996313.0, 841158.0, -673087.0, 1.0);
INSERT INTO `region_point` (`region_face_id`, `idx`, `x`, `y`, `z`, `w`) values (584, 2, 914393.0, 1756820.0, -673087.0, 1.0);
INSERT INTO `region_point` (`region_face_id`, `idx`, `x`, `y`, `z`, `w`) values (584, 3, 996313.0, 1756820.0, -673087.0, 1.0);
INSERT INTO `region_face` (`region_face_id`, `region_id`, `kind`, `flags`, `normal_x`, `normal_y`, `normal_z`, `normal_w`, `pos_x`, `pos_y`, `pos_z`, `pos_w`) values (585, 542, 'face', '', 0.0, 1.0, 0.0, 1756820.0, 955353.0, 1756820.0, -714047.0, 57926.1875);
INSERT INTO `region_point` (`region_face_id`, `idx`, `x`, `y`, `z`, `w`) values (585, 0, 914393.0, 1756820.0, -755007.0, 1.0);
INSERT INTO `region_point` (`region_face_id`, `idx`, `x`, `y`, `z`, `w`) values (585, 1, 914393.0, 1756820.0, -673087.0, 1.0);
INSERT INTO `region_point` (`region_face_id`, `idx`, `x`, `y`, `z`, `w`) values (585, 2, 996313.0, 1756820.0, -755007.0, 1.0);
INSERT INTO `region_point` (`region_face_id`, `idx`, `x`, `y`, `z`, `w`) values (585, 3, 996313.0, 1756820.0, -673087.0, 1.0);
INSERT INTO `region_face` (`region_face_id`, `region_id`, `kind`, `flags`, `normal_x`, `normal_y`, `normal_z`, `normal_w`, `pos_x`, `pos_y`, `pos_z`, `pos_w`) values (586, 542, 'face', '', 1.0, 0.0, 0.0, 996313.0, 996313.0, 1298989.0, -714047.0, 459659.5937);
INSERT INTO `region_point` (`region_face_id`, `idx`, `x`, `y`, `z`, `w`) values (586, 0, 996313.0, 841158.0, -755007.0, 1.0);
INSERT INTO `region_point` (`region_face_id`, `idx`, `x`, `y`, `z`, `w`) values (586, 1, 996313.0, 1756820.0, -755007.0, 1.0);
INSERT INTO `region_point` (`region_face_id`, `idx`, `x`, `y`, `z`, `w`) values (586, 2, 996313.0, 841158.0, -673087.0, 1.0);
INSERT INTO `region_point` (`region_face_id`, `idx`, `x`, `y`, `z`, `w`) values (586, 3, 996313.0, 1756820.0, -673087.0, 1.0);
INSERT INTO `region` (`region_id`, `level_name`, `tree`, `on_enter`, `on_exit`, `on_inside`) values (819, 'palent', 'target', '', '(want-sound ''ctywide1 ''palent1 ''palent2)', '');
INSERT INTO `region_face` (`region_face_id`, `region_id`, `kind`, `flags`, `normal_x`, `normal_y`, `normal_z`, `normal_w`, `pos_x`, `pos_y`, `pos_z`, `pos_w`) values (587, 819, 'plane', '', -0.8718, 0.0, 0.4898, 627877.5625, 691946.0, 1456185.0, 2513250.0, 129225.0546);
INSERT INTO `region_point` (`region_face_id`, `idx`, `x`, `y`, `z`, `w`) values (587, 0, 742167.0, 1534850.0, 2602630.0, 1.0);
INSERT INTO `region_point` (`region_face_id`, `idx`, `x`, `y`, `z`, `w`) values (587, 1, 641725.0, 1534850.0, 2423870.0, 1.0);
INSERT INTO `region_point` (`region_face_id`, `idx`, `x`, `y`, `z`, `w`) values (587, 2, 742167.0, 1377520.0, 2602630.0, 1.0);
INSERT INTO `region_point` (`region_face_id`, `idx`, `x`, `y`, `z`, `w`) values (587, 3, 641725.0, 1377520.0, 2423870.0, 1.0);
INSERT INTO `region` (`region_id`, `level_name`, `tree`, `on_enter`, `on_exit`, `on_inside`) values (822, 'palent', 'target', '(when (not (task-closed? "palace-sneak-in-meeting")) (scene-play "palace-sneak-in-res"))', '', '');
INSERT INTO `region_sphere` (`region_id`, `x`, `y`, `z`, `r`) values (822, 586931.0, 1414420.0, 2254870.0, 61978.8984);
INSERT INTO `region` (`region_id`, `level_name`, `tree`, `on_enter`, `on_exit`, `on_inside`) values (845, 'palent', 'target', '(yes-play! "palmes01" 1)', '', '');
INSERT INTO `region_sphere` (`region_id`, `x`, `y`, `z`, `r`) values (845, 1220050.0, 1451780.0, 2687180.0, 29748.0);
INSERT INTO `region` (`region_id`, `level_name`, `tree`, `on_enter`, `on_exit`, `on_inside`) values (846, 'palent', 'target', '(mark-played! "palmes01")', '', '');
INSERT INTO `region_sphere` (`region_id`, `x`, `y`, `z`, `r`) values (846, 1143870.0, 1451780.0, 2809790.0, 33964.1015);
INSERT INTO `region` (`region_id`, `level_name`, `tree`, `on_enter`, `on_exit`, `on_inside`) values (544, 'caspad', 'target', '(cond ((task-closed? "dig-find-totem-introduction") (want-load ''dig3a ''caspad #f) (want-sound ''dig6 ''dig7 ''dig8)) (else (want-load ''dig1 ''caspad #f) (want-sound ''dig1 ''dig2 ''dig3)))', '(want-sound ''ctywide1 #f #f)', '');
INSERT INTO `region_face` (`region_face_id`, `region_id`, `kind`, `flags`, `normal_x`, `normal_y`, `normal_z`, `normal_w`, `pos_x`, `pos_y`, `pos_z`, `pos_w`) values (588, 544, 'plane', '', -0.8739, 0.0, 0.4859, -4352022.0, 1189047.875, 157238.5468, -6817168.5, 272694.0625);
INSERT INTO `region_point` (`region_face_id`, `idx`, `x`, `y`, `z`, `w`) values (588, 0, 1064761.375, 251839.0, -7040698.5, 1.0);
INSERT INTO `region_point` (`region_face_id`, `idx`, `x`, `y`, `z`, `w`) values (588, 1, 1064761.375, 62638.1015, -7040698.5, 1.0);
INSERT INTO `region_point` (`region_face_id`, `idx`, `x`, `y`, `z`, `w`) values (588, 2, 1313334.375, 251839.0, -6593638.5, 1.0);
INSERT INTO `region_point` (`region_face_id`, `idx`, `x`, `y`, `z`, `w`) values (588, 3, 1313334.375, 62638.1015, -6593638.5, 1.0);
INSERT INTO `region` (`region_id`, `level_name`, `tree`, `on_enter`, `on_exit`, `on_inside`) values (545, 'caspad', 'target', '(want-load ''caspad ''castle #f)', '', '');
INSERT INTO `region_face` (`region_face_id`, `region_id`, `kind`, `flags`, `normal_x`, `normal_y`, `normal_z`, `normal_w`, `pos_x`, `pos_y`, `pos_z`, `pos_w`) values (589, 545, 'plane', '', 0.966, 0.0, -0.2584, 2734322.0, 1035217.375, 157238.7031, -6709138.5, 314923.6562);
INSERT INTO `region_point` (`region_face_id`, `idx`, `x`, `y`, `z`, `w`) values (589, 0, 957570.375, 251839.0, -6999308.5, 1.0);
INSERT INTO `region_point` (`region_face_id`, `idx`, `x`, `y`, `z`, `w`) values (589, 1, 1112864.375, 251839.0, -6418968.5, 1.0);
INSERT INTO `region_point` (`region_face_id`, `idx`, `x`, `y`, `z`, `w`) values (589, 2, 957570.375, 62638.3984, -6999308.5, 1.0);
INSERT INTO `region_point` (`region_face_id`, `idx`, `x`, `y`, `z`, `w`) values (589, 3, 1112864.375, 62638.3984, -6418968.5, 1.0);
INSERT INTO `region` (`region_id`, `level_name`, `tree`, `on_enter`, `on_exit`, `on_inside`) values (546, 'caspad', 'target', '(want-load ''caspad ''atoll #f)', '', '');
INSERT INTO `region_face` (`region_face_id`, `region_id`, `kind`, `flags`, `normal_x`, `normal_y`, `normal_z`, `normal_w`, `pos_x`, `pos_y`, `pos_z`, `pos_w`) values (590, 546, 'plane', '', -0.664, 0.0, -0.7477, 4042393.0, 1217861.75, 157238.7031, -6487768.5, 165029.5937);
INSERT INTO `region_point` (`region_face_id`, `idx`, `x`, `y`, `z`, `w`) values (590, 0, 1116751.375, 251839.0, -6397978.5, 1.0);
INSERT INTO `region_point` (`region_face_id`, `idx`, `x`, `y`, `z`, `w`) values (590, 1, 1318972.125, 251839.0, -6577558.5, 1.0);
INSERT INTO `region_point` (`region_face_id`, `idx`, `x`, `y`, `z`, `w`) values (590, 2, 1116751.375, 62638.3984, -6397978.5, 1.0);
INSERT INTO `region_point` (`region_face_id`, `idx`, `x`, `y`, `z`, `w`) values (590, 3, 1318972.125, 62638.3984, -6577558.5, 1.0);
INSERT INTO `region` (`region_id`, `level_name`, `tree`, `on_enter`, `on_exit`, `on_inside`) values (547, 'caspad', 'target', '', '', '(cond ((or (eq? (setting-value entity-name) "camera-226") (eq? (setting-value entity-name) "camera-227")) (setting-pers entity-name mode "camera-227")) (else (setting-pers entity-name mode "camera-225")))');
INSERT INTO `region_face` (`region_face_id`, `region_id`, `kind`, `flags`, `normal_x`, `normal_y`, `normal_z`, `normal_w`, `pos_x`, `pos_y`, `pos_z`, `pos_w`) values (591, 547, 'face', '', 0.7708, -0.0002, 0.6369, -3278603.25, 1506881.375, 69921.1484, -6970708.5, 103030.0781);
INSERT INTO `region_point` (`region_face_id`, `idx`, `x`, `y`, `z`, `w`) values (591, 0, 1462341.375, -5771.7099, -6916838.5, 1.0);
INSERT INTO `region_point` (`region_face_id`, `idx`, `x`, `y`, `z`, `w`) values (591, 1, 1551367.375, -5771.9101, -7024578.5, 1.0);
INSERT INTO `region_point` (`region_face_id`, `idx`, `x`, `y`, `z`, `w`) values (591, 2, 1462394.375, 145613.0, -6916838.5, 1.0);
INSERT INTO `region_point` (`region_face_id`, `idx`, `x`, `y`, `z`, `w`) values (591, 3, 1551421.375, 145614.0, -7024578.5, 1.0);
INSERT INTO `region_face` (`region_face_id`, `region_id`, `kind`, `flags`, `normal_x`, `normal_y`, `normal_z`, `normal_w`, `pos_x`, `pos_y`, `pos_z`, `pos_w`) values (592, 547, 'face', '', 0.6365, -0.0002, -0.7711, 6404918.0, 1498818.375, 69920.9453, -7067978.5, 101882.6484);
INSERT INTO `region_point` (`region_face_id`, `idx`, `x`, `y`, `z`, `w`) values (592, 0, 1446215.375, -5772.1098, -7111378.5, 1.0);
INSERT INTO `region_point` (`region_face_id`, `idx`, `x`, `y`, `z`, `w`) values (592, 1, 1446269.375, 145613.0, -7111378.5, 1.0);
INSERT INTO `region_point` (`region_face_id`, `idx`, `x`, `y`, `z`, `w`) values (592, 2, 1551367.375, -5771.9101, -7024578.5, 1.0);
INSERT INTO `region_point` (`region_face_id`, `idx`, `x`, `y`, `z`, `w`) values (592, 3, 1551421.375, 145614.0, -7024578.5, 1.0);
INSERT INTO `region_face` (`region_face_id`, `region_id`, `kind`, `flags`, `normal_x`, `normal_y`, `normal_z`, `normal_w`, `pos_x`, `pos_y`, `pos_z`, `pos_w`) values (593, 547, 'face', '', -0.7301, 0.0002, -0.6832, 3802998.25, 1403730.375, 69920.4921, -7065948.5, 97993.914);
INSERT INTO `region_point` (`region_face_id`, `idx`, `x`, `y`, `z`, `w`) values (593, 0, 1361191.375, -5772.0097, -7020518.5, 1.0);
INSERT INTO `region_point` (`region_face_id`, `idx`, `x`, `y`, `z`, `w`) values (593, 1, 1361244.375, 145613.0, -7020518.5, 1.0);
INSERT INTO `region_point` (`region_face_id`, `idx`, `x`, `y`, `z`, `w`) values (593, 2, 1446215.375, -5772.1098, -7111378.5, 1.0);
INSERT INTO `region_point` (`region_face_id`, `idx`, `x`, `y`, `z`, `w`) values (593, 3, 1446269.375, 145613.0, -7111378.5, 1.0);
INSERT INTO `region_face` (`region_face_id`, `region_id`, `kind`, `flags`, `normal_x`, `normal_y`, `normal_z`, `normal_w`, `pos_x`, `pos_y`, `pos_z`, `pos_w`) values (594, 547, 'face', '', 0.0, -1.0, 0.0, 5759.3979, 1454302.375, -5771.9101, -7014111.0, 97627.7578);
INSERT INTO `region_point` (`region_face_id`, `idx`, `x`, `y`, `z`, `w`) values (594, 0, 1361191.375, -5772.0097, -7020518.5, 1.0);
INSERT INTO `region_point` (`region_face_id`, `idx`, `x`, `y`, `z`, `w`) values (594, 1, 1446215.375, -5772.1098, -7111378.5, 1.0);
INSERT INTO `region_point` (`region_face_id`, `idx`, `x`, `y`, `z`, `w`) values (594, 2, 1462341.375, -5771.7099, -6916838.5, 1.0);
INSERT INTO `region_point` (`region_face_id`, `idx`, `x`, `y`, `z`, `w`) values (594, 3, 1551367.375, -5771.9101, -7024578.5, 1.0);
INSERT INTO `region_face` (`region_face_id`, `region_id`, `kind`, `flags`, `normal_x`, `normal_y`, `normal_z`, `normal_w`, `pos_x`, `pos_y`, `pos_z`, `pos_w`) values (595, 547, 'face', '', 0.0, 1.0, 0.0, 145613.0, 1454356.125, 145613.0, -7014111.0, 97627.9843);
INSERT INTO `region_point` (`region_face_id`, `idx`, `x`, `y`, `z`, `w`) values (595, 0, 1361244.375, 145613.0, -7020518.5, 1.0);
INSERT INTO `region_point` (`region_face_id`, `idx`, `x`, `y`, `z`, `w`) values (595, 1, 1462394.375, 145613.0, -6916838.5, 1.0);
INSERT INTO `region_point` (`region_face_id`, `idx`, `x`, `y`, `z`, `w`) values (595, 2, 1446269.375, 145613.0, -7111378.5, 1.0);
INSERT INTO `region_point` (`region_face_id`, `idx`, `x`, `y`, `z`, `w`) values (595, 3, 1551421.375, 145614.0, -7024578.5, 1.0);
INSERT INTO `region_face` (`region_face_id`, `region_id`, `kind`, `flags`, `normal_x`, `normal_y`, `normal_z`, `normal_w`, `pos_x`, `pos_y`, `pos_z`, `pos_w`) values (596, 547, 'face', '', -0.7157, 0.0002, 0.6983, -5876888.5, 1411792.875, 69920.4921, -6968678.5, 104772.3906);
INSERT INTO `region_point` (`region_face_id`, `idx`, `x`, `y`, `z`, `w`) values (596, 0, 1361191.375, -5772.0097, -7020518.5, 1.0);
INSERT INTO `region_point` (`region_face_id`, `idx`, `x`, `y`, `z`, `w`) values (596, 1, 1462341.375, -5771.7099, -6916838.5, 1.0);
INSERT INTO `region_point` (`region_face_id`, `idx`, `x`, `y`, `z`, `w`) values (596, 2, 1361244.375, 145613.0, -7020518.5, 1.0);
INSERT INTO `region_point` (`region_face_id`, `idx`, `x`, `y`, `z`, `w`) values (596, 3, 1462394.375, 145613.0, -6916838.5, 1.0);
INSERT INTO `region` (`region_id`, `level_name`, `tree`, `on_enter`, `on_exit`, `on_inside`) values (548, 'caspad', 'target', '', '', '(cond ((or (eq? (setting-value entity-name) "camera-225") (eq? (setting-value entity-name) "camera-228")) (setting-pers entity-name mode "camera-228")) (else (setting-pers entity-name mode "camera-226")))');
INSERT INTO `region_face` (`region_face_id`, `region_id`, `kind`, `flags`, `normal_x`, `normal_y`, `normal_z`, `normal_w`, `pos_x`, `pos_y`, `pos_z`, `pos_w`) values (597, 548, 'face', '', 0.7708, -0.0, 0.6369, -3278662.75, 1506862.875, -114264.0781, -6970708.5, 136824.4843);
INSERT INTO `region_point` (`region_face_id`, `idx`, `x`, `y`, `z`, `w`) values (597, 0, 1462341.375, -231894.0, -6916838.5, 1.0);
INSERT INTO `region_point` (`region_face_id`, `idx`, `x`, `y`, `z`, `w`) values (597, 1, 1551369.375, -231894.0, -7024578.5, 1.0);
INSERT INTO `region_point` (`region_face_id`, `idx`, `x`, `y`, `z`, `w`) values (597, 2, 1462356.375, 3365.4499, -6916838.5, 1.0);
INSERT INTO `region_point` (`region_face_id`, `idx`, `x`, `y`, `z`, `w`) values (597, 3, 1551384.375, 3365.85, -7024578.5, 1.0);
INSERT INTO `region_face` (`region_face_id`, `region_id`, `kind`, `flags`, `normal_x`, `normal_y`, `normal_z`, `normal_w`, `pos_x`, `pos_y`, `pos_z`, `pos_w`) values (598, 548, 'face', '', 0.6365, -0.0, -0.7711, 6404927.0, 1498800.875, -114264.0781, -7067978.5, 135960.9687);
INSERT INTO `region_point` (`region_face_id`, `idx`, `x`, `y`, `z`, `w`) values (598, 0, 1446217.375, -231894.0, -7111378.5, 1.0);
INSERT INTO `region_point` (`region_face_id`, `idx`, `x`, `y`, `z`, `w`) values (598, 1, 1446231.375, 3365.55, -7111378.5, 1.0);
INSERT INTO `region_point` (`region_face_id`, `idx`, `x`, `y`, `z`, `w`) values (598, 2, 1551369.375, -231894.0, -7024578.5, 1.0);
INSERT INTO `region_point` (`region_face_id`, `idx`, `x`, `y`, `z`, `w`) values (598, 3, 1551384.375, 3365.85, -7024578.5, 1.0);
INSERT INTO `region_face` (`region_face_id`, `region_id`, `kind`, `flags`, `normal_x`, `normal_y`, `normal_z`, `normal_w`, `pos_x`, `pos_y`, `pos_z`, `pos_w`) values (599, 548, 'face', '', -0.0, 1.0, 0.0, 3353.8981, 1454318.625, 3365.5, -7014111.0, 97628.4843);
INSERT INTO `region_point` (`region_face_id`, `idx`, `x`, `y`, `z`, `w`) values (599, 0, 1361206.375, 3365.1398, -7020518.5, 1.0);
INSERT INTO `region_point` (`region_face_id`, `idx`, `x`, `y`, `z`, `w`) values (599, 1, 1462356.375, 3365.4499, -6916838.5, 1.0);
INSERT INTO `region_point` (`region_face_id`, `idx`, `x`, `y`, `z`, `w`) values (599, 2, 1446231.375, 3365.55, -7111378.5, 1.0);
INSERT INTO `region_point` (`region_face_id`, `idx`, `x`, `y`, `z`, `w`) values (599, 3, 1551384.375, 3365.85, -7024578.5, 1.0);
INSERT INTO `region_face` (`region_face_id`, `region_id`, `kind`, `flags`, `normal_x`, `normal_y`, `normal_z`, `normal_w`, `pos_x`, `pos_y`, `pos_z`, `pos_w`) values (600, 548, 'face', '', 0.0, -1.0, 0.0, 231894.0, 1454303.875, -231894.0, -7014111.0, 97628.2109);
INSERT INTO `region_point` (`region_face_id`, `idx`, `x`, `y`, `z`, `w`) values (600, 0, 1361192.375, -231894.0, -7020518.5, 1.0);
INSERT INTO `region_point` (`region_face_id`, `idx`, `x`, `y`, `z`, `w`) values (600, 1, 1446217.375, -231894.0, -7111378.5, 1.0);
INSERT INTO `region_point` (`region_face_id`, `idx`, `x`, `y`, `z`, `w`) values (600, 2, 1462341.375, -231894.0, -6916838.5, 1.0);
INSERT INTO `region_point` (`region_face_id`, `idx`, `x`, `y`, `z`, `w`) values (600, 3, 1551369.375, -231894.0, -7024578.5, 1.0);
INSERT INTO `region_face` (`region_face_id`, `region_id`, `kind`, `flags`, `normal_x`, `normal_y`, `normal_z`, `normal_w`, `pos_x`, `pos_y`, `pos_z`, `pos_w`) values (601, 548, 'face', '', -0.7301, 0.0, -0.6832, 3803024.5, 1403711.875, -114264.2265, -7065948.5, 133073.5);
INSERT INTO `region_point` (`region_face_id`, `idx`, `x`, `y`, `z`, `w`) values (601, 0, 1361192.375, -231894.0, -7020518.5, 1.0);
INSERT INTO `region_point` (`region_face_id`, `idx`, `x`, `y`, `z`, `w`) values (601, 1, 1361206.375, 3365.1398, -7020518.5, 1.0);
INSERT INTO `region_point` (`region_face_id`, `idx`, `x`, `y`, `z`, `w`) values (601, 2, 1446217.375, -231894.0, -7111378.5, 1.0);
INSERT INTO `region_point` (`region_face_id`, `idx`, `x`, `y`, `z`, `w`) values (601, 3, 1446231.375, 3365.55, -7111378.5, 1.0);
INSERT INTO `region_face` (`region_face_id`, `region_id`, `kind`, `flags`, `normal_x`, `normal_y`, `normal_z`, `normal_w`, `pos_x`, `pos_y`, `pos_z`, `pos_w`) values (602, 548, 'face', '', -0.7157, 0.0, 0.6983, -5876877.5, 1411774.375, -114264.2734, -6968678.5, 138140.0625);
INSERT INTO `region_point` (`region_face_id`, `idx`, `x`, `y`, `z`, `w`) values (602, 0, 1361192.375, -231894.0, -7020518.5, 1.0);
INSERT INTO `region_point` (`region_face_id`, `idx`, `x`, `y`, `z`, `w`) values (602, 1, 1462341.375, -231894.0, -6916838.5, 1.0);
INSERT INTO `region_point` (`region_face_id`, `idx`, `x`, `y`, `z`, `w`) values (602, 2, 1361206.375, 3365.1398, -7020518.5, 1.0);
INSERT INTO `region_point` (`region_face_id`, `idx`, `x`, `y`, `z`, `w`) values (602, 3, 1462356.375, 3365.4499, -6916838.5, 1.0);
INSERT INTO `region` (`region_id`, `level_name`, `tree`, `on_enter`, `on_exit`, `on_inside`) values (549, 'caspad', 'target', '(cond ((task-closed? "dig-find-totem-introduction") (want-display ''dig3a ''display)) (else (want-display ''dig1 ''display)))', '(cond ((task-closed? "dig-find-totem-introduction") (want-display ''dig3a #f)) (else (want-display ''dig1 #f)))', '');
INSERT INTO `region_face` (`region_face_id`, `region_id`, `kind`, `flags`, `normal_x`, `normal_y`, `normal_z`, `normal_w`, `pos_x`, `pos_y`, `pos_z`, `pos_w`) values (603, 549, 'plane', '', 0.0, 1.0, -0.0, -8611.5087, 1438259.5, -8611.9853, -7019563.5, 121183.9609);
INSERT INTO `region_point` (`region_face_id`, `idx`, `x`, `y`, `z`, `w`) values (603, 0, 1318904.5, -8611.9804, -7040538.5, 1.0);
INSERT INTO `region_point` (`region_face_id`, `idx`, `x`, `y`, `z`, `w`) values (603, 1, 1436890.375, -8611.9804, -6916428.5, 1.0);
INSERT INTO `region_point` (`region_face_id`, `idx`, `x`, `y`, `z`, `w`) values (603, 2, 1418966.375, -8611.9902, -7109908.5, 1.0);
INSERT INTO `region_point` (`region_face_id`, `idx`, `x`, `y`, `z`, `w`) values (603, 3, 1557614.375, -8611.9902, -6998588.5, 1.0);
INSERT INTO `region` (`region_id`, `level_name`, `tree`, `on_enter`, `on_exit`, `on_inside`) values (812, 'caspad', 'target', '(want-display ''atoll ''display)', '(want-display ''atoll #f)', '');
INSERT INTO `region_face` (`region_face_id`, `region_id`, `kind`, `flags`, `normal_x`, `normal_y`, `normal_z`, `normal_w`, `pos_x`, `pos_y`, `pos_z`, `pos_w`) values (604, 812, 'plane', '', 0.0, -1.0, 0.0, -149186.0, 1713119.875, 149186.0, -6363808.5, 117990.8281);
INSERT INTO `region_point` (`region_face_id`, `idx`, `x`, `y`, `z`, `w`) values (604, 0, 1663586.375, 149186.0, -6470898.5, 1.0);
INSERT INTO `region_point` (`region_face_id`, `idx`, `x`, `y`, `z`, `w`) values (604, 1, 1745513.375, 149186.0, -6470898.5, 1.0);
INSERT INTO `region_point` (`region_face_id`, `idx`, `x`, `y`, `z`, `w`) values (604, 2, 1652989.375, 149186.0, -6281828.5, 1.0);
INSERT INTO `region_point` (`region_face_id`, `idx`, `x`, `y`, `z`, `w`) values (604, 3, 1762653.375, 149186.0, -6256718.5, 1.0);
INSERT INTO `region` (`region_id`, `level_name`, `tree`, `on_enter`, `on_exit`, `on_inside`) values (553, 'caspad', 'target', '(begin (want-load ''caspad ''ctywide ''ctyport) (want-sound ''castle1 ''castle2 ''castle3))', '', '');
INSERT INTO `region_face` (`region_face_id`, `region_id`, `kind`, `flags`, `normal_x`, `normal_y`, `normal_z`, `normal_w`, `pos_x`, `pos_y`, `pos_z`, `pos_w`) values (605, 553, 'plane', '', 0.7086, 0.0, 0.7055, -3733156.75, 1207262.75, 157238.5, -6503723.5, 150846.3437);
INSERT INTO `region_point` (`region_face_id`, `idx`, `x`, `y`, `z`, `w`) values (605, 0, 1290162.125, 62638.0, -6586988.5, 1.0);
INSERT INTO `region_point` (`region_face_id`, `idx`, `x`, `y`, `z`, `w`) values (605, 1, 1290162.125, 251839.0, -6586988.5, 1.0);
INSERT INTO `region_point` (`region_face_id`, `idx`, `x`, `y`, `z`, `w`) values (605, 2, 1124363.375, 62638.0, -6420458.5, 1.0);
INSERT INTO `region_point` (`region_face_id`, `idx`, `x`, `y`, `z`, `w`) values (605, 3, 1124363.375, 251839.0, -6420458.5, 1.0);
INSERT INTO `region` (`region_id`, `level_name`, `tree`, `on_enter`, `on_exit`, `on_inside`) values (848, 'caspad', 'camera', '(when (send-event "cas-front-door-1" ''front) (talker-spawn "cityv020"))', '', '');
INSERT INTO `region_sphere` (`region_id`, `x`, `y`, `z`, `r`) values (848, 200175.375, 230812.0, -6880868.5, 185378.0);
INSERT INTO `region` (`region_id`, `level_name`, `tree`, `on_enter`, `on_exit`, `on_inside`) values (849, 'caspad', 'camera', '', '', '(setting-pers rain mode ''abs value 0.0000)');
INSERT INTO `region_sphere` (`region_id`, `x`, `y`, `z`, `r`) values (849, 1519345.375, 111081.0, -7091628.5, 469625.0);
INSERT INTO `region` (`region_id`, `level_name`, `tree`, `on_enter`, `on_exit`, `on_inside`) values (593, 'castle', 'target', '(want-load ''castle ''caspad #f #f #f)', '', '');
INSERT INTO `region_face` (`region_face_id`, `region_id`, `kind`, `flags`, `normal_x`, `normal_y`, `normal_z`, `normal_w`, `pos_x`, `pos_y`, `pos_z`, `pos_w`) values (606, 593, 'plane', '', -0.9999, 0.0, 0.0133, 718288.5, -811670.5625, 237563.0, -6974151.0, 35268.0078);
INSERT INTO `region_point` (`region_face_id`, `idx`, `x`, `y`, `z`, `w`) values (606, 0, -811963.5625, 265208.0, -6996048.5, 1.0);
INSERT INTO `region_point` (`region_face_id`, `idx`, `x`, `y`, `z`, `w`) values (606, 1, -811963.5625, 209918.0, -6996048.5, 1.0);
INSERT INTO `region_point` (`region_face_id`, `idx`, `x`, `y`, `z`, `w`) values (606, 2, -811377.5625, 265208.0, -6952253.5, 1.0);
INSERT INTO `region_point` (`region_face_id`, `idx`, `x`, `y`, `z`, `w`) values (606, 3, -811377.5625, 209918.0, -6952253.5, 1.0);
INSERT INTO `region` (`region_id`, `level_name`, `tree`, `on_enter`, `on_exit`, `on_inside`) values (595, 'castle', 'target', '(want-load ''castle ''casboss #f #f #f)', '', '');
INSERT INTO `region_face` (`region_face_id`, `region_id`, `kind`, `flags`, `normal_x`, `normal_y`, `normal_z`, `normal_w`, `pos_x`, `pos_y`, `pos_z`, `pos_w`) values (607, 595, 'plane', '', 0.9999, 0.0, -0.0133, -749440.375, -842823.5625, 237563.0, -6973946.0, 35268.0078);
INSERT INTO `region_point` (`region_face_id`, `idx`, `x`, `y`, `z`, `w`) values (607, 0, -843116.5625, 265208.0, -6995843.5, 1.0);
INSERT INTO `region_point` (`region_face_id`, `idx`, `x`, `y`, `z`, `w`) values (607, 1, -842530.5625, 265208.0, -6952049.0, 1.0);
INSERT INTO `region_point` (`region_face_id`, `idx`, `x`, `y`, `z`, `w`) values (607, 2, -843116.5625, 209918.0, -6995843.5, 1.0);
INSERT INTO `region_point` (`region_face_id`, `idx`, `x`, `y`, `z`, `w`) values (607, 3, -842530.5625, 209918.0, -6952049.0, 1.0);
INSERT INTO `region` (`region_id`, `level_name`, `tree`, `on_enter`, `on_exit`, `on_inside`) values (720, 'castle', 'target', '', '', '(setting-pers entity-name mode "camera-255")');
INSERT INTO `region_face` (`region_face_id`, `region_id`, `kind`, `flags`, `normal_x`, `normal_y`, `normal_z`, `normal_w`, `pos_x`, `pos_y`, `pos_z`, `pos_w`) values (608, 720, 'face', '', 0.0, 0.0, 1.0, -7505064.5, -539680.5625, 214789.0937, -7505064.5, 57926.121);
INSERT INTO `region_point` (`region_face_id`, `idx`, `x`, `y`, `z`, `w`) values (608, 0, -580640.5625, 173829.2031, -7505064.5, 1.0);
INSERT INTO `region_point` (`region_face_id`, `idx`, `x`, `y`, `z`, `w`) values (608, 1, -498720.5625, 173829.2031, -7505064.5, 1.0);
INSERT INTO `region_point` (`region_face_id`, `idx`, `x`, `y`, `z`, `w`) values (608, 2, -580640.5625, 255749.0, -7505064.5, 1.0);
INSERT INTO `region_point` (`region_face_id`, `idx`, `x`, `y`, `z`, `w`) values (608, 3, -498720.5625, 255749.0, -7505064.5, 1.0);
INSERT INTO `region_face` (`region_face_id`, `region_id`, `kind`, `flags`, `normal_x`, `normal_y`, `normal_z`, `normal_w`, `pos_x`, `pos_y`, `pos_z`, `pos_w`) values (609, 720, 'face', '', 1.0, 0.0, 0.0, -498720.5625, -498720.5625, 214789.0937, -7546024.5, 57926.121);
INSERT INTO `region_point` (`region_face_id`, `idx`, `x`, `y`, `z`, `w`) values (609, 0, -498720.5625, 173829.2031, -7586984.5, 1.0);
INSERT INTO `region_point` (`region_face_id`, `idx`, `x`, `y`, `z`, `w`) values (609, 1, -498720.5625, 255749.0, -7586984.5, 1.0);
INSERT INTO `region_point` (`region_face_id`, `idx`, `x`, `y`, `z`, `w`) values (609, 2, -498720.5625, 173829.2031, -7505064.5, 1.0);
INSERT INTO `region_point` (`region_face_id`, `idx`, `x`, `y`, `z`, `w`) values (609, 3, -498720.5625, 255749.0, -7505064.5, 1.0);
INSERT INTO `region_face` (`region_face_id`, `region_id`, `kind`, `flags`, `normal_x`, `normal_y`, `normal_z`, `normal_w`, `pos_x`, `pos_y`, `pos_z`, `pos_w`) values (610, 720, 'face', '', 0.0, 1.0, 0.0, 255749.0, -539680.5625, 255749.0, -7546024.5, 57926.1875);
INSERT INTO `region_point` (`region_face_id`, `idx`, `x`, `y`, `z`, `w`) values (610, 0, -580640.5625, 255749.0, -7586984.5, 1.0);
INSERT INTO `region_point` (`region_face_id`, `idx`, `x`, `y`, `z`, `w`) values (610, 1, -580640.5625, 255749.0, -7505064.5, 1.0);
INSERT INTO `region_point` (`region_face_id`, `idx`, `x`, `y`, `z`, `w`) values (610, 2, -498720.5625, 255749.0, -7586984.5, 1.0);
INSERT INTO `region_point` (`region_face_id`, `idx`, `x`, `y`, `z`, `w`) values (610, 3, -498720.5625, 255749.0, -7505064.5, 1.0);
INSERT INTO `region_face` (`region_face_id`, `region_id`, `kind`, `flags`, `normal_x`, `normal_y`, `normal_z`, `normal_w`, `pos_x`, `pos_y`, `pos_z`, `pos_w`) values (611, 720, 'face', '', 0.0, -1.0, 0.0, -173829.2031, -539680.5625, 173829.2031, -7546024.5, 57926.1875);
INSERT INTO `region_point` (`region_face_id`, `idx`, `x`, `y`, `z`, `w`) values (611, 0, -580640.5625, 173829.2031, -7586984.5, 1.0);
INSERT INTO `region_point` (`region_face_id`, `idx`, `x`, `y`, `z`, `w`) values (611, 1, -498720.5625, 173829.2031, -7586984.5, 1.0);
INSERT INTO `region_point` (`region_face_id`, `idx`, `x`, `y`, `z`, `w`) values (611, 2, -580640.5625, 173829.2031, -7505064.5, 1.0);
INSERT INTO `region_point` (`region_face_id`, `idx`, `x`, `y`, `z`, `w`) values (611, 3, -498720.5625, 173829.2031, -7505064.5, 1.0);
INSERT INTO `region_face` (`region_face_id`, `region_id`, `kind`, `flags`, `normal_x`, `normal_y`, `normal_z`, `normal_w`, `pos_x`, `pos_y`, `pos_z`, `pos_w`) values (612, 720, 'face', '', 0.0, 0.0, -1.0, 7586984.5, -539680.5625, 214789.0937, -7586984.5, 57926.121);
INSERT INTO `region_point` (`region_face_id`, `idx`, `x`, `y`, `z`, `w`) values (612, 0, -580640.5625, 173829.2031, -7586984.5, 1.0);
INSERT INTO `region_point` (`region_face_id`, `idx`, `x`, `y`, `z`, `w`) values (612, 1, -580640.5625, 255749.0, -7586984.5, 1.0);
INSERT INTO `region_point` (`region_face_id`, `idx`, `x`, `y`, `z`, `w`) values (612, 2, -498720.5625, 173829.2031, -7586984.5, 1.0);
INSERT INTO `region_point` (`region_face_id`, `idx`, `x`, `y`, `z`, `w`) values (612, 3, -498720.5625, 255749.0, -7586984.5, 1.0);
INSERT INTO `region_face` (`region_face_id`, `region_id`, `kind`, `flags`, `normal_x`, `normal_y`, `normal_z`, `normal_w`, `pos_x`, `pos_y`, `pos_z`, `pos_w`) values (613, 720, 'face', '', -1.0, 0.0, 0.0, 580640.5625, -580640.5625, 214789.0937, -7546024.5, 57926.121);
INSERT INTO `region_point` (`region_face_id`, `idx`, `x`, `y`, `z`, `w`) values (613, 0, -580640.5625, 173829.2031, -7586984.5, 1.0);
INSERT INTO `region_point` (`region_face_id`, `idx`, `x`, `y`, `z`, `w`) values (613, 1, -580640.5625, 173829.2031, -7505064.5, 1.0);
INSERT INTO `region_point` (`region_face_id`, `idx`, `x`, `y`, `z`, `w`) values (613, 2, -580640.5625, 255749.0, -7586984.5, 1.0);
INSERT INTO `region_point` (`region_face_id`, `idx`, `x`, `y`, `z`, `w`) values (613, 3, -580640.5625, 255749.0, -7505064.5, 1.0);
INSERT INTO `region` (`region_id`, `level_name`, `tree`, `on_enter`, `on_exit`, `on_inside`) values (739, 'castle', 'target', '', '', '(setting-pers string-max-height value (meters 7.0000))');
INSERT INTO `region_face` (`region_face_id`, `region_id`, `kind`, `flags`, `normal_x`, `normal_y`, `normal_z`, `normal_w`, `pos_x`, `pos_y`, `pos_z`, `pos_w`) values (614, 739, 'face', '', -0.0028, 0.0, 0.9999, -7076239.5, -711261.5625, 224401.1562, -7078310.5, 163930.8437);
INSERT INTO `region_point` (`region_face_id`, `idx`, `x`, `y`, `z`, `w`) values (614, 0, -854770.5625, 157014.0937, -7078722.5, 1.0);
INSERT INTO `region_point` (`region_face_id`, `idx`, `x`, `y`, `z`, `w`) values (614, 1, -567752.5625, 145165.2968, -7077898.5, 1.0);
INSERT INTO `region_point` (`region_face_id`, `idx`, `x`, `y`, `z`, `w`) values (614, 2, -854770.5625, 303637.0, -7078722.5, 1.0);
INSERT INTO `region_point` (`region_face_id`, `idx`, `x`, `y`, `z`, `w`) values (614, 3, -567752.5625, 291788.0, -7077898.5, 1.0);
INSERT INTO `region_face` (`region_face_id`, `region_id`, `kind`, `flags`, `normal_x`, `normal_y`, `normal_z`, `normal_w`, `pos_x`, `pos_y`, `pos_z`, `pos_w`) values (615, 739, 'face', '', 1.0, 0.0, 0.0, -567752.5625, -567752.5625, 218476.6562, -7118858.5, 83977.8359);
INSERT INTO `region_point` (`region_face_id`, `idx`, `x`, `y`, `z`, `w`) values (615, 0, -567752.5625, 145165.2968, -7159818.5, 1.0);
INSERT INTO `region_point` (`region_face_id`, `idx`, `x`, `y`, `z`, `w`) values (615, 1, -567752.5625, 291788.0, -7159818.5, 1.0);
INSERT INTO `region_point` (`region_face_id`, `idx`, `x`, `y`, `z`, `w`) values (615, 2, -567752.5625, 145165.2968, -7077898.5, 1.0);
INSERT INTO `region_point` (`region_face_id`, `idx`, `x`, `y`, `z`, `w`) values (615, 3, -567752.5625, 291788.0, -7077898.5, 1.0);
INSERT INTO `region_face` (`region_face_id`, `region_id`, `kind`, `flags`, `normal_x`, `normal_y`, `normal_z`, `normal_w`, `pos_x`, `pos_y`, `pos_z`, `pos_w`) values (616, 739, 'face', '', 0.0412, 0.9991, 0.0, 268121.0312, -711261.5625, 297712.5, -7119270.5, 149470.9843);
INSERT INTO `region_point` (`region_face_id`, `idx`, `x`, `y`, `z`, `w`) values (616, 0, -854770.5625, 303637.0, -7160642.5, 1.0);
INSERT INTO `region_point` (`region_face_id`, `idx`, `x`, `y`, `z`, `w`) values (616, 1, -854770.5625, 303637.0, -7078722.5, 1.0);
INSERT INTO `region_point` (`region_face_id`, `idx`, `x`, `y`, `z`, `w`) values (616, 2, -567752.5625, 291788.0, -7159818.5, 1.0);
INSERT INTO `region_point` (`region_face_id`, `idx`, `x`, `y`, `z`, `w`) values (616, 3, -567752.5625, 291788.0, -7077898.5, 1.0);
INSERT INTO `region_face` (`region_face_id`, `region_id`, `kind`, `flags`, `normal_x`, `normal_y`, `normal_z`, `normal_w`, `pos_x`, `pos_y`, `pos_z`, `pos_w`) values (617, 739, 'face', '', -0.0412, -0.9991, 0.0, -121623.5, -711261.5625, 151089.6875, -7119270.5, 149470.9843);
INSERT INTO `region_point` (`region_face_id`, `idx`, `x`, `y`, `z`, `w`) values (617, 0, -854770.5625, 157014.0937, -7160642.5, 1.0);
INSERT INTO `region_point` (`region_face_id`, `idx`, `x`, `y`, `z`, `w`) values (617, 1, -567752.5625, 145165.2968, -7159818.5, 1.0);
INSERT INTO `region_point` (`region_face_id`, `idx`, `x`, `y`, `z`, `w`) values (617, 2, -854770.5625, 157014.0937, -7078722.5, 1.0);
INSERT INTO `region_point` (`region_face_id`, `idx`, `x`, `y`, `z`, `w`) values (617, 3, -567752.5625, 145165.2968, -7077898.5, 1.0);
INSERT INTO `region_face` (`region_face_id`, `region_id`, `kind`, `flags`, `normal_x`, `normal_y`, `normal_z`, `normal_w`, `pos_x`, `pos_y`, `pos_z`, `pos_w`) values (618, 739, 'face', '', 0.0028, 0.0, -0.9999, 7158159.0, -711261.5625, 224401.1562, -7160230.5, 163930.8437);
INSERT INTO `region_point` (`region_face_id`, `idx`, `x`, `y`, `z`, `w`) values (618, 0, -854770.5625, 157014.0937, -7160642.5, 1.0);
INSERT INTO `region_point` (`region_face_id`, `idx`, `x`, `y`, `z`, `w`) values (618, 1, -854770.5625, 303637.0, -7160642.5, 1.0);
INSERT INTO `region_point` (`region_face_id`, `idx`, `x`, `y`, `z`, `w`) values (618, 2, -567752.5625, 145165.2968, -7159818.5, 1.0);
INSERT INTO `region_point` (`region_face_id`, `idx`, `x`, `y`, `z`, `w`) values (618, 3, -567752.5625, 291788.0, -7159818.5, 1.0);
INSERT INTO `region_face` (`region_face_id`, `region_id`, `kind`, `flags`, `normal_x`, `normal_y`, `normal_z`, `normal_w`, `pos_x`, `pos_y`, `pos_z`, `pos_w`) values (619, 739, 'face', '', -1.0, 0.0, 0.0, 854770.5625, -854770.5625, 230325.5468, -7119682.5, 83977.914);
INSERT INTO `region_point` (`region_face_id`, `idx`, `x`, `y`, `z`, `w`) values (619, 0, -854770.5625, 157014.0937, -7160642.5, 1.0);
INSERT INTO `region_point` (`region_face_id`, `idx`, `x`, `y`, `z`, `w`) values (619, 1, -854770.5625, 157014.0937, -7078722.5, 1.0);
INSERT INTO `region_point` (`region_face_id`, `idx`, `x`, `y`, `z`, `w`) values (619, 2, -854770.5625, 303637.0, -7160642.5, 1.0);
INSERT INTO `region_point` (`region_face_id`, `idx`, `x`, `y`, `z`, `w`) values (619, 3, -854770.5625, 303637.0, -7078722.5, 1.0);
INSERT INTO `region` (`region_id`, `level_name`, `tree`, `on_enter`, `on_exit`, `on_inside`) values (740, 'castle', 'target', '', '', '(setting-pers string-max-height value (meters 7.0000))');
INSERT INTO `region_face` (`region_face_id`, `region_id`, `kind`, `flags`, `normal_x`, `normal_y`, `normal_z`, `normal_w`, `pos_x`, `pos_y`, `pos_z`, `pos_w`) values (620, 740, 'face', '', 0.0, 0.0, 1.0, -6925170.0, -694611.0, 213431.0468, -6925158.5, 73372.5859);
INSERT INTO `region_point` (`region_face_id`, `idx`, `x`, `y`, `z`, `w`) values (620, 0, -755486.4375, 172471.0937, -6925157.5, 1.0);
INSERT INTO `region_point` (`region_face_id`, `idx`, `x`, `y`, `z`, `w`) values (620, 1, -633735.5625, 172471.0937, -6925159.5, 1.0);
INSERT INTO `region_point` (`region_face_id`, `idx`, `x`, `y`, `z`, `w`) values (620, 2, -755486.4375, 254391.0, -6925157.5, 1.0);
INSERT INTO `region_point` (`region_face_id`, `idx`, `x`, `y`, `z`, `w`) values (620, 3, -633735.5625, 254391.0, -6925159.5, 1.0);
INSERT INTO `region_face` (`region_face_id`, `region_id`, `kind`, `flags`, `normal_x`, `normal_y`, `normal_z`, `normal_w`, `pos_x`, `pos_y`, `pos_z`, `pos_w`) values (621, 740, 'face', '', 1.0, 0.0, 0.0, -633735.5625, -633735.5625, 213431.0468, -6966120.0, 57926.5078);
INSERT INTO `region_point` (`region_face_id`, `idx`, `x`, `y`, `z`, `w`) values (621, 0, -633735.5625, 172471.0937, -7007080.5, 1.0);
INSERT INTO `region_point` (`region_face_id`, `idx`, `x`, `y`, `z`, `w`) values (621, 1, -633735.5625, 254391.0, -7007080.5, 1.0);
INSERT INTO `region_point` (`region_face_id`, `idx`, `x`, `y`, `z`, `w`) values (621, 2, -633735.5625, 172471.0937, -6925159.5, 1.0);
INSERT INTO `region_point` (`region_face_id`, `idx`, `x`, `y`, `z`, `w`) values (621, 3, -633735.5625, 254391.0, -6925159.5, 1.0);
INSERT INTO `region_face` (`region_face_id`, `region_id`, `kind`, `flags`, `normal_x`, `normal_y`, `normal_z`, `normal_w`, `pos_x`, `pos_y`, `pos_z`, `pos_w`) values (622, 740, 'face', '', 0.0, 1.0, 0.0, 254391.0, -694611.0, 254391.0, -6966119.0, 73373.4531);
INSERT INTO `region_point` (`region_face_id`, `idx`, `x`, `y`, `z`, `w`) values (622, 0, -755486.4375, 254391.0, -7007080.5, 1.0);
INSERT INTO `region_point` (`region_face_id`, `idx`, `x`, `y`, `z`, `w`) values (622, 1, -755486.4375, 254391.0, -6925157.5, 1.0);
INSERT INTO `region_point` (`region_face_id`, `idx`, `x`, `y`, `z`, `w`) values (622, 2, -633735.5625, 254391.0, -7007080.5, 1.0);
INSERT INTO `region_point` (`region_face_id`, `idx`, `x`, `y`, `z`, `w`) values (622, 3, -633735.5625, 254391.0, -6925159.5, 1.0);
INSERT INTO `region_face` (`region_face_id`, `region_id`, `kind`, `flags`, `normal_x`, `normal_y`, `normal_z`, `normal_w`, `pos_x`, `pos_y`, `pos_z`, `pos_w`) values (623, 740, 'face', '', 0.0, -1.0, 0.0, -172471.0937, -694611.0, 172471.0937, -6966119.0, 73373.4531);
INSERT INTO `region_point` (`region_face_id`, `idx`, `x`, `y`, `z`, `w`) values (623, 0, -755486.4375, 172471.0937, -7007080.5, 1.0);
INSERT INTO `region_point` (`region_face_id`, `idx`, `x`, `y`, `z`, `w`) values (623, 1, -633735.5625, 172471.0937, -7007080.5, 1.0);
INSERT INTO `region_point` (`region_face_id`, `idx`, `x`, `y`, `z`, `w`) values (623, 2, -755486.4375, 172471.0937, -6925157.5, 1.0);
INSERT INTO `region_point` (`region_face_id`, `idx`, `x`, `y`, `z`, `w`) values (623, 3, -633735.5625, 172471.0937, -6925159.5, 1.0);
INSERT INTO `region_face` (`region_face_id`, `region_id`, `kind`, `flags`, `normal_x`, `normal_y`, `normal_z`, `normal_w`, `pos_x`, `pos_y`, `pos_z`, `pos_w`) values (624, 740, 'face', '', 0.0, 0.0, -1.0, 7007080.5, -694611.0, 213431.0468, -7007080.5, 73372.5859);
INSERT INTO `region_point` (`region_face_id`, `idx`, `x`, `y`, `z`, `w`) values (624, 0, -755486.4375, 172471.0937, -7007080.5, 1.0);
INSERT INTO `region_point` (`region_face_id`, `idx`, `x`, `y`, `z`, `w`) values (624, 1, -755486.4375, 254391.0, -7007080.5, 1.0);
INSERT INTO `region_point` (`region_face_id`, `idx`, `x`, `y`, `z`, `w`) values (624, 2, -633735.5625, 172471.0937, -7007080.5, 1.0);
INSERT INTO `region_point` (`region_face_id`, `idx`, `x`, `y`, `z`, `w`) values (624, 3, -633735.5625, 254391.0, -7007080.5, 1.0);
INSERT INTO `region_face` (`region_face_id`, `region_id`, `kind`, `flags`, `normal_x`, `normal_y`, `normal_z`, `normal_w`, `pos_x`, `pos_y`, `pos_z`, `pos_w`) values (625, 740, 'face', '', -1.0, 0.0, 0.0, 755486.4375, -755486.4375, 213431.0468, -6966119.0, 57927.2148);
INSERT INTO `region_point` (`region_face_id`, `idx`, `x`, `y`, `z`, `w`) values (625, 0, -755486.4375, 172471.0937, -7007080.5, 1.0);
INSERT INTO `region_point` (`region_face_id`, `idx`, `x`, `y`, `z`, `w`) values (625, 1, -755486.4375, 172471.0937, -6925157.5, 1.0);
INSERT INTO `region_point` (`region_face_id`, `idx`, `x`, `y`, `z`, `w`) values (625, 2, -755486.4375, 254391.0, -7007080.5, 1.0);
INSERT INTO `region_point` (`region_face_id`, `idx`, `x`, `y`, `z`, `w`) values (625, 3, -755486.4375, 254391.0, -6925157.5, 1.0);
INSERT INTO `region` (`region_id`, `level_name`, `tree`, `on_enter`, `on_exit`, `on_inside`) values (807, 'castle', 'target', '(want-continue "castle-midpoint")', '', '');
INSERT INTO `region_sphere` (`region_id`, `x`, `y`, `z`, `r`) values (807, -529812.5625, 196681.0937, -6971433.0, 40815.8984);
INSERT INTO `region` (`region_id`, `level_name`, `tree`, `on_enter`, `on_exit`, `on_inside`) values (594, 'castle', 'camera', '(want-display ''casboss ''display)', '', '');
INSERT INTO `region_face` (`region_face_id`, `region_id`, `kind`, `flags`, `normal_x`, `normal_y`, `normal_z`, `normal_w`, `pos_x`, `pos_y`, `pos_z`, `pos_w`) values (626, 594, 'plane', '', 0.0, 1.0, 0.0, 391779.0, -1434432.5, 391779.0, -7582550.5, 57926.1875);
INSERT INTO `region_point` (`region_face_id`, `idx`, `x`, `y`, `z`, `w`) values (626, 0, -1475392.5, 391779.0, -7623510.5, 1.0);
INSERT INTO `region_point` (`region_face_id`, `idx`, `x`, `y`, `z`, `w`) values (626, 1, -1475392.5, 391779.0, -7541590.5, 1.0);
INSERT INTO `region_point` (`region_face_id`, `idx`, `x`, `y`, `z`, `w`) values (626, 2, -1393472.5, 391779.0, -7623510.5, 1.0);
INSERT INTO `region_point` (`region_face_id`, `idx`, `x`, `y`, `z`, `w`) values (626, 3, -1393472.5, 391779.0, -7541590.5, 1.0);
INSERT INTO `region` (`region_id`, `level_name`, `tree`, `on_enter`, `on_exit`, `on_inside`) values (696, 'castle', 'camera', '(set! *cas-conveyor-room-id* 2)', '(set! *cas-conveyor-room-id* 1)', '');
INSERT INTO `region_face` (`region_face_id`, `region_id`, `kind`, `flags`, `normal_x`, `normal_y`, `normal_z`, `normal_w`, `pos_x`, `pos_y`, `pos_z`, `pos_w`) values (627, 696, 'plane', '', 0.009, 0.0, 0.9999, -7195989.5, -1088515.5, 340964.5, -7186476.5, 131357.875);
INSERT INTO `region_point` (`region_face_id`, `idx`, `x`, `y`, `z`, `w`) values (627, 0, -975504.5625, 274014.0, -7187494.5, 1.0);
INSERT INTO `region_point` (`region_face_id`, `idx`, `x`, `y`, `z`, `w`) values (627, 1, -975504.5625, 407915.0, -7187494.5, 1.0);
INSERT INTO `region_point` (`region_face_id`, `idx`, `x`, `y`, `z`, `w`) values (627, 2, -1201526.5, 274014.0, -7185458.5, 1.0);
INSERT INTO `region_point` (`region_face_id`, `idx`, `x`, `y`, `z`, `w`) values (627, 3, -1201526.5, 407915.0, -7185458.5, 1.0);
INSERT INTO `region` (`region_id`, `level_name`, `tree`, `on_enter`, `on_exit`, `on_inside`) values (694, 'castle', 'camera', '(set! *cas-conveyor-room-id* 1)', '(set! *cas-conveyor-room-id* 0)', '');
INSERT INTO `region_face` (`region_face_id`, `region_id`, `kind`, `flags`, `normal_x`, `normal_y`, `normal_z`, `normal_w`, `pos_x`, `pos_y`, `pos_z`, `pos_w`) values (628, 694, 'plane', '', 0.9999, 0.0, -0.0098, -794956.5625, -863541.5625, 237563.0, -6970049.0, 40644.6132);
INSERT INTO `region_point` (`region_face_id`, `idx`, `x`, `y`, `z`, `w`) values (628, 0, -863834.5625, 265208.0, -6999842.5, 1.0);
INSERT INTO `region_point` (`region_face_id`, `idx`, `x`, `y`, `z`, `w`) values (628, 1, -863248.5625, 265208.0, -6940256.0, 1.0);
INSERT INTO `region_point` (`region_face_id`, `idx`, `x`, `y`, `z`, `w`) values (628, 2, -863834.5625, 209918.0, -6999842.5, 1.0);
INSERT INTO `region_point` (`region_face_id`, `idx`, `x`, `y`, `z`, `w`) values (628, 3, -863248.5625, 209918.0, -6940256.0, 1.0);
INSERT INTO `region` (`region_id`, `level_name`, `tree`, `on_enter`, `on_exit`, `on_inside`) values (869, 'castle', 'camera', '', '(send-event "cas-rot-bridge-2" ''reset)', '');
INSERT INTO `region_face` (`region_face_id`, `region_id`, `kind`, `flags`, `normal_x`, `normal_y`, `normal_z`, `normal_w`, `pos_x`, `pos_y`, `pos_z`, `pos_w`) values (629, 869, 'plane', '', 0.1134, 0.0, 0.9935, -7390717.0, -1121841.0, 401968.5, -7310635.5, 122841.0781);
INSERT INTO `region_point` (`region_face_id`, `idx`, `x`, `y`, `z`, `w`) values (629, 0, -1215636.5, 480566.0, -7299922.5, 1.0);
INSERT INTO `region_point` (`region_face_id`, `idx`, `x`, `y`, `z`, `w`) values (629, 1, -1215636.5, 323371.0, -7299922.5, 1.0);
INSERT INTO `region_point` (`region_face_id`, `idx`, `x`, `y`, `z`, `w`) values (629, 2, -1028045.5625, 480566.0, -7321348.5, 1.0);
INSERT INTO `region_point` (`region_face_id`, `idx`, `x`, `y`, `z`, `w`) values (629, 3, -1028045.5625, 323371.0, -7321348.5, 1.0);
INSERT INTO `region` (`region_id`, `level_name`, `tree`, `on_enter`, `on_exit`, `on_inside`) values (874, 'castle', 'camera', '(want-vis ''castle)', '(want-vis ''caspad)', '');
INSERT INTO `region_face` (`region_face_id`, `region_id`, `kind`, `flags`, `normal_x`, `normal_y`, `normal_z`, `normal_w`, `pos_x`, `pos_y`, `pos_z`, `pos_w`) values (630, 874, 'plane', '', 0.9963, 0.0, 0.0857, -487577.375, 103619.4375, 246889.5, -6886846.0, 38016.8515);
INSERT INTO `region_point` (`region_face_id`, `idx`, `x`, `y`, `z`, `w`) values (630, 0, 101283.4375, 273419.0, -6859717.0, 1.0);
INSERT INTO `region_point` (`region_face_id`, `idx`, `x`, `y`, `z`, `w`) values (630, 1, 101283.4375, 220360.0, -6859717.0, 1.0);
INSERT INTO `region_point` (`region_face_id`, `idx`, `x`, `y`, `z`, `w`) values (630, 2, 105955.4375, 273419.0, -6913975.5, 1.0);
INSERT INTO `region_point` (`region_face_id`, `idx`, `x`, `y`, `z`, `w`) values (630, 3, 105955.4375, 220360.0, -6913975.5, 1.0);
INSERT INTO `region` (`region_id`, `level_name`, `tree`, `on_enter`, `on_exit`, `on_inside`) values (592, 'casboss', 'target', '', '', '(when (not (task-closed? "castle-boss-introduction")) (send-event "krew-boss-1" ''trigger))');
INSERT INTO `region_sphere` (`region_id`, `x`, `y`, `z`, `r`) values (592, -1253805.5, 1452394.0, -6942918.5, 65268.1015);
INSERT INTO `region` (`region_id`, `level_name`, `tree`, `on_enter`, `on_exit`, `on_inside`) values (733, 'casboss', 'target', '', '(want-display ''cascity ''display)', '');
INSERT INTO `region_face` (`region_face_id`, `region_id`, `kind`, `flags`, `normal_x`, `normal_y`, `normal_z`, `normal_w`, `pos_x`, `pos_y`, `pos_z`, `pos_w`) values (631, 733, 'plane', '', 0.0, 1.0, 0.0, 1434754.0, -1390240.0, 1434754.0, -6868277.5, 104549.0468);
INSERT INTO `region_point` (`region_face_id`, `idx`, `x`, `y`, `z`, `w`) values (631, 0, -1466265.5, 1434754.0, -6939206.5, 1.0);
INSERT INTO `region_point` (`region_face_id`, `idx`, `x`, `y`, `z`, `w`) values (631, 1, -1467048.5, 1434754.0, -6797348.0, 1.0);
INSERT INTO `region_point` (`region_face_id`, `idx`, `x`, `y`, `z`, `w`) values (631, 2, -1313431.5, 1434754.0, -6939206.5, 1.0);
INSERT INTO `region_point` (`region_face_id`, `idx`, `x`, `y`, `z`, `w`) values (631, 3, -1314214.5, 1434754.0, -6797348.0, 1.0);
INSERT INTO `region` (`region_id`, `level_name`, `tree`, `on_enter`, `on_exit`, `on_inside`) values (734, 'casboss', 'target', '', '(want-load ''casboss ''cascity)', '');
INSERT INTO `region_face` (`region_face_id`, `region_id`, `kind`, `flags`, `normal_x`, `normal_y`, `normal_z`, `normal_w`, `pos_x`, `pos_y`, `pos_z`, `pos_w`) values (632, 734, 'plane', '', 0.0, 1.0, 0.0, 427537.0, -1390240.0, 427537.0, -6868277.5, 104549.0468);
INSERT INTO `region_point` (`region_face_id`, `idx`, `x`, `y`, `z`, `w`) values (632, 0, -1466265.5, 427537.0, -6939206.5, 1.0);
INSERT INTO `region_point` (`region_face_id`, `idx`, `x`, `y`, `z`, `w`) values (632, 1, -1467048.5, 427537.0, -6797348.0, 1.0);
INSERT INTO `region_point` (`region_face_id`, `idx`, `x`, `y`, `z`, `w`) values (632, 2, -1313431.5, 427537.0, -6939206.5, 1.0);
INSERT INTO `region_point` (`region_face_id`, `idx`, `x`, `y`, `z`, `w`) values (632, 3, -1314214.5, 427537.0, -6797348.0, 1.0);
INSERT INTO `region` (`region_id`, `level_name`, `tree`, `on_enter`, `on_exit`, `on_inside`) values (779, 'casboss', 'target', '(when (and (task-closed? "castle-boss-introduction") (not (task-closed? "castle-boss-resolution"))) (begin (setting-pers string-max-height value (meters 9.0000)) (setting-pers string-max-length value (meters 15.0000)) (setting-pers string-min-length value (meters 13.0000)) (setting-pers string-min-height value (meters 14.0000))))', '', '(when (and (task-closed? "castle-boss-introduction") (not (task-closed? "castle-boss-resolution"))) (begin (setting-pers string-max-height value (meters 9.0000)) (setting-pers string-max-length value (meters 15.0000)) (setting-pers string-min-height value (meters 8.0000)) (setting-pers string-min-length value (meters 13.0000))))');
INSERT INTO `region_sphere` (`region_id`, `x`, `y`, `z`, `r`) values (779, -1165921.5, 1454694.0, -6875293.5, 198435.0);
INSERT INTO `region` (`region_id`, `level_name`, `tree`, `on_enter`, `on_exit`, `on_inside`) values (744, 'casboss', 'camera', '', '', '(setting-pers rain mode ''abs value 0.0000)');
INSERT INTO `region_sphere` (`region_id`, `x`, `y`, `z`, `r`) values (744, -1389038.5, 1483204.0, -6879868.5, 147497.0);
INSERT INTO `region` (`region_id`, `level_name`, `tree`, `on_enter`, `on_exit`, `on_inside`) values (323, 'ruins', 'target', '', '', '(sound-play-loop "ruins-amb-high")');
INSERT INTO `region_sphere` (`region_id`, `x`, `y`, `z`, `r`) values (323, 4658254.0, 89338.8984, -1715611.0, 172748.0);
INSERT INTO `region` (`region_id`, `level_name`, `tree`, `on_enter`, `on_exit`, `on_inside`) values (52, 'ruins', 'target', '(part-tracker "group-ruins-dirt-collapse")', '', '');
INSERT INTO `region_sphere` (`region_id`, `x`, `y`, `z`, `r`) values (52, 4331065.0, 246166.0, -1009706.0, 65048.0);
INSERT INTO `region` (`region_id`, `level_name`, `tree`, `on_enter`, `on_exit`, `on_inside`) values (57, 'ruins', 'target', '', '', '(setting-pers entity-name mode "camera-47")');
INSERT INTO `region_face` (`region_face_id`, `region_id`, `kind`, `flags`, `normal_x`, `normal_y`, `normal_z`, `normal_w`, `pos_x`, `pos_y`, `pos_z`, `pos_w`) values (633, 57, 'face', '', -0.8418, 0.0, 0.5396, -4346311.0, 4505582.0, 205910.0, -1024977.0, 142651.4843);
INSERT INTO `region_point` (`region_face_id`, `idx`, `x`, `y`, `z`, `w`) values (633, 0, 4433900.0, 153890.0, -1136803.0, 1.0);
INSERT INTO `region_point` (`region_face_id`, `idx`, `x`, `y`, `z`, `w`) values (633, 1, 4577264.0, 153894.0, -913152.0, 1.0);
INSERT INTO `region_point` (`region_face_id`, `idx`, `x`, `y`, `z`, `w`) values (633, 2, 4433900.0, 257929.0, -1136803.0, 1.0);
INSERT INTO `region_point` (`region_face_id`, `idx`, `x`, `y`, `z`, `w`) values (633, 3, 4577264.0, 257930.0, -913151.0, 1.0);
INSERT INTO `region_face` (`region_face_id`, `region_id`, `kind`, `flags`, `normal_x`, `normal_y`, `normal_z`, `normal_w`, `pos_x`, `pos_y`, `pos_z`, `pos_w`) values (634, 57, 'face', '', 0.0, -0.0, 1.0, -913153.5, 4618224.0, 205912.0, -913151.5, 66208.7187);
INSERT INTO `region_point` (`region_face_id`, `idx`, `x`, `y`, `z`, `w`) values (634, 0, 4659184.0, 153894.0, -913152.0, 1.0);
INSERT INTO `region_point` (`region_face_id`, `idx`, `x`, `y`, `z`, `w`) values (634, 1, 4659184.0, 257930.0, -913151.0, 1.0);
INSERT INTO `region_point` (`region_face_id`, `idx`, `x`, `y`, `z`, `w`) values (634, 2, 4577264.0, 153894.0, -913152.0, 1.0);
INSERT INTO `region_point` (`region_face_id`, `idx`, `x`, `y`, `z`, `w`) values (634, 3, 4577264.0, 257930.0, -913151.0, 1.0);
INSERT INTO `region_face` (`region_face_id`, `region_id`, `kind`, `flags`, `normal_x`, `normal_y`, `normal_z`, `normal_w`, `pos_x`, `pos_y`, `pos_z`, `pos_w`) values (635, 57, 'face', '', 0.0, 1.0, -0.0, 257938.9843, 4546542.0, 257929.5, -1024977.0, 158723.8906);
INSERT INTO `region_point` (`region_face_id`, `idx`, `x`, `y`, `z`, `w`) values (635, 0, 4665764.0, 257929.0, -1098772.0, 1.0);
INSERT INTO `region_point` (`region_face_id`, `idx`, `x`, `y`, `z`, `w`) values (635, 1, 4433900.0, 257929.0, -1136803.0, 1.0);
INSERT INTO `region_point` (`region_face_id`, `idx`, `x`, `y`, `z`, `w`) values (635, 2, 4659184.0, 257930.0, -913151.0, 1.0);
INSERT INTO `region_point` (`region_face_id`, `idx`, `x`, `y`, `z`, `w`) values (635, 3, 4577264.0, 257930.0, -913151.0, 1.0);
INSERT INTO `region_face` (`region_face_id`, `region_id`, `kind`, `flags`, `normal_x`, `normal_y`, `normal_z`, `normal_w`, `pos_x`, `pos_y`, `pos_z`, `pos_w`) values (636, 57, 'face', '', -0.0, -1.0, 0.0, -153958.7656, 4546542.0, 153892.0, -1024977.5, 158723.5468);
INSERT INTO `region_point` (`region_face_id`, `idx`, `x`, `y`, `z`, `w`) values (636, 0, 4665764.0, 153889.0, -1098772.0, 1.0);
INSERT INTO `region_point` (`region_face_id`, `idx`, `x`, `y`, `z`, `w`) values (636, 1, 4659184.0, 153894.0, -913152.0, 1.0);
INSERT INTO `region_point` (`region_face_id`, `idx`, `x`, `y`, `z`, `w`) values (636, 2, 4433900.0, 153890.0, -1136803.0, 1.0);
INSERT INTO `region_point` (`region_face_id`, `idx`, `x`, `y`, `z`, `w`) values (636, 3, 4577264.0, 153894.0, -913152.0, 1.0);
INSERT INTO `region_face` (`region_face_id`, `region_id`, `kind`, `flags`, `normal_x`, `normal_y`, `normal_z`, `normal_w`, `pos_x`, `pos_y`, `pos_z`, `pos_w`) values (637, 57, 'face', '', 0.9993, 0.0, 0.0354, 4623909.5, 4662474.0, 205909.5, -1005961.5, 106445.9765);
INSERT INTO `region_point` (`region_face_id`, `idx`, `x`, `y`, `z`, `w`) values (637, 0, 4665764.0, 153889.0, -1098772.0, 1.0);
INSERT INTO `region_point` (`region_face_id`, `idx`, `x`, `y`, `z`, `w`) values (637, 1, 4665764.0, 257929.0, -1098772.0, 1.0);
INSERT INTO `region_point` (`region_face_id`, `idx`, `x`, `y`, `z`, `w`) values (637, 2, 4659184.0, 153894.0, -913152.0, 1.0);
INSERT INTO `region_point` (`region_face_id`, `idx`, `x`, `y`, `z`, `w`) values (637, 3, 4659184.0, 257930.0, -913151.0, 1.0);
INSERT INTO `region_face` (`region_face_id`, `region_id`, `kind`, `flags`, `normal_x`, `normal_y`, `normal_z`, `normal_w`, `pos_x`, `pos_y`, `pos_z`, `pos_w`) values (638, 57, 'face', '', 0.1618, 0.0, -0.9868, 1839484.0, 4549832.0, 205909.0, -1117787.5, 128483.0625);
INSERT INTO `region_point` (`region_face_id`, `idx`, `x`, `y`, `z`, `w`) values (638, 0, 4665764.0, 153889.0, -1098772.0, 1.0);
INSERT INTO `region_point` (`region_face_id`, `idx`, `x`, `y`, `z`, `w`) values (638, 1, 4433900.0, 153890.0, -1136803.0, 1.0);
INSERT INTO `region_point` (`region_face_id`, `idx`, `x`, `y`, `z`, `w`) values (638, 2, 4665764.0, 257929.0, -1098772.0, 1.0);
INSERT INTO `region_point` (`region_face_id`, `idx`, `x`, `y`, `z`, `w`) values (638, 3, 4433900.0, 257929.0, -1136803.0, 1.0);
INSERT INTO `region` (`region_id`, `level_name`, `tree`, `on_enter`, `on_exit`, `on_inside`) values (62, 'ruins', 'target', '(want-load ''ruins ''sagehut #f)', '(want-load ''ruins ''sagehut #f)', '');
INSERT INTO `region_face` (`region_face_id`, `region_id`, `kind`, `flags`, `normal_x`, `normal_y`, `normal_z`, `normal_w`, `pos_x`, `pos_y`, `pos_z`, `pos_w`) values (639, 62, 'plane', '', 0.7676, 0.0, 0.6408, 2299175.25, 4583649.0, 111935.7031, -1902903.5, 54421.7851);
INSERT INTO `region_point` (`region_face_id`, `idx`, `x`, `y`, `z`, `w`) values (639, 0, 4605314.0, 154584.0, -1928855.0, 1.0);
INSERT INTO `region_point` (`region_face_id`, `idx`, `x`, `y`, `z`, `w`) values (639, 1, 4561984.0, 154584.0, -1876952.0, 1.0);
INSERT INTO `region_point` (`region_face_id`, `idx`, `x`, `y`, `z`, `w`) values (639, 2, 4605314.0, 69287.3984, -1928855.0, 1.0);
INSERT INTO `region_point` (`region_face_id`, `idx`, `x`, `y`, `z`, `w`) values (639, 3, 4561984.0, 69287.3984, -1876952.0, 1.0);
INSERT INTO `region` (`region_id`, `level_name`, `tree`, `on_enter`, `on_exit`, `on_inside`) values (63, 'ruins', 'target', '(want-load ''ruins ''sagehut #f)', '(want-load ''ruins ''sagehut #f)', '');
INSERT INTO `region_face` (`region_face_id`, `region_id`, `kind`, `flags`, `normal_x`, `normal_y`, `normal_z`, `normal_w`, `pos_x`, `pos_y`, `pos_z`, `pos_w`) values (640, 63, 'plane', '', 0.0116, 0.0, 0.9999, -1910273.125, 3453364.25, 78463.8515, -1950613.0, 41969.7812);
INSERT INTO `region_point` (`region_face_id`, `idx`, `x`, `y`, `z`, `w`) values (640, 0, 3482907.75, 108272.0, -1950957.0, 1.0);
INSERT INTO `region_point` (`region_face_id`, `idx`, `x`, `y`, `z`, `w`) values (640, 1, 3423820.75, 108272.0, -1950269.0, 1.0);
INSERT INTO `region_point` (`region_face_id`, `idx`, `x`, `y`, `z`, `w`) values (640, 2, 3482907.75, 48655.6992, -1950957.0, 1.0);
INSERT INTO `region_point` (`region_face_id`, `idx`, `x`, `y`, `z`, `w`) values (640, 3, 3423820.75, 48655.6992, -1950269.0, 1.0);
INSERT INTO `region` (`region_id`, `level_name`, `tree`, `on_enter`, `on_exit`, `on_inside`) values (64, 'ruins', 'target', '(want-display ''sagehut ''display)', '', '');
INSERT INTO `region_face` (`region_face_id`, `region_id`, `kind`, `flags`, `normal_x`, `normal_y`, `normal_z`, `normal_w`, `pos_x`, `pos_y`, `pos_z`, `pos_w`) values (641, 64, 'plane', '', -0.3169, 0.0, 0.9484, -3081207.75, 3453726.5, 72870.5468, -2094612.5, 40467.9921);
INSERT INTO `region_point` (`region_face_id`, `idx`, `x`, `y`, `z`, `w`) values (641, 0, 3484142.5, 97553.1015, -2084449.0, 1.0);
INSERT INTO `region_point` (`region_face_id`, `idx`, `x`, `y`, `z`, `w`) values (641, 1, 3423310.5, 97553.1015, -2104776.0, 1.0);
INSERT INTO `region_point` (`region_face_id`, `idx`, `x`, `y`, `z`, `w`) values (641, 2, 3484142.5, 48188.0, -2084449.0, 1.0);
INSERT INTO `region_point` (`region_face_id`, `idx`, `x`, `y`, `z`, `w`) values (641, 3, 3423310.5, 48188.0, -2104776.0, 1.0);
INSERT INTO `region` (`region_id`, `level_name`, `tree`, `on_enter`, `on_exit`, `on_inside`) values (74, 'ruins', 'target', '', '', '(setting-pers calm mode #t)');
INSERT INTO `region_face` (`region_face_id`, `region_id`, `kind`, `flags`, `normal_x`, `normal_y`, `normal_z`, `normal_w`, `pos_x`, `pos_y`, `pos_z`, `pos_w`) values (642, 74, 'face', '', 0.0, -1.0, 0.0, -230004.0, 4333012.0, 230004.0, -948060.125, 81915.7265);
INSERT INTO `region_point` (`region_face_id`, `idx`, `x`, `y`, `z`, `w`) values (642, 0, 4381255.0, 230004.0, -1009510.0, 1.0);
INSERT INTO `region_point` (`region_face_id`, `idx`, `x`, `y`, `z`, `w`) values (642, 1, 4380322.0, 230004.0, -947261.0, 1.0);
INSERT INTO `region_point` (`region_face_id`, `idx`, `x`, `y`, `z`, `w`) values (642, 2, 4251244.0, 230004.0, -952976.0, 1.0);
INSERT INTO `region_point` (`region_face_id`, `idx`, `x`, `y`, `z`, `w`) values (642, 3, 4300942.0, 230004.0, -885638.0, 1.0);
INSERT INTO `region_face` (`region_face_id`, `region_id`, `kind`, `flags`, `normal_x`, `normal_y`, `normal_z`, `normal_w`, `pos_x`, `pos_y`, `pos_z`, `pos_w`) values (643, 74, 'face', '', -0.3987, 0.0, -0.917, -821343.25, 4316249.5, 270964.0, -981243.0, 81868.5546);
INSERT INTO `region_point` (`region_face_id`, `idx`, `x`, `y`, `z`, `w`) values (643, 0, 4381255.0, 230004.0, -1009510.0, 1.0);
INSERT INTO `region_point` (`region_face_id`, `idx`, `x`, `y`, `z`, `w`) values (643, 1, 4251244.0, 230004.0, -952976.0, 1.0);
INSERT INTO `region_point` (`region_face_id`, `idx`, `x`, `y`, `z`, `w`) values (643, 2, 4381255.0, 311924.0, -1009510.0, 1.0);
INSERT INTO `region_point` (`region_face_id`, `idx`, `x`, `y`, `z`, `w`) values (643, 3, 4251244.0, 311923.0, -952976.0, 1.0);
INSERT INTO `region_face` (`region_face_id`, `region_id`, `kind`, `flags`, `normal_x`, `normal_y`, `normal_z`, `normal_w`, `pos_x`, `pos_y`, `pos_z`, `pos_w`) values (644, 74, 'face', '', 0.9998, 0.0, 0.0149, 4365634.0, 4380788.5, 270964.0, -978385.5, 51445.832);
INSERT INTO `region_point` (`region_face_id`, `idx`, `x`, `y`, `z`, `w`) values (644, 0, 4381255.0, 230004.0, -1009510.0, 1.0);
INSERT INTO `region_point` (`region_face_id`, `idx`, `x`, `y`, `z`, `w`) values (644, 1, 4381255.0, 311924.0, -1009510.0, 1.0);
INSERT INTO `region_point` (`region_face_id`, `idx`, `x`, `y`, `z`, `w`) values (644, 2, 4380322.0, 230004.0, -947261.0, 1.0);
INSERT INTO `region_point` (`region_face_id`, `idx`, `x`, `y`, `z`, `w`) values (644, 3, 4380322.0, 311924.0, -947261.0, 1.0);
INSERT INTO `region_face` (`region_face_id`, `region_id`, `kind`, `flags`, `normal_x`, `normal_y`, `normal_z`, `normal_w`, `pos_x`, `pos_y`, `pos_z`, `pos_w`) values (645, 74, 'face', '', -0.8045, 0.0, 0.5938, -3986432.75, 4276093.0, 270964.0, -919307.0, 58555.9218);
INSERT INTO `region_point` (`region_face_id`, `idx`, `x`, `y`, `z`, `w`) values (645, 0, 4251244.0, 230004.0, -952976.0, 1.0);
INSERT INTO `region_point` (`region_face_id`, `idx`, `x`, `y`, `z`, `w`) values (645, 1, 4300942.0, 230004.0, -885638.0, 1.0);
INSERT INTO `region_point` (`region_face_id`, `idx`, `x`, `y`, `z`, `w`) values (645, 2, 4251244.0, 311923.0, -952976.0, 1.0);
INSERT INTO `region_point` (`region_face_id`, `idx`, `x`, `y`, `z`, `w`) values (645, 3, 4300942.0, 311924.0, -885638.0, 1.0);
INSERT INTO `region_face` (`region_face_id`, `region_id`, `kind`, `flags`, `normal_x`, `normal_y`, `normal_z`, `normal_w`, `pos_x`, `pos_y`, `pos_z`, `pos_w`) values (646, 74, 'face', '', -0.0, 1.0, -0.0, 311890.1875, 4333012.0, 311923.9062, -948060.125, 81915.7265);
INSERT INTO `region_point` (`region_face_id`, `idx`, `x`, `y`, `z`, `w`) values (646, 0, 4381255.0, 311924.0, -1009510.0, 1.0);
INSERT INTO `region_point` (`region_face_id`, `idx`, `x`, `y`, `z`, `w`) values (646, 1, 4251244.0, 311923.0, -952976.0, 1.0);
INSERT INTO `region_point` (`region_face_id`, `idx`, `x`, `y`, `z`, `w`) values (646, 2, 4380322.0, 311924.0, -947261.0, 1.0);
INSERT INTO `region_point` (`region_face_id`, `idx`, `x`, `y`, `z`, `w`) values (646, 3, 4300942.0, 311924.0, -885638.0, 1.0);
INSERT INTO `region_face` (`region_face_id`, `region_id`, `kind`, `flags`, `normal_x`, `normal_y`, `normal_z`, `normal_w`, `pos_x`, `pos_y`, `pos_z`, `pos_w`) values (647, 74, 'face', '', 0.6132, 0.0, 0.7899, 1937822.0, 4340632.0, 270964.0, -916449.5, 64825.6601);
INSERT INTO `region_point` (`region_face_id`, `idx`, `x`, `y`, `z`, `w`) values (647, 0, 4380322.0, 230004.0, -947261.0, 1.0);
INSERT INTO `region_point` (`region_face_id`, `idx`, `x`, `y`, `z`, `w`) values (647, 1, 4380322.0, 311924.0, -947261.0, 1.0);
INSERT INTO `region_point` (`region_face_id`, `idx`, `x`, `y`, `z`, `w`) values (647, 2, 4300942.0, 230004.0, -885638.0, 1.0);
INSERT INTO `region_point` (`region_face_id`, `idx`, `x`, `y`, `z`, `w`) values (647, 3, 4300942.0, 311924.0, -885638.0, 1.0);
INSERT INTO `region` (`region_id`, `level_name`, `tree`, `on_enter`, `on_exit`, `on_inside`) values (82, 'ruins', 'target', '(send-event #<actor-group #<entity-actor :name flitter-54 @ #x2cc5d84> #<entity-actor :name flitter-55 @ #x2cc6064> #<entity-actor :name flitter-56 @ #x2cc6344> #<entity-actor :name flitter-57 @ #x2cc6624> @ #x2cb3de4> ''cue-chase)', '', '');
INSERT INTO `region_face` (`region_face_id`, `region_id`, `kind`, `flags`, `normal_x`, `normal_y`, `normal_z`, `normal_w`, `pos_x`, `pos_y`, `pos_z`, `pos_w`) values (648, 82, 'face', '', 0.0, -1.0, 0.0, 5807.35, 3498731.0, -5807.35, -1387770.75, 57925.9218);
INSERT INTO `region_point` (`region_face_id`, `idx`, `x`, `y`, `z`, `w`) values (648, 0, 3539691.0, -5807.35, -1428730.375, 1.0);
INSERT INTO `region_point` (`region_face_id`, `idx`, `x`, `y`, `z`, `w`) values (648, 1, 3539691.0, -5807.35, -1346811.25, 1.0);
INSERT INTO `region_point` (`region_face_id`, `idx`, `x`, `y`, `z`, `w`) values (648, 2, 3457771.0, -5807.35, -1428730.375, 1.0);
INSERT INTO `region_point` (`region_face_id`, `idx`, `x`, `y`, `z`, `w`) values (648, 3, 3457771.0, -5807.35, -1346811.25, 1.0);
INSERT INTO `region_face` (`region_face_id`, `region_id`, `kind`, `flags`, `normal_x`, `normal_y`, `normal_z`, `normal_w`, `pos_x`, `pos_y`, `pos_z`, `pos_w`) values (649, 82, 'face', '', 0.0, 0.0, -1.0, 1428730.375, 3498731.0, 35152.375, -1428730.375, 57925.996);
INSERT INTO `region_point` (`region_face_id`, `idx`, `x`, `y`, `z`, `w`) values (649, 0, 3539691.0, -5807.35, -1428730.375, 1.0);
INSERT INTO `region_point` (`region_face_id`, `idx`, `x`, `y`, `z`, `w`) values (649, 1, 3457771.0, -5807.35, -1428730.375, 1.0);
INSERT INTO `region_point` (`region_face_id`, `idx`, `x`, `y`, `z`, `w`) values (649, 2, 3539691.0, 76112.1015, -1428730.375, 1.0);
INSERT INTO `region_point` (`region_face_id`, `idx`, `x`, `y`, `z`, `w`) values (649, 3, 3457771.0, 76112.1015, -1428730.375, 1.0);
INSERT INTO `region_face` (`region_face_id`, `region_id`, `kind`, `flags`, `normal_x`, `normal_y`, `normal_z`, `normal_w`, `pos_x`, `pos_y`, `pos_z`, `pos_w`) values (650, 82, 'face', '', 1.0, 0.0, 0.0, 3539691.0, 3539691.0, 35152.375, -1387770.75, 57925.7304);
INSERT INTO `region_point` (`region_face_id`, `idx`, `x`, `y`, `z`, `w`) values (650, 0, 3539691.0, -5807.35, -1428730.375, 1.0);
INSERT INTO `region_point` (`region_face_id`, `idx`, `x`, `y`, `z`, `w`) values (650, 1, 3539691.0, 76112.1015, -1428730.375, 1.0);
INSERT INTO `region_point` (`region_face_id`, `idx`, `x`, `y`, `z`, `w`) values (650, 2, 3539691.0, -5807.35, -1346811.25, 1.0);
INSERT INTO `region_point` (`region_face_id`, `idx`, `x`, `y`, `z`, `w`) values (650, 3, 3539691.0, 76112.1015, -1346811.25, 1.0);
INSERT INTO `region_face` (`region_face_id`, `region_id`, `kind`, `flags`, `normal_x`, `normal_y`, `normal_z`, `normal_w`, `pos_x`, `pos_y`, `pos_z`, `pos_w`) values (651, 82, 'face', '', -1.0, 0.0, 0.0, -3457771.0, 3457771.0, 35152.375, -1387770.75, 57925.7304);
INSERT INTO `region_point` (`region_face_id`, `idx`, `x`, `y`, `z`, `w`) values (651, 0, 3457771.0, -5807.35, -1428730.375, 1.0);
INSERT INTO `region_point` (`region_face_id`, `idx`, `x`, `y`, `z`, `w`) values (651, 1, 3457771.0, -5807.35, -1346811.25, 1.0);
INSERT INTO `region_point` (`region_face_id`, `idx`, `x`, `y`, `z`, `w`) values (651, 2, 3457771.0, 76112.1015, -1428730.375, 1.0);
INSERT INTO `region_point` (`region_face_id`, `idx`, `x`, `y`, `z`, `w`) values (651, 3, 3457771.0, 76112.1015, -1346811.25, 1.0);
INSERT INTO `region_face` (`region_face_id`, `region_id`, `kind`, `flags`, `normal_x`, `normal_y`, `normal_z`, `normal_w`, `pos_x`, `pos_y`, `pos_z`, `pos_w`) values (652, 82, 'face', '', 0.0, 1.0, 0.0, 76112.1015, 3498731.0, 76112.1015, -1387770.75, 57925.9218);
INSERT INTO `region_point` (`region_face_id`, `idx`, `x`, `y`, `z`, `w`) values (652, 0, 3539691.0, 76112.1015, -1428730.375, 1.0);
INSERT INTO `region_point` (`region_face_id`, `idx`, `x`, `y`, `z`, `w`) values (652, 1, 3457771.0, 76112.1015, -1428730.375, 1.0);
INSERT INTO `region_point` (`region_face_id`, `idx`, `x`, `y`, `z`, `w`) values (652, 2, 3539691.0, 76112.1015, -1346811.25, 1.0);
INSERT INTO `region_point` (`region_face_id`, `idx`, `x`, `y`, `z`, `w`) values (652, 3, 3457771.0, 76112.1015, -1346811.25, 1.0);
INSERT INTO `region_face` (`region_face_id`, `region_id`, `kind`, `flags`, `normal_x`, `normal_y`, `normal_z`, `normal_w`, `pos_x`, `pos_y`, `pos_z`, `pos_w`) values (653, 82, 'face', '', 0.0, 0.0, 1.0, -1346811.25, 3498731.0, 35152.375, -1346811.25, 57925.996);
INSERT INTO `region_point` (`region_face_id`, `idx`, `x`, `y`, `z`, `w`) values (653, 0, 3539691.0, -5807.35, -1346811.25, 1.0);
INSERT INTO `region_point` (`region_face_id`, `idx`, `x`, `y`, `z`, `w`) values (653, 1, 3539691.0, 76112.1015, -1346811.25, 1.0);
INSERT INTO `region_point` (`region_face_id`, `idx`, `x`, `y`, `z`, `w`) values (653, 2, 3457771.0, -5807.35, -1346811.25, 1.0);
INSERT INTO `region_point` (`region_face_id`, `idx`, `x`, `y`, `z`, `w`) values (653, 3, 3457771.0, 76112.1015, -1346811.25, 1.0);
INSERT INTO `region` (`region_id`, `level_name`, `tree`, `on_enter`, `on_exit`, `on_inside`) values (84, 'ruins', 'target', '(send-event #<actor-group #<entity-actor :name grunt-68 @ #x2ccbd04> #<entity-actor :name grunt-69 @ #x2ccc034> #<entity-actor :name grunt-70 @ #x2ccc364> #<entity-actor :name grunt-71 @ #x2ccc694> @ #x2cb3ec4> ''cue-chase)', '', '');
INSERT INTO `region_face` (`region_face_id`, `region_id`, `kind`, `flags`, `normal_x`, `normal_y`, `normal_z`, `normal_w`, `pos_x`, `pos_y`, `pos_z`, `pos_w`) values (654, 84, 'face', '', 0.0, -1.0, 0.0, -59603.1992, 4556299.0, 59603.1992, -1593173.5, 75221.5546);
INSERT INTO `region_point` (`region_face_id`, `idx`, `x`, `y`, `z`, `w`) values (654, 0, 4621104.0, 59603.1992, -1579795.0, 1.0);
INSERT INTO `region_point` (`region_face_id`, `idx`, `x`, `y`, `z`, `w`) values (654, 1, 4573974.0, 59603.1992, -1520058.0, 1.0);
INSERT INTO `region_point` (`region_face_id`, `idx`, `x`, `y`, `z`, `w`) values (654, 2, 4538624.0, 59603.1992, -1666289.0, 1.0);
INSERT INTO `region_point` (`region_face_id`, `idx`, `x`, `y`, `z`, `w`) values (654, 3, 4496154.0, 59603.1992, -1590501.0, 1.0);
INSERT INTO `region_face` (`region_face_id`, `region_id`, `kind`, `flags`, `normal_x`, `normal_y`, `normal_z`, `normal_w`, `pos_x`, `pos_y`, `pos_z`, `pos_w`) values (655, 84, 'face', '', 0.7237, 0.0, -0.6901, 4434533.0, 4579864.0, 100563.1015, -1623042.0, 72448.289);
INSERT INTO `region_point` (`region_face_id`, `idx`, `x`, `y`, `z`, `w`) values (655, 0, 4621104.0, 59603.1992, -1579795.0, 1.0);
INSERT INTO `region_point` (`region_face_id`, `idx`, `x`, `y`, `z`, `w`) values (655, 1, 4538624.0, 59603.1992, -1666289.0, 1.0);
INSERT INTO `region_point` (`region_face_id`, `idx`, `x`, `y`, `z`, `w`) values (655, 2, 4621104.0, 141523.0, -1579795.0, 1.0);
INSERT INTO `region_point` (`region_face_id`, `idx`, `x`, `y`, `z`, `w`) values (655, 3, 4538624.0, 141523.0, -1666289.0, 1.0);
INSERT INTO `region_face` (`region_face_id`, `region_id`, `kind`, `flags`, `normal_x`, `normal_y`, `normal_z`, `normal_w`, `pos_x`, `pos_y`, `pos_z`, `pos_w`) values (656, 84, 'face', '', 0.785, 0.0, 0.6193, 2649417.25, 4597539.0, 100563.1015, -1549926.5, 55903.0429);
INSERT INTO `region_point` (`region_face_id`, `idx`, `x`, `y`, `z`, `w`) values (656, 0, 4621104.0, 59603.1992, -1579795.0, 1.0);
INSERT INTO `region_point` (`region_face_id`, `idx`, `x`, `y`, `z`, `w`) values (656, 1, 4621104.0, 141523.0, -1579795.0, 1.0);
INSERT INTO `region_point` (`region_face_id`, `idx`, `x`, `y`, `z`, `w`) values (656, 2, 4573974.0, 59603.1992, -1520058.0, 1.0);
INSERT INTO `region_point` (`region_face_id`, `idx`, `x`, `y`, `z`, `w`) values (656, 3, 4573974.0, 141523.0, -1520058.0, 1.0);
INSERT INTO `region_face` (`region_face_id`, `region_id`, `kind`, `flags`, `normal_x`, `normal_y`, `normal_z`, `normal_w`, `pos_x`, `pos_y`, `pos_z`, `pos_w`) values (657, 84, 'face', '', -0.8723, 0.0, -0.4888, -3144763.25, 4517389.0, 100563.1015, -1628395.0, 59704.2226);
INSERT INTO `region_point` (`region_face_id`, `idx`, `x`, `y`, `z`, `w`) values (657, 0, 4538624.0, 59603.1992, -1666289.0, 1.0);
INSERT INTO `region_point` (`region_face_id`, `idx`, `x`, `y`, `z`, `w`) values (657, 1, 4496154.0, 59603.1992, -1590501.0, 1.0);
INSERT INTO `region_point` (`region_face_id`, `idx`, `x`, `y`, `z`, `w`) values (657, 2, 4538624.0, 141523.0, -1666289.0, 1.0);
INSERT INTO `region_point` (`region_face_id`, `idx`, `x`, `y`, `z`, `w`) values (657, 3, 4496154.0, 141523.0, -1590501.0, 1.0);
INSERT INTO `region_face` (`region_face_id`, `region_id`, `kind`, `flags`, `normal_x`, `normal_y`, `normal_z`, `normal_w`, `pos_x`, `pos_y`, `pos_z`, `pos_w`) values (658, 84, 'face', '', 0.0, 1.0, 0.0, 141523.0, 4556299.0, 141523.0, -1593173.5, 75221.5546);
INSERT INTO `region_point` (`region_face_id`, `idx`, `x`, `y`, `z`, `w`) values (658, 0, 4621104.0, 141523.0, -1579795.0, 1.0);
INSERT INTO `region_point` (`region_face_id`, `idx`, `x`, `y`, `z`, `w`) values (658, 1, 4538624.0, 141523.0, -1666289.0, 1.0);
INSERT INTO `region_point` (`region_face_id`, `idx`, `x`, `y`, `z`, `w`) values (658, 2, 4573974.0, 141523.0, -1520058.0, 1.0);
INSERT INTO `region_point` (`region_face_id`, `idx`, `x`, `y`, `z`, `w`) values (658, 3, 4496154.0, 141523.0, -1590501.0, 1.0);
INSERT INTO `region_face` (`region_face_id`, `region_id`, `kind`, `flags`, `normal_x`, `normal_y`, `normal_z`, `normal_w`, `pos_x`, `pos_y`, `pos_z`, `pos_w`) values (659, 84, 'face', '', -0.671, 0.0, 0.7413, -4196494.0, 4535064.0, 100563.1015, -1555279.5, 66575.1875);
INSERT INTO `region_point` (`region_face_id`, `idx`, `x`, `y`, `z`, `w`) values (659, 0, 4573974.0, 59603.1992, -1520058.0, 1.0);
INSERT INTO `region_point` (`region_face_id`, `idx`, `x`, `y`, `z`, `w`) values (659, 1, 4573974.0, 141523.0, -1520058.0, 1.0);
INSERT INTO `region_point` (`region_face_id`, `idx`, `x`, `y`, `z`, `w`) values (659, 2, 4496154.0, 59603.1992, -1590501.0, 1.0);
INSERT INTO `region_point` (`region_face_id`, `idx`, `x`, `y`, `z`, `w`) values (659, 3, 4496154.0, 141523.0, -1590501.0, 1.0);
INSERT INTO `region` (`region_id`, `level_name`, `tree`, `on_enter`, `on_exit`, `on_inside`) values (85, 'ruins', 'target', '(unless (task-closed? "ruins-tower-resolution") (want-continue "ruins-tower"))', '', '');
INSERT INTO `region_face` (`region_face_id`, `region_id`, `kind`, `flags`, `normal_x`, `normal_y`, `normal_z`, `normal_w`, `pos_x`, `pos_y`, `pos_z`, `pos_w`) values (660, 85, 'plane', '', -0.9997, 0.0, -0.0234, -4157675.5, 4183325.5, 119754.1015, -1045498.5, 78832.1953);
INSERT INTO `region_point` (`region_face_id`, `idx`, `x`, `y`, `z`, `w`) values (660, 0, 4184648.0, 174798.0, -1101916.0, 1.0);
INSERT INTO `region_point` (`region_face_id`, `idx`, `x`, `y`, `z`, `w`) values (660, 1, 4184648.0, 64710.1992, -1101916.0, 1.0);
INSERT INTO `region_point` (`region_face_id`, `idx`, `x`, `y`, `z`, `w`) values (660, 2, 4182003.0, 174798.0, -989081.0, 1.0);
INSERT INTO `region_point` (`region_face_id`, `idx`, `x`, `y`, `z`, `w`) values (660, 3, 4182003.0, 64710.1992, -989081.0, 1.0);
INSERT INTO `region` (`region_id`, `level_name`, `tree`, `on_enter`, `on_exit`, `on_inside`) values (86, 'ruins', 'target', '(unless (task-closed? "ruins-tower-resolution") (endlessfall))', '', '');
INSERT INTO `region_face` (`region_face_id`, `region_id`, `kind`, `flags`, `normal_x`, `normal_y`, `normal_z`, `normal_w`, `pos_x`, `pos_y`, `pos_z`, `pos_w`) values (661, 86, 'plane', '', -0.0, 1.0, 0.0, 55890.4335, 4417011.0, 55891.0976, -990121.5, 330315.7812);
INSERT INTO `region_point` (`region_face_id`, `idx`, `x`, `y`, `z`, `w`) values (661, 0, 4679544.0, 55891.1992, -1178408.0, 1.0);
INSERT INTO `region_point` (`region_face_id`, `idx`, `x`, `y`, `z`, `w`) values (661, 1, 4187388.0, 55891.1992, -1227570.0, 1.0);
INSERT INTO `region_point` (`region_face_id`, `idx`, `x`, `y`, `z`, `w`) values (661, 2, 4646634.0, 55891.0, -752673.0, 1.0);
INSERT INTO `region_point` (`region_face_id`, `idx`, `x`, `y`, `z`, `w`) values (661, 3, 4154481.0, 55891.0, -801835.0, 1.0);
INSERT INTO `region` (`region_id`, `level_name`, `tree`, `on_enter`, `on_exit`, `on_inside`) values (639, 'ruins', 'target', '(unless (task-closed? "ruins-tower-resolution") (endlessfall))', '', '');
INSERT INTO `region_face` (`region_face_id`, `region_id`, `kind`, `flags`, `normal_x`, `normal_y`, `normal_z`, `normal_w`, `pos_x`, `pos_y`, `pos_z`, `pos_w`) values (662, 639, 'plane', '', 0.0, 1.0, 0.0, 101679.0, 4515940.0, 101679.0, -1025500.5, 302083.375);
INSERT INTO `region_point` (`region_face_id`, `idx`, `x`, `y`, `z`, `w`) values (662, 0, 4721284.0, 101679.0, -1189260.0, 1.0);
INSERT INTO `region_point` (`region_face_id`, `idx`, `x`, `y`, `z`, `w`) values (662, 1, 4352398.0, 101679.0, -1231065.0, 1.0);
INSERT INTO `region_point` (`region_face_id`, `idx`, `x`, `y`, `z`, `w`) values (662, 2, 4737294.0, 101679.0, -905526.0, 1.0);
INSERT INTO `region_point` (`region_face_id`, `idx`, `x`, `y`, `z`, `w`) values (662, 3, 4294586.0, 101679.0, -819936.0, 1.0);
INSERT INTO `region` (`region_id`, `level_name`, `tree`, `on_enter`, `on_exit`, `on_inside`) values (136, 'ruins', 'target', '(want-load ''ruins ''sagehut #f)', '', '');
INSERT INTO `region_face` (`region_face_id`, `region_id`, `kind`, `flags`, `normal_x`, `normal_y`, `normal_z`, `normal_w`, `pos_x`, `pos_y`, `pos_z`, `pos_w`) values (663, 136, 'plane', '', -0.9996, 0.0, 0.0257, -4055864.0, 4031139.5, 97449.4531, -1012393.5, 102609.2187);
INSERT INTO `region_point` (`region_face_id`, `idx`, `x`, `y`, `z`, `w`) values (663, 0, 4028849.0, 148546.0, -1101346.0, 1.0);
INSERT INTO `region_point` (`region_face_id`, `idx`, `x`, `y`, `z`, `w`) values (663, 1, 4028849.0, 46352.8984, -1101346.0, 1.0);
INSERT INTO `region_point` (`region_face_id`, `idx`, `x`, `y`, `z`, `w`) values (663, 2, 4033430.0, 148546.0, -923441.0, 1.0);
INSERT INTO `region_point` (`region_face_id`, `idx`, `x`, `y`, `z`, `w`) values (663, 3, 4033430.0, 46352.8984, -923441.0, 1.0);
INSERT INTO `region` (`region_id`, `level_name`, `tree`, `on_enter`, `on_exit`, `on_inside`) values (137, 'ruins', 'target', '(want-load ''ruins ''ctyslumb #f)', '', '');
INSERT INTO `region_face` (`region_face_id`, `region_id`, `kind`, `flags`, `normal_x`, `normal_y`, `normal_z`, `normal_w`, `pos_x`, `pos_y`, `pos_z`, `pos_w`) values (664, 137, 'plane', '', -0.1208, 0.0, 0.9926, -1384699.25, 3614132.25, 102713.4921, -955001.5, 267273.7812);
INSERT INTO `region_point` (`region_face_id`, `idx`, `x`, `y`, `z`, `w`) values (664, 0, 3856238.0, 212037.0, -925532.0, 1.0);
INSERT INTO `region_point` (`region_face_id`, `idx`, `x`, `y`, `z`, `w`) values (664, 1, 3372026.5, 212037.0, -984471.0, 1.0);
INSERT INTO `region_point` (`region_face_id`, `idx`, `x`, `y`, `z`, `w`) values (664, 2, 3856238.0, -6610.02, -925532.0, 1.0);
INSERT INTO `region_point` (`region_face_id`, `idx`, `x`, `y`, `z`, `w`) values (664, 3, 3372026.5, -6610.02, -984471.0, 1.0);
INSERT INTO `region` (`region_id`, `level_name`, `tree`, `on_enter`, `on_exit`, `on_inside`) values (454, 'ruins', 'target', '(unless (task-closed? "ruins-mech-introduction") (want-continue "ruins-tower-end"))', '', '');
INSERT INTO `region_face` (`region_face_id`, `region_id`, `kind`, `flags`, `normal_x`, `normal_y`, `normal_z`, `normal_w`, `pos_x`, `pos_y`, `pos_z`, `pos_w`) values (665, 454, 'plane', '', -0.3478, 0.0, 0.9375, -2512385.5, 4616314.0, 217594.0, -966854.5, 68943.2031);
INSERT INTO `region_point` (`region_face_id`, `idx`, `x`, `y`, `z`, `w`) values (665, 0, 4577394.0, 272638.0, -981296.0, 1.0);
INSERT INTO `region_point` (`region_face_id`, `idx`, `x`, `y`, `z`, `w`) values (665, 1, 4577394.0, 162550.0, -981296.0, 1.0);
INSERT INTO `region_point` (`region_face_id`, `idx`, `x`, `y`, `z`, `w`) values (665, 2, 4655234.0, 272638.0, -952413.0, 1.0);
INSERT INTO `region_point` (`region_face_id`, `idx`, `x`, `y`, `z`, `w`) values (665, 3, 4655234.0, 162550.0, -952413.0, 1.0);
INSERT INTO `region` (`region_id`, `level_name`, `tree`, `on_enter`, `on_exit`, `on_inside`) values (562, 'ruins', 'target', '(when (and (task-closed? "ruins-mech-introduction") (not (task-closed? "ruins-mech-resolution"))) (scene-play "ruins-get-to-hut-res"))', '', '');
INSERT INTO `region_sphere` (`region_id`, `x`, `y`, `z`, `r`) values (562, 4258748.0, 174014.0, -2206342.0, 46187.6015);
INSERT INTO `region` (`region_id`, `level_name`, `tree`, `on_enter`, `on_exit`, `on_inside`) values (828, 'ruins', 'target', '(when (focus-test? *target* mech) (task-close! "ruins-mech-move-block-1"))', '', '');
INSERT INTO `region_face` (`region_face_id`, `region_id`, `kind`, `flags`, `normal_x`, `normal_y`, `normal_z`, `normal_w`, `pos_x`, `pos_y`, `pos_z`, `pos_w`) values (666, 828, 'plane', '', 0.7399, 0.0, 0.6726, 1318214.5, 3476888.5, 67610.3984, -1865123.5, 63009.2109);
INSERT INTO `region_point` (`region_face_id`, `idx`, `x`, `y`, `z`, `w`) values (666, 0, 3442014.5, 31803.8007, -1826759.0, 1.0);
INSERT INTO `region_point` (`region_face_id`, `idx`, `x`, `y`, `z`, `w`) values (666, 1, 3511762.75, 31803.8007, -1903488.0, 1.0);
INSERT INTO `region_point` (`region_face_id`, `idx`, `x`, `y`, `z`, `w`) values (666, 2, 3442014.5, 103417.0, -1826759.0, 1.0);
INSERT INTO `region_point` (`region_face_id`, `idx`, `x`, `y`, `z`, `w`) values (666, 3, 3511762.75, 103417.0, -1903488.0, 1.0);
INSERT INTO `region` (`region_id`, `level_name`, `tree`, `on_enter`, `on_exit`, `on_inside`) values (829, 'ruins', 'target', '(when (focus-test? *target* mech) (talker-spawn "ds114"))', '', '');
INSERT INTO `region_face` (`region_face_id`, `region_id`, `kind`, `flags`, `normal_x`, `normal_y`, `normal_z`, `normal_w`, `pos_x`, `pos_y`, `pos_z`, `pos_w`) values (667, 829, 'plane', '', -0.0456, 0.0, 0.9989, -2216116.75, 3464640.25, 67610.2968, -2060177.5, 63911.2343);
INSERT INTO `region_point` (`region_face_id`, `idx`, `x`, `y`, `z`, `w`) values (667, 0, 3411756.5, 31803.5996, -2062593.0, 1.0);
INSERT INTO `region_point` (`region_face_id`, `idx`, `x`, `y`, `z`, `w`) values (667, 1, 3517524.0, 31803.5996, -2057762.0, 1.0);
INSERT INTO `region_point` (`region_face_id`, `idx`, `x`, `y`, `z`, `w`) values (667, 2, 3411756.5, 103417.0, -2062593.0, 1.0);
INSERT INTO `region_point` (`region_face_id`, `idx`, `x`, `y`, `z`, `w`) values (667, 3, 3517524.0, 103417.0, -2057762.0, 1.0);
INSERT INTO `region` (`region_id`, `level_name`, `tree`, `on_enter`, `on_exit`, `on_inside`) values (324, 'ruins', 'camera', '', '', '(sound-play-loop "ruins-amb-low")');
INSERT INTO `region_sphere` (`region_id`, `x`, `y`, `z`, `r`) values (324, 3901031.0, 174.9929, -1584474.0, 723548.0);
INSERT INTO `region` (`region_id`, `level_name`, `tree`, `on_enter`, `on_exit`, `on_inside`) values (58, 'ruins', 'camera', '', '', '');
INSERT INTO `region_face` (`region_face_id`, `region_id`, `kind`, `flags`, `normal_x`, `normal_y`, `normal_z`, `normal_w`, `pos_x`, `pos_y`, `pos_z`, `pos_w`) values (668, 58, 'face', '', -0.9208, 0.0, -0.3899, -3682929.75, 4366070.5, 179286.5, -865828.5, 60323.9414);
INSERT INTO `region_point` (`region_face_id`, `idx`, `x`, `y`, `z`, `w`) values (668, 0, 4383338.0, 138327.0, -906610.0, 1.0);
INSERT INTO `region_point` (`region_face_id`, `idx`, `x`, `y`, `z`, `w`) values (668, 1, 4348803.0, 138327.0, -825047.0, 1.0);
INSERT INTO `region_point` (`region_face_id`, `idx`, `x`, `y`, `z`, `w`) values (668, 2, 4383338.0, 220246.0, -906610.0, 1.0);
INSERT INTO `region_point` (`region_face_id`, `idx`, `x`, `y`, `z`, `w`) values (668, 3, 4348803.0, 220246.0, -825047.0, 1.0);
INSERT INTO `region_face` (`region_face_id`, `region_id`, `kind`, `flags`, `normal_x`, `normal_y`, `normal_z`, `normal_w`, `pos_x`, `pos_y`, `pos_z`, `pos_w`) values (669, 58, 'face', '', 0.2101, 0.0, 0.9776, 107382.0781, 4466428.5, 179286.5, -850333.5, 127093.8515);
INSERT INTO `region_point` (`region_face_id`, `idx`, `x`, `y`, `z`, `w`) values (669, 0, 4584054.0, 138327.0, -875620.0, 1.0);
INSERT INTO `region_point` (`region_face_id`, `idx`, `x`, `y`, `z`, `w`) values (669, 1, 4584054.0, 220246.0, -875620.0, 1.0);
INSERT INTO `region_point` (`region_face_id`, `idx`, `x`, `y`, `z`, `w`) values (669, 2, 4348803.0, 138327.0, -825047.0, 1.0);
INSERT INTO `region_point` (`region_face_id`, `idx`, `x`, `y`, `z`, `w`) values (669, 3, 4348803.0, 220246.0, -825047.0, 1.0);
INSERT INTO `region_face` (`region_face_id`, `region_id`, `kind`, `flags`, `normal_x`, `normal_y`, `normal_z`, `normal_w`, `pos_x`, `pos_y`, `pos_z`, `pos_w`) values (670, 58, 'face', '', 0.0, 1.0, 0.0, 220246.0, 4466428.5, 220246.0, -891290.0, 134995.8906);
INSERT INTO `region_point` (`region_face_id`, `idx`, `x`, `y`, `z`, `w`) values (670, 0, 4584054.0, 220246.0, -957533.0, 1.0);
INSERT INTO `region_point` (`region_face_id`, `idx`, `x`, `y`, `z`, `w`) values (670, 1, 4383338.0, 220246.0, -906610.0, 1.0);
INSERT INTO `region_point` (`region_face_id`, `idx`, `x`, `y`, `z`, `w`) values (670, 2, 4584054.0, 220246.0, -875620.0, 1.0);
INSERT INTO `region_point` (`region_face_id`, `idx`, `x`, `y`, `z`, `w`) values (670, 3, 4348803.0, 220246.0, -825047.0, 1.0);
INSERT INTO `region_face` (`region_face_id`, `region_id`, `kind`, `flags`, `normal_x`, `normal_y`, `normal_z`, `normal_w`, `pos_x`, `pos_y`, `pos_z`, `pos_w`) values (671, 58, 'face', '', 0.0, -1.0, 0.0, -138327.0, 4466428.5, 138327.0, -891290.0, 134995.8906);
INSERT INTO `region_point` (`region_face_id`, `idx`, `x`, `y`, `z`, `w`) values (671, 0, 4584054.0, 138327.0, -957533.0, 1.0);
INSERT INTO `region_point` (`region_face_id`, `idx`, `x`, `y`, `z`, `w`) values (671, 1, 4584054.0, 138327.0, -875620.0, 1.0);
INSERT INTO `region_point` (`region_face_id`, `idx`, `x`, `y`, `z`, `w`) values (671, 2, 4383338.0, 138327.0, -906610.0, 1.0);
INSERT INTO `region_point` (`region_face_id`, `idx`, `x`, `y`, `z`, `w`) values (671, 3, 4348803.0, 138327.0, -825047.0, 1.0);
INSERT INTO `region_face` (`region_face_id`, `region_id`, `kind`, `flags`, `normal_x`, `normal_y`, `normal_z`, `normal_w`, `pos_x`, `pos_y`, `pos_z`, `pos_w`) values (672, 58, 'face', '', 1.0, 0.0, 0.0, 4584054.0, 4584054.0, 179286.5, -916576.5, 57923.3593);
INSERT INTO `region_point` (`region_face_id`, `idx`, `x`, `y`, `z`, `w`) values (672, 0, 4584054.0, 138327.0, -957533.0, 1.0);
INSERT INTO `region_point` (`region_face_id`, `idx`, `x`, `y`, `z`, `w`) values (672, 1, 4584054.0, 220246.0, -957533.0, 1.0);
INSERT INTO `region_point` (`region_face_id`, `idx`, `x`, `y`, `z`, `w`) values (672, 2, 4584054.0, 138327.0, -875620.0, 1.0);
INSERT INTO `region_point` (`region_face_id`, `idx`, `x`, `y`, `z`, `w`) values (672, 3, 4584054.0, 220246.0, -875620.0, 1.0);
INSERT INTO `region_face` (`region_face_id`, `region_id`, `kind`, `flags`, `normal_x`, `normal_y`, `normal_z`, `normal_w`, `pos_x`, `pos_y`, `pos_z`, `pos_w`) values (673, 58, 'face', '', -0.2459, 0.0, -0.9692, -199162.5781, 4483696.0, 179286.5, -932071.5, 111344.9453);
INSERT INTO `region_point` (`region_face_id`, `idx`, `x`, `y`, `z`, `w`) values (673, 0, 4584054.0, 138327.0, -957533.0, 1.0);
INSERT INTO `region_point` (`region_face_id`, `idx`, `x`, `y`, `z`, `w`) values (673, 1, 4383338.0, 138327.0, -906610.0, 1.0);
INSERT INTO `region_point` (`region_face_id`, `idx`, `x`, `y`, `z`, `w`) values (673, 2, 4584054.0, 220246.0, -957533.0, 1.0);
INSERT INTO `region_point` (`region_face_id`, `idx`, `x`, `y`, `z`, `w`) values (673, 3, 4383338.0, 220246.0, -906610.0, 1.0);
INSERT INTO `region` (`region_id`, `level_name`, `tree`, `on_enter`, `on_exit`, `on_inside`) values (59, 'ruins', 'camera', '', '', '');
INSERT INTO `region_face` (`region_face_id`, `region_id`, `kind`, `flags`, `normal_x`, `normal_y`, `normal_z`, `normal_w`, `pos_x`, `pos_y`, `pos_z`, `pos_w`) values (674, 59, 'face', '', -0.8418, 0.0, 0.5396, -4346311.0, 4505582.0, 205910.0, -1024977.0, 142651.4843);
INSERT INTO `region_point` (`region_face_id`, `idx`, `x`, `y`, `z`, `w`) values (674, 0, 4433900.0, 153890.0, -1136803.0, 1.0);
INSERT INTO `region_point` (`region_face_id`, `idx`, `x`, `y`, `z`, `w`) values (674, 1, 4577264.0, 153894.0, -913152.0, 1.0);
INSERT INTO `region_point` (`region_face_id`, `idx`, `x`, `y`, `z`, `w`) values (674, 2, 4433900.0, 257929.0, -1136803.0, 1.0);
INSERT INTO `region_point` (`region_face_id`, `idx`, `x`, `y`, `z`, `w`) values (674, 3, 4577264.0, 257930.0, -913151.0, 1.0);
INSERT INTO `region_face` (`region_face_id`, `region_id`, `kind`, `flags`, `normal_x`, `normal_y`, `normal_z`, `normal_w`, `pos_x`, `pos_y`, `pos_z`, `pos_w`) values (675, 59, 'face', '', 0.0, -0.0, 1.0, -913153.5, 4618224.0, 205912.0, -913151.5, 66208.7187);
INSERT INTO `region_point` (`region_face_id`, `idx`, `x`, `y`, `z`, `w`) values (675, 0, 4659184.0, 153894.0, -913152.0, 1.0);
INSERT INTO `region_point` (`region_face_id`, `idx`, `x`, `y`, `z`, `w`) values (675, 1, 4659184.0, 257930.0, -913151.0, 1.0);
INSERT INTO `region_point` (`region_face_id`, `idx`, `x`, `y`, `z`, `w`) values (675, 2, 4577264.0, 153894.0, -913152.0, 1.0);
INSERT INTO `region_point` (`region_face_id`, `idx`, `x`, `y`, `z`, `w`) values (675, 3, 4577264.0, 257930.0, -913151.0, 1.0);
INSERT INTO `region_face` (`region_face_id`, `region_id`, `kind`, `flags`, `normal_x`, `normal_y`, `normal_z`, `normal_w`, `pos_x`, `pos_y`, `pos_z`, `pos_w`) values (676, 59, 'face', '', 0.0, 1.0, -0.0, 257938.9843, 4546542.0, 257929.5, -1024977.0, 158723.8906);
INSERT INTO `region_point` (`region_face_id`, `idx`, `x`, `y`, `z`, `w`) values (676, 0, 4665764.0, 257929.0, -1098772.0, 1.0);
INSERT INTO `region_point` (`region_face_id`, `idx`, `x`, `y`, `z`, `w`) values (676, 1, 4433900.0, 257929.0, -1136803.0, 1.0);
INSERT INTO `region_point` (`region_face_id`, `idx`, `x`, `y`, `z`, `w`) values (676, 2, 4659184.0, 257930.0, -913151.0, 1.0);
INSERT INTO `region_point` (`region_face_id`, `idx`, `x`, `y`, `z`, `w`) values (676, 3, 4577264.0, 257930.0, -913151.0, 1.0);
INSERT INTO `region_face` (`region_face_id`, `region_id`, `kind`, `flags`, `normal_x`, `normal_y`, `normal_z`, `normal_w`, `pos_x`, `pos_y`, `pos_z`, `pos_w`) values (677, 59, 'face', '', -0.0, -1.0, 0.0, -153958.7656, 4546542.0, 153892.0, -1024977.5, 158723.5468);
INSERT INTO `region_point` (`region_face_id`, `idx`, `x`, `y`, `z`, `w`) values (677, 0, 4665764.0, 153889.0, -1098772.0, 1.0);
INSERT INTO `region_point` (`region_face_id`, `idx`, `x`, `y`, `z`, `w`) values (677, 1, 4659184.0, 153894.0, -913152.0, 1.0);
INSERT INTO `region_point` (`region_face_id`, `idx`, `x`, `y`, `z`, `w`) values (677, 2, 4433900.0, 153890.0, -1136803.0, 1.0);
INSERT INTO `region_point` (`region_face_id`, `idx`, `x`, `y`, `z`, `w`) values (677, 3, 4577264.0, 153894.0, -913152.0, 1.0);
INSERT INTO `region_face` (`region_face_id`, `region_id`, `kind`, `flags`, `normal_x`, `normal_y`, `normal_z`, `normal_w`, `pos_x`, `pos_y`, `pos_z`, `pos_w`) values (678, 59, 'face', '', 0.9993, 0.0, 0.0354, 4623909.5, 4662474.0, 205909.5, -1005961.5, 106445.9765);
INSERT INTO `region_point` (`region_face_id`, `idx`, `x`, `y`, `z`, `w`) values (678, 0, 4665764.0, 153889.0, -1098772.0, 1.0);
INSERT INTO `region_point` (`region_face_id`, `idx`, `x`, `y`, `z`, `w`) values (678, 1, 4665764.0, 257929.0, -1098772.0, 1.0);
INSERT INTO `region_point` (`region_face_id`, `idx`, `x`, `y`, `z`, `w`) values (678, 2, 4659184.0, 153894.0, -913152.0, 1.0);
INSERT INTO `region_point` (`region_face_id`, `idx`, `x`, `y`, `z`, `w`) values (678, 3, 4659184.0, 257930.0, -913151.0, 1.0);
INSERT INTO `region_face` (`region_face_id`, `region_id`, `kind`, `flags`, `normal_x`, `normal_y`, `normal_z`, `normal_w`, `pos_x`, `pos_y`, `pos_z`, `pos_w`) values (679, 59, 'face', '', 0.1618, 0.0, -0.9868, 1839484.0, 4549832.0, 205909.0, -1117787.5, 128483.0625);
INSERT INTO `region_point` (`region_face_id`, `idx`, `x`, `y`, `z`, `w`) values (679, 0, 4665764.0, 153889.0, -1098772.0, 1.0);
INSERT INTO `region_point` (`region_face_id`, `idx`, `x`, `y`, `z`, `w`) values (679, 1, 4433900.0, 153890.0, -1136803.0, 1.0);
INSERT INTO `region_point` (`region_face_id`, `idx`, `x`, `y`, `z`, `w`) values (679, 2, 4665764.0, 257929.0, -1098772.0, 1.0);
INSERT INTO `region_point` (`region_face_id`, `idx`, `x`, `y`, `z`, `w`) values (679, 3, 4433900.0, 257929.0, -1136803.0, 1.0);
INSERT INTO `region` (`region_id`, `level_name`, `tree`, `on_enter`, `on_exit`, `on_inside`) values (60, 'ruins', 'camera', '', '', '');
INSERT INTO `region_face` (`region_face_id`, `region_id`, `kind`, `flags`, `normal_x`, `normal_y`, `normal_z`, `normal_w`, `pos_x`, `pos_y`, `pos_z`, `pos_w`) values (680, 60, 'face', '', -0.8027, 0.0, 0.5963, -4153983.0, 4354581.5, 205452.5, -1104227.0, 62394.707);
INSERT INTO `region_point` (`region_face_id`, `idx`, `x`, `y`, `z`, `w`) values (680, 0, 4332278.0, 155518.0, -1134247.0, 1.0);
INSERT INTO `region_point` (`region_face_id`, `idx`, `x`, `y`, `z`, `w`) values (680, 1, 4376885.0, 155508.0, -1074207.0, 1.0);
INSERT INTO `region_point` (`region_face_id`, `idx`, `x`, `y`, `z`, `w`) values (680, 2, 4332278.0, 255394.0, -1134247.0, 1.0);
INSERT INTO `region_point` (`region_face_id`, `idx`, `x`, `y`, `z`, `w`) values (680, 3, 4376885.0, 255397.0, -1074207.0, 1.0);
INSERT INTO `region_face` (`region_face_id`, `region_id`, `kind`, `flags`, `normal_x`, `normal_y`, `normal_z`, `normal_w`, `pos_x`, `pos_y`, `pos_z`, `pos_w`) values (681, 60, 'face', '', 0.1647, 0.0, 0.9863, -338597.125, 4469324.5, 205452.5, -1089644.0, 106197.0546);
INSERT INTO `region_point` (`region_face_id`, `idx`, `x`, `y`, `z`, `w`) values (681, 0, 4561764.0, 155508.0, -1105081.0, 1.0);
INSERT INTO `region_point` (`region_face_id`, `idx`, `x`, `y`, `z`, `w`) values (681, 1, 4561764.0, 255391.0, -1105081.0, 1.0);
INSERT INTO `region_point` (`region_face_id`, `idx`, `x`, `y`, `z`, `w`) values (681, 2, 4376885.0, 155508.0, -1074207.0, 1.0);
INSERT INTO `region_point` (`region_face_id`, `idx`, `x`, `y`, `z`, `w`) values (681, 3, 4376885.0, 255397.0, -1074207.0, 1.0);
INSERT INTO `region_face` (`region_face_id`, `region_id`, `kind`, `flags`, `normal_x`, `normal_y`, `normal_z`, `normal_w`, `pos_x`, `pos_y`, `pos_z`, `pos_w`) values (682, 60, 'face', '', 0.0, 1.0, -0.0, 255523.6562, 4447021.0, 255392.5, -1119664.0, 115665.9843);
INSERT INTO `region_point` (`region_face_id`, `idx`, `x`, `y`, `z`, `w`) values (682, 0, 4499104.0, 255388.0, -1201173.0, 1.0);
INSERT INTO `region_point` (`region_face_id`, `idx`, `x`, `y`, `z`, `w`) values (682, 1, 4332278.0, 255394.0, -1134247.0, 1.0);
INSERT INTO `region_point` (`region_face_id`, `idx`, `x`, `y`, `z`, `w`) values (682, 2, 4561764.0, 255391.0, -1105081.0, 1.0);
INSERT INTO `region_point` (`region_face_id`, `idx`, `x`, `y`, `z`, `w`) values (682, 3, 4376885.0, 255397.0, -1074207.0, 1.0);
INSERT INTO `region_face` (`region_face_id`, `region_id`, `kind`, `flags`, `normal_x`, `normal_y`, `normal_z`, `normal_w`, `pos_x`, `pos_y`, `pos_z`, `pos_w`) values (683, 60, 'face', '', -0.0, -1.0, -0.0001, -155414.8593, 4447021.0, 155513.0, -1119664.0, 115665.9843);
INSERT INTO `region_point` (`region_face_id`, `idx`, `x`, `y`, `z`, `w`) values (683, 0, 4499104.0, 155526.0, -1201173.0, 1.0);
INSERT INTO `region_point` (`region_face_id`, `idx`, `x`, `y`, `z`, `w`) values (683, 1, 4561764.0, 155508.0, -1105081.0, 1.0);
INSERT INTO `region_point` (`region_face_id`, `idx`, `x`, `y`, `z`, `w`) values (683, 2, 4332278.0, 155518.0, -1134247.0, 1.0);
INSERT INTO `region_point` (`region_face_id`, `idx`, `x`, `y`, `z`, `w`) values (683, 3, 4376885.0, 155508.0, -1074207.0, 1.0);
INSERT INTO `region_face` (`region_face_id`, `region_id`, `kind`, `flags`, `normal_x`, `normal_y`, `normal_z`, `normal_w`, `pos_x`, `pos_y`, `pos_z`, `pos_w`) values (684, 60, 'face', '', 0.8376, 0.0, -0.5462, 4424751.5, 4530434.0, 205449.5, -1153127.0, 76053.539);
INSERT INTO `region_point` (`region_face_id`, `idx`, `x`, `y`, `z`, `w`) values (684, 0, 4499104.0, 155526.0, -1201173.0, 1.0);
INSERT INTO `region_point` (`region_face_id`, `idx`, `x`, `y`, `z`, `w`) values (684, 1, 4499104.0, 255388.0, -1201173.0, 1.0);
INSERT INTO `region_point` (`region_face_id`, `idx`, `x`, `y`, `z`, `w`) values (684, 2, 4561764.0, 155508.0, -1105081.0, 1.0);
INSERT INTO `region_point` (`region_face_id`, `idx`, `x`, `y`, `z`, `w`) values (684, 3, 4561764.0, 255391.0, -1105081.0, 1.0);
INSERT INTO `region_face` (`region_face_id`, `region_id`, `kind`, `flags`, `normal_x`, `normal_y`, `normal_z`, `normal_w`, `pos_x`, `pos_y`, `pos_z`, `pos_w`) values (685, 60, 'face', '', -0.3723, 0.0, -0.9281, -560335.125, 4415691.0, 205456.0, -1167710.0, 102816.8515);
INSERT INTO `region_point` (`region_face_id`, `idx`, `x`, `y`, `z`, `w`) values (685, 0, 4499104.0, 155526.0, -1201173.0, 1.0);
INSERT INTO `region_point` (`region_face_id`, `idx`, `x`, `y`, `z`, `w`) values (685, 1, 4332278.0, 155518.0, -1134247.0, 1.0);
INSERT INTO `region_point` (`region_face_id`, `idx`, `x`, `y`, `z`, `w`) values (685, 2, 4499104.0, 255388.0, -1201173.0, 1.0);
INSERT INTO `region_point` (`region_face_id`, `idx`, `x`, `y`, `z`, `w`) values (685, 3, 4332278.0, 255394.0, -1134247.0, 1.0);
INSERT INTO `region` (`region_id`, `level_name`, `tree`, `on_enter`, `on_exit`, `on_inside`) values (61, 'ruins', 'camera', '(want-display ''sagehut ''display)', '', '');
INSERT INTO `region_face` (`region_face_id`, `region_id`, `kind`, `flags`, `normal_x`, `normal_y`, `normal_z`, `normal_w`, `pos_x`, `pos_y`, `pos_z`, `pos_w`) values (686, 61, 'plane', '', 0.6425, 0.0, 0.7662, 1435841.25, 4223765.5, 153596.2968, -1668419.5, 81834.289);
INSERT INTO `region_point` (`region_face_id`, `idx`, `x`, `y`, `z`, `w`) values (686, 0, 4179834.0, 211986.0, -1631575.0, 1.0);
INSERT INTO `region_point` (`region_face_id`, `idx`, `x`, `y`, `z`, `w`) values (686, 1, 4179834.0, 95206.6015, -1631575.0, 1.0);
INSERT INTO `region_point` (`region_face_id`, `idx`, `x`, `y`, `z`, `w`) values (686, 2, 4267697.0, 211986.0, -1705264.0, 1.0);
INSERT INTO `region_point` (`region_face_id`, `idx`, `x`, `y`, `z`, `w`) values (686, 3, 4267697.0, 95206.6015, -1705264.0, 1.0);
INSERT INTO `region` (`region_id`, `level_name`, `tree`, `on_enter`, `on_exit`, `on_inside`) values (87, 'ruins', 'camera', '(send-event #<actor-group #<entity-actor :name grenadier-2 @ #x2ccd264> #<entity-actor :name grenadier-3 @ #x2ccd584> @ #x2cb3f64> ''cue-wake)', '', '');
INSERT INTO `region_sphere` (`region_id`, `x`, `y`, `z`, `r`) values (87, 4303002.0, 118897.0, -1674442.0, 46448.0);
INSERT INTO `region` (`region_id`, `level_name`, `tree`, `on_enter`, `on_exit`, `on_inside`) values (132, 'ruins', 'camera', '(cond ((task-closed? "ruins-mech-introduction") (want-sound ''ruins1 ''ruins3 ''mech)) (else (want-sound ''ruins1 ''ruins2 ''ruins3)))', '(want-sound ''ruins1 ''ruins2 ''ctywide1)', '');
INSERT INTO `region_face` (`region_face_id`, `region_id`, `kind`, `flags`, `normal_x`, `normal_y`, `normal_z`, `normal_w`, `pos_x`, `pos_y`, `pos_z`, `pos_w`) values (687, 132, 'plane', '', -0.5332, 0.0, -0.8459, -882113.0, 3556648.5, 32657.3007, -1199168.5, 217715.7187);
INSERT INTO `region_point` (`region_face_id`, `idx`, `x`, `y`, `z`, `w`) values (687, 0, 3719658.0, -68684.3984, -1301920.125, 1.0);
INSERT INTO `region_point` (`region_face_id`, `idx`, `x`, `y`, `z`, `w`) values (687, 1, 3393639.25, -68684.3984, -1096417.0, 1.0);
INSERT INTO `region_point` (`region_face_id`, `idx`, `x`, `y`, `z`, `w`) values (687, 2, 3719658.0, 133999.0, -1301920.125, 1.0);
INSERT INTO `region_point` (`region_face_id`, `idx`, `x`, `y`, `z`, `w`) values (687, 3, 3393639.25, 133999.0, -1096417.0, 1.0);
INSERT INTO `region` (`region_id`, `level_name`, `tree`, `on_enter`, `on_exit`, `on_inside`) values (182, 'ruins', 'camera', '(when (and (entity-status? #<entity-actor :name grenadier-2 @ #x2ccd264> dead) (entity-status? #<entity-actor :name grenadier-3 @ #x2ccd584> dead) (not (task-complete? GAME_TASK_RUINS_ENEMY))) (scene-play "ruins-sacred-victory"))', '', '');
INSERT INTO `region_face` (`region_face_id`, `region_id`, `kind`, `flags`, `normal_x`, `normal_y`, `normal_z`, `normal_w`, `pos_x`, `pos_y`, `pos_z`, `pos_w`) values (688, 182, 'face', '', -0.6989, 0.0, 0.7152, -4460617.0, 4344104.0, 133217.7031, -1991685.0, 59224.7382);
INSERT INTO `region_point` (`region_face_id`, `idx`, `x`, `y`, `z`, `w`) values (688, 0, 4313510.0, 92257.3984, -2021582.0, 1.0);
INSERT INTO `region_point` (`region_face_id`, `idx`, `x`, `y`, `z`, `w`) values (688, 1, 4374698.0, 92257.3984, -1961788.0, 1.0);
INSERT INTO `region_point` (`region_face_id`, `idx`, `x`, `y`, `z`, `w`) values (688, 2, 4313510.0, 174177.0, -2021582.0, 1.0);
INSERT INTO `region_point` (`region_face_id`, `idx`, `x`, `y`, `z`, `w`) values (688, 3, 4374698.0, 174178.0, -1961788.0, 1.0);
INSERT INTO `region_face` (`region_face_id`, `region_id`, `kind`, `flags`, `normal_x`, `normal_y`, `normal_z`, `normal_w`, `pos_x`, `pos_y`, `pos_z`, `pos_w`) values (689, 182, 'face', '', 0.6317, 0.0, 0.7751, 1243125.75, 4434991.0, 133217.6562, -2010928.5, 87907.8203);
INSERT INTO `region_point` (`region_face_id`, `idx`, `x`, `y`, `z`, `w`) values (689, 0, 4495284.0, 92257.2968, -2060069.0, 1.0);
INSERT INTO `region_point` (`region_face_id`, `idx`, `x`, `y`, `z`, `w`) values (689, 1, 4495284.0, 174177.0, -2060069.0, 1.0);
INSERT INTO `region_point` (`region_face_id`, `idx`, `x`, `y`, `z`, `w`) values (689, 2, 4374698.0, 92257.3984, -1961788.0, 1.0);
INSERT INTO `region_point` (`region_face_id`, `idx`, `x`, `y`, `z`, `w`) values (689, 3, 4374698.0, 174178.0, -1961788.0, 1.0);
INSERT INTO `region_face` (`region_face_id`, `region_id`, `kind`, `flags`, `normal_x`, `normal_y`, `normal_z`, `normal_w`, `pos_x`, `pos_y`, `pos_z`, `pos_w`) values (690, 182, 'face', '', 0.0, 1.0, 0.0, 174177.0, 4404397.0, 174177.0, -2040825.5, 92901.8828);
INSERT INTO `region_point` (`region_face_id`, `idx`, `x`, `y`, `z`, `w`) values (690, 0, 4399650.0, 174177.0, -2112568.0, 1.0);
INSERT INTO `region_point` (`region_face_id`, `idx`, `x`, `y`, `z`, `w`) values (690, 1, 4313510.0, 174177.0, -2021582.0, 1.0);
INSERT INTO `region_point` (`region_face_id`, `idx`, `x`, `y`, `z`, `w`) values (690, 2, 4495284.0, 174177.0, -2060069.0, 1.0);
INSERT INTO `region_point` (`region_face_id`, `idx`, `x`, `y`, `z`, `w`) values (690, 3, 4374698.0, 174178.0, -1961788.0, 1.0);
INSERT INTO `region_face` (`region_face_id`, `region_id`, `kind`, `flags`, `normal_x`, `normal_y`, `normal_z`, `normal_w`, `pos_x`, `pos_y`, `pos_z`, `pos_w`) values (691, 182, 'face', '', -0.0, -1.0, -0.0, -92259.0781, 4404397.0, 92257.3437, -2040825.5, 92901.8828);
INSERT INTO `region_point` (`region_face_id`, `idx`, `x`, `y`, `z`, `w`) values (691, 0, 4399650.0, 92257.3984, -2112568.0, 1.0);
INSERT INTO `region_point` (`region_face_id`, `idx`, `x`, `y`, `z`, `w`) values (691, 1, 4495284.0, 92257.2968, -2060069.0, 1.0);
INSERT INTO `region_point` (`region_face_id`, `idx`, `x`, `y`, `z`, `w`) values (691, 2, 4313510.0, 92257.3984, -2021582.0, 1.0);
INSERT INTO `region_point` (`region_face_id`, `idx`, `x`, `y`, `z`, `w`) values (691, 3, 4374698.0, 92257.3984, -1961788.0, 1.0);
INSERT INTO `region_face` (`region_face_id`, `region_id`, `kind`, `flags`, `normal_x`, `normal_y`, `normal_z`, `normal_w`, `pos_x`, `pos_y`, `pos_z`, `pos_w`) values (692, 182, 'face', '', 0.4812, 0.0, -0.8766, 3969066.5, 4447467.0, 133217.1562, -2086318.5, 68214.4531);
INSERT INTO `region_point` (`region_face_id`, `idx`, `x`, `y`, `z`, `w`) values (692, 0, 4399650.0, 92257.3984, -2112568.0, 1.0);
INSERT INTO `region_point` (`region_face_id`, `idx`, `x`, `y`, `z`, `w`) values (692, 1, 4399650.0, 174177.0, -2112568.0, 1.0);
INSERT INTO `region_point` (`region_face_id`, `idx`, `x`, `y`, `z`, `w`) values (692, 2, 4495284.0, 92257.2968, -2060069.0, 1.0);
INSERT INTO `region_point` (`region_face_id`, `idx`, `x`, `y`, `z`, `w`) values (692, 3, 4495284.0, 174177.0, -2060069.0, 1.0);
INSERT INTO `region_face` (`region_face_id`, `region_id`, `kind`, `flags`, `normal_x`, `normal_y`, `normal_z`, `normal_w`, `pos_x`, `pos_y`, `pos_z`, `pos_w`) values (693, 182, 'face', '', -0.7261, 0.0, -0.6875, -1742542.875, 4356580.0, 133217.2031, -2067075.0, 74848.8046);
INSERT INTO `region_point` (`region_face_id`, `idx`, `x`, `y`, `z`, `w`) values (693, 0, 4399650.0, 92257.3984, -2112568.0, 1.0);
INSERT INTO `region_point` (`region_face_id`, `idx`, `x`, `y`, `z`, `w`) values (693, 1, 4313510.0, 92257.3984, -2021582.0, 1.0);
INSERT INTO `region_point` (`region_face_id`, `idx`, `x`, `y`, `z`, `w`) values (693, 2, 4399650.0, 174177.0, -2112568.0, 1.0);
INSERT INTO `region_point` (`region_face_id`, `idx`, `x`, `y`, `z`, `w`) values (693, 3, 4313510.0, 174177.0, -2021582.0, 1.0);
INSERT INTO `region` (`region_id`, `level_name`, `tree`, `on_enter`, `on_exit`, `on_inside`) values (706, 'ruins', 'camera', '', '', '(sound-play-loop "tower-wind")');
INSERT INTO `region_sphere` (`region_id`, `x`, `y`, `z`, `r`) values (706, 4443924.0, 246406.0, -1050843.0, 250023.0);
INSERT INTO `region` (`region_id`, `level_name`, `tree`, `on_enter`, `on_exit`, `on_inside`) values (763, 'ruins', 'camera', '(send-event "ruins-precipice-2" ''trigger)', '', '');
INSERT INTO `region_sphere` (`region_id`, `x`, `y`, `z`, `r`) values (763, 4299226.0, 292540.0, -925004.0, 77565.2968);
INSERT INTO `region` (`region_id`, `level_name`, `tree`, `on_enter`, `on_exit`, `on_inside`) values (322, 'ruins', 'water', '', '', '(water ocean -1.0000 (wade tar))');
INSERT INTO `region_face` (`region_face_id`, `region_id`, `kind`, `flags`, `normal_x`, `normal_y`, `normal_z`, `normal_w`, `pos_x`, `pos_y`, `pos_z`, `pos_w`) values (694, 322, 'face', '', -0.0066, -0.9994, -0.032, 211207.0312, 4478054.0, -221367.0, -614487.0, 2767581.25);
INSERT INTO `region_point` (`region_face_id`, `idx`, `x`, `y`, `z`, `w`) values (694, 0, 3359961.5, -147708.0, -2677122.0, 1.0);
INSERT INTO `region_point` (`region_face_id`, `idx`, `x`, `y`, `z`, `w`) values (694, 1, 5919544.0, -155128.0, -2976102.0, 1.0);
INSERT INTO `region_point` (`region_face_id`, `idx`, `x`, `y`, `z`, `w`) values (694, 2, 3036564.0, -287606.0, 1747128.0, 1.0);
INSERT INTO `region_point` (`region_face_id`, `idx`, `x`, `y`, `z`, `w`) values (694, 3, 5481964.0, -283980.0, 1127798.0, 1.0);
INSERT INTO `region_face` (`region_face_id`, `region_id`, `kind`, `flags`, `normal_x`, `normal_y`, `normal_z`, `normal_w`, `pos_x`, `pos_y`, `pos_z`, `pos_w`) values (695, 322, 'face', '', -0.9973, -0.0013, -0.0729, -3155531.5, 3197609.0, 185226.0, -463407.0, 2266268.0);
INSERT INTO `region_point` (`region_face_id`, `idx`, `x`, `y`, `z`, `w`) values (695, 0, 3359961.5, -147708.0, -2677122.0, 1.0);
INSERT INTO `region_point` (`region_face_id`, `idx`, `x`, `y`, `z`, `w`) values (695, 1, 3036564.0, -287606.0, 1747128.0, 1.0);
INSERT INTO `region_point` (`region_face_id`, `idx`, `x`, `y`, `z`, `w`) values (695, 2, 3358654.25, 658058.0, -2673942.0, 1.0);
INSERT INTO `region_point` (`region_face_id`, `idx`, `x`, `y`, `z`, `w`) values (695, 3, 3035310.0, 655133.0, 1747088.0, 1.0);
INSERT INTO `region_face` (`region_face_id`, `region_id`, `kind`, `flags`, `normal_x`, `normal_y`, `normal_z`, `normal_w`, `pos_x`, `pos_y`, `pos_z`, `pos_w`) values (696, 322, 'face', '', -0.116, 0.0037, -0.9932, 2268695.25, 4639099.0, 251465.0, -2825022.0, 1351918.0);
INSERT INTO `region_point` (`region_face_id`, `idx`, `x`, `y`, `z`, `w`) values (696, 0, 3359961.5, -147708.0, -2677122.0, 1.0);
INSERT INTO `region_point` (`region_face_id`, `idx`, `x`, `y`, `z`, `w`) values (696, 1, 3358654.25, 658058.0, -2673942.0, 1.0);
INSERT INTO `region_point` (`region_face_id`, `idx`, `x`, `y`, `z`, `w`) values (696, 2, 5919544.0, -155128.0, -2976102.0, 1.0);
INSERT INTO `region_point` (`region_face_id`, `idx`, `x`, `y`, `z`, `w`) values (696, 3, 5919384.0, 637737.0, -2973102.0, 1.0);
INSERT INTO `region_face` (`region_face_id`, `region_id`, `kind`, `flags`, `normal_x`, `normal_y`, `normal_z`, `normal_w`, `pos_x`, `pos_y`, `pos_z`, `pos_w`) values (697, 322, 'face', '', 0.2455, 0.0003, 0.9693, 2439059.75, 4258717.0, 183763.5, 1437268.0, 1347192.25);
INSERT INTO `region_point` (`region_face_id`, `idx`, `x`, `y`, `z`, `w`) values (697, 0, 3036564.0, -287606.0, 1747128.0, 1.0);
INSERT INTO `region_point` (`region_face_id`, `idx`, `x`, `y`, `z`, `w`) values (697, 1, 5481964.0, -283980.0, 1127798.0, 1.0);
INSERT INTO `region_point` (`region_face_id`, `idx`, `x`, `y`, `z`, `w`) values (697, 2, 3035310.0, 655133.0, 1747088.0, 1.0);
INSERT INTO `region_point` (`region_face_id`, `idx`, `x`, `y`, `z`, `w`) values (697, 3, 5482124.0, 636128.0, 1127408.0, 1.0);
INSERT INTO `region_face` (`region_face_id`, `region_id`, `kind`, `flags`, `normal_x`, `normal_y`, `normal_z`, `normal_w`, `pos_x`, `pos_y`, `pos_z`, `pos_w`) values (698, 322, 'face', '', 0.008, 0.9999, 0.0012, 681830.125, 4477347.0, 646435.0, -613007.0, 2765790.0);
INSERT INTO `region_point` (`region_face_id`, `idx`, `x`, `y`, `z`, `w`) values (698, 0, 3358654.25, 658058.0, -2673942.0, 1.0);
INSERT INTO `region_point` (`region_face_id`, `idx`, `x`, `y`, `z`, `w`) values (698, 1, 3035310.0, 655133.0, 1747088.0, 1.0);
INSERT INTO `region_point` (`region_face_id`, `idx`, `x`, `y`, `z`, `w`) values (698, 2, 5919384.0, 637737.0, -2973102.0, 1.0);
INSERT INTO `region_point` (`region_face_id`, `idx`, `x`, `y`, `z`, `w`) values (698, 3, 5482124.0, 636128.0, 1127408.0, 1.0);
INSERT INTO `region_face` (`region_face_id`, `region_id`, `kind`, `flags`, `normal_x`, `normal_y`, `normal_z`, `normal_w`, `pos_x`, `pos_y`, `pos_z`, `pos_w`) values (699, 322, 'face', '', 0.9943, -0.0002, 0.106, 5570692.5, 5700674.0, 176878.5, -922652.0, 2112952.75);
INSERT INTO `region_point` (`region_face_id`, `idx`, `x`, `y`, `z`, `w`) values (699, 0, 5919544.0, -155128.0, -2976102.0, 1.0);
INSERT INTO `region_point` (`region_face_id`, `idx`, `x`, `y`, `z`, `w`) values (699, 1, 5919384.0, 637737.0, -2973102.0, 1.0);
INSERT INTO `region_point` (`region_face_id`, `idx`, `x`, `y`, `z`, `w`) values (699, 2, 5481964.0, -283980.0, 1127798.0, 1.0);
INSERT INTO `region_point` (`region_face_id`, `idx`, `x`, `y`, `z`, `w`) values (699, 3, 5482124.0, 636128.0, 1127408.0, 1.0);
INSERT INTO `region` (`region_id`, `level_name`, `tree`, `on_enter`, `on_exit`, `on_inside`) values (642, 'atollext', 'target', '', '', '(setting-pers minimap mode ''clear mask MINIMAP_FLAG_MINIMAP)');
INSERT INTO `region_sphere` (`region_id`, `x`, `y`, `z`, `r`) values (642, 2286874.0, 16430.0996, -3318930.0, 97303.2031);
INSERT INTO `region` (`region_id`, `level_name`, `tree`, `on_enter`, `on_exit`, `on_inside`) values (760, 'atollext', 'camera', '', '', '(setting-pers rain mode ''abs value 0.0000)');
INSERT INTO `region_sphere` (`region_id`, `x`, `y`, `z`, `r`) values (760, 2288907.0, 4032.4599, -3320520.0, 101801.0);
INSERT INTO `region` (`region_id`, `level_name`, `tree`, `on_enter`, `on_exit`, `on_inside`) values (20, 'atoll', 'target', '(begin (send-event "turbine-1" ''rise) (send-event "turbine-23" ''rise) (send-event "turbine-24" ''rise))', '', '');
INSERT INTO `region_sphere` (`region_id`, `x`, `y`, `z`, `r`) values (20, 1703837.0, 152361.0, -4913628.0, 73268.0);
INSERT INTO `region` (`region_id`, `level_name`, `tree`, `on_enter`, `on_exit`, `on_inside`) values (124, 'atoll', 'target', '', '', '(setting-pers calm mode #t)');
INSERT INTO `region_face` (`region_face_id`, `region_id`, `kind`, `flags`, `normal_x`, `normal_y`, `normal_z`, `normal_w`, `pos_x`, `pos_y`, `pos_z`, `pos_w`) values (700, 124, 'face', '', 0.0, -1.0, 0.0, -177805.0, 1528742.5, 177805.0, -4310000.0, 72559.5156);
INSERT INTO `region_point` (`region_face_id`, `idx`, `x`, `y`, `z`, `w`) values (700, 0, 1475111.0, 177805.0, -4358873.0, 1.0);
INSERT INTO `region_point` (`region_face_id`, `idx`, `x`, `y`, `z`, `w`) values (700, 1, 1557031.0, 177805.0, -4358873.0, 1.0);
INSERT INTO `region_point` (`region_face_id`, `idx`, `x`, `y`, `z`, `w`) values (700, 2, 1500454.0, 177805.0, -4261127.5, 1.0);
INSERT INTO `region_point` (`region_face_id`, `idx`, `x`, `y`, `z`, `w`) values (700, 3, 1582374.0, 177805.0, -4261127.5, 1.0);
INSERT INTO `region_face` (`region_face_id`, `region_id`, `kind`, `flags`, `normal_x`, `normal_y`, `normal_z`, `normal_w`, `pos_x`, `pos_y`, `pos_z`, `pos_w`) values (701, 124, 'face', '', -0.9679, 0.0, 0.2509, -2521873.25, 1487782.5, 218765.0, -4310000.0, 65014.2968);
INSERT INTO `region_point` (`region_face_id`, `idx`, `x`, `y`, `z`, `w`) values (701, 0, 1475111.0, 177805.0, -4358873.0, 1.0);
INSERT INTO `region_point` (`region_face_id`, `idx`, `x`, `y`, `z`, `w`) values (701, 1, 1500454.0, 177805.0, -4261127.5, 1.0);
INSERT INTO `region_point` (`region_face_id`, `idx`, `x`, `y`, `z`, `w`) values (701, 2, 1475111.0, 259725.0, -4358873.0, 1.0);
INSERT INTO `region_point` (`region_face_id`, `idx`, `x`, `y`, `z`, `w`) values (701, 3, 1500454.0, 259725.0, -4261127.5, 1.0);
INSERT INTO `region_face` (`region_face_id`, `region_id`, `kind`, `flags`, `normal_x`, `normal_y`, `normal_z`, `normal_w`, `pos_x`, `pos_y`, `pos_z`, `pos_w`) values (702, 124, 'face', '', 0.0, 0.0, -1.0, 4358873.0, 1516071.0, 218765.0, -4358873.0, 57926.1875);
INSERT INTO `region_point` (`region_face_id`, `idx`, `x`, `y`, `z`, `w`) values (702, 0, 1475111.0, 177805.0, -4358873.0, 1.0);
INSERT INTO `region_point` (`region_face_id`, `idx`, `x`, `y`, `z`, `w`) values (702, 1, 1475111.0, 259725.0, -4358873.0, 1.0);
INSERT INTO `region_point` (`region_face_id`, `idx`, `x`, `y`, `z`, `w`) values (702, 2, 1557031.0, 177805.0, -4358873.0, 1.0);
INSERT INTO `region_point` (`region_face_id`, `idx`, `x`, `y`, `z`, `w`) values (702, 3, 1557031.0, 259725.0, -4358873.0, 1.0);
INSERT INTO `region_face` (`region_face_id`, `region_id`, `kind`, `flags`, `normal_x`, `normal_y`, `normal_z`, `normal_w`, `pos_x`, `pos_y`, `pos_z`, `pos_w`) values (703, 124, 'face', '', 0.0, 0.0, 1.0, -4261127.5, 1541414.0, 218765.0, -4261127.5, 57926.1875);
INSERT INTO `region_point` (`region_face_id`, `idx`, `x`, `y`, `z`, `w`) values (703, 0, 1500454.0, 177805.0, -4261127.5, 1.0);
INSERT INTO `region_point` (`region_face_id`, `idx`, `x`, `y`, `z`, `w`) values (703, 1, 1582374.0, 177805.0, -4261127.5, 1.0);
INSERT INTO `region_point` (`region_face_id`, `idx`, `x`, `y`, `z`, `w`) values (703, 2, 1500454.0, 259725.0, -4261127.5, 1.0);
INSERT INTO `region_point` (`region_face_id`, `idx`, `x`, `y`, `z`, `w`) values (703, 3, 1582374.0, 259725.0, -4261127.5, 1.0);
INSERT INTO `region_face` (`region_face_id`, `region_id`, `kind`, `flags`, `normal_x`, `normal_y`, `normal_z`, `normal_w`, `pos_x`, `pos_y`, `pos_z`, `pos_w`) values (704, 124, 'face', '', 0.0, 1.0, 0.0, 259725.0, 1528742.5, 259725.0, -4310000.0, 72559.5156);
INSERT INTO `region_point` (`region_face_id`, `idx`, `x`, `y`, `z`, `w`) values (704, 0, 1475111.0, 259725.0, -4358873.0, 1.0);
INSERT INTO `region_point` (`region_face_id`, `idx`, `x`, `y`, `z`, `w`) values (704, 1, 1500454.0, 259725.0, -4261127.5, 1.0);
INSERT INTO `region_point` (`region_face_id`, `idx`, `x`, `y`, `z`, `w`) values (704, 2, 1557031.0, 259725.0, -4358873.0, 1.0);
INSERT INTO `region_point` (`region_face_id`, `idx`, `x`, `y`, `z`, `w`) values (704, 3, 1582374.0, 259725.0, -4261127.5, 1.0);
INSERT INTO `region_face` (`region_face_id`, `region_id`, `kind`, `flags`, `normal_x`, `normal_y`, `normal_z`, `normal_w`, `pos_x`, `pos_y`, `pos_z`, `pos_w`) values (705, 124, 'face', '', 0.9679, 0.0, -0.2509, 2601171.25, 1569702.5, 218765.0, -4310000.0, 65014.2968);
INSERT INTO `region_point` (`region_face_id`, `idx`, `x`, `y`, `z`, `w`) values (705, 0, 1557031.0, 177805.0, -4358873.0, 1.0);
INSERT INTO `region_point` (`region_face_id`, `idx`, `x`, `y`, `z`, `w`) values (705, 1, 1557031.0, 259725.0, -4358873.0, 1.0);
INSERT INTO `region_point` (`region_face_id`, `idx`, `x`, `y`, `z`, `w`) values (705, 2, 1582374.0, 177805.0, -4261127.5, 1.0);
INSERT INTO `region_point` (`region_face_id`, `idx`, `x`, `y`, `z`, `w`) values (705, 3, 1582374.0, 259725.0, -4261127.5, 1.0);
INSERT INTO `region` (`region_id`, `level_name`, `tree`, `on_enter`, `on_exit`, `on_inside`) values (125, 'atoll', 'target', '', '', '(want-anim "atoll-1-res")');
INSERT INTO `region_sphere` (`region_id`, `x`, `y`, `z`, `r`) values (125, 1557645.0, 212866.0, -4325924.0, 79848.0);
INSERT INTO `region` (`region_id`, `level_name`, `tree`, `on_enter`, `on_exit`, `on_inside`) values (126, 'atoll', 'target', '(when (not (task-complete? GAME_TASK_ATOLL_WATER)) (scene-play "atoll-1-res"))', '', '');
INSERT INTO `region_sphere` (`region_id`, `x`, `y`, `z`, `r`) values (126, 1546160.0, 208554.0, -4309001.0, 32548.0);
INSERT INTO `region` (`region_id`, `level_name`, `tree`, `on_enter`, `on_exit`, `on_inside`) values (127, 'atoll', 'target', '', '', '(when (and (not (task-complete? GAME_TASK_ATOLL_BATTLE)) (entity-status? ashelin-2 subtask-complete)) (setting-pers entity-name mode "camera-63"))');
INSERT INTO `region_face` (`region_face_id`, `region_id`, `kind`, `flags`, `normal_x`, `normal_y`, `normal_z`, `normal_w`, `pos_x`, `pos_y`, `pos_z`, `pos_w`) values (706, 127, 'face', '', 0.1775, -0.0, 0.9841, -3961601.0, 2317690.5, 247303.5, -4443604.0, 98811.5781);
INSERT INTO `region_point` (`region_face_id`, `idx`, `x`, `y`, `z`, `w`) values (706, 0, 2233592.0, 197694.0, -4428436.0, 1.0);
INSERT INTO `region_point` (`region_face_id`, `idx`, `x`, `y`, `z`, `w`) values (706, 1, 2401760.0, 197694.0, -4458771.0, 1.0);
INSERT INTO `region_point` (`region_face_id`, `idx`, `x`, `y`, `z`, `w`) values (706, 2, 2233621.0, 296912.0, -4428437.0, 1.0);
INSERT INTO `region_point` (`region_face_id`, `idx`, `x`, `y`, `z`, `w`) values (706, 3, 2401789.0, 296913.0, -4458772.0, 1.0);
INSERT INTO `region_face` (`region_face_id`, `region_id`, `kind`, `flags`, `normal_x`, `normal_y`, `normal_z`, `normal_w`, `pos_x`, `pos_y`, `pos_z`, `pos_w`) values (707, 127, 'face', '', 0.9937, -0.0002, -0.1117, 2884920.25, 2391992.0, 247303.5, -4545763.5, 100621.0937);
INSERT INTO `region_point` (`region_face_id`, `idx`, `x`, `y`, `z`, `w`) values (707, 0, 2382195.0, 197694.0, -4632755.0, 1.0);
INSERT INTO `region_point` (`region_face_id`, `idx`, `x`, `y`, `z`, `w`) values (707, 1, 2382224.0, 296912.0, -4632755.0, 1.0);
INSERT INTO `region_point` (`region_face_id`, `idx`, `x`, `y`, `z`, `w`) values (707, 2, 2401760.0, 197694.0, -4458771.0, 1.0);
INSERT INTO `region_point` (`region_face_id`, `idx`, `x`, `y`, `z`, `w`) values (707, 3, 2401789.0, 296913.0, -4458772.0, 1.0);
INSERT INTO `region_face` (`region_face_id`, `region_id`, `kind`, `flags`, `normal_x`, `normal_y`, `normal_z`, `normal_w`, `pos_x`, `pos_y`, `pos_z`, `pos_w`) values (708, 127, 'face', '', -0.0, 1.0, -0.0, 296921.5312, 2278504.0, 296911.0312, -4627655.0, 209094.6875);
INSERT INTO `region_point` (`region_face_id`, `idx`, `x`, `y`, `z`, `w`) values (708, 0, 2319923.0, 296910.0, -4831618.0, 1.0);
INSERT INTO `region_point` (`region_face_id`, `idx`, `x`, `y`, `z`, `w`) values (708, 1, 2233621.0, 296912.0, -4428437.0, 1.0);
INSERT INTO `region_point` (`region_face_id`, `idx`, `x`, `y`, `z`, `w`) values (708, 2, 2382224.0, 296912.0, -4632755.0, 1.0);
INSERT INTO `region_point` (`region_face_id`, `idx`, `x`, `y`, `z`, `w`) values (708, 3, 2401789.0, 296913.0, -4458772.0, 1.0);
INSERT INTO `region_face` (`region_face_id`, `region_id`, `kind`, `flags`, `normal_x`, `normal_y`, `normal_z`, `normal_w`, `pos_x`, `pos_y`, `pos_z`, `pos_w`) values (709, 127, 'face', '', 0.0, -1.0, 0.0, -197694.0, 2278475.5, 197694.0, -4627654.5, 209095.0468);
INSERT INTO `region_point` (`region_face_id`, `idx`, `x`, `y`, `z`, `w`) values (709, 0, 2319895.0, 197694.0, -4831618.0, 1.0);
INSERT INTO `region_point` (`region_face_id`, `idx`, `x`, `y`, `z`, `w`) values (709, 1, 2382195.0, 197694.0, -4632755.0, 1.0);
INSERT INTO `region_point` (`region_face_id`, `idx`, `x`, `y`, `z`, `w`) values (709, 2, 2233592.0, 197694.0, -4428436.0, 1.0);
INSERT INTO `region_point` (`region_face_id`, `idx`, `x`, `y`, `z`, `w`) values (709, 3, 2401760.0, 197694.0, -4458771.0, 1.0);
INSERT INTO `region_face` (`region_face_id`, `region_id`, `kind`, `flags`, `normal_x`, `normal_y`, `normal_z`, `normal_w`, `pos_x`, `pos_y`, `pos_z`, `pos_w`) values (710, 127, 'face', '', 0.9542, -0.0002, -0.2989, 3658178.25, 2351059.5, 247303.0, -4732186.5, 115407.5468);
INSERT INTO `region_point` (`region_face_id`, `idx`, `x`, `y`, `z`, `w`) values (710, 0, 2319895.0, 197694.0, -4831618.0, 1.0);
INSERT INTO `region_point` (`region_face_id`, `idx`, `x`, `y`, `z`, `w`) values (710, 1, 2319923.0, 296910.0, -4831618.0, 1.0);
INSERT INTO `region_point` (`region_face_id`, `idx`, `x`, `y`, `z`, `w`) values (710, 2, 2382195.0, 197694.0, -4632755.0, 1.0);
INSERT INTO `region_point` (`region_face_id`, `idx`, `x`, `y`, `z`, `w`) values (710, 3, 2382224.0, 296912.0, -4632755.0, 1.0);
INSERT INTO `region_face` (`region_face_id`, `region_id`, `kind`, `flags`, `normal_x`, `normal_y`, `normal_z`, `normal_w`, `pos_x`, `pos_y`, `pos_z`, `pos_w`) values (711, 127, 'face', '', -0.9778, 0.0002, -0.2093, -1257130.75, 2276757.5, 247302.0, -4630027.0, 212045.1406);
INSERT INTO `region_point` (`region_face_id`, `idx`, `x`, `y`, `z`, `w`) values (711, 0, 2319895.0, 197694.0, -4831618.0, 1.0);
INSERT INTO `region_point` (`region_face_id`, `idx`, `x`, `y`, `z`, `w`) values (711, 1, 2233592.0, 197694.0, -4428436.0, 1.0);
INSERT INTO `region_point` (`region_face_id`, `idx`, `x`, `y`, `z`, `w`) values (711, 2, 2319923.0, 296910.0, -4831618.0, 1.0);
INSERT INTO `region_point` (`region_face_id`, `idx`, `x`, `y`, `z`, `w`) values (711, 3, 2233621.0, 296912.0, -4428437.0, 1.0);
INSERT INTO `region` (`region_id`, `level_name`, `tree`, `on_enter`, `on_exit`, `on_inside`) values (133, 'atoll', 'target', '', '', '(when (send-event #<entity-actor :name battle-6 @ #x328c104> ''query ''hostile) (setting-pers entity-name mode "camera-67"))');
INSERT INTO `region_face` (`region_face_id`, `region_id`, `kind`, `flags`, `normal_x`, `normal_y`, `normal_z`, `normal_w`, `pos_x`, `pos_y`, `pos_z`, `pos_w`) values (712, 133, 'face', '', 0.0084, 0.0, 0.9999, -3822614.75, 1742514.0, 81397.1015, -3837418.0, 59390.8632);
INSERT INTO `region_point` (`region_face_id`, `idx`, `x`, `y`, `z`, `w`) values (712, 0, 1699509.0, 40437.1992, -3837056.0, 1.0);
INSERT INTO `region_point` (`region_face_id`, `idx`, `x`, `y`, `z`, `w`) values (712, 1, 1785519.0, 40437.1992, -3837780.0, 1.0);
INSERT INTO `region_point` (`region_face_id`, `idx`, `x`, `y`, `z`, `w`) values (712, 2, 1699509.0, 122357.0, -3837056.0, 1.0);
INSERT INTO `region_point` (`region_face_id`, `idx`, `x`, `y`, `z`, `w`) values (712, 3, 1785519.0, 122357.0, -3837780.0, 1.0);
INSERT INTO `region_face` (`region_face_id`, `region_id`, `kind`, `flags`, `normal_x`, `normal_y`, `normal_z`, `normal_w`, `pos_x`, `pos_y`, `pos_z`, `pos_w`) values (713, 133, 'face', '', 0.9998, 0.0, -0.0142, 1840038.875, 1784837.5, 81397.1015, -3885588.5, 62958.9609);
INSERT INTO `region_point` (`region_face_id`, `idx`, `x`, `y`, `z`, `w`) values (713, 0, 1784156.0, 40437.1992, -3933397.0, 1.0);
INSERT INTO `region_point` (`region_face_id`, `idx`, `x`, `y`, `z`, `w`) values (713, 1, 1784156.0, 122357.0, -3933397.0, 1.0);
INSERT INTO `region_point` (`region_face_id`, `idx`, `x`, `y`, `z`, `w`) values (713, 2, 1785519.0, 40437.1992, -3837780.0, 1.0);
INSERT INTO `region_point` (`region_face_id`, `idx`, `x`, `y`, `z`, `w`) values (713, 3, 1785519.0, 122357.0, -3837780.0, 1.0);
INSERT INTO `region_face` (`region_face_id`, `region_id`, `kind`, `flags`, `normal_x`, `normal_y`, `normal_z`, `normal_w`, `pos_x`, `pos_y`, `pos_z`, `pos_w`) values (714, 133, 'face', '', 0.0, 1.0, 0.0, 122357.0, 1741832.0, 122357.0, -3885226.0, 64495.5585);
INSERT INTO `region_point` (`region_face_id`, `idx`, `x`, `y`, `z`, `w`) values (714, 0, 1698145.0, 122357.0, -3932672.0, 1.0);
INSERT INTO `region_point` (`region_face_id`, `idx`, `x`, `y`, `z`, `w`) values (714, 1, 1699509.0, 122357.0, -3837056.0, 1.0);
INSERT INTO `region_point` (`region_face_id`, `idx`, `x`, `y`, `z`, `w`) values (714, 2, 1784156.0, 122357.0, -3933397.0, 1.0);
INSERT INTO `region_point` (`region_face_id`, `idx`, `x`, `y`, `z`, `w`) values (714, 3, 1785519.0, 122357.0, -3837780.0, 1.0);
INSERT INTO `region_face` (`region_face_id`, `region_id`, `kind`, `flags`, `normal_x`, `normal_y`, `normal_z`, `normal_w`, `pos_x`, `pos_y`, `pos_z`, `pos_w`) values (715, 133, 'face', '', 0.0, -1.0, 0.0, -40437.1992, 1741832.0, 40437.1992, -3885226.0, 64495.5585);
INSERT INTO `region_point` (`region_face_id`, `idx`, `x`, `y`, `z`, `w`) values (715, 0, 1698145.0, 40437.1992, -3932672.0, 1.0);
INSERT INTO `region_point` (`region_face_id`, `idx`, `x`, `y`, `z`, `w`) values (715, 1, 1784156.0, 40437.1992, -3933397.0, 1.0);
INSERT INTO `region_point` (`region_face_id`, `idx`, `x`, `y`, `z`, `w`) values (715, 2, 1699509.0, 40437.1992, -3837056.0, 1.0);
INSERT INTO `region_point` (`region_face_id`, `idx`, `x`, `y`, `z`, `w`) values (715, 3, 1785519.0, 40437.1992, -3837780.0, 1.0);
INSERT INTO `region_face` (`region_face_id`, `region_id`, `kind`, `flags`, `normal_x`, `normal_y`, `normal_z`, `normal_w`, `pos_x`, `pos_y`, `pos_z`, `pos_w`) values (716, 133, 'face', '', -0.0084, 0.0, -0.9999, 3918219.0, 1741150.5, 81397.1015, -3933034.5, 59391.2265);
INSERT INTO `region_point` (`region_face_id`, `idx`, `x`, `y`, `z`, `w`) values (716, 0, 1698145.0, 40437.1992, -3932672.0, 1.0);
INSERT INTO `region_point` (`region_face_id`, `idx`, `x`, `y`, `z`, `w`) values (716, 1, 1698145.0, 122357.0, -3932672.0, 1.0);
INSERT INTO `region_point` (`region_face_id`, `idx`, `x`, `y`, `z`, `w`) values (716, 2, 1784156.0, 40437.1992, -3933397.0, 1.0);
INSERT INTO `region_point` (`region_face_id`, `idx`, `x`, `y`, `z`, `w`) values (716, 3, 1784156.0, 122357.0, -3933397.0, 1.0);
INSERT INTO `region_face` (`region_face_id`, `region_id`, `kind`, `flags`, `normal_x`, `normal_y`, `normal_z`, `normal_w`, `pos_x`, `pos_y`, `pos_z`, `pos_w`) values (717, 133, 'face', '', -0.9998, 0.0, 0.0142, -1754067.625, 1698827.0, 81397.1015, -3884864.0, 62958.5859);
INSERT INTO `region_point` (`region_face_id`, `idx`, `x`, `y`, `z`, `w`) values (717, 0, 1698145.0, 40437.1992, -3932672.0, 1.0);
INSERT INTO `region_point` (`region_face_id`, `idx`, `x`, `y`, `z`, `w`) values (717, 1, 1699509.0, 40437.1992, -3837056.0, 1.0);
INSERT INTO `region_point` (`region_face_id`, `idx`, `x`, `y`, `z`, `w`) values (717, 2, 1698145.0, 122357.0, -3932672.0, 1.0);
INSERT INTO `region_point` (`region_face_id`, `idx`, `x`, `y`, `z`, `w`) values (717, 3, 1699509.0, 122357.0, -3837056.0, 1.0);
INSERT INTO `region` (`region_id`, `level_name`, `tree`, `on_enter`, `on_exit`, `on_inside`) values (151, 'atoll', 'target', '', '', '(setting-pers entity-name mode "camera-92")');
INSERT INTO `region_face` (`region_face_id`, `region_id`, `kind`, `flags`, `normal_x`, `normal_y`, `normal_z`, `normal_w`, `pos_x`, `pos_y`, `pos_z`, `pos_w`) values (718, 151, 'face', '', -0.3983, 0.0, 0.9172, -4213387.0, 1531413.5, 15761.8994, -3928498.5, 85349.1171);
INSERT INTO `region_point` (`region_face_id`, `idx`, `x`, `y`, `z`, `w`) values (718, 0, 1462733.0, -25198.0996, -3958327.0, 1.0);
INSERT INTO `region_point` (`region_face_id`, `idx`, `x`, `y`, `z`, `w`) values (718, 1, 1600094.0, -25198.0996, -3898670.0, 1.0);
INSERT INTO `region_point` (`region_face_id`, `idx`, `x`, `y`, `z`, `w`) values (718, 2, 1462733.0, 56721.8984, -3958327.0, 1.0);
INSERT INTO `region_point` (`region_face_id`, `idx`, `x`, `y`, `z`, `w`) values (718, 3, 1600094.0, 56721.8984, -3898670.0, 1.0);
INSERT INTO `region_face` (`region_face_id`, `region_id`, `kind`, `flags`, `normal_x`, `normal_y`, `normal_z`, `normal_w`, `pos_x`, `pos_y`, `pos_z`, `pos_w`) values (719, 151, 'face', '', 0.9999, 0.0, -0.0013, 1605241.75, 1599996.0, 15761.9501, -3972870.5, 84755.2343);
INSERT INTO `region_point` (`region_face_id`, `idx`, `x`, `y`, `z`, `w`) values (719, 0, 1599898.0, -25198.0, -4047071.0, 1.0);
INSERT INTO `region_point` (`region_face_id`, `idx`, `x`, `y`, `z`, `w`) values (719, 1, 1599898.0, 56722.0, -4047071.0, 1.0);
INSERT INTO `region_point` (`region_face_id`, `idx`, `x`, `y`, `z`, `w`) values (719, 2, 1600094.0, -25198.0996, -3898670.0, 1.0);
INSERT INTO `region_point` (`region_face_id`, `idx`, `x`, `y`, `z`, `w`) values (719, 3, 1600094.0, 56721.8984, -3898670.0, 1.0);
INSERT INTO `region_face` (`region_face_id`, `region_id`, `kind`, `flags`, `normal_x`, `normal_y`, `normal_z`, `normal_w`, `pos_x`, `pos_y`, `pos_z`, `pos_w`) values (720, 151, 'face', '', -0.0, 1.0, 0.0, 56718.875, 1555836.0, 56721.9492, -3995066.0, 106070.539);
INSERT INTO `region_point` (`region_face_id`, `idx`, `x`, `y`, `z`, `w`) values (720, 0, 1511578.0, 56722.0, -4091462.0, 1.0);
INSERT INTO `region_point` (`region_face_id`, `idx`, `x`, `y`, `z`, `w`) values (720, 1, 1462733.0, 56721.8984, -3958327.0, 1.0);
INSERT INTO `region_point` (`region_face_id`, `idx`, `x`, `y`, `z`, `w`) values (720, 2, 1599898.0, 56722.0, -4047071.0, 1.0);
INSERT INTO `region_point` (`region_face_id`, `idx`, `x`, `y`, `z`, `w`) values (720, 3, 1600094.0, 56721.8984, -3898670.0, 1.0);
INSERT INTO `region_face` (`region_face_id`, `region_id`, `kind`, `flags`, `normal_x`, `normal_y`, `normal_z`, `normal_w`, `pos_x`, `pos_y`, `pos_z`, `pos_w`) values (721, 151, 'face', '', 0.0, -1.0, -0.0, 25201.0644, 1555836.0, -25198.0507, -3995066.0, 106070.539);
INSERT INTO `region_point` (`region_face_id`, `idx`, `x`, `y`, `z`, `w`) values (721, 0, 1511578.0, -25198.0, -4091462.0, 1.0);
INSERT INTO `region_point` (`region_face_id`, `idx`, `x`, `y`, `z`, `w`) values (721, 1, 1599898.0, -25198.0, -4047071.0, 1.0);
INSERT INTO `region_point` (`region_face_id`, `idx`, `x`, `y`, `z`, `w`) values (721, 2, 1462733.0, -25198.0996, -3958327.0, 1.0);
INSERT INTO `region_point` (`region_face_id`, `idx`, `x`, `y`, `z`, `w`) values (721, 3, 1600094.0, -25198.0996, -3898670.0, 1.0);
INSERT INTO `region_face` (`region_face_id`, `region_id`, `kind`, `flags`, `normal_x`, `normal_y`, `normal_z`, `normal_w`, `pos_x`, `pos_y`, `pos_z`, `pos_w`) values (722, 151, 'face', '', 0.449, 0.0, -0.8934, 4334505.0, 1555738.0, 15762.0, -4069266.5, 64190.8671);
INSERT INTO `region_point` (`region_face_id`, `idx`, `x`, `y`, `z`, `w`) values (722, 0, 1511578.0, -25198.0, -4091462.0, 1.0);
INSERT INTO `region_point` (`region_face_id`, `idx`, `x`, `y`, `z`, `w`) values (722, 1, 1511578.0, 56722.0, -4091462.0, 1.0);
INSERT INTO `region_point` (`region_face_id`, `idx`, `x`, `y`, `z`, `w`) values (722, 2, 1599898.0, -25198.0, -4047071.0, 1.0);
INSERT INTO `region_point` (`region_face_id`, `idx`, `x`, `y`, `z`, `w`) values (722, 3, 1599898.0, 56722.0, -4047071.0, 1.0);
INSERT INTO `region_face` (`region_face_id`, `region_id`, `kind`, `flags`, `normal_x`, `normal_y`, `normal_z`, `normal_w`, `pos_x`, `pos_y`, `pos_z`, `pos_w`) values (723, 151, 'face', '', -0.9388, 0.0, -0.3444, -9847.3232, 1487155.5, 15761.9501, -4024894.5, 81886.6093);
INSERT INTO `region_point` (`region_face_id`, `idx`, `x`, `y`, `z`, `w`) values (723, 0, 1511578.0, -25198.0, -4091462.0, 1.0);
INSERT INTO `region_point` (`region_face_id`, `idx`, `x`, `y`, `z`, `w`) values (723, 1, 1462733.0, -25198.0996, -3958327.0, 1.0);
INSERT INTO `region_point` (`region_face_id`, `idx`, `x`, `y`, `z`, `w`) values (723, 2, 1511578.0, 56722.0, -4091462.0, 1.0);
INSERT INTO `region_point` (`region_face_id`, `idx`, `x`, `y`, `z`, `w`) values (723, 3, 1462733.0, 56721.8984, -3958327.0, 1.0);
INSERT INTO `region` (`region_id`, `level_name`, `tree`, `on_enter`, `on_exit`, `on_inside`) values (174, 'atoll', 'target', '(want-load ''atoll ''atollext #f)', '', '');
INSERT INTO `region_sphere` (`region_id`, `x`, `y`, `z`, `r`) values (174, 1782793.0, 137120.0, -4827846.0, 107848.0);
INSERT INTO `region` (`region_id`, `level_name`, `tree`, `on_enter`, `on_exit`, `on_inside`) values (177, 'atoll', 'target', '(send-event "gun-buoy-1" ''kill-player)', '', '');
INSERT INTO `region_face` (`region_face_id`, `region_id`, `kind`, `flags`, `normal_x`, `normal_y`, `normal_z`, `normal_w`, `pos_x`, `pos_y`, `pos_z`, `pos_w`) values (724, 177, 'plane', '', 0.0, 1.0, -0.0, 57732.1484, 2388213.0, 57731.2968, -4831606.0, 378694.75);
INSERT INTO `region_point` (`region_face_id`, `idx`, `x`, `y`, `z`, `w`) values (724, 0, 2235142.0, 57731.3007, -5161080.0, 1.0);
INSERT INTO `region_point` (`region_face_id`, `idx`, `x`, `y`, `z`, `w`) values (724, 1, 2355207.0, 57731.3007, -4491550.0, 1.0);
INSERT INTO `region_point` (`region_face_id`, `idx`, `x`, `y`, `z`, `w`) values (724, 2, 2619412.0, 57731.1992, -5131534.0, 1.0);
INSERT INTO `region_point` (`region_face_id`, `idx`, `x`, `y`, `z`, `w`) values (724, 3, 2528512.0, 57731.3007, -4485564.0, 1.0);
INSERT INTO `region` (`region_id`, `level_name`, `tree`, `on_enter`, `on_exit`, `on_inside`) values (353, 'atoll', 'target', '(send-event "gun-buoy-1" ''kill-player)', '', '');
INSERT INTO `region_face` (`region_face_id`, `region_id`, `kind`, `flags`, `normal_x`, `normal_y`, `normal_z`, `normal_w`, `pos_x`, `pos_y`, `pos_z`, `pos_w`) values (725, 353, 'plane', '', 0.0, 1.0, 0.0, 57731.1015, 2036376.25, 57731.1015, -5115435.5, 256711.0625);
INSERT INTO `region_point` (`region_face_id`, `idx`, `x`, `y`, `z`, `w`) values (725, 0, 1853218.25, 57731.1015, -5276598.0, 1.0);
INSERT INTO `region_point` (`region_face_id`, `idx`, `x`, `y`, `z`, `w`) values (725, 1, 1863301.375, 57731.1015, -4967778.0, 1.0);
INSERT INTO `region_point` (`region_face_id`, `idx`, `x`, `y`, `z`, `w`) values (725, 2, 2286292.0, 57731.1015, -5174110.0, 1.0);
INSERT INTO `region_point` (`region_face_id`, `idx`, `x`, `y`, `z`, `w`) values (725, 3, 2165633.0, 57731.1015, -4941618.0, 1.0);
INSERT INTO `region` (`region_id`, `level_name`, `tree`, `on_enter`, `on_exit`, `on_inside`) values (457, 'atoll', 'target', '(want-continue "atoll-battle")', '', '');
INSERT INTO `region_sphere` (`region_id`, `x`, `y`, `z`, `r`) values (457, 1952924.5, 196191.0, -4782999.0, 52129.1992);
INSERT INTO `region` (`region_id`, `level_name`, `tree`, `on_enter`, `on_exit`, `on_inside`) values (618, 'atoll', 'target', '(want-load ''atoll ''caspad #f)', '', '');
INSERT INTO `region_face` (`region_face_id`, `region_id`, `kind`, `flags`, `normal_x`, `normal_y`, `normal_z`, `normal_w`, `pos_x`, `pos_y`, `pos_z`, `pos_w`) values (726, 618, 'plane', '', 0.5491, 0.0, 0.8356, -3964357.25, 1683818.5, 91553.25, -5850355.0, 107538.9296);
INSERT INTO `region_point` (`region_face_id`, `idx`, `x`, `y`, `z`, `w`) values (726, 0, 1601580.0, 134919.0, -5796310.0, 1.0);
INSERT INTO `region_point` (`region_face_id`, `idx`, `x`, `y`, `z`, `w`) values (726, 1, 1601580.0, 48187.5, -5796310.0, 1.0);
INSERT INTO `region_point` (`region_face_id`, `idx`, `x`, `y`, `z`, `w`) values (726, 2, 1766057.0, 134919.0, -5904400.0, 1.0);
INSERT INTO `region_point` (`region_face_id`, `idx`, `x`, `y`, `z`, `w`) values (726, 3, 1766057.0, 48187.5, -5904400.0, 1.0);
INSERT INTO `region` (`region_id`, `level_name`, `tree`, `on_enter`, `on_exit`, `on_inside`) values (619, 'atoll', 'target', '(want-load ''atoll ''atollext #f)', '', '');
INSERT INTO `region_face` (`region_face_id`, `region_id`, `kind`, `flags`, `normal_x`, `normal_y`, `normal_z`, `normal_w`, `pos_x`, `pos_y`, `pos_z`, `pos_w`) values (727, 619, 'plane', '', -0.5662, 0.0, -0.8242, 3852898.5, 1697031.0, 88459.3984, -5840185.0, 124045.039);
INSERT INTO `region_point` (`region_face_id`, `idx`, `x`, `y`, `z`, `w`) values (727, 0, 1601238.0, 131825.0, -5774380.0, 1.0);
INSERT INTO `region_point` (`region_face_id`, `idx`, `x`, `y`, `z`, `w`) values (727, 1, 1792824.0, 131825.0, -5905990.0, 1.0);
INSERT INTO `region_point` (`region_face_id`, `idx`, `x`, `y`, `z`, `w`) values (727, 2, 1601238.0, 45093.8007, -5774380.0, 1.0);
INSERT INTO `region_point` (`region_face_id`, `idx`, `x`, `y`, `z`, `w`) values (727, 3, 1792824.0, 45093.8007, -5905990.0, 1.0);
INSERT INTO `region` (`region_id`, `level_name`, `tree`, `on_enter`, `on_exit`, `on_inside`) values (873, 'atoll', 'target', '(send-event "gun-buoy-1" ''kill-player)', '', '');
INSERT INTO `region_face` (`region_face_id`, `region_id`, `kind`, `flags`, `normal_x`, `normal_y`, `normal_z`, `normal_w`, `pos_x`, `pos_y`, `pos_z`, `pos_w`) values (728, 873, 'plane', '', -0.0, 1.0, -0.0, 7151.125, 1873220.5, 7132.1899, -5559955.0, 271388.1875);
INSERT INTO `region_point` (`region_face_id`, `idx`, `x`, `y`, `z`, `w`) values (728, 0, 1645180.0, 7131.7099, -5586950.0, 1.0);
INSERT INTO `region_point` (`region_face_id`, `idx`, `x`, `y`, `z`, `w`) values (728, 1, 1638019.0, 7132.3398, -5424560.0, 1.0);
INSERT INTO `region_point` (`region_face_id`, `idx`, `x`, `y`, `z`, `w`) values (728, 2, 1918431.125, 7131.2998, -5802360.0, 1.0);
INSERT INTO `region_point` (`region_face_id`, `idx`, `x`, `y`, `z`, `w`) values (728, 3, 2108422.0, 7132.04, -5695350.0, 1.0);
INSERT INTO `region` (`region_id`, `level_name`, `tree`, `on_enter`, `on_exit`, `on_inside`) values (156, 'atoll', 'camera', '', '', '(sound-play-loop "atoll-amb-low")');
INSERT INTO `region_sphere` (`region_id`, `x`, `y`, `z`, `r`) values (156, 2084860.0, 6524.54, -4244436.5, 1138650.0);
INSERT INTO `region` (`region_id`, `level_name`, `tree`, `on_enter`, `on_exit`, `on_inside`) values (157, 'atoll', 'camera', '', '', '(sound-play-loop "atoll-amb-high")');
INSERT INTO `region_sphere` (`region_id`, `x`, `y`, `z`, `r`) values (157, 2029871.0, 316310.0, -4698098.0, 1138650.0);
INSERT INTO `region` (`region_id`, `level_name`, `tree`, `on_enter`, `on_exit`, `on_inside`) values (158, 'atoll', 'camera', '', '', '(sound-play-loop "lagoon-amb")');
INSERT INTO `region_sphere` (`region_id`, `x`, `y`, `z`, `r`) values (158, 1927006.0, 8778.7802, -4341498.0, 334848.0);
INSERT INTO `region` (`region_id`, `level_name`, `tree`, `on_enter`, `on_exit`, `on_inside`) values (378, 'atoll', 'camera', '(cond ((task-closed? "atoll-battle-introduction") (want-sound ''atoll1 ''atoll2 ''atoll4)) (else (want-sound ''atoll1 ''atoll2 ''atoll3)))', '(unless (and (task-closed? "atoll-sig-sig-introduction") (not (task-closed? "atoll-sig-resolution"))) (want-sound ''atoll1 ''atoll2 ''ctywide1))', '');
INSERT INTO `region_face` (`region_face_id`, `region_id`, `kind`, `flags`, `normal_x`, `normal_y`, `normal_z`, `normal_w`, `pos_x`, `pos_y`, `pos_z`, `pos_w`) values (729, 378, 'plane', '', -0.0154, 0.0, 0.9998, -3747585.5, 2042822.0, 62883.746, -3716506.5, 1312551.375);
INSERT INTO `region_point` (`region_face_id`, `idx`, `x`, `y`, `z`, `w`) values (729, 0, 732212.0, 131319.0, -3736732.0, 1.0);
INSERT INTO `region_point` (`region_face_id`, `idx`, `x`, `y`, `z`, `w`) values (729, 1, 732212.0, -5551.5097, -3736732.0, 1.0);
INSERT INTO `region_point` (`region_face_id`, `idx`, `x`, `y`, `z`, `w`) values (729, 2, 3353432.0, 131319.0, -3696281.0, 1.0);
INSERT INTO `region_point` (`region_face_id`, `idx`, `x`, `y`, `z`, `w`) values (729, 3, 3353432.0, -5551.5097, -3696281.0, 1.0);
INSERT INTO `region` (`region_id`, `level_name`, `tree`, `on_enter`, `on_exit`, `on_inside`) values (617, 'atoll', 'camera', '(want-display ''caspad ''display)', '(want-display ''caspad #f)', '');
INSERT INTO `region_face` (`region_face_id`, `region_id`, `kind`, `flags`, `normal_x`, `normal_y`, `normal_z`, `normal_w`, `pos_x`, `pos_y`, `pos_z`, `pos_w`) values (730, 617, 'plane', '', -0.9999, 0.0, 0.0028, -1901497.875, 1884371.625, 162605.5, -6003320.0, 50957.5312);
INSERT INTO `region_point` (`region_face_id`, `idx`, `x`, `y`, `z`, `w`) values (730, 0, 1884295.25, 205971.0, -6030080.0, 1.0);
INSERT INTO `region_point` (`region_face_id`, `idx`, `x`, `y`, `z`, `w`) values (730, 1, 1884295.25, 119240.0, -6030080.0, 1.0);
INSERT INTO `region_point` (`region_face_id`, `idx`, `x`, `y`, `z`, `w`) values (730, 2, 1884448.0, 205971.0, -5976560.0, 1.0);
INSERT INTO `region_point` (`region_face_id`, `idx`, `x`, `y`, `z`, `w`) values (730, 3, 1884448.0, 119240.0, -5976560.0, 1.0);
INSERT INTO `region` (`region_id`, `level_name`, `tree`, `on_enter`, `on_exit`, `on_inside`) values (620, 'atoll', 'camera', '(want-display ''atollext ''display)', '(want-display ''atollext #f)', '');
INSERT INTO `region_face` (`region_face_id`, `region_id`, `kind`, `flags`, `normal_x`, `normal_y`, `normal_z`, `normal_w`, `pos_x`, `pos_y`, `pos_z`, `pos_w`) values (731, 620, 'plane', '', -0.5662, 0.0, -0.8242, 3511495.25, 1882982.75, 30434.5507, -5553735.0, 154228.9531);
INSERT INTO `region_point` (`region_face_id`, `idx`, `x`, `y`, `z`, `w`) values (731, 0, 1787190.0, 131825.0, -5487930.0, 1.0);
INSERT INTO `region_point` (`region_face_id`, `idx`, `x`, `y`, `z`, `w`) values (731, 1, 1978775.5, 131825.0, -5619540.0, 1.0);
INSERT INTO `region_point` (`region_face_id`, `idx`, `x`, `y`, `z`, `w`) values (731, 2, 1787190.0, -70955.8984, -5487930.0, 1.0);
INSERT INTO `region_point` (`region_face_id`, `idx`, `x`, `y`, `z`, `w`) values (731, 3, 1978775.5, -70955.8984, -5619540.0, 1.0);
INSERT INTO `region` (`region_id`, `level_name`, `tree`, `on_enter`, `on_exit`, `on_inside`) values (761, 'atoll', 'camera', '', '', '(setting-pers rain mode ''abs value 0.0000)');
INSERT INTO `region_sphere` (`region_id`, `x`, `y`, `z`, `r`) values (761, 2289438.0, 12133.7998, -3415941.0, 57165.8984);
INSERT INTO `region` (`region_id`, `level_name`, `tree`, `on_enter`, `on_exit`, `on_inside`) values (216, 'atoll', 'water', '', '', '(water ocean 0 (swim wade))');
INSERT INTO `region_sphere` (`region_id`, `x`, `y`, `z`, `r`) values (216, 2084860.0, 6524.54, -4244436.5, 1474350.0);
INSERT INTO `region` (`region_id`, `level_name`, `tree`, `on_enter`, `on_exit`, `on_inside`) values (864, 'sewerb', 'target', '(when (send-event "sew-elevator-15" ''player-ridden?) (cond ((send-event "sew-elevator-15" ''query ''going-up?) (want-load ''ctyindb ''ctywide ''sewerb)) (else (want-load ''sewer ''sewerb #f))))', '(when (send-event "sew-elevator-15" ''player-ridden?) (cond ((send-event "sew-elevator-15" ''query ''going-up?) (want-load ''ctyindb ''ctywide ''sewerb)) (else (want-load ''sewer ''sewerb #f))))', '');
INSERT INTO `region_face` (`region_face_id`, `region_id`, `kind`, `flags`, `normal_x`, `normal_y`, `normal_z`, `normal_w`, `pos_x`, `pos_y`, `pos_z`, `pos_w`) values (732, 864, 'plane', '', 0.0, 1.0, 0.0, -98074.1718, 4510583.5, -98074.1718, 2096834.25, 57925.9218);
INSERT INTO `region_point` (`region_face_id`, `idx`, `x`, `y`, `z`, `w`) values (732, 0, 4469623.5, -98074.1718, 2055874.625, 1.0);
INSERT INTO `region_point` (`region_face_id`, `idx`, `x`, `y`, `z`, `w`) values (732, 1, 4469623.5, -98074.1718, 2137793.75, 1.0);
INSERT INTO `region_point` (`region_face_id`, `idx`, `x`, `y`, `z`, `w`) values (732, 2, 4551543.5, -98074.1718, 2055874.625, 1.0);
INSERT INTO `region_point` (`region_face_id`, `idx`, `x`, `y`, `z`, `w`) values (732, 3, 4551543.5, -98074.1718, 2137793.75, 1.0);
INSERT INTO `region` (`region_id`, `level_name`, `tree`, `on_enter`, `on_exit`, `on_inside`) values (90, 'sewer', 'target', '(begin (send-event "sew-tri-blade-20" ''on) (send-event "sew-tri-blade-26" ''on))', '(begin (send-event "sew-tri-blade-20" ''off) (send-event "sew-tri-blade-26" ''off))', '');
INSERT INTO `region_sphere` (`region_id`, `x`, `y`, `z`, `r`) values (90, 6180417.5, -314682.375, 2267109.5, 143360.0);
INSERT INTO `region` (`region_id`, `level_name`, `tree`, `on_enter`, `on_exit`, `on_inside`) values (91, 'sewer', 'target', '(begin (send-event "sew-tri-blade-19" ''on) (send-event "sew-tri-blade-25" ''on))', '(begin (send-event "sew-tri-blade-19" ''off) (send-event "sew-tri-blade-25" ''off))', '');
INSERT INTO `region_sphere` (`region_id`, `x`, `y`, `z`, `r`) values (91, 6211995.5, -322741.1875, 2135989.5, 143360.0);
INSERT INTO `region` (`region_id`, `level_name`, `tree`, `on_enter`, `on_exit`, `on_inside`) values (92, 'sewer', 'target', '(begin (send-event "sew-tri-blade-21" ''on) (send-event "sew-tri-blade-27" ''on))', '(begin (send-event "sew-tri-blade-21" ''off) (send-event "sew-tri-blade-27" ''off))', '');
INSERT INTO `region_sphere` (`region_id`, `x`, `y`, `z`, `r`) values (92, 6164814.5, -323691.1875, 2396009.5, 143360.0);
INSERT INTO `region` (`region_id`, `level_name`, `tree`, `on_enter`, `on_exit`, `on_inside`) values (93, 'sewer', 'target', '(begin (send-event "sew-tri-blade-18" ''on) (send-event "sew-tri-blade-24" ''on))', '(begin (send-event "sew-tri-blade-18" ''off) (send-event "sew-tri-blade-24" ''off))', '');
INSERT INTO `region_sphere` (`region_id`, `x`, `y`, `z`, `r`) values (93, 6093918.5, -322104.1875, 1578332.375, 143360.0);
INSERT INTO `region` (`region_id`, `level_name`, `tree`, `on_enter`, `on_exit`, `on_inside`) values (94, 'sewer', 'target', '(begin (send-event "sew-tri-blade-17" ''on) (send-event "sew-tri-blade-22" ''on) (send-event "sew-tri-blade-23" ''on))', '(begin (send-event "sew-tri-blade-17" ''off) (send-event "sew-tri-blade-22" ''off) (send-event "sew-tri-blade-23" ''off))', '');
INSERT INTO `region_sphere` (`region_id`, `x`, `y`, `z`, `r`) values (94, 5922639.5, -321879.1875, 1635091.375, 143360.0);
INSERT INTO `region` (`region_id`, `level_name`, `tree`, `on_enter`, `on_exit`, `on_inside`) values (129, 'sewer', 'target', '(begin (send-event #<actor-group #<entity-actor :name grunt-194 @ #x31aff74> #<entity-actor :name grunt-195 @ #x31b02a4> #<entity-actor :name grunt-196 @ #x31b05d4> @ #x31a2904> ''cue-chase) (send-event #<entity-actor :name sew-light-switch-14 @ #x31d8a54> ''untrigger) (sound-play "sew-light-off"))', '', '');
INSERT INTO `region_face` (`region_face_id`, `region_id`, `kind`, `flags`, `normal_x`, `normal_y`, `normal_z`, `normal_w`, `pos_x`, `pos_y`, `pos_z`, `pos_w`) values (733, 129, 'plane', '', 0.9992, 0.0, -0.0378, 4867424.0, 4931973.0, -150928.0625, 1613191.875, 60216.7539);
INSERT INTO `region_point` (`region_face_id`, `idx`, `x`, `y`, `z`, `w`) values (733, 0, 4930147.5, -186940.9687, 1564965.375, 1.0);
INSERT INTO `region_point` (`region_face_id`, `idx`, `x`, `y`, `z`, `w`) values (733, 1, 4930147.5, -114915.1718, 1564965.375, 1.0);
INSERT INTO `region_point` (`region_face_id`, `idx`, `x`, `y`, `z`, `w`) values (733, 2, 4933798.5, -186940.9687, 1661418.375, 1.0);
INSERT INTO `region_point` (`region_face_id`, `idx`, `x`, `y`, `z`, `w`) values (733, 3, 4933798.5, -114915.1718, 1661418.375, 1.0);
INSERT INTO `region` (`region_id`, `level_name`, `tree`, `on_enter`, `on_exit`, `on_inside`) values (144, 'sewer', 'target', '', '', '(when (not (task-complete? GAME_TASK_SEWER_ENEMY)) (setting-pers entity-name mode "camera-79"))');
INSERT INTO `region_face` (`region_face_id`, `region_id`, `kind`, `flags`, `normal_x`, `normal_y`, `normal_z`, `normal_w`, `pos_x`, `pos_y`, `pos_z`, `pos_w`) values (734, 144, 'face', '', 0.0052, 0.0, 0.9999, 2633684.75, 5063570.5, -182817.625, 2607067.0, 59132.9453);
INSERT INTO `region_point` (`region_face_id`, `idx`, `x`, `y`, `z`, `w`) values (734, 0, 5020921.5, -223777.5781, 2607291.5, 1.0);
INSERT INTO `region_point` (`region_face_id`, `idx`, `x`, `y`, `z`, `w`) values (734, 1, 5106219.5, -223777.5781, 2606842.5, 1.0);
INSERT INTO `region_point` (`region_face_id`, `idx`, `x`, `y`, `z`, `w`) values (734, 2, 5020921.5, -141857.6718, 2607291.5, 1.0);
INSERT INTO `region_point` (`region_face_id`, `idx`, `x`, `y`, `z`, `w`) values (734, 3, 5106219.5, -141857.6718, 2606842.5, 1.0);
INSERT INTO `region_face` (`region_face_id`, `region_id`, `kind`, `flags`, `normal_x`, `normal_y`, `normal_z`, `normal_w`, `pos_x`, `pos_y`, `pos_z`, `pos_w`) values (735, 144, 'face', '', 1.0, 0.0, 0.0, 5106219.5, 5106219.5, -182817.625, 2565883.5, 57925.4453);
INSERT INTO `region_point` (`region_face_id`, `idx`, `x`, `y`, `z`, `w`) values (735, 0, 5106219.5, -223777.5781, 2524924.5, 1.0);
INSERT INTO `region_point` (`region_face_id`, `idx`, `x`, `y`, `z`, `w`) values (735, 1, 5106219.5, -141857.6718, 2524924.5, 1.0);
INSERT INTO `region_point` (`region_face_id`, `idx`, `x`, `y`, `z`, `w`) values (735, 2, 5106219.5, -223777.5781, 2606842.5, 1.0);
INSERT INTO `region_point` (`region_face_id`, `idx`, `x`, `y`, `z`, `w`) values (735, 3, 5106219.5, -141857.6718, 2606842.5, 1.0);
INSERT INTO `region_face` (`region_face_id`, `region_id`, `kind`, `flags`, `normal_x`, `normal_y`, `normal_z`, `normal_w`, `pos_x`, `pos_y`, `pos_z`, `pos_w`) values (736, 144, 'face', '', 0.0, 1.0, 0.0, -141857.6718, 5063570.5, -141857.6718, 2566108.0, 59287.5859);
INSERT INTO `region_point` (`region_face_id`, `idx`, `x`, `y`, `z`, `w`) values (736, 0, 5020921.5, -141857.6718, 2525372.5, 1.0);
INSERT INTO `region_point` (`region_face_id`, `idx`, `x`, `y`, `z`, `w`) values (736, 1, 5020921.5, -141857.6718, 2607291.5, 1.0);
INSERT INTO `region_point` (`region_face_id`, `idx`, `x`, `y`, `z`, `w`) values (736, 2, 5106219.5, -141857.6718, 2524924.5, 1.0);
INSERT INTO `region_point` (`region_face_id`, `idx`, `x`, `y`, `z`, `w`) values (736, 3, 5106219.5, -141857.6718, 2606842.5, 1.0);
INSERT INTO `region_face` (`region_face_id`, `region_id`, `kind`, `flags`, `normal_x`, `normal_y`, `normal_z`, `normal_w`, `pos_x`, `pos_y`, `pos_z`, `pos_w`) values (737, 144, 'face', '', 0.0, -1.0, 0.0, 223777.5781, 5063570.5, -223777.5781, 2566108.0, 59287.5859);
INSERT INTO `region_point` (`region_face_id`, `idx`, `x`, `y`, `z`, `w`) values (737, 0, 5020921.5, -223777.5781, 2525372.5, 1.0);
INSERT INTO `region_point` (`region_face_id`, `idx`, `x`, `y`, `z`, `w`) values (737, 1, 5106219.5, -223777.5781, 2524924.5, 1.0);
INSERT INTO `region_point` (`region_face_id`, `idx`, `x`, `y`, `z`, `w`) values (737, 2, 5020921.5, -223777.5781, 2607291.5, 1.0);
INSERT INTO `region_point` (`region_face_id`, `idx`, `x`, `y`, `z`, `w`) values (737, 3, 5106219.5, -223777.5781, 2606842.5, 1.0);
INSERT INTO `region_face` (`region_face_id`, `region_id`, `kind`, `flags`, `normal_x`, `normal_y`, `normal_z`, `normal_w`, `pos_x`, `pos_y`, `pos_z`, `pos_w`) values (738, 144, 'face', '', -0.0052, 0.0, -0.9999, -2551708.25, 5063570.5, -182817.625, 2525148.5, 59132.9453);
INSERT INTO `region_point` (`region_face_id`, `idx`, `x`, `y`, `z`, `w`) values (738, 0, 5020921.5, -223777.5781, 2525372.5, 1.0);
INSERT INTO `region_point` (`region_face_id`, `idx`, `x`, `y`, `z`, `w`) values (738, 1, 5020921.5, -141857.6718, 2525372.5, 1.0);
INSERT INTO `region_point` (`region_face_id`, `idx`, `x`, `y`, `z`, `w`) values (738, 2, 5106219.5, -223777.5781, 2524924.5, 1.0);
INSERT INTO `region_point` (`region_face_id`, `idx`, `x`, `y`, `z`, `w`) values (738, 3, 5106219.5, -141857.6718, 2524924.5, 1.0);
INSERT INTO `region_face` (`region_face_id`, `region_id`, `kind`, `flags`, `normal_x`, `normal_y`, `normal_z`, `normal_w`, `pos_x`, `pos_y`, `pos_z`, `pos_w`) values (739, 144, 'face', '', -1.0, 0.0, 0.0, -5020921.5, 5020921.5, -182817.625, 2566332.0, 57925.8007);
INSERT INTO `region_point` (`region_face_id`, `idx`, `x`, `y`, `z`, `w`) values (739, 0, 5020921.5, -223777.5781, 2525372.5, 1.0);
INSERT INTO `region_point` (`region_face_id`, `idx`, `x`, `y`, `z`, `w`) values (739, 1, 5020921.5, -223777.5781, 2607291.5, 1.0);
INSERT INTO `region_point` (`region_face_id`, `idx`, `x`, `y`, `z`, `w`) values (739, 2, 5020921.5, -141857.6718, 2525372.5, 1.0);
INSERT INTO `region_point` (`region_face_id`, `idx`, `x`, `y`, `z`, `w`) values (739, 3, 5020921.5, -141857.6718, 2607291.5, 1.0);
INSERT INTO `region` (`region_id`, `level_name`, `tree`, `on_enter`, `on_exit`, `on_inside`) values (155, 'sewer', 'target', '(send-event #<actor-group #<entity-actor :name grunt-193 @ #x31bd474> #<entity-actor :name grunt-197 @ #x31bd794> #<entity-actor :name grunt-198 @ #x31bdab4> @ #x31a2884> ''cue-chase)', '', '');
INSERT INTO `region_face` (`region_face_id`, `region_id`, `kind`, `flags`, `normal_x`, `normal_y`, `normal_z`, `normal_w`, `pos_x`, `pos_y`, `pos_z`, `pos_w`) values (740, 155, 'plane', '', -0.9997, 0.0, -0.0209, -5364789.0, 5318733.0, -169738.3281, 2257249.0, 80887.1015);
INSERT INTO `region_point` (`region_face_id`, `idx`, `x`, `y`, `z`, `w`) values (740, 0, 5317372.5, -217832.7812, 2322270.5, 1.0);
INSERT INTO `region_point` (`region_face_id`, `idx`, `x`, `y`, `z`, `w`) values (740, 1, 5317372.5, -121643.875, 2322270.5, 1.0);
INSERT INTO `region_point` (`region_face_id`, `idx`, `x`, `y`, `z`, `w`) values (740, 2, 5320093.5, -217832.7812, 2192227.5, 1.0);
INSERT INTO `region_point` (`region_face_id`, `idx`, `x`, `y`, `z`, `w`) values (740, 3, 5320093.5, -121643.875, 2192227.5, 1.0);
INSERT INTO `region` (`region_id`, `level_name`, `tree`, `on_enter`, `on_exit`, `on_inside`) values (159, 'sewer', 'target', '(send-event #<actor-group #<entity-actor :name grunt-199 @ #x31c8234> #<entity-actor :name grunt-200 @ #x31c85d4> #<entity-actor :name grunt-201 @ #x31c8974> #<entity-actor :name grunt-202 @ #x31c8d14> #<entity-actor :name grunt-203 @ #x31c90b4> #<entity-actor :name grunt-204 @ #x31c9454> #<entity-actor :name grunt-205 @ #x31c97f4> #<entity-actor :name grunt-206 @ #x31c9b94> @ #x31a28b4> ''cue-chase)', '', '');
INSERT INTO `region_face` (`region_face_id`, `region_id`, `kind`, `flags`, `normal_x`, `normal_y`, `normal_z`, `normal_w`, `pos_x`, `pos_y`, `pos_z`, `pos_w`) values (741, 159, 'plane', '', -0.0345, 0.0, 0.9994, 1627743.875, 5366784.0, -239347.5312, 1814396.375, 84525.9453);
INSERT INTO `region_point` (`region_face_id`, `idx`, `x`, `y`, `z`, `w`) values (741, 0, 5290391.5, -203266.5781, 1811753.375, 1.0);
INSERT INTO `region_point` (`region_face_id`, `idx`, `x`, `y`, `z`, `w`) values (741, 1, 5290391.5, -275428.4687, 1811753.375, 1.0);
INSERT INTO `region_point` (`region_face_id`, `idx`, `x`, `y`, `z`, `w`) values (741, 2, 5443176.0, -203266.5781, 1817039.375, 1.0);
INSERT INTO `region_point` (`region_face_id`, `idx`, `x`, `y`, `z`, `w`) values (741, 3, 5443176.0, -275428.4687, 1817039.375, 1.0);
INSERT INTO `region` (`region_id`, `level_name`, `tree`, `on_enter`, `on_exit`, `on_inside`) values (167, 'sewer', 'target', '', '', '(when (not (task-complete? GAME_TASK_SEWER_BOARD)) (setting-pers calm mode #t))');
INSERT INTO `region_face` (`region_face_id`, `region_id`, `kind`, `flags`, `normal_x`, `normal_y`, `normal_z`, `normal_w`, `pos_x`, `pos_y`, `pos_z`, `pos_w`) values (742, 167, 'face', '', -0.0, -1.0, 0.0, 396952.5625, 5579084.0, -396992.375, 2494611.25, 131470.4843);
INSERT INTO `region_point` (`region_face_id`, `idx`, `x`, `y`, `z`, `w`) values (742, 0, 5472896.5, -396990.1875, 2572127.5, 1.0);
INSERT INTO `region_point` (`region_face_id`, `idx`, `x`, `y`, `z`, `w`) values (742, 1, 5540417.5, -396993.1875, 2383816.5, 1.0);
INSERT INTO `region_point` (`region_face_id`, `idx`, `x`, `y`, `z`, `w`) values (742, 2, 5646896.5, -396992.1875, 2584129.5, 1.0);
INSERT INTO `region_point` (`region_face_id`, `idx`, `x`, `y`, `z`, `w`) values (742, 3, 5663601.5, -396992.1875, 2535772.5, 1.0);
INSERT INTO `region_face` (`region_face_id`, `region_id`, `kind`, `flags`, `normal_x`, `normal_y`, `normal_z`, `normal_w`, `pos_x`, `pos_y`, `pos_z`, `pos_w`) values (743, 167, 'face', '', -0.0688, 0.0, 0.9976, 2189421.0, 5559896.5, -356032.75, 2578128.5, 96346.7187);
INSERT INTO `region_point` (`region_face_id`, `idx`, `x`, `y`, `z`, `w`) values (743, 0, 5472896.5, -396990.1875, 2572127.5, 1.0);
INSERT INTO `region_point` (`region_face_id`, `idx`, `x`, `y`, `z`, `w`) values (743, 1, 5646896.5, -396992.1875, 2584129.5, 1.0);
INSERT INTO `region_point` (`region_face_id`, `idx`, `x`, `y`, `z`, `w`) values (743, 2, 5472896.5, -315073.2812, 2572127.5, 1.0);
INSERT INTO `region_point` (`region_face_id`, `idx`, `x`, `y`, `z`, `w`) values (743, 3, 5646896.5, -315074.6875, 2584129.5, 1.0);
INSERT INTO `region_face` (`region_face_id`, `region_id`, `kind`, `flags`, `normal_x`, `normal_y`, `normal_z`, `normal_w`, `pos_x`, `pos_y`, `pos_z`, `pos_w`) values (744, 167, 'face', '', -0.9413, 0.0, -0.3375, -6019882.5, 5506657.0, -356033.25, 2477972.0, 108086.7656);
INSERT INTO `region_point` (`region_face_id`, `idx`, `x`, `y`, `z`, `w`) values (744, 0, 5472896.5, -396990.1875, 2572127.5, 1.0);
INSERT INTO `region_point` (`region_face_id`, `idx`, `x`, `y`, `z`, `w`) values (744, 1, 5472896.5, -315073.2812, 2572127.5, 1.0);
INSERT INTO `region_point` (`region_face_id`, `idx`, `x`, `y`, `z`, `w`) values (744, 2, 5540417.5, -396993.1875, 2383816.5, 1.0);
INSERT INTO `region_point` (`region_face_id`, `idx`, `x`, `y`, `z`, `w`) values (744, 3, 5540417.5, -315074.6875, 2383816.5, 1.0);
INSERT INTO `region_face` (`region_face_id`, `region_id`, `kind`, `flags`, `normal_x`, `normal_y`, `normal_z`, `normal_w`, `pos_x`, `pos_y`, `pos_z`, `pos_w`) values (745, 167, 'face', '', 0.9451, 0.0, 0.3265, 6181160.5, 5655249.0, -356033.375, 2559951.0, 48290.6679);
INSERT INTO `region_point` (`region_face_id`, `idx`, `x`, `y`, `z`, `w`) values (745, 0, 5646896.5, -396992.1875, 2584129.5, 1.0);
INSERT INTO `region_point` (`region_face_id`, `idx`, `x`, `y`, `z`, `w`) values (745, 1, 5663601.5, -396992.1875, 2535772.5, 1.0);
INSERT INTO `region_point` (`region_face_id`, `idx`, `x`, `y`, `z`, `w`) values (745, 2, 5646896.5, -315074.6875, 2584129.5, 1.0);
INSERT INTO `region_point` (`region_face_id`, `idx`, `x`, `y`, `z`, `w`) values (745, 3, 5663601.5, -315074.5625, 2535772.5, 1.0);
INSERT INTO `region_face` (`region_face_id`, `region_id`, `kind`, `flags`, `normal_x`, `normal_y`, `normal_z`, `normal_w`, `pos_x`, `pos_y`, `pos_z`, `pos_w`) values (746, 167, 'face', '', 0.0, 1.0, -0.0, -315038.8437, 5579084.0, -315074.5312, 2494611.25, 131470.4843);
INSERT INTO `region_point` (`region_face_id`, `idx`, `x`, `y`, `z`, `w`) values (746, 0, 5472896.5, -315073.2812, 2572127.5, 1.0);
INSERT INTO `region_point` (`region_face_id`, `idx`, `x`, `y`, `z`, `w`) values (746, 1, 5646896.5, -315074.6875, 2584129.5, 1.0);
INSERT INTO `region_point` (`region_face_id`, `idx`, `x`, `y`, `z`, `w`) values (746, 2, 5540417.5, -315074.6875, 2383816.5, 1.0);
INSERT INTO `region_point` (`region_face_id`, `idx`, `x`, `y`, `z`, `w`) values (746, 3, 5663601.5, -315074.5625, 2535772.5, 1.0);
INSERT INTO `region_face` (`region_face_id`, `region_id`, `kind`, `flags`, `normal_x`, `normal_y`, `normal_z`, `normal_w`, `pos_x`, `pos_y`, `pos_z`, `pos_w`) values (747, 167, 'face', '', 0.7768, 0.0, -0.6297, 2802718.5, 5602009.5, -356033.875, 2459794.5, 106037.2343);
INSERT INTO `region_point` (`region_face_id`, `idx`, `x`, `y`, `z`, `w`) values (747, 0, 5540417.5, -396993.1875, 2383816.5, 1.0);
INSERT INTO `region_point` (`region_face_id`, `idx`, `x`, `y`, `z`, `w`) values (747, 1, 5540417.5, -315074.6875, 2383816.5, 1.0);
INSERT INTO `region_point` (`region_face_id`, `idx`, `x`, `y`, `z`, `w`) values (747, 2, 5663601.5, -396992.1875, 2535772.5, 1.0);
INSERT INTO `region_point` (`region_face_id`, `idx`, `x`, `y`, `z`, `w`) values (747, 3, 5663601.5, -315074.5625, 2535772.5, 1.0);
INSERT INTO `region` (`region_id`, `level_name`, `tree`, `on_enter`, `on_exit`, `on_inside`) values (168, 'sewer', 'target', '(when (and (task-closed? "sewer-board-drain") (not (task-complete? GAME_TASK_SEWER_BOARD))) (scene-play "sewer-drain-res"))', '', '');
INSERT INTO `region_sphere` (`region_id`, `x`, `y`, `z`, `r`) values (168, 5497939.0, -362722.1875, 2488269.5, 58795.8007);
INSERT INTO `region` (`region_id`, `level_name`, `tree`, `on_enter`, `on_exit`, `on_inside`) values (169, 'sewer', 'target', '', '', '(want-anim "sewer-drain-res")');
INSERT INTO `region_sphere` (`region_id`, `x`, `y`, `z`, `r`) values (169, 5598005.5, -426829.1875, 2495301.5, 167448.0);
INSERT INTO `region` (`region_id`, `level_name`, `tree`, `on_enter`, `on_exit`, `on_inside`) values (178, 'sewer', 'target', '(send-event "sew-light-control" ''use-switch "sew-light-switch-15")', '(send-event "sew-light-control" ''use-switch "sew-light-switch-13")', '');
INSERT INTO `region_face` (`region_face_id`, `region_id`, `kind`, `flags`, `normal_x`, `normal_y`, `normal_z`, `normal_w`, `pos_x`, `pos_y`, `pos_z`, `pos_w`) values (748, 178, 'plane', '', -0.9914, 0.0, 0.1307, -4747018.0, 5116896.0, -183532.7812, 2492051.0, 78734.4687);
INSERT INTO `region_point` (`region_face_id`, `idx`, `x`, `y`, `z`, `w`) values (748, 0, 5108892.5, -233073.375, 2431381.5, 1.0);
INSERT INTO `region_point` (`region_face_id`, `idx`, `x`, `y`, `z`, `w`) values (748, 1, 5124899.5, -233073.375, 2552720.5, 1.0);
INSERT INTO `region_point` (`region_face_id`, `idx`, `x`, `y`, `z`, `w`) values (748, 2, 5108892.5, -133992.1718, 2431381.5, 1.0);
INSERT INTO `region_point` (`region_face_id`, `idx`, `x`, `y`, `z`, `w`) values (748, 3, 5124899.5, -133992.1718, 2552720.5, 1.0);
INSERT INTO `region` (`region_id`, `level_name`, `tree`, `on_enter`, `on_exit`, `on_inside`) values (179, 'sewer', 'target', '(send-event "sew-light-control" ''use-switch "sew-light-switch-16")', '(send-event "sew-light-control" ''use-switch "sew-light-switch-15")', '');
INSERT INTO `region_face` (`region_face_id`, `region_id`, `kind`, `flags`, `normal_x`, `normal_y`, `normal_z`, `normal_w`, `pos_x`, `pos_y`, `pos_z`, `pos_w`) values (749, 179, 'plane', '', 0.0636, 0.0, 0.9979, 2446398.75, 5592654.0, -146313.1718, 2094446.625, 82158.164);
INSERT INTO `region_point` (`region_face_id`, `idx`, `x`, `y`, `z`, `w`) values (749, 0, 5653137.5, -90844.1718, 2090586.5, 1.0);
INSERT INTO `region_point` (`region_face_id`, `idx`, `x`, `y`, `z`, `w`) values (749, 1, 5532170.5, -90844.1718, 2098306.75, 1.0);
INSERT INTO `region_point` (`region_face_id`, `idx`, `x`, `y`, `z`, `w`) values (749, 2, 5653137.5, -201782.1718, 2090586.5, 1.0);
INSERT INTO `region_point` (`region_face_id`, `idx`, `x`, `y`, `z`, `w`) values (749, 3, 5532170.5, -201782.1718, 2098306.75, 1.0);
INSERT INTO `region` (`region_id`, `level_name`, `tree`, `on_enter`, `on_exit`, `on_inside`) values (180, 'sewer', 'target', '(send-event "sew-light-control" ''use-switch "sew-light-switch-14")', '(send-event "sew-light-control" ''use-switch "sew-light-switch-16")', '');
INSERT INTO `region_face` (`region_face_id`, `region_id`, `kind`, `flags`, `normal_x`, `normal_y`, `normal_z`, `normal_w`, `pos_x`, `pos_y`, `pos_z`, `pos_w`) values (750, 180, 'plane', '', -0.0178, 0.0, 0.9998, 1495761.75, 5162757.0, -181525.7968, 1588090.375, 74485.9843);
INSERT INTO `region_point` (`region_face_id`, `idx`, `x`, `y`, `z`, `w`) values (750, 0, 5097725.5, -217826.2187, 1586930.375, 1.0);
INSERT INTO `region_point` (`region_face_id`, `idx`, `x`, `y`, `z`, `w`) values (750, 1, 5227788.5, -217826.2187, 1589250.375, 1.0);
INSERT INTO `region_point` (`region_face_id`, `idx`, `x`, `y`, `z`, `w`) values (750, 2, 5097725.5, -145225.375, 1586930.375, 1.0);
INSERT INTO `region_point` (`region_face_id`, `idx`, `x`, `y`, `z`, `w`) values (750, 3, 5227788.5, -145225.375, 1589250.375, 1.0);
INSERT INTO `region` (`region_id`, `level_name`, `tree`, `on_enter`, `on_exit`, `on_inside`) values (181, 'sewer', 'target', '(send-event "sew-light-control" ''use-switch "sew-light-switch-13")', '(send-event "sew-light-control" ''use-switch "sew-light-switch-14")', '');
INSERT INTO `region_face` (`region_face_id`, `region_id`, `kind`, `flags`, `normal_x`, `normal_y`, `normal_z`, `normal_w`, `pos_x`, `pos_y`, `pos_z`, `pos_w`) values (751, 181, 'plane', '', -0.5535, 0.0, -0.8328, -4159206.75, 4706015.5, -193233.125, 1866189.875, 143741.7812);
INSERT INTO `region_point` (`region_face_id`, `idx`, `x`, `y`, `z`, `w`) values (751, 0, 4795174.5, -97314.1718, 1806928.375, 1.0);
INSERT INTO `region_point` (`region_face_id`, `idx`, `x`, `y`, `z`, `w`) values (751, 1, 4795174.5, -289152.0625, 1806928.375, 1.0);
INSERT INTO `region_point` (`region_face_id`, `idx`, `x`, `y`, `z`, `w`) values (751, 2, 4616856.5, -97314.1718, 1925451.375, 1.0);
INSERT INTO `region_point` (`region_face_id`, `idx`, `x`, `y`, `z`, `w`) values (751, 3, 4616856.5, -289152.0625, 1925451.375, 1.0);
INSERT INTO `region` (`region_id`, `level_name`, `tree`, `on_enter`, `on_exit`, `on_inside`) values (185, 'sewer', 'target', '(send-event "sew-light-control" ''use-turret "sew-gunturret-15")', '(send-event "sew-light-control" ''use-turret "sew-gunturret-13")', '');
INSERT INTO `region_face` (`region_face_id`, `region_id`, `kind`, `flags`, `normal_x`, `normal_y`, `normal_z`, `normal_w`, `pos_x`, `pos_y`, `pos_z`, `pos_w`) values (752, 185, 'plane', '', -0.9965, 0.0, 0.0832, -5267584.0, 5475013.0, -174649.0781, 2262823.5, 53323.3632);
INSERT INTO `region_point` (`region_face_id`, `idx`, `x`, `y`, `z`, `w`) values (752, 0, 5471359.0, -204937.0781, 2219089.5, 1.0);
INSERT INTO `region_point` (`region_face_id`, `idx`, `x`, `y`, `z`, `w`) values (752, 1, 5478667.5, -204937.0781, 2306557.5, 1.0);
INSERT INTO `region_point` (`region_face_id`, `idx`, `x`, `y`, `z`, `w`) values (752, 2, 5471359.0, -144361.0781, 2219089.5, 1.0);
INSERT INTO `region_point` (`region_face_id`, `idx`, `x`, `y`, `z`, `w`) values (752, 3, 5478667.5, -144361.0781, 2306557.5, 1.0);
INSERT INTO `region` (`region_id`, `level_name`, `tree`, `on_enter`, `on_exit`, `on_inside`) values (186, 'sewer', 'target', '(send-event "sew-light-control" ''use-turret "sew-gunturret-16")', '(send-event "sew-light-control" ''use-turret "sew-gunturret-15")', '');
INSERT INTO `region_face` (`region_face_id`, `region_id`, `kind`, `flags`, `normal_x`, `normal_y`, `normal_z`, `normal_w`, `pos_x`, `pos_y`, `pos_z`, `pos_w`) values (753, 186, 'plane', '', 0.9992, 0.0, -0.0396, 5208473.0, 5282259.5, -182401.5156, 1755969.875, 55734.7851);
INSERT INTO `region_point` (`region_face_id`, `idx`, `x`, `y`, `z`, `w`) values (753, 0, 5280384.5, -211907.7656, 1708723.375, 1.0);
INSERT INTO `region_point` (`region_face_id`, `idx`, `x`, `y`, `z`, `w`) values (753, 1, 5280384.5, -152895.2656, 1708723.375, 1.0);
INSERT INTO `region_point` (`region_face_id`, `idx`, `x`, `y`, `z`, `w`) values (753, 2, 5284134.5, -211907.7656, 1803216.375, 1.0);
INSERT INTO `region_point` (`region_face_id`, `idx`, `x`, `y`, `z`, `w`) values (753, 3, 5284134.5, -152895.2656, 1803216.375, 1.0);
INSERT INTO `region` (`region_id`, `level_name`, `tree`, `on_enter`, `on_exit`, `on_inside`) values (187, 'sewer', 'target', '(send-event "sew-light-control" ''use-turret "sew-gunturret-14")', '(send-event "sew-light-control" ''use-turret "sew-gunturret-16")', '');
INSERT INTO `region_face` (`region_face_id`, `region_id`, `kind`, `flags`, `normal_x`, `normal_y`, `normal_z`, `normal_w`, `pos_x`, `pos_y`, `pos_z`, `pos_w`) values (754, 187, 'plane', '', 0.9992, 0.0, -0.0378, 4854052.0, 4918493.0, -150928.0625, 1610584.875, 60216.7539);
INSERT INTO `region_point` (`region_face_id`, `idx`, `x`, `y`, `z`, `w`) values (754, 0, 4916667.5, -186940.9687, 1562358.375, 1.0);
INSERT INTO `region_point` (`region_face_id`, `idx`, `x`, `y`, `z`, `w`) values (754, 1, 4916667.5, -114915.1718, 1562358.375, 1.0);
INSERT INTO `region_point` (`region_face_id`, `idx`, `x`, `y`, `z`, `w`) values (754, 2, 4920318.5, -186940.9687, 1658811.375, 1.0);
INSERT INTO `region_point` (`region_face_id`, `idx`, `x`, `y`, `z`, `w`) values (754, 3, 4920318.5, -114915.1718, 1658811.375, 1.0);
INSERT INTO `region` (`region_id`, `level_name`, `tree`, `on_enter`, `on_exit`, `on_inside`) values (188, 'sewer', 'target', '(send-event "sew-light-control" ''use-turret "sew-gunturret-13")', '(send-event "sew-light-control" ''use-turret "sew-gunturret-14")', '');
INSERT INTO `region_face` (`region_face_id`, `region_id`, `kind`, `flags`, `normal_x`, `normal_y`, `normal_z`, `normal_w`, `pos_x`, `pos_y`, `pos_z`, `pos_w`) values (755, 188, 'plane', '', -0.9989, 0.0, 0.0465, -4746422.5, 4840168.0, -149230.5312, 1901504.0, 81673.8671);
INSERT INTO `region_point` (`region_face_id`, `idx`, `x`, `y`, `z`, `w`) values (755, 0, 4837233.5, -97314.1718, 1838522.375, 1.0);
INSERT INTO `region_point` (`region_face_id`, `idx`, `x`, `y`, `z`, `w`) values (755, 1, 4837233.5, -201146.875, 1838522.375, 1.0);
INSERT INTO `region_point` (`region_face_id`, `idx`, `x`, `y`, `z`, `w`) values (755, 2, 4843102.5, -97314.1718, 1964485.75, 1.0);
INSERT INTO `region_point` (`region_face_id`, `idx`, `x`, `y`, `z`, `w`) values (755, 3, 4843102.5, -201146.875, 1964485.75, 1.0);
INSERT INTO `region` (`region_id`, `level_name`, `tree`, `on_enter`, `on_exit`, `on_inside`) values (194, 'sewer', 'target', '(send-event "hosehead-4" ''ambush)', '', '');
INSERT INTO `region_face` (`region_face_id`, `region_id`, `kind`, `flags`, `normal_x`, `normal_y`, `normal_z`, `normal_w`, `pos_x`, `pos_y`, `pos_z`, `pos_w`) values (756, 194, 'face', '', 0.0, -1.0, 0.0, 282771.5625, 4858852.5, -282771.5625, 1901541.375, 57926.1875);
INSERT INTO `region_point` (`region_face_id`, `idx`, `x`, `y`, `z`, `w`) values (756, 0, 4817892.5, -282771.5625, 1860581.375, 1.0);
INSERT INTO `region_point` (`region_face_id`, `idx`, `x`, `y`, `z`, `w`) values (756, 1, 4899812.5, -282771.5625, 1860581.375, 1.0);
INSERT INTO `region_point` (`region_face_id`, `idx`, `x`, `y`, `z`, `w`) values (756, 2, 4817892.5, -282771.5625, 1942501.375, 1.0);
INSERT INTO `region_point` (`region_face_id`, `idx`, `x`, `y`, `z`, `w`) values (756, 3, 4899812.5, -282771.5625, 1942501.375, 1.0);
INSERT INTO `region_face` (`region_face_id`, `region_id`, `kind`, `flags`, `normal_x`, `normal_y`, `normal_z`, `normal_w`, `pos_x`, `pos_y`, `pos_z`, `pos_w`) values (757, 194, 'face', '', -1.0, 0.0, 0.0, -4817892.5, 4817892.5, -241811.625, 1901541.375, 57926.1562);
INSERT INTO `region_point` (`region_face_id`, `idx`, `x`, `y`, `z`, `w`) values (757, 0, 4817892.5, -282771.5625, 1860581.375, 1.0);
INSERT INTO `region_point` (`region_face_id`, `idx`, `x`, `y`, `z`, `w`) values (757, 1, 4817892.5, -282771.5625, 1942501.375, 1.0);
INSERT INTO `region_point` (`region_face_id`, `idx`, `x`, `y`, `z`, `w`) values (757, 2, 4817892.5, -200851.6718, 1860581.375, 1.0);
INSERT INTO `region_point` (`region_face_id`, `idx`, `x`, `y`, `z`, `w`) values (757, 3, 4817892.5, -200851.6718, 1942501.375, 1.0);
INSERT INTO `region_face` (`region_face_id`, `region_id`, `kind`, `flags`, `normal_x`, `normal_y`, `normal_z`, `normal_w`, `pos_x`, `pos_y`, `pos_z`, `pos_w`) values (758, 194, 'face', '', 0.0, 0.0, -1.0, -1860581.375, 4858852.5, -241811.625, 1860581.375, 57926.1562);
INSERT INTO `region_point` (`region_face_id`, `idx`, `x`, `y`, `z`, `w`) values (758, 0, 4817892.5, -282771.5625, 1860581.375, 1.0);
INSERT INTO `region_point` (`region_face_id`, `idx`, `x`, `y`, `z`, `w`) values (758, 1, 4817892.5, -200851.6718, 1860581.375, 1.0);
INSERT INTO `region_point` (`region_face_id`, `idx`, `x`, `y`, `z`, `w`) values (758, 2, 4899812.5, -282771.5625, 1860581.375, 1.0);
INSERT INTO `region_point` (`region_face_id`, `idx`, `x`, `y`, `z`, `w`) values (758, 3, 4899812.5, -200851.6718, 1860581.375, 1.0);
INSERT INTO `region_face` (`region_face_id`, `region_id`, `kind`, `flags`, `normal_x`, `normal_y`, `normal_z`, `normal_w`, `pos_x`, `pos_y`, `pos_z`, `pos_w`) values (759, 194, 'face', '', 0.0, 0.0, 1.0, 1942501.375, 4858852.5, -241811.625, 1942501.375, 57926.1562);
INSERT INTO `region_point` (`region_face_id`, `idx`, `x`, `y`, `z`, `w`) values (759, 0, 4817892.5, -282771.5625, 1942501.375, 1.0);
INSERT INTO `region_point` (`region_face_id`, `idx`, `x`, `y`, `z`, `w`) values (759, 1, 4899812.5, -282771.5625, 1942501.375, 1.0);
INSERT INTO `region_point` (`region_face_id`, `idx`, `x`, `y`, `z`, `w`) values (759, 2, 4817892.5, -200851.6718, 1942501.375, 1.0);
INSERT INTO `region_point` (`region_face_id`, `idx`, `x`, `y`, `z`, `w`) values (759, 3, 4899812.5, -200851.6718, 1942501.375, 1.0);
INSERT INTO `region_face` (`region_face_id`, `region_id`, `kind`, `flags`, `normal_x`, `normal_y`, `normal_z`, `normal_w`, `pos_x`, `pos_y`, `pos_z`, `pos_w`) values (760, 194, 'face', '', 0.0, 1.0, 0.0, -200851.6718, 4858852.5, -200851.6718, 1901541.375, 57926.1875);
INSERT INTO `region_point` (`region_face_id`, `idx`, `x`, `y`, `z`, `w`) values (760, 0, 4817892.5, -200851.6718, 1860581.375, 1.0);
INSERT INTO `region_point` (`region_face_id`, `idx`, `x`, `y`, `z`, `w`) values (760, 1, 4817892.5, -200851.6718, 1942501.375, 1.0);
INSERT INTO `region_point` (`region_face_id`, `idx`, `x`, `y`, `z`, `w`) values (760, 2, 4899812.5, -200851.6718, 1860581.375, 1.0);
INSERT INTO `region_point` (`region_face_id`, `idx`, `x`, `y`, `z`, `w`) values (760, 3, 4899812.5, -200851.6718, 1942501.375, 1.0);
INSERT INTO `region_face` (`region_face_id`, `region_id`, `kind`, `flags`, `normal_x`, `normal_y`, `normal_z`, `normal_w`, `pos_x`, `pos_y`, `pos_z`, `pos_w`) values (761, 194, 'face', '', 1.0, 0.0, 0.0, 4899812.5, 4899812.5, -241811.625, 1901541.375, 57926.1562);
INSERT INTO `region_point` (`region_face_id`, `idx`, `x`, `y`, `z`, `w`) values (761, 0, 4899812.5, -282771.5625, 1860581.375, 1.0);
INSERT INTO `region_point` (`region_face_id`, `idx`, `x`, `y`, `z`, `w`) values (761, 1, 4899812.5, -200851.6718, 1860581.375, 1.0);
INSERT INTO `region_point` (`region_face_id`, `idx`, `x`, `y`, `z`, `w`) values (761, 2, 4899812.5, -282771.5625, 1942501.375, 1.0);
INSERT INTO `region_point` (`region_face_id`, `idx`, `x`, `y`, `z`, `w`) values (761, 3, 4899812.5, -200851.6718, 1942501.375, 1.0);
INSERT INTO `region` (`region_id`, `level_name`, `tree`, `on_enter`, `on_exit`, `on_inside`) values (563, 'sewer', 'target', '(send-event battle-sewesc-sentries1 ''cue-chase)', '', '');
INSERT INTO `region_face` (`region_face_id`, `region_id`, `kind`, `flags`, `normal_x`, `normal_y`, `normal_z`, `normal_w`, `pos_x`, `pos_y`, `pos_z`, `pos_w`) values (762, 563, 'plane', '', -0.9922, 0.0, -0.124, -5616952.0, 5474984.0, -339234.75, 1485569.375, 58172.9023);
INSERT INTO `region_point` (`region_face_id`, `idx`, `x`, `y`, `z`, `w`) values (762, 0, 5480458.5, -301350.2812, 1441764.375, 1.0);
INSERT INTO `region_point` (`region_face_id`, `idx`, `x`, `y`, `z`, `w`) values (762, 1, 5480458.5, -377119.1875, 1441764.375, 1.0);
INSERT INTO `region_point` (`region_face_id`, `idx`, `x`, `y`, `z`, `w`) values (762, 2, 5469509.0, -301350.2812, 1529374.375, 1.0);
INSERT INTO `region_point` (`region_face_id`, `idx`, `x`, `y`, `z`, `w`) values (762, 3, 5469509.0, -377119.1875, 1529374.375, 1.0);
INSERT INTO `region` (`region_id`, `level_name`, `tree`, `on_enter`, `on_exit`, `on_inside`) values (564, 'sewer', 'target', '(send-event battle-sewesc-sentries2 ''cue-chase)', '', '');
INSERT INTO `region_face` (`region_face_id`, `region_id`, `kind`, `flags`, `normal_x`, `normal_y`, `normal_z`, `normal_w`, `pos_x`, `pos_y`, `pos_z`, `pos_w`) values (763, 564, 'plane', '', -0.9369, 0.0, -0.3493, -5918791.0, 5635748.0, -323735.25, 1826678.875, 108275.6953);
INSERT INTO `region_point` (`region_face_id`, `idx`, `x`, `y`, `z`, `w`) values (763, 0, 5667751.5, -265998.2812, 1740854.375, 1.0);
INSERT INTO `region_point` (`region_face_id`, `idx`, `x`, `y`, `z`, `w`) values (763, 1, 5667751.5, -381472.1875, 1740854.375, 1.0);
INSERT INTO `region_point` (`region_face_id`, `idx`, `x`, `y`, `z`, `w`) values (763, 2, 5603744.5, -265998.2812, 1912503.375, 1.0);
INSERT INTO `region_point` (`region_face_id`, `idx`, `x`, `y`, `z`, `w`) values (763, 3, 5603744.5, -381472.1875, 1912503.375, 1.0);
INSERT INTO `region` (`region_id`, `level_name`, `tree`, `on_enter`, `on_exit`, `on_inside`) values (621, 'sewer', 'target', '(send-event hal-sewer-1 ''set-task 2)', '(send-event hal-sewer-1 ''clear-task 2)', '');
INSERT INTO `region_face` (`region_face_id`, `region_id`, `kind`, `flags`, `normal_x`, `normal_y`, `normal_z`, `normal_w`, `pos_x`, `pos_y`, `pos_z`, `pos_w`) values (764, 621, 'plane', '', -0.9911, 0.0, -0.1331, -5703504.0, 5553287.0, -339234.75, 1499765.375, 67824.4296);
INSERT INTO `region_point` (`region_face_id`, `idx`, `x`, `y`, `z`, `w`) values (764, 0, 5560775.5, -301350.2812, 1444008.375, 1.0);
INSERT INTO `region_point` (`region_face_id`, `idx`, `x`, `y`, `z`, `w`) values (764, 1, 5560775.5, -377119.1875, 1444008.375, 1.0);
INSERT INTO `region_point` (`region_face_id`, `idx`, `x`, `y`, `z`, `w`) values (764, 2, 5545798.5, -301350.2812, 1555522.375, 1.0);
INSERT INTO `region_point` (`region_face_id`, `idx`, `x`, `y`, `z`, `w`) values (764, 3, 5545798.5, -377119.1875, 1555522.375, 1.0);
INSERT INTO `region` (`region_id`, `level_name`, `tree`, `on_enter`, `on_exit`, `on_inside`) values (622, 'sewer', 'target', '(send-event hal-sewer-1 ''set-task 3)', '(send-event hal-sewer-1 ''clear-task 3)', '');
INSERT INTO `region_face` (`region_face_id`, `region_id`, `kind`, `flags`, `normal_x`, `normal_y`, `normal_z`, `normal_w`, `pos_x`, `pos_y`, `pos_z`, `pos_w`) values (765, 622, 'plane', '', -0.2041, 0.0, -0.9789, -2863763.25, 5567889.0, -339234.6875, 1764027.875, 61624.9531);
INSERT INTO `region_point` (`region_face_id`, `idx`, `x`, `y`, `z`, `w`) values (765, 0, 5615469.5, -301350.1875, 1754103.375, 1.0);
INSERT INTO `region_point` (`region_face_id`, `idx`, `x`, `y`, `z`, `w`) values (765, 1, 5615469.5, -377119.1875, 1754103.375, 1.0);
INSERT INTO `region_point` (`region_face_id`, `idx`, `x`, `y`, `z`, `w`) values (765, 2, 5520308.5, -301350.1875, 1773952.375, 1.0);
INSERT INTO `region_point` (`region_face_id`, `idx`, `x`, `y`, `z`, `w`) values (765, 3, 5520308.5, -377119.1875, 1773952.375, 1.0);
INSERT INTO `region` (`region_id`, `level_name`, `tree`, `on_enter`, `on_exit`, `on_inside`) values (645, 'sewer', 'target', '(send-event "sew-gunturret-14" ''stop)', '(send-event "sew-gunturret-14" ''start)', '');
INSERT INTO `region_face` (`region_face_id`, `region_id`, `kind`, `flags`, `normal_x`, `normal_y`, `normal_z`, `normal_w`, `pos_x`, `pos_y`, `pos_z`, `pos_w`) values (766, 645, 'plane', '', -0.997, 0.0, 0.0769, -4684668.0, 4845253.5, -131361.4218, 1899889.25, 70602.3515);
INSERT INTO `region_point` (`region_face_id`, `idx`, `x`, `y`, `z`, `w`) values (766, 0, 4840493.5, -97314.1718, 1838222.375, 1.0);
INSERT INTO `region_point` (`region_face_id`, `idx`, `x`, `y`, `z`, `w`) values (766, 1, 4840493.5, -165408.6718, 1838222.375, 1.0);
INSERT INTO `region_point` (`region_face_id`, `idx`, `x`, `y`, `z`, `w`) values (766, 2, 4850013.5, -97314.1718, 1961556.25, 1.0);
INSERT INTO `region_point` (`region_face_id`, `idx`, `x`, `y`, `z`, `w`) values (766, 3, 4850013.5, -165408.6718, 1961556.25, 1.0);
INSERT INTO `region` (`region_id`, `level_name`, `tree`, `on_enter`, `on_exit`, `on_inside`) values (196, 'sewer', 'camera', '', '', '(begin (setting-pers sound-reverb mode ''abs value 0.1298) (sound-play-loop "sewer-amb-1"))');
INSERT INTO `region_sphere` (`region_id`, `x`, `y`, `z`, `r`) values (196, 5424871.0, -187909.2656, 2189201.5, 1277350.0);
INSERT INTO `region` (`region_id`, `level_name`, `tree`, `on_enter`, `on_exit`, `on_inside`) values (253, 'sewer', 'camera', '', '', '');
INSERT INTO `region_sphere` (`region_id`, `x`, `y`, `z`, `r`) values (253, 5641113.5, -151538.5781, 1985882.75, 170448.0);
INSERT INTO `region` (`region_id`, `level_name`, `tree`, `on_enter`, `on_exit`, `on_inside`) values (343, 'sewer', 'camera', '(cond ((task-closed? "sewer-escort-introduction") (want-sound ''sewer4 ''sewer5 ''sewer6)) (else (want-sound ''sewer1 ''sewer2 ''sewer3)))', '(cond ((task-closed? "sewer-escort-introduction") (want-sound ''sewer4 ''sewer5 ''ctywide1)) (else (want-sound ''sewer1 ''sewer2 ''ctywide1)))', '');
INSERT INTO `region_face` (`region_face_id`, `region_id`, `kind`, `flags`, `normal_x`, `normal_y`, `normal_z`, `normal_w`, `pos_x`, `pos_y`, `pos_z`, `pos_w`) values (767, 343, 'plane', '', -0.9999, 0.0, -0.0121, -4897294.5, 4872186.5, -180756.2812, 2097683.0, 50597.6562);
INSERT INTO `region_point` (`region_face_id`, `idx`, `x`, `y`, `z`, `w`) values (767, 0, 4872695.5, -152429.2656, 2055761.125, 1.0);
INSERT INTO `region_point` (`region_face_id`, `idx`, `x`, `y`, `z`, `w`) values (767, 1, 4872695.5, -209083.2812, 2055761.125, 1.0);
INSERT INTO `region_point` (`region_face_id`, `idx`, `x`, `y`, `z`, `w`) values (767, 2, 4871677.5, -152429.2656, 2139604.75, 1.0);
INSERT INTO `region_point` (`region_face_id`, `idx`, `x`, `y`, `z`, `w`) values (767, 3, 4871677.5, -209083.2812, 2139604.75, 1.0);
INSERT INTO `region` (`region_id`, `level_name`, `tree`, `on_enter`, `on_exit`, `on_inside`) values (229, 'sewer', 'water', '', '', '(water ocean 0 (swim wade))');
INSERT INTO `region_face` (`region_face_id`, `region_id`, `kind`, `flags`, `normal_x`, `normal_y`, `normal_z`, `normal_w`, `pos_x`, `pos_y`, `pos_z`, `pos_w`) values (768, 229, 'face', '', -0.0004, -0.0257, 0.9996, 2564604.5, 5997477.5, -176392.6718, 2563489.0, 557282.75);
INSERT INTO `region_point` (`region_face_id`, `idx`, `x`, `y`, `z`, `w`) values (768, 0, 5518477.5, -461114.1875, 2555956.5, 1.0);
INSERT INTO `region_point` (`region_face_id`, `idx`, `x`, `y`, `z`, `w`) values (768, 1, 6482967.5, -445142.1875, 2556781.5, 1.0);
INSERT INTO `region_point` (`region_face_id`, `idx`, `x`, `y`, `z`, `w`) values (768, 2, 5511984.5, 88788.8281, 2570104.5, 1.0);
INSERT INTO `region_point` (`region_face_id`, `idx`, `x`, `y`, `z`, `w`) values (768, 3, 6476477.5, 108328.8281, 2571021.5, 1.0);
INSERT INTO `region_face` (`region_face_id`, `region_id`, `kind`, `flags`, `normal_x`, `normal_y`, `normal_z`, `normal_w`, `pos_x`, `pos_y`, `pos_z`, `pos_w`) values (769, 229, 'face', '', 0.9983, 0.0131, -0.0559, 6323329.5, 6444932.5, -182130.6875, 1939982.0, 695393.9375);
INSERT INTO `region_point` (`region_face_id`, `idx`, `x`, `y`, `z`, `w`) values (769, 0, 6413387.5, -472590.1875, 1308942.375, 1.0);
INSERT INTO `region_point` (`region_face_id`, `idx`, `x`, `y`, `z`, `w`) values (769, 1, 6406539.5, 108327.8281, 1323174.375, 1.0);
INSERT INTO `region_point` (`region_face_id`, `idx`, `x`, `y`, `z`, `w`) values (769, 2, 6482967.5, -445142.1875, 2556781.5, 1.0);
INSERT INTO `region_point` (`region_face_id`, `idx`, `x`, `y`, `z`, `w`) values (769, 3, 6476477.5, 108328.8281, 2571021.5, 1.0);
INSERT INTO `region_face` (`region_face_id`, `region_id`, `kind`, `flags`, `normal_x`, `normal_y`, `normal_z`, `normal_w`, `pos_x`, `pos_y`, `pos_z`, `pos_w`) values (770, 229, 'face', '', -0.0202, 0.9997, 0.0011, -19962.9277, 5959273.0, 98558.8281, 1946559.5, 810894.0);
INSERT INTO `region_point` (`region_face_id`, `idx`, `x`, `y`, `z`, `w`) values (770, 0, 5442068.0, 88788.8281, 1322097.375, 1.0);
INSERT INTO `region_point` (`region_face_id`, `idx`, `x`, `y`, `z`, `w`) values (770, 1, 5511984.5, 88788.8281, 2570104.5, 1.0);
INSERT INTO `region_point` (`region_face_id`, `idx`, `x`, `y`, `z`, `w`) values (770, 2, 6406539.5, 108327.8281, 1323174.375, 1.0);
INSERT INTO `region_point` (`region_face_id`, `idx`, `x`, `y`, `z`, `w`) values (770, 3, 6476477.5, 108328.8281, 2571021.5, 1.0);
INSERT INTO `region_face` (`region_face_id`, `region_id`, `kind`, `flags`, `normal_x`, `normal_y`, `normal_z`, `normal_w`, `pos_x`, `pos_y`, `pos_z`, `pos_w`) values (771, 229, 'face', '', 0.0165, -0.9996, 0.021, 606040.0625, 5965945.5, -466853.1875, 1932367.5, 810972.3125);
INSERT INTO `region_point` (`region_face_id`, `idx`, `x`, `y`, `z`, `w`) values (771, 0, 5448923.5, -488564.1875, 1307953.375, 1.0);
INSERT INTO `region_point` (`region_face_id`, `idx`, `x`, `y`, `z`, `w`) values (771, 1, 6413387.5, -472590.1875, 1308942.375, 1.0);
INSERT INTO `region_point` (`region_face_id`, `idx`, `x`, `y`, `z`, `w`) values (771, 2, 5518477.5, -461114.1875, 2555956.5, 1.0);
INSERT INTO `region_point` (`region_face_id`, `idx`, `x`, `y`, `z`, `w`) values (771, 3, 6482967.5, -445142.1875, 2556781.5, 1.0);
INSERT INTO `region_face` (`region_face_id`, `region_id`, `kind`, `flags`, `normal_x`, `normal_y`, `normal_z`, `normal_w`, `pos_x`, `pos_y`, `pos_z`, `pos_w`) values (772, 229, 'face', '', 0.0006, 0.0244, -0.9996, -1316154.5, 5927731.5, -190118.1718, 1315563.875, 564256.1875);
INSERT INTO `region_point` (`region_face_id`, `idx`, `x`, `y`, `z`, `w`) values (772, 0, 5448923.5, -488564.1875, 1307953.375, 1.0);
INSERT INTO `region_point` (`region_face_id`, `idx`, `x`, `y`, `z`, `w`) values (772, 1, 5442068.0, 88788.8281, 1322097.375, 1.0);
INSERT INTO `region_point` (`region_face_id`, `idx`, `x`, `y`, `z`, `w`) values (772, 2, 6413387.5, -472590.1875, 1308942.375, 1.0);
INSERT INTO `region_point` (`region_face_id`, `idx`, `x`, `y`, `z`, `w`) values (772, 3, 6406539.5, 108327.8281, 1323174.375, 1.0);
INSERT INTO `region_face` (`region_face_id`, `region_id`, `kind`, `flags`, `normal_x`, `normal_y`, `normal_z`, `normal_w`, `pos_x`, `pos_y`, `pos_z`, `pos_w`) values (773, 229, 'face', '', -0.9983, -0.0132, 0.0559, -5360300.5, 5480454.0, -199887.6718, 1939029.0, 694683.125);
INSERT INTO `region_point` (`region_face_id`, `idx`, `x`, `y`, `z`, `w`) values (773, 0, 5448923.5, -488564.1875, 1307953.375, 1.0);
INSERT INTO `region_point` (`region_face_id`, `idx`, `x`, `y`, `z`, `w`) values (773, 1, 5518477.5, -461114.1875, 2555956.5, 1.0);
INSERT INTO `region_point` (`region_face_id`, `idx`, `x`, `y`, `z`, `w`) values (773, 2, 5442068.0, 88788.8281, 1322097.375, 1.0);
INSERT INTO `region_point` (`region_face_id`, `idx`, `x`, `y`, `z`, `w`) values (773, 3, 5511984.5, 88788.8281, 2570104.5, 1.0);
INSERT INTO `region` (`region_id`, `level_name`, `tree`, `on_enter`, `on_exit`, `on_inside`) values (402, 'sewer', 'water', '', '', '(water ocean 0 (swim wade))');
INSERT INTO `region_face` (`region_face_id`, `region_id`, `kind`, `flags`, `normal_x`, `normal_y`, `normal_z`, `normal_w`, `pos_x`, `pos_y`, `pos_z`, `pos_w`) values (774, 402, 'face', '', 0.0, 0.0, 1.0, 2874279.5, 6331225.5, -257767.625, 2874279.5, 215264.5);
INSERT INTO `region_point` (`region_face_id`, `idx`, `x`, `y`, `z`, `w`) values (774, 0, 6136243.5, -348986.1875, 2874279.5, 1.0);
INSERT INTO `region_point` (`region_face_id`, `idx`, `x`, `y`, `z`, `w`) values (774, 1, 6526207.5, -348986.1875, 2874279.5, 1.0);
INSERT INTO `region_point` (`region_face_id`, `idx`, `x`, `y`, `z`, `w`) values (774, 2, 6136243.5, -166549.0781, 2874279.5, 1.0);
INSERT INTO `region_point` (`region_face_id`, `idx`, `x`, `y`, `z`, `w`) values (774, 3, 6526207.5, -166549.0781, 2874279.5, 1.0);
INSERT INTO `region_face` (`region_face_id`, `region_id`, `kind`, `flags`, `normal_x`, `normal_y`, `normal_z`, `normal_w`, `pos_x`, `pos_y`, `pos_z`, `pos_w`) values (775, 402, 'face', '', 0.9986, 0.0, -0.0513, 6369975.5, 6518092.5, -257767.5781, 2716482.0, 182446.5312);
INSERT INTO `region_point` (`region_face_id`, `idx`, `x`, `y`, `z`, `w`) values (775, 0, 6509977.5, -348986.1875, 2558684.5, 1.0);
INSERT INTO `region_point` (`region_face_id`, `idx`, `x`, `y`, `z`, `w`) values (775, 1, 6509977.5, -166548.9687, 2558684.5, 1.0);
INSERT INTO `region_point` (`region_face_id`, `idx`, `x`, `y`, `z`, `w`) values (775, 2, 6526207.5, -348986.1875, 2874279.5, 1.0);
INSERT INTO `region_point` (`region_face_id`, `idx`, `x`, `y`, `z`, `w`) values (775, 3, 6526207.5, -166549.0781, 2874279.5, 1.0);
INSERT INTO `region_face` (`region_face_id`, `region_id`, `kind`, `flags`, `normal_x`, `normal_y`, `normal_z`, `normal_w`, `pos_x`, `pos_y`, `pos_z`, `pos_w`) values (776, 402, 'face', '', 0.0, 1.0, 0.0, -166548.0781, 6323112.5, -166549.0312, 2716482.5, 257191.5);
INSERT INTO `region_point` (`region_face_id`, `idx`, `x`, `y`, `z`, `w`) values (776, 0, 6120017.5, -166548.9687, 2558685.5, 1.0);
INSERT INTO `region_point` (`region_face_id`, `idx`, `x`, `y`, `z`, `w`) values (776, 1, 6136243.5, -166549.0781, 2874279.5, 1.0);
INSERT INTO `region_point` (`region_face_id`, `idx`, `x`, `y`, `z`, `w`) values (776, 2, 6509977.5, -166548.9687, 2558684.5, 1.0);
INSERT INTO `region_point` (`region_face_id`, `idx`, `x`, `y`, `z`, `w`) values (776, 3, 6526207.5, -166549.0781, 2874279.5, 1.0);
INSERT INTO `region_face` (`region_face_id`, `region_id`, `kind`, `flags`, `normal_x`, `normal_y`, `normal_z`, `normal_w`, `pos_x`, `pos_y`, `pos_z`, `pos_w`) values (777, 402, 'face', '', 0.0, -1.0, 0.0, 348986.1875, 6323112.5, -348986.1875, 2716482.5, 257191.5);
INSERT INTO `region_point` (`region_face_id`, `idx`, `x`, `y`, `z`, `w`) values (777, 0, 6120017.5, -348986.1875, 2558685.5, 1.0);
INSERT INTO `region_point` (`region_face_id`, `idx`, `x`, `y`, `z`, `w`) values (777, 1, 6509977.5, -348986.1875, 2558684.5, 1.0);
INSERT INTO `region_point` (`region_face_id`, `idx`, `x`, `y`, `z`, `w`) values (777, 2, 6136243.5, -348986.1875, 2874279.5, 1.0);
INSERT INTO `region_point` (`region_face_id`, `idx`, `x`, `y`, `z`, `w`) values (777, 3, 6526207.5, -348986.1875, 2874279.5, 1.0);
INSERT INTO `region_face` (`region_face_id`, `region_id`, `kind`, `flags`, `normal_x`, `normal_y`, `normal_z`, `normal_w`, `pos_x`, `pos_y`, `pos_z`, `pos_w`) values (778, 402, 'face', '', -0.0, 0.0, -1.0, -2558701.25, 6314997.5, -257767.5781, 2558685.0, 215262.7187);
INSERT INTO `region_point` (`region_face_id`, `idx`, `x`, `y`, `z`, `w`) values (778, 0, 6120017.5, -348986.1875, 2558685.5, 1.0);
INSERT INTO `region_point` (`region_face_id`, `idx`, `x`, `y`, `z`, `w`) values (778, 1, 6120017.5, -166548.9687, 2558685.5, 1.0);
INSERT INTO `region_point` (`region_face_id`, `idx`, `x`, `y`, `z`, `w`) values (778, 2, 6509977.5, -348986.1875, 2558684.5, 1.0);
INSERT INTO `region_point` (`region_face_id`, `idx`, `x`, `y`, `z`, `w`) values (778, 3, 6509977.5, -166548.9687, 2558684.5, 1.0);
INSERT INTO `region_face` (`region_face_id`, `region_id`, `kind`, `flags`, `normal_x`, `normal_y`, `normal_z`, `normal_w`, `pos_x`, `pos_y`, `pos_z`, `pos_w`) values (779, 402, 'face', '', -0.9986, 0.0, 0.0513, -5980565.5, 6128130.5, -257767.5781, 2716482.5, 182446.0156);
INSERT INTO `region_point` (`region_face_id`, `idx`, `x`, `y`, `z`, `w`) values (779, 0, 6120017.5, -348986.1875, 2558685.5, 1.0);
INSERT INTO `region_point` (`region_face_id`, `idx`, `x`, `y`, `z`, `w`) values (779, 1, 6136243.5, -348986.1875, 2874279.5, 1.0);
INSERT INTO `region_point` (`region_face_id`, `idx`, `x`, `y`, `z`, `w`) values (779, 2, 6120017.5, -166548.9687, 2558685.5, 1.0);
INSERT INTO `region_point` (`region_face_id`, `idx`, `x`, `y`, `z`, `w`) values (779, 3, 6136243.5, -166549.0781, 2874279.5, 1.0);
INSERT INTO `region` (`region_id`, `level_name`, `tree`, `on_enter`, `on_exit`, `on_inside`) values (403, 'sewer', 'water', '', '', '(water ocean 0 (swim wade))');
INSERT INTO `region_face` (`region_face_id`, `region_id`, `kind`, `flags`, `normal_x`, `normal_y`, `normal_z`, `normal_w`, `pos_x`, `pos_y`, `pos_z`, `pos_w`) values (780, 403, 'face', '', 0.6128, -0.0009, 0.7902, 5541221.5, 5671628.0, -235519.1875, 2613641.0, 155488.1875);
INSERT INTO `region_point` (`region_face_id`, `idx`, `x`, `y`, `z`, `w`) values (780, 0, 5623388.5, -378566.1875, 2650884.5, 1.0);
INSERT INTO `region_point` (`region_face_id`, `idx`, `x`, `y`, `z`, `w`) values (780, 1, 5718601.5, -378566.1875, 2577048.5, 1.0);
INSERT INTO `region_point` (`region_face_id`, `idx`, `x`, `y`, `z`, `w`) values (780, 2, 5624655.5, -92471.1718, 2650233.5, 1.0);
INSERT INTO `region_point` (`region_face_id`, `idx`, `x`, `y`, `z`, `w`) values (780, 3, 5719867.5, -92472.1718, 2576397.5, 1.0);
INSERT INTO `region_face` (`region_face_id`, `region_id`, `kind`, `flags`, `normal_x`, `normal_y`, `normal_z`, `normal_w`, `pos_x`, `pos_y`, `pos_z`, `pos_w`) values (781, 403, 'face', '', 0.9397, -0.0033, 0.3419, 6256338.5, 5725928.5, -235519.1875, 2558327.0, 144452.8593);
INSERT INTO `region_point` (`region_face_id`, `idx`, `x`, `y`, `z`, `w`) values (781, 0, 5731989.5, -378566.1875, 2540256.5, 1.0);
INSERT INTO `region_point` (`region_face_id`, `idx`, `x`, `y`, `z`, `w`) values (781, 1, 5733255.5, -92472.1718, 2539605.5, 1.0);
INSERT INTO `region_point` (`region_face_id`, `idx`, `x`, `y`, `z`, `w`) values (781, 2, 5718601.5, -378566.1875, 2577048.5, 1.0);
INSERT INTO `region_point` (`region_face_id`, `idx`, `x`, `y`, `z`, `w`) values (781, 3, 5719867.5, -92472.1718, 2576397.5, 1.0);
INSERT INTO `region_face` (`region_face_id`, `region_id`, `kind`, `flags`, `normal_x`, `normal_y`, `normal_z`, `normal_w`, `pos_x`, `pos_y`, `pos_z`, `pos_w`) values (782, 403, 'face', '', 0.0, 1.0, 0.0, -92419.375, 5678955.5, -92471.6718, 2594919.5, 77512.1171);
INSERT INTO `region_point` (`region_face_id`, `idx`, `x`, `y`, `z`, `w`) values (782, 0, 5624657.5, -92471.1718, 2568326.5, 1.0);
INSERT INTO `region_point` (`region_face_id`, `idx`, `x`, `y`, `z`, `w`) values (782, 1, 5624655.5, -92471.1718, 2650233.5, 1.0);
INSERT INTO `region_point` (`region_face_id`, `idx`, `x`, `y`, `z`, `w`) values (782, 2, 5733255.5, -92472.1718, 2539605.5, 1.0);
INSERT INTO `region_point` (`region_face_id`, `idx`, `x`, `y`, `z`, `w`) values (782, 3, 5719867.5, -92472.1718, 2576397.5, 1.0);
INSERT INTO `region_face` (`region_face_id`, `region_id`, `kind`, `flags`, `normal_x`, `normal_y`, `normal_z`, `normal_w`, `pos_x`, `pos_y`, `pos_z`, `pos_w`) values (783, 403, 'face', '', 0.0, -1.0, 0.0, 378566.1875, 5677689.0, -378566.1875, 2595570.5, 77512.4687);
INSERT INTO `region_point` (`region_face_id`, `idx`, `x`, `y`, `z`, `w`) values (783, 0, 5623390.5, -378566.1875, 2568977.5, 1.0);
INSERT INTO `region_point` (`region_face_id`, `idx`, `x`, `y`, `z`, `w`) values (783, 1, 5731989.5, -378566.1875, 2540256.5, 1.0);
INSERT INTO `region_point` (`region_face_id`, `idx`, `x`, `y`, `z`, `w`) values (783, 2, 5623388.5, -378566.1875, 2650884.5, 1.0);
INSERT INTO `region_point` (`region_face_id`, `idx`, `x`, `y`, `z`, `w`) values (783, 3, 5718601.5, -378566.1875, 2577048.5, 1.0);
INSERT INTO `region_face` (`region_face_id`, `region_id`, `kind`, `flags`, `normal_x`, `normal_y`, `normal_z`, `normal_w`, `pos_x`, `pos_y`, `pos_z`, `pos_w`) values (784, 403, 'face', '', -0.2556, -0.001, -0.9667, -3920960.5, 5678323.0, -235519.1718, 2554291.5, 153934.0937);
INSERT INTO `region_point` (`region_face_id`, `idx`, `x`, `y`, `z`, `w`) values (784, 0, 5623390.5, -378566.1875, 2568977.5, 1.0);
INSERT INTO `region_point` (`region_face_id`, `idx`, `x`, `y`, `z`, `w`) values (784, 1, 5624657.5, -92471.1718, 2568326.5, 1.0);
INSERT INTO `region_point` (`region_face_id`, `idx`, `x`, `y`, `z`, `w`) values (784, 2, 5731989.5, -378566.1875, 2540256.5, 1.0);
INSERT INTO `region_point` (`region_face_id`, `idx`, `x`, `y`, `z`, `w`) values (784, 3, 5733255.5, -92472.1718, 2539605.5, 1.0);
INSERT INTO `region_face` (`region_face_id`, `region_id`, `kind`, `flags`, `normal_x`, `normal_y`, `normal_z`, `normal_w`, `pos_x`, `pos_y`, `pos_z`, `pos_w`) values (785, 403, 'face', '', -0.9999, 0.0044, -0.0, -5625074.5, 5624023.0, -235518.6875, 2609605.5, 148885.6875);
INSERT INTO `region_point` (`region_face_id`, `idx`, `x`, `y`, `z`, `w`) values (785, 0, 5623390.5, -378566.1875, 2568977.5, 1.0);
INSERT INTO `region_point` (`region_face_id`, `idx`, `x`, `y`, `z`, `w`) values (785, 1, 5623388.5, -378566.1875, 2650884.5, 1.0);
INSERT INTO `region_point` (`region_face_id`, `idx`, `x`, `y`, `z`, `w`) values (785, 2, 5624657.5, -92471.1718, 2568326.5, 1.0);
INSERT INTO `region_point` (`region_face_id`, `idx`, `x`, `y`, `z`, `w`) values (785, 3, 5624655.5, -92471.1718, 2650233.5, 1.0);
INSERT INTO `region` (`region_id`, `level_name`, `tree`, `on_enter`, `on_exit`, `on_inside`) values (404, 'sewer', 'water', '', '', '(water ocean 0 (swim wade))');
INSERT INTO `region_face` (`region_face_id`, `region_id`, `kind`, `flags`, `normal_x`, `normal_y`, `normal_z`, `normal_w`, `pos_x`, `pos_y`, `pos_z`, `pos_w`) values (786, 404, 'face', '', -0.3055, 0.0496, 0.9508, 789018.9375, 5563408.0, -236232.6875, 2629793.5, 171750.875);
INSERT INTO `region_point` (`region_face_id`, `idx`, `x`, `y`, `z`, `w`) values (786, 0, 5491371.0, -380770.1875, 2614199.5, 1.0);
INSERT INTO `region_point` (`region_face_id`, `idx`, `x`, `y`, `z`, `w`) values (786, 1, 5649269.5, -380770.1875, 2664936.5, 1.0);
INSERT INTO `region_point` (`region_face_id`, `idx`, `x`, `y`, `z`, `w`) values (786, 2, 5477546.0, -91695.1718, 2594650.5, 1.0);
INSERT INTO `region_point` (`region_face_id`, `idx`, `x`, `y`, `z`, `w`) values (786, 3, 5635443.5, -91695.1718, 2645386.5, 1.0);
INSERT INTO `region_face` (`region_face_id`, `region_id`, `kind`, `flags`, `normal_x`, `normal_y`, `normal_z`, `normal_w`, `pos_x`, `pos_y`, `pos_z`, `pos_w`) values (787, 404, 'face', '', 0.9988, 0.0477, 0.0, 5624628.0, 5642356.5, -236232.6875, 2614201.5, 153339.25);
INSERT INTO `region_point` (`region_face_id`, `idx`, `x`, `y`, `z`, `w`) values (787, 0, 5649269.5, -380770.1875, 2583016.5, 1.0);
INSERT INTO `region_point` (`region_face_id`, `idx`, `x`, `y`, `z`, `w`) values (787, 1, 5635443.5, -91695.1718, 2563466.5, 1.0);
INSERT INTO `region_point` (`region_face_id`, `idx`, `x`, `y`, `z`, `w`) values (787, 2, 5649269.5, -380770.1875, 2664936.5, 1.0);
INSERT INTO `region_point` (`region_face_id`, `idx`, `x`, `y`, `z`, `w`) values (787, 3, 5635443.5, -91695.1718, 2645386.5, 1.0);
INSERT INTO `region_face` (`region_face_id`, `region_id`, `kind`, `flags`, `normal_x`, `normal_y`, `normal_z`, `normal_w`, `pos_x`, `pos_y`, `pos_z`, `pos_w`) values (788, 404, 'face', '', 0.0, 1.0, 0.0, -91695.1718, 5556495.0, -91695.1718, 2579058.5, 103113.0859);
INSERT INTO `region_point` (`region_face_id`, `idx`, `x`, `y`, `z`, `w`) values (788, 0, 5477546.0, -91695.1718, 2512730.5, 1.0);
INSERT INTO `region_point` (`region_face_id`, `idx`, `x`, `y`, `z`, `w`) values (788, 1, 5477546.0, -91695.1718, 2594650.5, 1.0);
INSERT INTO `region_point` (`region_face_id`, `idx`, `x`, `y`, `z`, `w`) values (788, 2, 5635443.5, -91695.1718, 2563466.5, 1.0);
INSERT INTO `region_point` (`region_face_id`, `idx`, `x`, `y`, `z`, `w`) values (788, 3, 5635443.5, -91695.1718, 2645386.5, 1.0);
INSERT INTO `region_face` (`region_face_id`, `region_id`, `kind`, `flags`, `normal_x`, `normal_y`, `normal_z`, `normal_w`, `pos_x`, `pos_y`, `pos_z`, `pos_w`) values (789, 404, 'face', '', 0.0, -1.0, 0.0, 380770.1875, 5570320.0, -380770.1875, 2598608.0, 103113.9843);
INSERT INTO `region_point` (`region_face_id`, `idx`, `x`, `y`, `z`, `w`) values (789, 0, 5491371.0, -380770.1875, 2532279.5, 1.0);
INSERT INTO `region_point` (`region_face_id`, `idx`, `x`, `y`, `z`, `w`) values (789, 1, 5649269.5, -380770.1875, 2583016.5, 1.0);
INSERT INTO `region_point` (`region_face_id`, `idx`, `x`, `y`, `z`, `w`) values (789, 2, 5491371.0, -380770.1875, 2614199.5, 1.0);
INSERT INTO `region_point` (`region_face_id`, `idx`, `x`, `y`, `z`, `w`) values (789, 3, 5649269.5, -380770.1875, 2664936.5, 1.0);
INSERT INTO `region_face` (`region_face_id`, `region_id`, `kind`, `flags`, `normal_x`, `normal_y`, `normal_z`, `normal_w`, `pos_x`, `pos_y`, `pos_z`, `pos_w`) values (790, 404, 'face', '', 0.3055, -0.0496, -0.9508, -711122.8125, 5563408.0, -236232.6875, 2547873.5, 171750.875);
INSERT INTO `region_point` (`region_face_id`, `idx`, `x`, `y`, `z`, `w`) values (790, 0, 5491371.0, -380770.1875, 2532279.5, 1.0);
INSERT INTO `region_point` (`region_face_id`, `idx`, `x`, `y`, `z`, `w`) values (790, 1, 5477546.0, -91695.1718, 2512730.5, 1.0);
INSERT INTO `region_point` (`region_face_id`, `idx`, `x`, `y`, `z`, `w`) values (790, 2, 5649269.5, -380770.1875, 2583016.5, 1.0);
INSERT INTO `region_point` (`region_face_id`, `idx`, `x`, `y`, `z`, `w`) values (790, 3, 5635443.5, -91695.1718, 2563466.5, 1.0);
INSERT INTO `region_face` (`region_face_id`, `region_id`, `kind`, `flags`, `normal_x`, `normal_y`, `normal_z`, `normal_w`, `pos_x`, `pos_y`, `pos_z`, `pos_w`) values (791, 404, 'face', '', -0.9988, -0.0477, 0.0, -5466912.0, 5484458.5, -236232.6875, 2563465.0, 153339.0468);
INSERT INTO `region_point` (`region_face_id`, `idx`, `x`, `y`, `z`, `w`) values (791, 0, 5491371.0, -380770.1875, 2532279.5, 1.0);
INSERT INTO `region_point` (`region_face_id`, `idx`, `x`, `y`, `z`, `w`) values (791, 1, 5491371.0, -380770.1875, 2614199.5, 1.0);
INSERT INTO `region_point` (`region_face_id`, `idx`, `x`, `y`, `z`, `w`) values (791, 2, 5477546.0, -91695.1718, 2512730.5, 1.0);
INSERT INTO `region_point` (`region_face_id`, `idx`, `x`, `y`, `z`, `w`) values (791, 3, 5477546.0, -91695.1718, 2594650.5, 1.0);
INSERT INTO `region` (`region_id`, `level_name`, `tree`, `on_enter`, `on_exit`, `on_inside`) values (405, 'sewer', 'water', '', '', '(water ocean 0 (swim wade))');
INSERT INTO `region_face` (`region_face_id`, `region_id`, `kind`, `flags`, `normal_x`, `normal_y`, `normal_z`, `normal_w`, `pos_x`, `pos_y`, `pos_z`, `pos_w`) values (792, 405, 'face', '', 0.28, 0.0, 0.9599, 3866678.0, 4858987.5, -196024.125, 2610508.0, 109176.4609);
INSERT INTO `region_point` (`region_face_id`, `idx`, `x`, `y`, `z`, `w`) values (792, 0, 4818027.5, -296518.0625, 2622455.5, 1.0);
INSERT INTO `region_point` (`region_face_id`, `idx`, `x`, `y`, `z`, `w`) values (792, 1, 4899947.5, -296518.0625, 2598560.5, 1.0);
INSERT INTO `region_point` (`region_face_id`, `idx`, `x`, `y`, `z`, `w`) values (792, 2, 4818027.5, -95530.1718, 2622455.5, 1.0);
INSERT INTO `region_point` (`region_face_id`, `idx`, `x`, `y`, `z`, `w`) values (792, 3, 4899947.5, -95530.1718, 2598560.5, 1.0);
INSERT INTO `region_face` (`region_face_id`, `region_id`, `kind`, `flags`, `normal_x`, `normal_y`, `normal_z`, `normal_w`, `pos_x`, `pos_y`, `pos_z`, `pos_w`) values (793, 405, 'face', '', 0.737, 0.0, -0.6757, 1855628.5, 4862393.5, -196024.125, 2557600.0, 114835.0937);
INSERT INTO `region_point` (`region_face_id`, `idx`, `x`, `y`, `z`, `w`) values (793, 0, 4824839.5, -296517.9687, 2516639.5, 1.0);
INSERT INTO `region_point` (`region_face_id`, `idx`, `x`, `y`, `z`, `w`) values (793, 1, 4824839.5, -95530.1718, 2516639.5, 1.0);
INSERT INTO `region_point` (`region_face_id`, `idx`, `x`, `y`, `z`, `w`) values (793, 2, 4899947.5, -296518.0625, 2598560.5, 1.0);
INSERT INTO `region_point` (`region_face_id`, `idx`, `x`, `y`, `z`, `w`) values (793, 3, 4899947.5, -95530.1718, 2598560.5, 1.0);
INSERT INTO `region_face` (`region_face_id`, `region_id`, `kind`, `flags`, `normal_x`, `normal_y`, `normal_z`, `normal_w`, `pos_x`, `pos_y`, `pos_z`, `pos_w`) values (794, 405, 'face', '', 0.0, 1.0, 0.0, -95530.1718, 4821430.5, -95530.1718, 2569548.5, 83705.5312);
INSERT INTO `region_point` (`region_face_id`, `idx`, `x`, `y`, `z`, `w`) values (794, 0, 4742913.5, -95530.1718, 2540536.5, 1.0);
INSERT INTO `region_point` (`region_face_id`, `idx`, `x`, `y`, `z`, `w`) values (794, 1, 4818027.5, -95530.1718, 2622455.5, 1.0);
INSERT INTO `region_point` (`region_face_id`, `idx`, `x`, `y`, `z`, `w`) values (794, 2, 4824839.5, -95530.1718, 2516639.5, 1.0);
INSERT INTO `region_point` (`region_face_id`, `idx`, `x`, `y`, `z`, `w`) values (794, 3, 4899947.5, -95530.1718, 2598560.5, 1.0);
INSERT INTO `region_face` (`region_face_id`, `region_id`, `kind`, `flags`, `normal_x`, `normal_y`, `normal_z`, `normal_w`, `pos_x`, `pos_y`, `pos_z`, `pos_w`) values (795, 405, 'face', '', -0.0, -1.0, -0.0, 296514.4375, 4821430.5, -296518.0, 2569548.5, 83705.5312);
INSERT INTO `region_point` (`region_face_id`, `idx`, `x`, `y`, `z`, `w`) values (795, 0, 4742913.5, -296517.9687, 2540536.5, 1.0);
INSERT INTO `region_point` (`region_face_id`, `idx`, `x`, `y`, `z`, `w`) values (795, 1, 4824839.5, -296517.9687, 2516639.5, 1.0);
INSERT INTO `region_point` (`region_face_id`, `idx`, `x`, `y`, `z`, `w`) values (795, 2, 4818027.5, -296518.0625, 2622455.5, 1.0);
INSERT INTO `region_point` (`region_face_id`, `idx`, `x`, `y`, `z`, `w`) values (795, 3, 4899947.5, -296518.0625, 2598560.5, 1.0);
INSERT INTO `region_face` (`region_face_id`, `region_id`, `kind`, `flags`, `normal_x`, `normal_y`, `normal_z`, `normal_w`, `pos_x`, `pos_y`, `pos_z`, `pos_w`) values (796, 405, 'face', '', -0.28, 0.0, -0.9599, -3767013.75, 4783876.5, -196024.0625, 2528588.0, 109177.6484);
INSERT INTO `region_point` (`region_face_id`, `idx`, `x`, `y`, `z`, `w`) values (796, 0, 4742913.5, -296517.9687, 2540536.5, 1.0);
INSERT INTO `region_point` (`region_face_id`, `idx`, `x`, `y`, `z`, `w`) values (796, 1, 4742913.5, -95530.1718, 2540536.5, 1.0);
INSERT INTO `region_point` (`region_face_id`, `idx`, `x`, `y`, `z`, `w`) values (796, 2, 4824839.5, -296517.9687, 2516639.5, 1.0);
INSERT INTO `region_point` (`region_face_id`, `idx`, `x`, `y`, `z`, `w`) values (796, 3, 4824839.5, -95530.1718, 2516639.5, 1.0);
INSERT INTO `region_face` (`region_face_id`, `region_id`, `kind`, `flags`, `normal_x`, `normal_y`, `normal_z`, `normal_w`, `pos_x`, `pos_y`, `pos_z`, `pos_w`) values (797, 405, 'face', '', -0.737, 0.0, 0.6758, -1778828.375, 4780470.5, -196024.125, 2581496.0, 114835.7187);
INSERT INTO `region_point` (`region_face_id`, `idx`, `x`, `y`, `z`, `w`) values (797, 0, 4742913.5, -296517.9687, 2540536.5, 1.0);
INSERT INTO `region_point` (`region_face_id`, `idx`, `x`, `y`, `z`, `w`) values (797, 1, 4818027.5, -296518.0625, 2622455.5, 1.0);
INSERT INTO `region_point` (`region_face_id`, `idx`, `x`, `y`, `z`, `w`) values (797, 2, 4742913.5, -95530.1718, 2540536.5, 1.0);
INSERT INTO `region_point` (`region_face_id`, `idx`, `x`, `y`, `z`, `w`) values (797, 3, 4818027.5, -95530.1718, 2622455.5, 1.0);
INSERT INTO `region` (`region_id`, `level_name`, `tree`, `on_enter`, `on_exit`, `on_inside`) values (865, 'sewescb', 'target', '(when (send-event "sew-elevator-25" ''player-ridden?) (cond ((send-event "sew-elevator-25" ''query ''going-up?) (want-load ''ctyindb ''ctywide ''sewescb)) (else (want-load ''sewesc ''sewescb #f))))', '(when (send-event "sew-elevator-25" ''player-ridden?) (cond ((send-event "sew-elevator-25" ''query ''going-up?) (want-load ''ctyindb ''ctywide ''sewescb)) (else (want-load ''sewesc ''sewescb #f))))', '');
INSERT INTO `region_face` (`region_face_id`, `region_id`, `kind`, `flags`, `normal_x`, `normal_y`, `normal_z`, `normal_w`, `pos_x`, `pos_y`, `pos_z`, `pos_w`) values (798, 865, 'plane', '', 0.0, 1.0, 0.0, -98074.1718, 4510583.5, -98074.1718, 2096834.25, 57925.9218);
INSERT INTO `region_point` (`region_face_id`, `idx`, `x`, `y`, `z`, `w`) values (798, 0, 4469623.5, -98074.1718, 2055874.625, 1.0);
INSERT INTO `region_point` (`region_face_id`, `idx`, `x`, `y`, `z`, `w`) values (798, 1, 4469623.5, -98074.1718, 2137793.75, 1.0);
INSERT INTO `region_point` (`region_face_id`, `idx`, `x`, `y`, `z`, `w`) values (798, 2, 4551543.5, -98074.1718, 2055874.625, 1.0);
INSERT INTO `region_point` (`region_face_id`, `idx`, `x`, `y`, `z`, `w`) values (798, 3, 4551543.5, -98074.1718, 2137793.75, 1.0);
INSERT INTO `region` (`region_id`, `level_name`, `tree`, `on_enter`, `on_exit`, `on_inside`) values (9, 'strip', 'target', '(when (focus-test? *target* board) (send-event "crane-1" ''notice))', '', '');
INSERT INTO `region_face` (`region_face_id`, `region_id`, `kind`, `flags`, `normal_x`, `normal_y`, `normal_z`, `normal_w`, `pos_x`, `pos_y`, `pos_z`, `pos_w`) values (799, 9, 'face', '', 0.6227, 0.0, 0.7823, 6262042.5, 10507395.0, 533685.0, -360137.0, 43750.4179);
INSERT INTO `region_point` (`region_face_id`, `idx`, `x`, `y`, `z`, `w`) values (799, 0, 10495366.0, 492725.0, -350562.0, 1.0);
INSERT INTO `region_point` (`region_face_id`, `idx`, `x`, `y`, `z`, `w`) values (799, 1, 10519424.0, 492725.0, -369712.0, 1.0);
INSERT INTO `region_point` (`region_face_id`, `idx`, `x`, `y`, `z`, `w`) values (799, 2, 10495366.0, 574644.0, -350562.0, 1.0);
INSERT INTO `region_point` (`region_face_id`, `idx`, `x`, `y`, `z`, `w`) values (799, 3, 10519424.0, 574645.0, -369712.0, 1.0);
INSERT INTO `region_face` (`region_face_id`, `region_id`, `kind`, `flags`, `normal_x`, `normal_y`, `normal_z`, `normal_w`, `pos_x`, `pos_y`, `pos_z`, `pos_w`) values (800, 9, 'face', '', 0.8389, 0.0, -0.5441, 9026603.0, 10500656.0, 533685.0, -398647.0, 53546.5351);
INSERT INTO `region_point` (`region_face_id`, `idx`, `x`, `y`, `z`, `w`) values (800, 0, 10481887.0, 492725.0, -427582.0, 1.0);
INSERT INTO `region_point` (`region_face_id`, `idx`, `x`, `y`, `z`, `w`) values (800, 1, 10481887.0, 574645.0, -427582.0, 1.0);
INSERT INTO `region_point` (`region_face_id`, `idx`, `x`, `y`, `z`, `w`) values (800, 2, 10519424.0, 492725.0, -369712.0, 1.0);
INSERT INTO `region_point` (`region_face_id`, `idx`, `x`, `y`, `z`, `w`) values (800, 3, 10519424.0, 574645.0, -369712.0, 1.0);
INSERT INTO `region_face` (`region_face_id`, `region_id`, `kind`, `flags`, `normal_x`, `normal_y`, `normal_z`, `normal_w`, `pos_x`, `pos_y`, `pos_z`, `pos_w`) values (801, 9, 'face', '', -0.0, 1.0, 0.0, 574293.0625, 10488626.0, 574644.5, -389072.0, 39095.2812);
INSERT INTO `region_point` (`region_face_id`, `idx`, `x`, `y`, `z`, `w`) values (801, 0, 10462767.0, 574644.0, -407679.0, 1.0);
INSERT INTO `region_point` (`region_face_id`, `idx`, `x`, `y`, `z`, `w`) values (801, 1, 10495366.0, 574644.0, -350562.0, 1.0);
INSERT INTO `region_point` (`region_face_id`, `idx`, `x`, `y`, `z`, `w`) values (801, 2, 10481887.0, 574645.0, -427582.0, 1.0);
INSERT INTO `region_point` (`region_face_id`, `idx`, `x`, `y`, `z`, `w`) values (801, 3, 10519424.0, 574645.0, -369712.0, 1.0);
INSERT INTO `region_face` (`region_face_id`, `region_id`, `kind`, `flags`, `normal_x`, `normal_y`, `normal_z`, `normal_w`, `pos_x`, `pos_y`, `pos_z`, `pos_w`) values (802, 9, 'face', '', 0.0, -1.0, 0.0, -492725.0, 10488628.0, 492725.0, -389072.0, 39095.2812);
INSERT INTO `region_point` (`region_face_id`, `idx`, `x`, `y`, `z`, `w`) values (802, 0, 10462767.0, 492725.0, -407679.0, 1.0);
INSERT INTO `region_point` (`region_face_id`, `idx`, `x`, `y`, `z`, `w`) values (802, 1, 10481887.0, 492725.0, -427582.0, 1.0);
INSERT INTO `region_point` (`region_face_id`, `idx`, `x`, `y`, `z`, `w`) values (802, 2, 10495366.0, 492725.0, -350562.0, 1.0);
INSERT INTO `region_point` (`region_face_id`, `idx`, `x`, `y`, `z`, `w`) values (802, 3, 10519424.0, 492725.0, -369712.0, 1.0);
INSERT INTO `region_face` (`region_face_id`, `region_id`, `kind`, `flags`, `normal_x`, `normal_y`, `normal_z`, `normal_w`, `pos_x`, `pos_y`, `pos_z`, `pos_w`) values (803, 9, 'face', '', -0.7211, 0.0, -0.6927, -7262791.0, 10472327.0, 533685.0, -417630.5, 43222.0742);
INSERT INTO `region_point` (`region_face_id`, `idx`, `x`, `y`, `z`, `w`) values (803, 0, 10462767.0, 492725.0, -407679.0, 1.0);
INSERT INTO `region_point` (`region_face_id`, `idx`, `x`, `y`, `z`, `w`) values (803, 1, 10462767.0, 574644.0, -407679.0, 1.0);
INSERT INTO `region_point` (`region_face_id`, `idx`, `x`, `y`, `z`, `w`) values (803, 2, 10481887.0, 492725.0, -427582.0, 1.0);
INSERT INTO `region_point` (`region_face_id`, `idx`, `x`, `y`, `z`, `w`) values (803, 3, 10481887.0, 574645.0, -427582.0, 1.0);
INSERT INTO `region_face` (`region_face_id`, `region_id`, `kind`, `flags`, `normal_x`, `normal_y`, `normal_z`, `normal_w`, `pos_x`, `pos_y`, `pos_z`, `pos_w`) values (804, 9, 'face', '', -0.8685, 0.0, 0.4956, -9288999.0, 10479066.0, 533684.5, -379120.5, 52525.789);
INSERT INTO `region_point` (`region_face_id`, `idx`, `x`, `y`, `z`, `w`) values (804, 0, 10462767.0, 492725.0, -407679.0, 1.0);
INSERT INTO `region_point` (`region_face_id`, `idx`, `x`, `y`, `z`, `w`) values (804, 1, 10495366.0, 492725.0, -350562.0, 1.0);
INSERT INTO `region_point` (`region_face_id`, `idx`, `x`, `y`, `z`, `w`) values (804, 2, 10462767.0, 574644.0, -407679.0, 1.0);
INSERT INTO `region_point` (`region_face_id`, `idx`, `x`, `y`, `z`, `w`) values (804, 3, 10495366.0, 574644.0, -350562.0, 1.0);
INSERT INTO `region` (`region_id`, `level_name`, `tree`, `on_enter`, `on_exit`, `on_inside`) values (24, 'strip', 'target', '(send-event #<actor-group #<entity-actor :name grunt-53 @ #x32cbdc4> #<entity-actor :name grunt-54 @ #x32cc0c4> @ #x32b4ae4> ''cue-chase)', '', '');
INSERT INTO `region_sphere` (`region_id`, `x`, `y`, `z`, `r`) values (24, 10079077.0, 289713.7187, 584525.0, 108568.0);
INSERT INTO `region` (`region_id`, `level_name`, `tree`, `on_enter`, `on_exit`, `on_inside`) values (23, 'strip', 'target', '(send-event #<actor-group #<entity-actor :name grunt-74 @ #x32c5b84> #<entity-actor :name grunt-75 @ #x32c5e94> @ #x32b4ac4> ''cue-chase)', '', '');
INSERT INTO `region_sphere` (`region_id`, `x`, `y`, `z`, `r`) values (23, 10113751.0, 288429.4062, 451295.0, 115548.0);
INSERT INTO `region` (`region_id`, `level_name`, `tree`, `on_enter`, `on_exit`, `on_inside`) values (25, 'strip', 'target', '(send-event #<actor-group #<entity-actor :name grunt-47 @ #x32ca884> #<entity-actor :name grunt-80 @ #x32caba4> @ #x32b4b54> ''cue-chase)', '', '');
INSERT INTO `region_sphere` (`region_id`, `x`, `y`, `z`, `r`) values (25, 10028837.0, 288985.375, 129298.0, 116608.0);
INSERT INTO `region` (`region_id`, `level_name`, `tree`, `on_enter`, `on_exit`, `on_inside`) values (26, 'strip', 'target', '(send-event #<actor-group #<entity-actor :name grunt-44 @ #x32c9bd4> #<entity-actor :name grunt-45 @ #x32c9f34> #<entity-actor :name grunt-46 @ #x32ca274> @ #x32b4b24> ''cue-chase)', '', '');
INSERT INTO `region_sphere` (`region_id`, `x`, `y`, `z`, `r`) values (26, 10039103.0, 288429.5, -157276.0, 142348.0);
INSERT INTO `region` (`region_id`, `level_name`, `tree`, `on_enter`, `on_exit`, `on_inside`) values (51, 'strip', 'target', '', '', '(want-anim "crane-victory")');
INSERT INTO `region_sphere` (`region_id`, `x`, `y`, `z`, `r`) values (51, 10573325.0, 633889.0, -442660.0, 170948.0);
INSERT INTO `region` (`region_id`, `level_name`, `tree`, `on_enter`, `on_exit`, `on_inside`) values (65, 'strip', 'target', '', '', '');
INSERT INTO `region_face` (`region_face_id`, `region_id`, `kind`, `flags`, `normal_x`, `normal_y`, `normal_z`, `normal_w`, `pos_x`, `pos_y`, `pos_z`, `pos_w`) values (805, 65, 'face', '', 0.0, -1.0, 0.0, -277652.9375, 10015600.0, 277653.0625, 742093.5, 86091.4296);
INSERT INTO `region_point` (`region_face_id`, `idx`, `x`, `y`, `z`, `w`) values (805, 0, 9976764.0, 277653.0625, 667573.0, 1.0);
INSERT INTO `region_point` (`region_face_id`, `idx`, `x`, `y`, `z`, `w`) values (805, 1, 10058709.0, 277653.0625, 667573.0, 1.0);
INSERT INTO `region_point` (`region_face_id`, `idx`, `x`, `y`, `z`, `w`) values (805, 2, 9972490.0, 277653.0937, 816614.0, 1.0);
INSERT INTO `region_point` (`region_face_id`, `idx`, `x`, `y`, `z`, `w`) values (805, 3, 10054410.0, 277653.0937, 816614.0, 1.0);
INSERT INTO `region_face` (`region_face_id`, `region_id`, `kind`, `flags`, `normal_x`, `normal_y`, `normal_z`, `normal_w`, `pos_x`, `pos_y`, `pos_z`, `pos_w`) values (806, 65, 'face', '', -0.9995, 0.0, -0.0286, -9991800.0, 9974627.0, 318613.0312, 742093.5, 85062.2734);
INSERT INTO `region_point` (`region_face_id`, `idx`, `x`, `y`, `z`, `w`) values (806, 0, 9976764.0, 277653.0625, 667573.0, 1.0);
INSERT INTO `region_point` (`region_face_id`, `idx`, `x`, `y`, `z`, `w`) values (806, 1, 9972490.0, 277653.0937, 816614.0, 1.0);
INSERT INTO `region_point` (`region_face_id`, `idx`, `x`, `y`, `z`, `w`) values (806, 2, 9976764.0, 359572.6875, 667573.0, 1.0);
INSERT INTO `region_point` (`region_face_id`, `idx`, `x`, `y`, `z`, `w`) values (806, 3, 9972490.0, 359573.0, 816614.0, 1.0);
INSERT INTO `region_face` (`region_face_id`, `region_id`, `kind`, `flags`, `normal_x`, `normal_y`, `normal_z`, `normal_w`, `pos_x`, `pos_y`, `pos_z`, `pos_w`) values (807, 65, 'face', '', 0.0, 0.0, -1.0, -667573.0, 10017736.0, 318612.875, 667573.0, 57935.25);
INSERT INTO `region_point` (`region_face_id`, `idx`, `x`, `y`, `z`, `w`) values (807, 0, 9976764.0, 277653.0625, 667573.0, 1.0);
INSERT INTO `region_point` (`region_face_id`, `idx`, `x`, `y`, `z`, `w`) values (807, 1, 9976764.0, 359572.6875, 667573.0, 1.0);
INSERT INTO `region_point` (`region_face_id`, `idx`, `x`, `y`, `z`, `w`) values (807, 2, 10058709.0, 277653.0625, 667573.0, 1.0);
INSERT INTO `region_point` (`region_face_id`, `idx`, `x`, `y`, `z`, `w`) values (807, 3, 10058709.0, 359572.6875, 667573.0, 1.0);
INSERT INTO `region_face` (`region_face_id`, `region_id`, `kind`, `flags`, `normal_x`, `normal_y`, `normal_z`, `normal_w`, `pos_x`, `pos_y`, `pos_z`, `pos_w`) values (808, 65, 'face', '', 0.0, 0.0, 1.0, 816614.0, 10013450.0, 318613.0625, 816614.0, 57926.164);
INSERT INTO `region_point` (`region_face_id`, `idx`, `x`, `y`, `z`, `w`) values (808, 0, 9972490.0, 277653.0937, 816614.0, 1.0);
INSERT INTO `region_point` (`region_face_id`, `idx`, `x`, `y`, `z`, `w`) values (808, 1, 10054410.0, 277653.0937, 816614.0, 1.0);
INSERT INTO `region_point` (`region_face_id`, `idx`, `x`, `y`, `z`, `w`) values (808, 2, 9972490.0, 359573.0, 816614.0, 1.0);
INSERT INTO `region_point` (`region_face_id`, `idx`, `x`, `y`, `z`, `w`) values (808, 3, 10054410.0, 359573.0, 816614.0, 1.0);
INSERT INTO `region_face` (`region_face_id`, `region_id`, `kind`, `flags`, `normal_x`, `normal_y`, `normal_z`, `normal_w`, `pos_x`, `pos_y`, `pos_z`, `pos_w`) values (809, 65, 'face', '', 0.0, 1.0, -0.0, 359571.2812, 10015600.0, 359572.8437, 742093.5, 86091.4296);
INSERT INTO `region_point` (`region_face_id`, `idx`, `x`, `y`, `z`, `w`) values (809, 0, 9976764.0, 359572.6875, 667573.0, 1.0);
INSERT INTO `region_point` (`region_face_id`, `idx`, `x`, `y`, `z`, `w`) values (809, 1, 9972490.0, 359573.0, 816614.0, 1.0);
INSERT INTO `region_point` (`region_face_id`, `idx`, `x`, `y`, `z`, `w`) values (809, 2, 10058709.0, 359572.6875, 667573.0, 1.0);
INSERT INTO `region_point` (`region_face_id`, `idx`, `x`, `y`, `z`, `w`) values (809, 3, 10054410.0, 359573.0, 816614.0, 1.0);
INSERT INTO `region_face` (`region_face_id`, `region_id`, `kind`, `flags`, `normal_x`, `normal_y`, `normal_z`, `normal_w`, `pos_x`, `pos_y`, `pos_z`, `pos_w`) values (810, 65, 'face', '', 0.9995, 0.0, 0.0288, 10073775.0, 10056560.0, 318613.0312, 742093.5, 85062.5937);
INSERT INTO `region_point` (`region_face_id`, `idx`, `x`, `y`, `z`, `w`) values (810, 0, 10058709.0, 277653.0625, 667573.0, 1.0);
INSERT INTO `region_point` (`region_face_id`, `idx`, `x`, `y`, `z`, `w`) values (810, 1, 10058709.0, 359572.6875, 667573.0, 1.0);
INSERT INTO `region_point` (`region_face_id`, `idx`, `x`, `y`, `z`, `w`) values (810, 2, 10054410.0, 277653.0937, 816614.0, 1.0);
INSERT INTO `region_point` (`region_face_id`, `idx`, `x`, `y`, `z`, `w`) values (810, 3, 10054410.0, 359573.0, 816614.0, 1.0);
INSERT INTO `region` (`region_id`, `level_name`, `tree`, `on_enter`, `on_exit`, `on_inside`) values (71, 'strip', 'target', '(when (and (task-closed? "strip-rescue-battle") (not (task-complete? GAME_TASK_STRIP_RESCUE)) (not (demo?))) (scene-play "vin-rescue"))', '', '');
INSERT INTO `region_face` (`region_face_id`, `region_id`, `kind`, `flags`, `normal_x`, `normal_y`, `normal_z`, `normal_w`, `pos_x`, `pos_y`, `pos_z`, `pos_w`) values (811, 71, 'face', '', -0.0, -1.0, 0.0, -356718.3125, 9650267.0, 356647.625, -206206.9218, 34501.9179);
INSERT INTO `region_point` (`region_face_id`, `idx`, `x`, `y`, `z`, `w`) values (811, 0, 9651818.0, 356647.4062, -238912.0, 1.0);
INSERT INTO `region_point` (`region_face_id`, `idx`, `x`, `y`, `z`, `w`) values (811, 1, 9668709.0, 356647.5, -202949.0, 1.0);
INSERT INTO `region_point` (`region_face_id`, `idx`, `x`, `y`, `z`, `w`) values (811, 2, 9616538.0, 356647.8125, -213469.0, 1.0);
INSERT INTO `region_point` (`region_face_id`, `idx`, `x`, `y`, `z`, `w`) values (811, 3, 9651618.0, 356647.8125, -172877.0, 1.0);
INSERT INTO `region_face` (`region_face_id`, `region_id`, `kind`, `flags`, `normal_x`, `normal_y`, `normal_z`, `normal_w`, `pos_x`, `pos_y`, `pos_z`, `pos_w`) values (812, 71, 'face', '', -0.5849, 0.0, -0.811, -5451874.0, 9634178.0, 397607.1875, -226190.5, 46375.7734);
INSERT INTO `region_point` (`region_face_id`, `idx`, `x`, `y`, `z`, `w`) values (812, 0, 9651818.0, 356647.4062, -238912.0, 1.0);
INSERT INTO `region_point` (`region_face_id`, `idx`, `x`, `y`, `z`, `w`) values (812, 1, 9616538.0, 356647.8125, -213469.0, 1.0);
INSERT INTO `region_point` (`region_face_id`, `idx`, `x`, `y`, `z`, `w`) values (812, 2, 9651818.0, 438567.0, -238912.0, 1.0);
INSERT INTO `region_point` (`region_face_id`, `idx`, `x`, `y`, `z`, `w`) values (812, 3, 9616538.0, 438566.0, -213469.0, 1.0);
INSERT INTO `region_face` (`region_face_id`, `region_id`, `kind`, `flags`, `normal_x`, `normal_y`, `normal_z`, `normal_w`, `pos_x`, `pos_y`, `pos_z`, `pos_w`) values (813, 71, 'face', '', 0.9051, 0.0, -0.4251, 8837776.0, 9660264.0, 397608.1875, -220930.5, 45524.1445);
INSERT INTO `region_point` (`region_face_id`, `idx`, `x`, `y`, `z`, `w`) values (813, 0, 9651818.0, 356647.4062, -238912.0, 1.0);
INSERT INTO `region_point` (`region_face_id`, `idx`, `x`, `y`, `z`, `w`) values (813, 1, 9651818.0, 438567.0, -238912.0, 1.0);
INSERT INTO `region_point` (`region_face_id`, `idx`, `x`, `y`, `z`, `w`) values (813, 2, 9668709.0, 356647.5, -202949.0, 1.0);
INSERT INTO `region_point` (`region_face_id`, `idx`, `x`, `y`, `z`, `w`) values (813, 3, 9668709.0, 438569.0, -202949.0, 1.0);
INSERT INTO `region_face` (`region_face_id`, `region_id`, `kind`, `flags`, `normal_x`, `normal_y`, `normal_z`, `normal_w`, `pos_x`, `pos_y`, `pos_z`, `pos_w`) values (814, 71, 'face', '', -0.7566, 0.0, 0.6538, -7415533.5, 9634078.0, 397608.4062, -193173.0, 48962.7343);
INSERT INTO `region_point` (`region_face_id`, `idx`, `x`, `y`, `z`, `w`) values (814, 0, 9616538.0, 356647.8125, -213469.0, 1.0);
INSERT INTO `region_point` (`region_face_id`, `idx`, `x`, `y`, `z`, `w`) values (814, 1, 9651618.0, 356647.8125, -172877.0, 1.0);
INSERT INTO `region_point` (`region_face_id`, `idx`, `x`, `y`, `z`, `w`) values (814, 2, 9616538.0, 438566.0, -213469.0, 1.0);
INSERT INTO `region_point` (`region_face_id`, `idx`, `x`, `y`, `z`, `w`) values (814, 3, 9651618.0, 438569.0, -172877.0, 1.0);
INSERT INTO `region_face` (`region_face_id`, `region_id`, `kind`, `flags`, `normal_x`, `normal_y`, `normal_z`, `normal_w`, `pos_x`, `pos_y`, `pos_z`, `pos_w`) values (815, 71, 'face', '', -0.0, 1.0, -0.0, 438081.0312, 9650267.0, 438567.9062, -206206.9218, 34501.9179);
INSERT INTO `region_point` (`region_face_id`, `idx`, `x`, `y`, `z`, `w`) values (815, 0, 9651818.0, 438567.0, -238912.0, 1.0);
INSERT INTO `region_point` (`region_face_id`, `idx`, `x`, `y`, `z`, `w`) values (815, 1, 9616538.0, 438566.0, -213469.0, 1.0);
INSERT INTO `region_point` (`region_face_id`, `idx`, `x`, `y`, `z`, `w`) values (815, 2, 9668709.0, 438569.0, -202949.0, 1.0);
INSERT INTO `region_point` (`region_face_id`, `idx`, `x`, `y`, `z`, `w`) values (815, 3, 9651618.0, 438569.0, -172877.0, 1.0);
INSERT INTO `region_face` (`region_face_id`, `region_id`, `kind`, `flags`, `normal_x`, `normal_y`, `normal_z`, `normal_w`, `pos_x`, `pos_y`, `pos_z`, `pos_w`) values (816, 71, 'face', '', 0.8693, 0.0, 0.4941, 8305686.0, 9660164.0, 397608.25, -187913.0, 44462.3242);
INSERT INTO `region_point` (`region_face_id`, `idx`, `x`, `y`, `z`, `w`) values (816, 0, 9668709.0, 356647.5, -202949.0, 1.0);
INSERT INTO `region_point` (`region_face_id`, `idx`, `x`, `y`, `z`, `w`) values (816, 1, 9668709.0, 438569.0, -202949.0, 1.0);
INSERT INTO `region_point` (`region_face_id`, `idx`, `x`, `y`, `z`, `w`) values (816, 2, 9651618.0, 356647.8125, -172877.0, 1.0);
INSERT INTO `region_point` (`region_face_id`, `idx`, `x`, `y`, `z`, `w`) values (816, 3, 9651618.0, 438569.0, -172877.0, 1.0);
INSERT INTO `region` (`region_id`, `level_name`, `tree`, `on_enter`, `on_exit`, `on_inside`) values (75, 'strip', 'target', '', '', '(when (and (task-closed? "strip-rescue-battle") (not (task-complete? GAME_TASK_STRIP_RESCUE))) (setting-pers calm mode #t))');
INSERT INTO `region_face` (`region_face_id`, `region_id`, `kind`, `flags`, `normal_x`, `normal_y`, `normal_z`, `normal_w`, `pos_x`, `pos_y`, `pos_z`, `pos_w`) values (817, 75, 'face', '', 0.0, -1.0, 0.0, -365457.6562, 9647550.0, 365637.9375, -199502.5625, 48713.3789);
INSERT INTO `region_point` (`region_face_id`, `idx`, `x`, `y`, `z`, `w`) values (817, 0, 9651441.0, 365636.5, -242110.0, 1.0);
INSERT INTO `region_point` (`region_face_id`, `idx`, `x`, `y`, `z`, `w`) values (817, 1, 9682138.0, 365639.5, -202285.0, 1.0);
INSERT INTO `region_point` (`region_face_id`, `idx`, `x`, `y`, `z`, `w`) values (817, 2, 9600966.0, 365637.1875, -213748.0, 1.0);
INSERT INTO `region_point` (`region_face_id`, `idx`, `x`, `y`, `z`, `w`) values (817, 3, 9652688.0, 365639.5, -154134.0, 1.0);
INSERT INTO `region_face` (`region_face_id`, `region_id`, `kind`, `flags`, `normal_x`, `normal_y`, `normal_z`, `normal_w`, `pos_x`, `pos_y`, `pos_z`, `pos_w`) values (818, 75, 'face', '', -0.4898, 0.0, -0.8717, -4516833.0, 9626203.0, 406591.75, -227929.0, 50153.4101);
INSERT INTO `region_point` (`region_face_id`, `idx`, `x`, `y`, `z`, `w`) values (818, 0, 9651441.0, 365636.5, -242110.0, 1.0);
INSERT INTO `region_point` (`region_face_id`, `idx`, `x`, `y`, `z`, `w`) values (818, 1, 9600966.0, 365637.1875, -213748.0, 1.0);
INSERT INTO `region_point` (`region_face_id`, `idx`, `x`, `y`, `z`, `w`) values (818, 2, 9651441.0, 447539.0, -242110.0, 1.0);
INSERT INTO `region_point` (`region_face_id`, `idx`, `x`, `y`, `z`, `w`) values (818, 3, 9600966.0, 447547.0, -213748.0, 1.0);
INSERT INTO `region_face` (`region_face_id`, `region_id`, `kind`, `flags`, `normal_x`, `normal_y`, `normal_z`, `normal_w`, `pos_x`, `pos_y`, `pos_z`, `pos_w`) values (819, 75, 'face', '', 0.792, 0.0, -0.6104, 7791979.0, 9666790.0, 406597.75, -222197.5, 48061.5039);
INSERT INTO `region_point` (`region_face_id`, `idx`, `x`, `y`, `z`, `w`) values (819, 0, 9651441.0, 365636.5, -242110.0, 1.0);
INSERT INTO `region_point` (`region_face_id`, `idx`, `x`, `y`, `z`, `w`) values (819, 1, 9651441.0, 447539.0, -242110.0, 1.0);
INSERT INTO `region_point` (`region_face_id`, `idx`, `x`, `y`, `z`, `w`) values (819, 2, 9682138.0, 365639.5, -202285.0, 1.0);
INSERT INTO `region_point` (`region_face_id`, `idx`, `x`, `y`, `z`, `w`) values (819, 3, 9682138.0, 447559.0, -202285.0, 1.0);
INSERT INTO `region_face` (`region_face_id`, `region_id`, `kind`, `flags`, `normal_x`, `normal_y`, `normal_z`, `normal_w`, `pos_x`, `pos_y`, `pos_z`, `pos_w`) values (820, 75, 'face', '', -0.7553, 0.0, 0.6553, -7392018.0, 9626827.0, 406598.0937, -183941.0, 56877.4492);
INSERT INTO `region_point` (`region_face_id`, `idx`, `x`, `y`, `z`, `w`) values (820, 0, 9600966.0, 365637.1875, -213748.0, 1.0);
INSERT INTO `region_point` (`region_face_id`, `idx`, `x`, `y`, `z`, `w`) values (820, 1, 9652688.0, 365639.5, -154134.0, 1.0);
INSERT INTO `region_point` (`region_face_id`, `idx`, `x`, `y`, `z`, `w`) values (820, 2, 9600966.0, 447547.0, -213748.0, 1.0);
INSERT INTO `region_point` (`region_face_id`, `idx`, `x`, `y`, `z`, `w`) values (820, 3, 9652688.0, 447559.0, -154134.0, 1.0);
INSERT INTO `region_face` (`region_face_id`, `region_id`, `kind`, `flags`, `normal_x`, `normal_y`, `normal_z`, `normal_w`, `pos_x`, `pos_y`, `pos_z`, `pos_w`) values (821, 75, 'face', '', -0.0, 0.9999, -0.0004, 446811.4062, 9647550.0, 447548.8125, -199502.5625, 48713.3789);
INSERT INTO `region_point` (`region_face_id`, `idx`, `x`, `y`, `z`, `w`) values (821, 0, 9651441.0, 447539.0, -242110.0, 1.0);
INSERT INTO `region_point` (`region_face_id`, `idx`, `x`, `y`, `z`, `w`) values (821, 1, 9600966.0, 447547.0, -213748.0, 1.0);
INSERT INTO `region_point` (`region_face_id`, `idx`, `x`, `y`, `z`, `w`) values (821, 2, 9682138.0, 447559.0, -202285.0, 1.0);
INSERT INTO `region_point` (`region_face_id`, `idx`, `x`, `y`, `z`, `w`) values (821, 3, 9652688.0, 447559.0, -154134.0, 1.0);
INSERT INTO `region_face` (`region_face_id`, `region_id`, `kind`, `flags`, `normal_x`, `normal_y`, `normal_z`, `normal_w`, `pos_x`, `pos_y`, `pos_z`, `pos_w`) values (822, 75, 'face', '', 0.853, 0.0, 0.5217, 8154185.0, 9667413.0, 406599.25, -178209.5, 49740.8945);
INSERT INTO `region_point` (`region_face_id`, `idx`, `x`, `y`, `z`, `w`) values (822, 0, 9682138.0, 365639.5, -202285.0, 1.0);
INSERT INTO `region_point` (`region_face_id`, `idx`, `x`, `y`, `z`, `w`) values (822, 1, 9682138.0, 447559.0, -202285.0, 1.0);
INSERT INTO `region_point` (`region_face_id`, `idx`, `x`, `y`, `z`, `w`) values (822, 2, 9652688.0, 365639.5, -154134.0, 1.0);
INSERT INTO `region_point` (`region_face_id`, `idx`, `x`, `y`, `z`, `w`) values (822, 3, 9652688.0, 447559.0, -154134.0, 1.0);
INSERT INTO `region` (`region_id`, `level_name`, `tree`, `on_enter`, `on_exit`, `on_inside`) values (80, 'strip', 'target', '(send-event #<actor-group #<entity-actor :name grunt-28 @ #x32c6764> #<entity-actor :name grunt-29 @ #x32c6a84> @ #x32b4b74> ''cue-wake)', '', '');
INSERT INTO `region_sphere` (`region_id`, `x`, `y`, `z`, `r`) values (80, 9908217.0, 303051.5, 750542.0, 87948.0);
INSERT INTO `region` (`region_id`, `level_name`, `tree`, `on_enter`, `on_exit`, `on_inside`) values (81, 'strip', 'target', '(send-event #<actor-group #<entity-actor :name grunt-30 @ #x32c6da4> #<entity-actor :name grunt-31 @ #x32c70c4> #<entity-actor :name grunt-32 @ #x32c73e4> @ #x32b4b94> ''cue-wake)', '', '');
INSERT INTO `region_sphere` (`region_id`, `x`, `y`, `z`, `r`) values (81, 9682703.0, 299616.0, 702104.0, 67748.0);
INSERT INTO `region` (`region_id`, `level_name`, `tree`, `on_enter`, `on_exit`, `on_inside`) values (388, 'strip', 'target', '(cond ((demo?) (send-event *target* ''change-mode ''board #f)))', '', '');
INSERT INTO `region_face` (`region_face_id`, `region_id`, `kind`, `flags`, `normal_x`, `normal_y`, `normal_z`, `normal_w`, `pos_x`, `pos_y`, `pos_z`, `pos_w`) values (823, 388, 'plane', '', 0.9787, 0.0, -0.205, 10154434.0, 10341114.0, 372768.9375, -161361.8593, 212440.3437);
INSERT INTO `region_point` (`region_face_id`, `idx`, `x`, `y`, `z`, `w`) values (823, 0, 10376748.0, 250560.9062, 8715.2695, 1.0);
INSERT INTO `region_point` (`region_face_id`, `idx`, `x`, `y`, `z`, `w`) values (823, 1, 10305479.0, 250560.9062, -331439.0, 1.0);
INSERT INTO `region_point` (`region_face_id`, `idx`, `x`, `y`, `z`, `w`) values (823, 2, 10376748.0, 494977.0, 8715.2695, 1.0);
INSERT INTO `region_point` (`region_face_id`, `idx`, `x`, `y`, `z`, `w`) values (823, 3, 10305479.0, 494977.0, -331439.0, 1.0);
INSERT INTO `region` (`region_id`, `level_name`, `tree`, `on_enter`, `on_exit`, `on_inside`) values (413, 'strip', 'target', '(when (and (demo?) (focus-test? *target* board) (not (= (talker-spawn "demo001") 0))) (send-event *target* ''change-mode ''normal #f))', '', '');
INSERT INTO `region_face` (`region_face_id`, `region_id`, `kind`, `flags`, `normal_x`, `normal_y`, `normal_z`, `normal_w`, `pos_x`, `pos_y`, `pos_z`, `pos_w`) values (824, 413, 'plane', '', 0.4454, 0.0, -0.8953, 4254970.5, 10540818.0, 372768.9375, 491676.5, 142101.1562);
INSERT INTO `region_point` (`region_face_id`, `idx`, `x`, `y`, `z`, `w`) values (824, 0, 10605739.0, 250560.9062, 523975.0, 1.0);
INSERT INTO `region_point` (`region_face_id`, `idx`, `x`, `y`, `z`, `w`) values (824, 1, 10475898.0, 250560.9062, 459378.0, 1.0);
INSERT INTO `region_point` (`region_face_id`, `idx`, `x`, `y`, `z`, `w`) values (824, 2, 10605739.0, 494977.0, 523975.0, 1.0);
INSERT INTO `region_point` (`region_face_id`, `idx`, `x`, `y`, `z`, `w`) values (824, 3, 10475898.0, 494977.0, 459378.0, 1.0);
INSERT INTO `region` (`region_id`, `level_name`, `tree`, `on_enter`, `on_exit`, `on_inside`) values (414, 'strip', 'target', '(when (demo?) (send-event *target* ''change-mode ''board #f))', '', '');
INSERT INTO `region_face` (`region_face_id`, `region_id`, `kind`, `flags`, `normal_x`, `normal_y`, `normal_z`, `normal_w`, `pos_x`, `pos_y`, `pos_z`, `pos_w`) values (825, 414, 'plane', '', 0.3946, 0.0, -0.9188, 3624045.0, 10508703.0, 372768.9062, 569954.5, 139906.2031);
INSERT INTO `region_point` (`region_face_id`, `idx`, `x`, `y`, `z`, `w`) values (825, 0, 10571283.0, 250560.7968, 596837.0, 1.0);
INSERT INTO `region_point` (`region_face_id`, `idx`, `x`, `y`, `z`, `w`) values (825, 1, 10446123.0, 250560.7968, 543072.0, 1.0);
INSERT INTO `region_point` (`region_face_id`, `idx`, `x`, `y`, `z`, `w`) values (825, 2, 10571283.0, 494977.0, 596837.0, 1.0);
INSERT INTO `region_point` (`region_face_id`, `idx`, `x`, `y`, `z`, `w`) values (825, 3, 10446123.0, 494977.0, 543072.0, 1.0);
INSERT INTO `region` (`region_id`, `level_name`, `tree`, `on_enter`, `on_exit`, `on_inside`) values (419, 'strip', 'target', '(send-event #<actor-group #<entity-actor :name grunt-44 @ #x32c9bd4> #<entity-actor :name grunt-45 @ #x32c9f34> #<entity-actor :name grunt-46 @ #x32ca274> @ #x32b4b24> ''cue-chase)', '', '');
INSERT INTO `region_face` (`region_face_id`, `region_id`, `kind`, `flags`, `normal_x`, `normal_y`, `normal_z`, `normal_w`, `pos_x`, `pos_y`, `pos_z`, `pos_w`) values (826, 419, 'plane', '', -0.0536, 0.0, -0.9985, -517469.5625, 10361596.0, 340367.6875, -38198.1992, 200603.0312);
INSERT INTO `region_point` (`region_face_id`, `idx`, `x`, `y`, `z`, `w`) values (826, 0, 10186468.0, 437750.0, -28793.9003, 1.0);
INSERT INTO `region_point` (`region_face_id`, `idx`, `x`, `y`, `z`, `w`) values (826, 1, 10536724.0, 437750.0, -47602.5, 1.0);
INSERT INTO `region_point` (`region_face_id`, `idx`, `x`, `y`, `z`, `w`) values (826, 2, 10186468.0, 242985.4062, -28793.9003, 1.0);
INSERT INTO `region_point` (`region_face_id`, `idx`, `x`, `y`, `z`, `w`) values (826, 3, 10536724.0, 242985.4062, -47602.5, 1.0);
INSERT INTO `region` (`region_id`, `level_name`, `tree`, `on_enter`, `on_exit`, `on_inside`) values (844, 'strip', 'target', '(want-continue "strip-drop-midpoint")', '', '');
INSERT INTO `region_sphere` (`region_id`, `x`, `y`, `z`, `r`) values (844, 11088348.0, 469043.0, 364865.0, 53735.8984);
INSERT INTO `region` (`region_id`, `level_name`, `tree`, `on_enter`, `on_exit`, `on_inside`) values (877, 'strip', 'target', '', '', '(when (not (focus-test? *target* board)) (talker-spawn "ds372"))');
INSERT INTO `region_face` (`region_face_id`, `region_id`, `kind`, `flags`, `normal_x`, `normal_y`, `normal_z`, `normal_w`, `pos_x`, `pos_y`, `pos_z`, `pos_w`) values (827, 877, 'face', '', -0.6241, 0.0, -0.7813, -6191497.0, 10512044.0, 547710.5, -472783.5, 52994.4687);
INSERT INTO `region_point` (`region_face_id`, `idx`, `x`, `y`, `z`, `w`) values (827, 0, 10485773.0, 506750.0, -451797.0, 1.0);
INSERT INTO `region_point` (`region_face_id`, `idx`, `x`, `y`, `z`, `w`) values (827, 1, 10485773.0, 588669.0, -451797.0, 1.0);
INSERT INTO `region_point` (`region_face_id`, `idx`, `x`, `y`, `z`, `w`) values (827, 2, 10538316.0, 506752.0, -493770.0, 1.0);
INSERT INTO `region_point` (`region_face_id`, `idx`, `x`, `y`, `z`, `w`) values (827, 3, 10538316.0, 588671.0, -493770.0, 1.0);
INSERT INTO `region_face` (`region_face_id`, `region_id`, `kind`, `flags`, `normal_x`, `normal_y`, `normal_z`, `normal_w`, `pos_x`, `pos_y`, `pos_z`, `pos_w`) values (828, 877, 'face', '', 0.8149, 0.0, -0.5794, 8874588.0, 10570094.0, 547711.5, -449078.5, 68446.4453);
INSERT INTO `region_point` (`region_face_id`, `idx`, `x`, `y`, `z`, `w`) values (828, 0, 10538316.0, 506752.0, -493770.0, 1.0);
INSERT INTO `region_point` (`region_face_id`, `idx`, `x`, `y`, `z`, `w`) values (828, 1, 10538316.0, 588671.0, -493770.0, 1.0);
INSERT INTO `region_point` (`region_face_id`, `idx`, `x`, `y`, `z`, `w`) values (828, 2, 10601873.0, 506752.0, -404387.0, 1.0);
INSERT INTO `region_point` (`region_face_id`, `idx`, `x`, `y`, `z`, `w`) values (828, 3, 10601873.0, 588671.0, -404387.0, 1.0);
INSERT INTO `region_face` (`region_face_id`, `region_id`, `kind`, `flags`, `normal_x`, `normal_y`, `normal_z`, `normal_w`, `pos_x`, `pos_y`, `pos_z`, `pos_w`) values (829, 877, 'face', '', -0.8126, 0.0, 0.5827, -8784366.0, 10515704.0, 547710.5, -410059.5, 65694.0312);
INSERT INTO `region_point` (`region_face_id`, `idx`, `x`, `y`, `z`, `w`) values (829, 0, 10485773.0, 506750.0, -451797.0, 1.0);
INSERT INTO `region_point` (`region_face_id`, `idx`, `x`, `y`, `z`, `w`) values (829, 1, 10545636.0, 506751.0, -368322.0, 1.0);
INSERT INTO `region_point` (`region_face_id`, `idx`, `x`, `y`, `z`, `w`) values (829, 2, 10485773.0, 588669.0, -451797.0, 1.0);
INSERT INTO `region_point` (`region_face_id`, `idx`, `x`, `y`, `z`, `w`) values (829, 3, 10545636.0, 588671.0, -368322.0, 1.0);
INSERT INTO `region_face` (`region_face_id`, `region_id`, `kind`, `flags`, `normal_x`, `normal_y`, `normal_z`, `normal_w`, `pos_x`, `pos_y`, `pos_z`, `pos_w`) values (830, 877, 'face', '', -0.0, 1.0, 0.0, 588286.6875, 10543224.0, 588671.0, -430490.7187, 64196.2578);
INSERT INTO `region_point` (`region_face_id`, `idx`, `x`, `y`, `z`, `w`) values (830, 0, 10485773.0, 588669.0, -451797.0, 1.0);
INSERT INTO `region_point` (`region_face_id`, `idx`, `x`, `y`, `z`, `w`) values (830, 1, 10545636.0, 588671.0, -368322.0, 1.0);
INSERT INTO `region_point` (`region_face_id`, `idx`, `x`, `y`, `z`, `w`) values (830, 2, 10538316.0, 588671.0, -493770.0, 1.0);
INSERT INTO `region_point` (`region_face_id`, `idx`, `x`, `y`, `z`, `w`) values (830, 3, 10601873.0, 588671.0, -404387.0, 1.0);
INSERT INTO `region_face` (`region_face_id`, `region_id`, `kind`, `flags`, `normal_x`, `normal_y`, `normal_z`, `normal_w`, `pos_x`, `pos_y`, `pos_z`, `pos_w`) values (831, 877, 'face', '', 0.0, -1.0, -0.0, -506428.0625, 10543224.0, 506751.5, -430490.7187, 64196.2578);
INSERT INTO `region_point` (`region_face_id`, `idx`, `x`, `y`, `z`, `w`) values (831, 0, 10485773.0, 506750.0, -451797.0, 1.0);
INSERT INTO `region_point` (`region_face_id`, `idx`, `x`, `y`, `z`, `w`) values (831, 1, 10538316.0, 506752.0, -493770.0, 1.0);
INSERT INTO `region_point` (`region_face_id`, `idx`, `x`, `y`, `z`, `w`) values (831, 2, 10545636.0, 506751.0, -368322.0, 1.0);
INSERT INTO `region_point` (`region_face_id`, `idx`, `x`, `y`, `z`, `w`) values (831, 3, 10601873.0, 506752.0, -404387.0, 1.0);
INSERT INTO `region_face` (`region_face_id`, `region_id`, `kind`, `flags`, `normal_x`, `normal_y`, `normal_z`, `normal_w`, `pos_x`, `pos_y`, `pos_z`, `pos_w`) values (832, 877, 'face', '', 0.5398, 0.0, 0.8417, 5382829.0, 10573754.0, 547711.0, -386354.5, 52854.2421);
INSERT INTO `region_point` (`region_face_id`, `idx`, `x`, `y`, `z`, `w`) values (832, 0, 10545636.0, 506751.0, -368322.0, 1.0);
INSERT INTO `region_point` (`region_face_id`, `idx`, `x`, `y`, `z`, `w`) values (832, 1, 10601873.0, 506752.0, -404387.0, 1.0);
INSERT INTO `region_point` (`region_face_id`, `idx`, `x`, `y`, `z`, `w`) values (832, 2, 10545636.0, 588671.0, -368322.0, 1.0);
INSERT INTO `region_point` (`region_face_id`, `idx`, `x`, `y`, `z`, `w`) values (832, 3, 10601873.0, 588671.0, -404387.0, 1.0);
INSERT INTO `region` (`region_id`, `level_name`, `tree`, `on_enter`, `on_exit`, `on_inside`) values (8, 'strip', 'camera', '', '', '(begin (sound-play-loop "strip-amb"))');
INSERT INTO `region_sphere` (`region_id`, `x`, `y`, `z`, `r`) values (8, 10267791.0, 516815.0, 80657.1015, 1228800.0);
INSERT INTO `region` (`region_id`, `level_name`, `tree`, `on_enter`, `on_exit`, `on_inside`) values (53, 'strip', 'camera', '(send-event "flying-formation-2" ''set-type ''semicircle)', '', '(want-anim "vin-rescue")');
INSERT INTO `region_sphere` (`region_id`, `x`, `y`, `z`, `r`) values (53, 9594334.0, 397212.0, -202682.0, 136348.0);
INSERT INTO `region` (`region_id`, `level_name`, `tree`, `on_enter`, `on_exit`, `on_inside`) values (66, 'strip', 'camera', '(want-display ''vinroom ''display)', '', '');
INSERT INTO `region_face` (`region_face_id`, `region_id`, `kind`, `flags`, `normal_x`, `normal_y`, `normal_z`, `normal_w`, `pos_x`, `pos_y`, `pos_z`, `pos_w`) values (833, 66, 'plane', '', -0.1419, 0.0, 0.9898, -851946.3125, 9588363.0, 409227.75, 514579.0, 113241.4687);
INSERT INTO `region_point` (`region_face_id`, `idx`, `x`, `y`, `z`, `w`) values (833, 0, 9484834.0, 452643.0, 499730.0, 1.0);
INSERT INTO `region_point` (`region_face_id`, `idx`, `x`, `y`, `z`, `w`) values (833, 1, 9484834.0, 365812.5, 499730.0, 1.0);
INSERT INTO `region_point` (`region_face_id`, `idx`, `x`, `y`, `z`, `w`) values (833, 2, 9691892.0, 452643.0, 529428.0, 1.0);
INSERT INTO `region_point` (`region_face_id`, `idx`, `x`, `y`, `z`, `w`) values (833, 3, 9691892.0, 365812.5, 529428.0, 1.0);
INSERT INTO `region` (`region_id`, `level_name`, `tree`, `on_enter`, `on_exit`, `on_inside`) values (217, 'strip', 'water', '', '', '(water water-anim #<entity-actor :name dark-eco-pool-4 @ #x32bf584> (swim event darkeco))');
INSERT INTO `region_sphere` (`region_id`, `x`, `y`, `z`, `r`) values (217, 10362036.0, 297050.9062, 2761.55, 117756.0);
INSERT INTO `region` (`region_id`, `level_name`, `tree`, `on_enter`, `on_exit`, `on_inside`) values (218, 'strip', 'water', '', '', '(water water-anim #<entity-actor :name dark-eco-pool-1 @ #x32bec84> (swim event darkeco))');
INSERT INTO `region_sphere` (`region_id`, `x`, `y`, `z`, `r`) values (218, 9826918.0, 297050.5, 384456.0, 112562.0);
INSERT INTO `region` (`region_id`, `level_name`, `tree`, `on_enter`, `on_exit`, `on_inside`) values (219, 'strip', 'water', '', '', '(water water-anim #<entity-actor :name dark-eco-pool-2 @ #x32bef84> (swim event darkeco))');
INSERT INTO `region_face` (`region_face_id`, `region_id`, `kind`, `flags`, `normal_x`, `normal_y`, `normal_z`, `normal_w`, `pos_x`, `pos_y`, `pos_z`, `pos_w`) values (834, 219, 'face', '', -0.0234, -0.9997, 0.0006, -506695.25, 9909822.0, 273914.1562, -164043.5468, 129142.5078);
INSERT INTO `region_point` (`region_face_id`, `idx`, `x`, `y`, `z`, `w`) values (834, 0, 9825532.0, 275822.3125, -261867.0, 1.0);
INSERT INTO `region_point` (`region_face_id`, `idx`, `x`, `y`, `z`, `w`) values (834, 1, 9986703.0, 272037.5937, -259200.0, 1.0);
INSERT INTO `region_point` (`region_face_id`, `idx`, `x`, `y`, `z`, `w`) values (834, 2, 9830636.0, 275828.5937, -72949.6015, 1.0);
INSERT INTO `region_point` (`region_face_id`, `idx`, `x`, `y`, `z`, `w`) values (834, 3, 9994111.0, 272006.0, -66220.1015, 1.0);
INSERT INTO `region_face` (`region_face_id`, `region_id`, `kind`, `flags`, `normal_x`, `normal_y`, `normal_z`, `normal_w`, `pos_x`, `pos_y`, `pos_z`, `pos_w`) values (835, 219, 'face', '', -0.9996, 0.0, 0.027, -9829020.0, 9828084.0, 316785.4375, -167408.2968, 102989.9921);
INSERT INTO `region_point` (`region_face_id`, `idx`, `x`, `y`, `z`, `w`) values (835, 0, 9825532.0, 275822.3125, -261867.0, 1.0);
INSERT INTO `region_point` (`region_face_id`, `idx`, `x`, `y`, `z`, `w`) values (835, 1, 9830636.0, 275828.5937, -72949.6015, 1.0);
INSERT INTO `region_point` (`region_face_id`, `idx`, `x`, `y`, `z`, `w`) values (835, 2, 9825532.0, 357744.5937, -261867.0, 1.0);
INSERT INTO `region_point` (`region_face_id`, `idx`, `x`, `y`, `z`, `w`) values (835, 3, 9830636.0, 357748.5937, -72949.6015, 1.0);
INSERT INTO `region_face` (`region_face_id`, `region_id`, `kind`, `flags`, `normal_x`, `normal_y`, `normal_z`, `normal_w`, `pos_x`, `pos_y`, `pos_z`, `pos_w`) values (836, 219, 'face', '', 0.0165, 0.0, -0.9998, 424398.2812, 9906118.0, 314891.0937, -260533.5, 91281.0156);
INSERT INTO `region_point` (`region_face_id`, `idx`, `x`, `y`, `z`, `w`) values (836, 0, 9825532.0, 275822.3125, -261867.0, 1.0);
INSERT INTO `region_point` (`region_face_id`, `idx`, `x`, `y`, `z`, `w`) values (836, 1, 9825532.0, 357744.5937, -261867.0, 1.0);
INSERT INTO `region_point` (`region_face_id`, `idx`, `x`, `y`, `z`, `w`) values (836, 2, 9986703.0, 272037.5937, -259200.0, 1.0);
INSERT INTO `region_point` (`region_face_id`, `idx`, `x`, `y`, `z`, `w`) values (836, 3, 9986703.0, 353957.3125, -259200.0, 1.0);
INSERT INTO `region_face` (`region_face_id`, `region_id`, `kind`, `flags`, `normal_x`, `normal_y`, `normal_z`, `normal_w`, `pos_x`, `pos_y`, `pos_z`, `pos_w`) values (837, 219, 'face', '', -0.0411, 0.0, 0.9991, -477226.6562, 9912374.0, 314877.3125, -69584.8515, 92359.5625);
INSERT INTO `region_point` (`region_face_id`, `idx`, `x`, `y`, `z`, `w`) values (837, 0, 9830636.0, 275828.5937, -72949.6015, 1.0);
INSERT INTO `region_point` (`region_face_id`, `idx`, `x`, `y`, `z`, `w`) values (837, 1, 9994111.0, 272006.0, -66220.1015, 1.0);
INSERT INTO `region_point` (`region_face_id`, `idx`, `x`, `y`, `z`, `w`) values (837, 2, 9830636.0, 357748.5937, -72949.6015, 1.0);
INSERT INTO `region_point` (`region_face_id`, `idx`, `x`, `y`, `z`, `w`) values (837, 3, 9994111.0, 353927.3125, -66220.1015, 1.0);
INSERT INTO `region_face` (`region_face_id`, `region_id`, `kind`, `flags`, `normal_x`, `normal_y`, `normal_z`, `normal_w`, `pos_x`, `pos_y`, `pos_z`, `pos_w`) values (838, 219, 'face', '', 0.0235, 0.9997, -0.0006, 588745.9375, 9909822.0, 355835.9375, -164043.5468, 129142.5156);
INSERT INTO `region_point` (`region_face_id`, `idx`, `x`, `y`, `z`, `w`) values (838, 0, 9825532.0, 357744.5937, -261867.0, 1.0);
INSERT INTO `region_point` (`region_face_id`, `idx`, `x`, `y`, `z`, `w`) values (838, 1, 9830636.0, 357748.5937, -72949.6015, 1.0);
INSERT INTO `region_point` (`region_face_id`, `idx`, `x`, `y`, `z`, `w`) values (838, 2, 9986703.0, 353957.3125, -259200.0, 1.0);
INSERT INTO `region_point` (`region_face_id`, `idx`, `x`, `y`, `z`, `w`) values (838, 3, 9994111.0, 353927.3125, -66220.1015, 1.0);
INSERT INTO `region_face` (`region_face_id`, `region_id`, `kind`, `flags`, `normal_x`, `normal_y`, `normal_z`, `normal_w`, `pos_x`, `pos_y`, `pos_z`, `pos_w`) values (839, 219, 'face', '', 0.9992, 0.0, -0.0383, 9989296.0, 9990407.0, 312981.6562, -162710.0468, 104895.3515);
INSERT INTO `region_point` (`region_face_id`, `idx`, `x`, `y`, `z`, `w`) values (839, 0, 9986703.0, 272037.5937, -259200.0, 1.0);
INSERT INTO `region_point` (`region_face_id`, `idx`, `x`, `y`, `z`, `w`) values (839, 1, 9986703.0, 353957.3125, -259200.0, 1.0);
INSERT INTO `region_point` (`region_face_id`, `idx`, `x`, `y`, `z`, `w`) values (839, 2, 9994111.0, 272006.0, -66220.1015, 1.0);
INSERT INTO `region_point` (`region_face_id`, `idx`, `x`, `y`, `z`, `w`) values (839, 3, 9994111.0, 353927.3125, -66220.1015, 1.0);
INSERT INTO `region` (`region_id`, `level_name`, `tree`, `on_enter`, `on_exit`, `on_inside`) values (220, 'strip', 'water', '', '', '(water water-anim #<entity-actor :name dark-eco-pool-3 @ #x32bf284> (swim event darkeco))');
INSERT INTO `region_sphere` (`region_id`, `x`, `y`, `z`, `r`) values (220, 10345042.0, 282796.1562, -298381.0, 92857.5);
INSERT INTO `region` (`region_id`, `level_name`, `tree`, `on_enter`, `on_exit`, `on_inside`) values (104, 'mountain', 'target', '', '', '(setting-pers music mode ''battle)');
INSERT INTO `region_face` (`region_face_id`, `region_id`, `kind`, `flags`, `normal_x`, `normal_y`, `normal_z`, `normal_w`, `pos_x`, `pos_y`, `pos_z`, `pos_w`) values (840, 104, 'face', '', 0.0, 0.0339, 0.9994, 1251469.125, -3745749.5, 404064.5, 1238455.75, 246603.2031);
INSERT INTO `region_point` (`region_face_id`, `idx`, `x`, `y`, `z`, `w`) values (840, 0, -3844809.5, 178402.0, 1246127.25, 1.0);
INSERT INTO `region_point` (`region_face_id`, `idx`, `x`, `y`, `z`, `w`) values (840, 1, -3646599.5, 178402.0, 1246127.25, 1.0);
INSERT INTO `region_point` (`region_face_id`, `idx`, `x`, `y`, `z`, `w`) values (840, 2, -3844899.5, 629727.0, 1230784.25, 1.0);
INSERT INTO `region_point` (`region_face_id`, `idx`, `x`, `y`, `z`, `w`) values (840, 3, -3646679.5, 629727.0, 1230784.25, 1.0);
INSERT INTO `region_face` (`region_face_id`, `region_id`, `kind`, `flags`, `normal_x`, `normal_y`, `normal_z`, `normal_w`, `pos_x`, `pos_y`, `pos_z`, `pos_w`) values (841, 104, 'face', '', 1.0, 0.0, -0.0001, -3646791.0, -3646678.25, 399791.75, 981981.25, 344654.2187);
INSERT INTO `region_point` (`region_face_id`, `idx`, `x`, `y`, `z`, `w`) values (841, 0, -3646679.5, 176507.0, 725243.3125, 1.0);
INSERT INTO `region_point` (`region_face_id`, `idx`, `x`, `y`, `z`, `w`) values (841, 1, -3646679.5, 260319.2031, 725243.3125, 1.0);
INSERT INTO `region_point` (`region_face_id`, `idx`, `x`, `y`, `z`, `w`) values (841, 2, -3646599.5, 178402.0, 1246127.25, 1.0);
INSERT INTO `region_point` (`region_face_id`, `idx`, `x`, `y`, `z`, `w`) values (841, 3, -3646679.5, 629727.0, 1230784.25, 1.0);
INSERT INTO `region_face` (`region_face_id`, `region_id`, `kind`, `flags`, `normal_x`, `normal_y`, `normal_z`, `normal_w`, `pos_x`, `pos_y`, `pos_z`, `pos_w`) values (842, 104, 'face', '', 0.0, 0.8074, -0.5899, -217701.4062, -3745789.5, 445023.0937, 978013.75, 328376.6875);
INSERT INTO `region_point` (`region_face_id`, `idx`, `x`, `y`, `z`, `w`) values (842, 0, -3844899.5, 260319.2031, 725243.3125, 1.0);
INSERT INTO `region_point` (`region_face_id`, `idx`, `x`, `y`, `z`, `w`) values (842, 1, -3844899.5, 629727.0, 1230784.25, 1.0);
INSERT INTO `region_point` (`region_face_id`, `idx`, `x`, `y`, `z`, `w`) values (842, 2, -3646679.5, 260319.2031, 725243.3125, 1.0);
INSERT INTO `region_point` (`region_face_id`, `idx`, `x`, `y`, `z`, `w`) values (842, 3, -3646679.5, 629727.0, 1230784.25, 1.0);
INSERT INTO `region_face` (`region_face_id`, `region_id`, `kind`, `flags`, `normal_x`, `normal_y`, `normal_z`, `normal_w`, `pos_x`, `pos_y`, `pos_z`, `pos_w`) values (843, 104, 'face', '', 0.0, -0.9999, 0.0036, -173867.375, -3745749.5, 177454.5, 985685.25, 278678.4062);
INSERT INTO `region_point` (`region_face_id`, `idx`, `x`, `y`, `z`, `w`) values (843, 0, -3844899.5, 176507.0, 725243.3125, 1.0);
INSERT INTO `region_point` (`region_face_id`, `idx`, `x`, `y`, `z`, `w`) values (843, 1, -3646679.5, 176507.0, 725243.3125, 1.0);
INSERT INTO `region_point` (`region_face_id`, `idx`, `x`, `y`, `z`, `w`) values (843, 2, -3844809.5, 178402.0, 1246127.25, 1.0);
INSERT INTO `region_point` (`region_face_id`, `idx`, `x`, `y`, `z`, `w`) values (843, 3, -3646599.5, 178402.0, 1246127.25, 1.0);
INSERT INTO `region_face` (`region_face_id`, `region_id`, `kind`, `flags`, `normal_x`, `normal_y`, `normal_z`, `normal_w`, `pos_x`, `pos_y`, `pos_z`, `pos_w`) values (844, 104, 'face', '', 0.0, 0.0, -1.0, -725243.3125, -3745789.5, 218413.0937, 725243.3125, 107605.3593);
INSERT INTO `region_point` (`region_face_id`, `idx`, `x`, `y`, `z`, `w`) values (844, 0, -3844899.5, 176507.0, 725243.3125, 1.0);
INSERT INTO `region_point` (`region_face_id`, `idx`, `x`, `y`, `z`, `w`) values (844, 1, -3844899.5, 260319.2031, 725243.3125, 1.0);
INSERT INTO `region_point` (`region_face_id`, `idx`, `x`, `y`, `z`, `w`) values (844, 2, -3646679.5, 176507.0, 725243.3125, 1.0);
INSERT INTO `region_point` (`region_face_id`, `idx`, `x`, `y`, `z`, `w`) values (844, 3, -3646679.5, 260319.2031, 725243.3125, 1.0);
INSERT INTO `region_face` (`region_face_id`, `region_id`, `kind`, `flags`, `normal_x`, `normal_y`, `normal_z`, `normal_w`, `pos_x`, `pos_y`, `pos_z`, `pos_w`) values (845, 104, 'face', '', -1.0, 0.0, 0.0001, 3845024.75, -3844898.25, 399791.75, 981981.25, 344654.2187);
INSERT INTO `region_point` (`region_face_id`, `idx`, `x`, `y`, `z`, `w`) values (845, 0, -3844899.5, 176507.0, 725243.3125, 1.0);
INSERT INTO `region_point` (`region_face_id`, `idx`, `x`, `y`, `z`, `w`) values (845, 1, -3844809.5, 178402.0, 1246127.25, 1.0);
INSERT INTO `region_point` (`region_face_id`, `idx`, `x`, `y`, `z`, `w`) values (845, 2, -3844899.5, 260319.2031, 725243.3125, 1.0);
INSERT INTO `region_point` (`region_face_id`, `idx`, `x`, `y`, `z`, `w`) values (845, 3, -3844899.5, 629727.0, 1230784.25, 1.0);
INSERT INTO `region` (`region_id`, `level_name`, `tree`, `on_enter`, `on_exit`, `on_inside`) values (109, 'mountain', 'target', '(send-event "rhino-9" ''interesting)', '(send-event "rhino-9" ''uninteresting)', '(unless (entity-status? "rhino-9" dead) (setting-pers entity-name mode "camera-60"))');
INSERT INTO `region_face` (`region_face_id`, `region_id`, `kind`, `flags`, `normal_x`, `normal_y`, `normal_z`, `normal_w`, `pos_x`, `pos_y`, `pos_z`, `pos_w`) values (846, 109, 'face', '', 0.4273, 0.0, 0.904, -896922.125, -2782368.5, 487936.0, 323081.3125, 64142.4023);
INSERT INTO `region_point` (`region_face_id`, `idx`, `x`, `y`, `z`, `w`) values (846, 0, -2826995.5, 446976.0, 344175.3125, 1.0);
INSERT INTO `region_point` (`region_face_id`, `idx`, `x`, `y`, `z`, `w`) values (846, 1, -2737741.5, 446976.0, 301987.3125, 1.0);
INSERT INTO `region_point` (`region_face_id`, `idx`, `x`, `y`, `z`, `w`) values (846, 2, -2826995.5, 528896.0, 344175.3125, 1.0);
INSERT INTO `region_point` (`region_face_id`, `idx`, `x`, `y`, `z`, `w`) values (846, 3, -2737741.5, 528896.0, 301987.3125, 1.0);
INSERT INTO `region_face` (`region_face_id`, `region_id`, `kind`, `flags`, `normal_x`, `normal_y`, `normal_z`, `normal_w`, `pos_x`, `pos_y`, `pos_z`, `pos_w`) values (847, 109, 'face', '', 1.0, 0.0, 0.0, -2737741.5, -2737741.5, 487936.0, 261027.3125, 57926.1875);
INSERT INTO `region_point` (`region_face_id`, `idx`, `x`, `y`, `z`, `w`) values (847, 0, -2737741.5, 446976.0, 220067.3125, 1.0);
INSERT INTO `region_point` (`region_face_id`, `idx`, `x`, `y`, `z`, `w`) values (847, 1, -2737741.5, 528896.0, 220067.3125, 1.0);
INSERT INTO `region_point` (`region_face_id`, `idx`, `x`, `y`, `z`, `w`) values (847, 2, -2737741.5, 446976.0, 301987.3125, 1.0);
INSERT INTO `region_point` (`region_face_id`, `idx`, `x`, `y`, `z`, `w`) values (847, 3, -2737741.5, 528896.0, 301987.3125, 1.0);
INSERT INTO `region_face` (`region_face_id`, `region_id`, `kind`, `flags`, `normal_x`, `normal_y`, `normal_z`, `normal_w`, `pos_x`, `pos_y`, `pos_z`, `pos_w`) values (848, 109, 'face', '', 0.0, 1.0, 0.0, 528896.0, -2782368.5, 528896.0, 282121.3125, 76434.7343);
INSERT INTO `region_point` (`region_face_id`, `idx`, `x`, `y`, `z`, `w`) values (848, 0, -2819661.5, 528896.0, 220067.3125, 1.0);
INSERT INTO `region_point` (`region_face_id`, `idx`, `x`, `y`, `z`, `w`) values (848, 1, -2826995.5, 528896.0, 344175.3125, 1.0);
INSERT INTO `region_point` (`region_face_id`, `idx`, `x`, `y`, `z`, `w`) values (848, 2, -2737741.5, 528896.0, 220067.3125, 1.0);
INSERT INTO `region_point` (`region_face_id`, `idx`, `x`, `y`, `z`, `w`) values (848, 3, -2737741.5, 528896.0, 301987.3125, 1.0);
INSERT INTO `region_face` (`region_face_id`, `region_id`, `kind`, `flags`, `normal_x`, `normal_y`, `normal_z`, `normal_w`, `pos_x`, `pos_y`, `pos_z`, `pos_w`) values (849, 109, 'face', '', 0.0, -1.0, 0.0, -446976.0, -2782368.5, 446976.0, 282121.3125, 76434.7343);
INSERT INTO `region_point` (`region_face_id`, `idx`, `x`, `y`, `z`, `w`) values (849, 0, -2819661.5, 446976.0, 220067.3125, 1.0);
INSERT INTO `region_point` (`region_face_id`, `idx`, `x`, `y`, `z`, `w`) values (849, 1, -2737741.5, 446976.0, 220067.3125, 1.0);
INSERT INTO `region_point` (`region_face_id`, `idx`, `x`, `y`, `z`, `w`) values (849, 2, -2826995.5, 446976.0, 344175.3125, 1.0);
INSERT INTO `region_point` (`region_face_id`, `idx`, `x`, `y`, `z`, `w`) values (849, 3, -2737741.5, 446976.0, 301987.3125, 1.0);
INSERT INTO `region_face` (`region_face_id`, `region_id`, `kind`, `flags`, `normal_x`, `normal_y`, `normal_z`, `normal_w`, `pos_x`, `pos_y`, `pos_z`, `pos_w`) values (850, 109, 'face', '', 0.0, 0.0, -1.0, -220067.3125, -2778701.5, 487936.0, 220067.3125, 57926.1875);
INSERT INTO `region_point` (`region_face_id`, `idx`, `x`, `y`, `z`, `w`) values (850, 0, -2819661.5, 446976.0, 220067.3125, 1.0);
INSERT INTO `region_point` (`region_face_id`, `idx`, `x`, `y`, `z`, `w`) values (850, 1, -2819661.5, 528896.0, 220067.3125, 1.0);
INSERT INTO `region_point` (`region_face_id`, `idx`, `x`, `y`, `z`, `w`) values (850, 2, -2737741.5, 446976.0, 220067.3125, 1.0);
INSERT INTO `region_point` (`region_face_id`, `idx`, `x`, `y`, `z`, `w`) values (850, 3, -2737741.5, 528896.0, 220067.3125, 1.0);
INSERT INTO `region_face` (`region_face_id`, `region_id`, `kind`, `flags`, `normal_x`, `normal_y`, `normal_z`, `normal_w`, `pos_x`, `pos_y`, `pos_z`, `pos_w`) values (851, 109, 'face', '', -0.9982, 0.0, -0.0589, 2801769.25, -2823328.5, 487936.0, 282121.3125, 74443.7187);
INSERT INTO `region_point` (`region_face_id`, `idx`, `x`, `y`, `z`, `w`) values (851, 0, -2819661.5, 446976.0, 220067.3125, 1.0);
INSERT INTO `region_point` (`region_face_id`, `idx`, `x`, `y`, `z`, `w`) values (851, 1, -2826995.5, 446976.0, 344175.3125, 1.0);
INSERT INTO `region_point` (`region_face_id`, `idx`, `x`, `y`, `z`, `w`) values (851, 2, -2819661.5, 528896.0, 220067.3125, 1.0);
INSERT INTO `region_point` (`region_face_id`, `idx`, `x`, `y`, `z`, `w`) values (851, 3, -2826995.5, 528896.0, 344175.3125, 1.0);
INSERT INTO `region` (`region_id`, `level_name`, `tree`, `on_enter`, `on_exit`, `on_inside`) values (112, 'mountain', 'target', '(send-event "rhino-7" ''interesting)', '(send-event "rhino-7" ''uninteresting)', '(unless (entity-status? "rhino-7" dead) (setting-pers entity-name mode "camera-61"))');
INSERT INTO `region_face` (`region_face_id`, `region_id`, `kind`, `flags`, `normal_x`, `normal_y`, `normal_z`, `normal_w`, `pos_x`, `pos_y`, `pos_z`, `pos_w`) values (852, 112, 'face', '', -0.9132, -0.0, 0.4073, 3269523.0, -2928298.5, 374489.4375, 1461141.25, 57038.5234);
INSERT INTO `region_point` (`region_face_id`, `idx`, `x`, `y`, `z`, `w`) values (852, 0, -2938871.5, 323699.375, 1437435.25, 1.0);
INSERT INTO `region_point` (`region_face_id`, `idx`, `x`, `y`, `z`, `w`) values (852, 1, -2917723.5, 323699.375, 1484844.25, 1.0);
INSERT INTO `region_point` (`region_face_id`, `idx`, `x`, `y`, `z`, `w`) values (852, 2, -2938873.5, 425279.5, 1437438.25, 1.0);
INSERT INTO `region_point` (`region_face_id`, `idx`, `x`, `y`, `z`, `w`) values (852, 3, -2917725.5, 425279.5, 1484847.25, 1.0);
INSERT INTO `region_face` (`region_face_id`, `region_id`, `kind`, `flags`, `normal_x`, `normal_y`, `normal_z`, `normal_w`, `pos_x`, `pos_y`, `pos_z`, `pos_w`) values (853, 112, 'face', '', 0.5968, -0.0, 0.8023, -550056.5, -2845300.0, 374489.4062, 1430971.75, 103574.3984);
INSERT INTO `region_point` (`region_face_id`, `idx`, `x`, `y`, `z`, `w`) values (853, 0, -2772874.5, 323699.3125, 1377096.25, 1.0);
INSERT INTO `region_point` (`region_face_id`, `idx`, `x`, `y`, `z`, `w`) values (853, 1, -2772876.5, 425279.5, 1377099.25, 1.0);
INSERT INTO `region_point` (`region_face_id`, `idx`, `x`, `y`, `z`, `w`) values (853, 2, -2917723.5, 323699.375, 1484844.25, 1.0);
INSERT INTO `region_point` (`region_face_id`, `idx`, `x`, `y`, `z`, `w`) values (853, 3, -2917725.5, 425279.5, 1484847.25, 1.0);
INSERT INTO `region_face` (`region_face_id`, `region_id`, `kind`, `flags`, `normal_x`, `normal_y`, `normal_z`, `normal_w`, `pos_x`, `pos_y`, `pos_z`, `pos_w`) values (854, 112, 'face', '', 0.0, 1.0, 0.0, 425279.5, -2865898.5, 425279.5, 1402789.25, 97054.3828);
INSERT INTO `region_point` (`region_face_id`, `idx`, `x`, `y`, `z`, `w`) values (854, 0, -2814071.5, 425279.5, 1320731.25, 1.0);
INSERT INTO `region_point` (`region_face_id`, `idx`, `x`, `y`, `z`, `w`) values (854, 1, -2938873.5, 425279.5, 1437438.25, 1.0);
INSERT INTO `region_point` (`region_face_id`, `idx`, `x`, `y`, `z`, `w`) values (854, 2, -2772876.5, 425279.5, 1377099.25, 1.0);
INSERT INTO `region_point` (`region_face_id`, `idx`, `x`, `y`, `z`, `w`) values (854, 3, -2917725.5, 425279.5, 1484847.25, 1.0);
INSERT INTO `region_face` (`region_face_id`, `region_id`, `kind`, `flags`, `normal_x`, `normal_y`, `normal_z`, `normal_w`, `pos_x`, `pos_y`, `pos_z`, `pos_w`) values (855, 112, 'face', '', -0.0, -1.0, -0.0, -323698.5, -2865896.5, 323699.375, 1402786.25, 97054.3828);
INSERT INTO `region_point` (`region_face_id`, `idx`, `x`, `y`, `z`, `w`) values (855, 0, -2814069.5, 323699.375, 1320728.25, 1.0);
INSERT INTO `region_point` (`region_face_id`, `idx`, `x`, `y`, `z`, `w`) values (855, 1, -2772874.5, 323699.3125, 1377096.25, 1.0);
INSERT INTO `region_point` (`region_face_id`, `idx`, `x`, `y`, `z`, `w`) values (855, 2, -2938871.5, 323699.375, 1437435.25, 1.0);
INSERT INTO `region_point` (`region_face_id`, `idx`, `x`, `y`, `z`, `w`) values (855, 3, -2917723.5, 323699.375, 1484844.25, 1.0);
INSERT INTO `region_face` (`region_face_id`, `region_id`, `kind`, `flags`, `normal_x`, `normal_y`, `normal_z`, `normal_w`, `pos_x`, `pos_y`, `pos_z`, `pos_w`) values (856, 112, 'face', '', 0.8073, 0.0, -0.59, -3051275.0, -2793473.0, 374489.4375, 1348913.75, 61630.0937);
INSERT INTO `region_point` (`region_face_id`, `idx`, `x`, `y`, `z`, `w`) values (856, 0, -2814069.5, 323699.375, 1320728.25, 1.0);
INSERT INTO `region_point` (`region_face_id`, `idx`, `x`, `y`, `z`, `w`) values (856, 1, -2814071.5, 425279.5, 1320731.25, 1.0);
INSERT INTO `region_point` (`region_face_id`, `idx`, `x`, `y`, `z`, `w`) values (856, 2, -2772874.5, 323699.3125, 1377096.25, 1.0);
INSERT INTO `region_point` (`region_face_id`, `idx`, `x`, `y`, `z`, `w`) values (856, 3, -2772876.5, 425279.5, 1377099.25, 1.0);
INSERT INTO `region_face` (`region_face_id`, `region_id`, `kind`, `flags`, `normal_x`, `normal_y`, `normal_z`, `normal_w`, `pos_x`, `pos_y`, `pos_z`, `pos_w`) values (857, 112, 'face', '', -0.683, 0.0, -0.7303, 957417.375, -2876471.5, 374489.4375, 1379083.25, 99392.8828);
INSERT INTO `region_point` (`region_face_id`, `idx`, `x`, `y`, `z`, `w`) values (857, 0, -2814069.5, 323699.375, 1320728.25, 1.0);
INSERT INTO `region_point` (`region_face_id`, `idx`, `x`, `y`, `z`, `w`) values (857, 1, -2938871.5, 323699.375, 1437435.25, 1.0);
INSERT INTO `region_point` (`region_face_id`, `idx`, `x`, `y`, `z`, `w`) values (857, 2, -2814071.5, 425279.5, 1320731.25, 1.0);
INSERT INTO `region_point` (`region_face_id`, `idx`, `x`, `y`, `z`, `w`) values (857, 3, -2938873.5, 425279.5, 1437438.25, 1.0);
INSERT INTO `region` (`region_id`, `level_name`, `tree`, `on_enter`, `on_exit`, `on_inside`) values (113, 'mountain', 'target', '(send-event "rhino-8" ''interesting)', '(send-event "rhino-8" ''uninteresting)', '(unless (entity-status? "rhino-8" dead) (setting-pers entity-name mode "camera-62"))');
INSERT INTO `region_face` (`region_face_id`, `region_id`, `kind`, `flags`, `normal_x`, `normal_y`, `normal_z`, `normal_w`, `pos_x`, `pos_y`, `pos_z`, `pos_w`) values (858, 113, 'face', '', 0.0, -1.0, 0.0, -203143.1562, -3433865.75, 203127.0, 716986.8125, 184360.3906);
INSERT INTO `region_point` (`region_face_id`, `idx`, `x`, `y`, `z`, `w`) values (858, 0, -3528959.5, 203126.0, 586293.3125, 1.0);
INSERT INTO `region_point` (`region_face_id`, `idx`, `x`, `y`, `z`, `w`) values (858, 1, -3334279.5, 203127.0, 567074.3125, 1.0);
INSERT INTO `region_point` (`region_face_id`, `idx`, `x`, `y`, `z`, `w`) values (858, 2, -3540649.5, 203127.0, 848652.3125, 1.0);
INSERT INTO `region_point` (`region_face_id`, `idx`, `x`, `y`, `z`, `w`) values (858, 3, -3366219.5, 203127.0, 888488.1875, 1.0);
INSERT INTO `region_face` (`region_face_id`, `region_id`, `kind`, `flags`, `normal_x`, `normal_y`, `normal_z`, `normal_w`, `pos_x`, `pos_y`, `pos_z`, `pos_w`) values (859, 113, 'face', '', -0.999, 0.0, -0.0445, 3499363.75, -3534804.5, 244086.3437, 717472.8125, 137549.9062);
INSERT INTO `region_point` (`region_face_id`, `idx`, `x`, `y`, `z`, `w`) values (859, 0, -3528959.5, 203126.0, 586293.3125, 1.0);
INSERT INTO `region_point` (`region_face_id`, `idx`, `x`, `y`, `z`, `w`) values (859, 1, -3540649.5, 203127.0, 848652.3125, 1.0);
INSERT INTO `region_point` (`region_face_id`, `idx`, `x`, `y`, `z`, `w`) values (859, 2, -3528959.5, 285046.4062, 586293.3125, 1.0);
INSERT INTO `region_point` (`region_face_id`, `idx`, `x`, `y`, `z`, `w`) values (859, 3, -3540649.5, 285046.6875, 848652.3125, 1.0);
INSERT INTO `region_face` (`region_face_id`, `region_id`, `kind`, `flags`, `normal_x`, `normal_y`, `normal_z`, `normal_w`, `pos_x`, `pos_y`, `pos_z`, `pos_w`) values (860, 113, 'face', '', -0.0982, 0.0, -0.9951, -236760.0625, -3431619.5, 244086.3437, 576683.8125, 106043.2343);
INSERT INTO `region_point` (`region_face_id`, `idx`, `x`, `y`, `z`, `w`) values (860, 0, -3528959.5, 203126.0, 586293.3125, 1.0);
INSERT INTO `region_point` (`region_face_id`, `idx`, `x`, `y`, `z`, `w`) values (860, 1, -3528959.5, 285046.4062, 586293.3125, 1.0);
INSERT INTO `region_point` (`region_face_id`, `idx`, `x`, `y`, `z`, `w`) values (860, 2, -3334279.5, 203127.0, 567074.3125, 1.0);
INSERT INTO `region_point` (`region_face_id`, `idx`, `x`, `y`, `z`, `w`) values (860, 3, -3334279.5, 285046.6875, 567074.3125, 1.0);
INSERT INTO `region_face` (`region_face_id`, `region_id`, `kind`, `flags`, `normal_x`, `normal_y`, `normal_z`, `normal_w`, `pos_x`, `pos_y`, `pos_z`, `pos_w`) values (861, 113, 'face', '', -0.2226, 0.0, 0.9748, 1615658.875, -3453434.5, 244086.8437, 868570.25, 98391.5078);
INSERT INTO `region_point` (`region_face_id`, `idx`, `x`, `y`, `z`, `w`) values (861, 0, -3540649.5, 203127.0, 848652.3125, 1.0);
INSERT INTO `region_point` (`region_face_id`, `idx`, `x`, `y`, `z`, `w`) values (861, 1, -3366219.5, 203127.0, 888488.1875, 1.0);
INSERT INTO `region_point` (`region_face_id`, `idx`, `x`, `y`, `z`, `w`) values (861, 2, -3540649.5, 285046.6875, 848652.3125, 1.0);
INSERT INTO `region_point` (`region_face_id`, `idx`, `x`, `y`, `z`, `w`) values (861, 3, -3366219.5, 285046.6875, 888488.1875, 1.0);
INSERT INTO `region_face` (`region_face_id`, `region_id`, `kind`, `flags`, `normal_x`, `normal_y`, `normal_z`, `normal_w`, `pos_x`, `pos_y`, `pos_z`, `pos_w`) values (862, 113, 'face', '', -0.0, 1.0, -0.0, 285051.2187, -3433865.75, 285046.6875, 716986.8125, 184360.3906);
INSERT INTO `region_point` (`region_face_id`, `idx`, `x`, `y`, `z`, `w`) values (862, 0, -3528959.5, 285046.4062, 586293.3125, 1.0);
INSERT INTO `region_point` (`region_face_id`, `idx`, `x`, `y`, `z`, `w`) values (862, 1, -3540649.5, 285046.6875, 848652.3125, 1.0);
INSERT INTO `region_point` (`region_face_id`, `idx`, `x`, `y`, `z`, `w`) values (862, 2, -3334279.5, 285046.6875, 567074.3125, 1.0);
INSERT INTO `region_point` (`region_face_id`, `idx`, `x`, `y`, `z`, `w`) values (862, 3, -3366219.5, 285046.6875, 888488.1875, 1.0);
INSERT INTO `region_face` (`region_face_id`, `region_id`, `kind`, `flags`, `normal_x`, `normal_y`, `normal_z`, `normal_w`, `pos_x`, `pos_y`, `pos_z`, `pos_w`) values (863, 113, 'face', '', 0.995, 0.0, 0.0988, -3261861.25, -3350249.5, 244086.8437, 727781.25, 166611.7343);
INSERT INTO `region_point` (`region_face_id`, `idx`, `x`, `y`, `z`, `w`) values (863, 0, -3334279.5, 203127.0, 567074.3125, 1.0);
INSERT INTO `region_point` (`region_face_id`, `idx`, `x`, `y`, `z`, `w`) values (863, 1, -3334279.5, 285046.6875, 567074.3125, 1.0);
INSERT INTO `region_point` (`region_face_id`, `idx`, `x`, `y`, `z`, `w`) values (863, 2, -3366219.5, 203127.0, 888488.1875, 1.0);
INSERT INTO `region_point` (`region_face_id`, `idx`, `x`, `y`, `z`, `w`) values (863, 3, -3366219.5, 285046.6875, 888488.1875, 1.0);
INSERT INTO `region` (`region_id`, `level_name`, `tree`, `on_enter`, `on_exit`, `on_inside`) values (164, 'mountain', 'target', '(when (not (task-complete? GAME_TASK_MOUNTAIN_GEAR)) (scene-play "mountain-gear-res"))', '', '');
INSERT INTO `region_sphere` (`region_id`, `x`, `y`, `z`, `r`) values (164, -3456179.5, 558712.0, 1026327.0, 74948.0);
INSERT INTO `region` (`region_id`, `level_name`, `tree`, `on_enter`, `on_exit`, `on_inside`) values (121, 'mountain', 'target', '(send-event "battle-47" ''beaten)', '', '');
INSERT INTO `region_face` (`region_face_id`, `region_id`, `kind`, `flags`, `normal_x`, `normal_y`, `normal_z`, `normal_w`, `pos_x`, `pos_y`, `pos_z`, `pos_w`) values (864, 121, 'face', '', 0.0001, -0.9999, 0.0002, -389290.875, -3203663.5, 388952.6875, 26207.8125, 45449.0117);
INSERT INTO `region_point` (`region_face_id`, `idx`, `x`, `y`, `z`, `w`) values (864, 0, -3244547.5, 388943.9062, 6383.3125, 1.0);
INSERT INTO `region_point` (`region_face_id`, `idx`, `x`, `y`, `z`, `w`) values (864, 1, -3162767.5, 388952.6875, 6380.3125, 1.0);
INSERT INTO `region_point` (`region_face_id`, `idx`, `x`, `y`, `z`, `w`) values (864, 2, -3244559.5, 388952.6875, 46035.3125, 1.0);
INSERT INTO `region_point` (`region_face_id`, `idx`, `x`, `y`, `z`, `w`) values (864, 3, -3162769.5, 388952.6875, 46035.3125, 1.0);
INSERT INTO `region_face` (`region_face_id`, `region_id`, `kind`, `flags`, `normal_x`, `normal_y`, `normal_z`, `normal_w`, `pos_x`, `pos_y`, `pos_z`, `pos_w`) values (865, 121, 'face', '', -0.9999, -0.0041, -0.0003, 3242892.25, -3244664.5, 415512.1562, 26209.2871, 33151.1171);
INSERT INTO `region_point` (`region_face_id`, `idx`, `x`, `y`, `z`, `w`) values (865, 0, -3244547.5, 388943.9062, 6383.3125, 1.0);
INSERT INTO `region_point` (`region_face_id`, `idx`, `x`, `y`, `z`, `w`) values (865, 1, -3244559.5, 388952.6875, 46035.3125, 1.0);
INSERT INTO `region_point` (`region_face_id`, `idx`, `x`, `y`, `z`, `w`) values (865, 2, -3244769.5, 442079.0, 6380.3125, 1.0);
INSERT INTO `region_point` (`region_face_id`, `idx`, `x`, `y`, `z`, `w`) values (865, 3, -3244781.5, 442079.0, 46036.3125, 1.0);
INSERT INTO `region_face` (`region_face_id`, `region_id`, `kind`, `flags`, `normal_x`, `normal_y`, `normal_z`, `normal_w`, `pos_x`, `pos_y`, `pos_z`, `pos_w`) values (866, 121, 'face', '', -0.0, -0.0, -1.0, -6286.3291, -3203734.5, 415562.375, 6380.3125, 48856.957);
INSERT INTO `region_point` (`region_face_id`, `idx`, `x`, `y`, `z`, `w`) values (866, 0, -3244547.5, 388943.9062, 6383.3125, 1.0);
INSERT INTO `region_point` (`region_face_id`, `idx`, `x`, `y`, `z`, `w`) values (866, 1, -3244769.5, 442079.0, 6380.3125, 1.0);
INSERT INTO `region_point` (`region_face_id`, `idx`, `x`, `y`, `z`, `w`) values (866, 2, -3162767.5, 388952.6875, 6380.3125, 1.0);
INSERT INTO `region_point` (`region_face_id`, `idx`, `x`, `y`, `z`, `w`) values (866, 3, -3162765.5, 442080.0, 6377.3125, 1.0);
INSERT INTO `region_face` (`region_face_id`, `region_id`, `kind`, `flags`, `normal_x`, `normal_y`, `normal_z`, `normal_w`, `pos_x`, `pos_y`, `pos_z`, `pos_w`) values (867, 121, 'face', '', 0.0, -0.0, 1.0, 46027.9921, -3203740.5, 415566.75, 46035.8125, 48859.6054);
INSERT INTO `region_point` (`region_face_id`, `idx`, `x`, `y`, `z`, `w`) values (867, 0, -3244559.5, 388952.6875, 46035.3125, 1.0);
INSERT INTO `region_point` (`region_face_id`, `idx`, `x`, `y`, `z`, `w`) values (867, 1, -3162769.5, 388952.6875, 46035.3125, 1.0);
INSERT INTO `region_point` (`region_face_id`, `idx`, `x`, `y`, `z`, `w`) values (867, 2, -3244781.5, 442079.0, 46036.3125, 1.0);
INSERT INTO `region_point` (`region_face_id`, `idx`, `x`, `y`, `z`, `w`) values (867, 3, -3162765.5, 442080.0, 46036.3125, 1.0);
INSERT INTO `region_face` (`region_face_id`, `region_id`, `kind`, `flags`, `normal_x`, `normal_y`, `normal_z`, `normal_w`, `pos_x`, `pos_y`, `pos_z`, `pos_w`) values (868, 121, 'face', '', -0.0, 1.0, -0.0, 442118.5625, -3203773.5, 442079.5, 26206.8125, 45550.6875);
INSERT INTO `region_point` (`region_face_id`, `idx`, `x`, `y`, `z`, `w`) values (868, 0, -3244769.5, 442079.0, 6380.3125, 1.0);
INSERT INTO `region_point` (`region_face_id`, `idx`, `x`, `y`, `z`, `w`) values (868, 1, -3244781.5, 442079.0, 46036.3125, 1.0);
INSERT INTO `region_point` (`region_face_id`, `idx`, `x`, `y`, `z`, `w`) values (868, 2, -3162765.5, 442080.0, 6377.3125, 1.0);
INSERT INTO `region_point` (`region_face_id`, `idx`, `x`, `y`, `z`, `w`) values (868, 3, -3162765.5, 442080.0, 46036.3125, 1.0);
INSERT INTO `region_face` (`region_face_id`, `region_id`, `kind`, `flags`, `normal_x`, `normal_y`, `normal_z`, `normal_w`, `pos_x`, `pos_y`, `pos_z`, `pos_w`) values (869, 121, 'face', '', 1.0, -0.0, 0.0, -3162781.75, -3162767.5, 415516.5937, 26206.4921, 33148.707);
INSERT INTO `region_point` (`region_face_id`, `idx`, `x`, `y`, `z`, `w`) values (869, 0, -3162767.5, 388952.6875, 6380.3125, 1.0);
INSERT INTO `region_point` (`region_face_id`, `idx`, `x`, `y`, `z`, `w`) values (869, 1, -3162765.5, 442080.0, 6377.3125, 1.0);
INSERT INTO `region_point` (`region_face_id`, `idx`, `x`, `y`, `z`, `w`) values (869, 2, -3162769.5, 388952.6875, 46035.3125, 1.0);
INSERT INTO `region_point` (`region_face_id`, `idx`, `x`, `y`, `z`, `w`) values (869, 3, -3162765.5, 442080.0, 46036.3125, 1.0);
INSERT INTO `region` (`region_id`, `level_name`, `tree`, `on_enter`, `on_exit`, `on_inside`) values (134, 'mountain', 'target', '', '', '(setting-pers gun mode #f)');
INSERT INTO `region_face` (`region_face_id`, `region_id`, `kind`, `flags`, `normal_x`, `normal_y`, `normal_z`, `normal_w`, `pos_x`, `pos_y`, `pos_z`, `pos_w`) values (870, 134, 'face', '', 0.0, -1.0, -0.0, -370569.4062, -2584176.0, 370561.4062, 50977.3125, 184866.2968);
INSERT INTO `region_point` (`region_face_id`, `idx`, `x`, `y`, `z`, `w`) values (870, 0, -2701227.5, 370562.0, -92111.6875, 1.0);
INSERT INTO `region_point` (`region_face_id`, `idx`, `x`, `y`, `z`, `w`) values (870, 1, -2497480.5, 370562.6875, -102151.6875, 1.0);
INSERT INTO `region_point` (`region_face_id`, `idx`, `x`, `y`, `z`, `w`) values (870, 2, -2666522.5, 370560.0937, 174510.3125, 1.0);
INSERT INTO `region_point` (`region_face_id`, `idx`, `x`, `y`, `z`, `w`) values (870, 3, -2467124.25, 370560.8125, 194066.3125, 1.0);
INSERT INTO `region_face` (`region_face_id`, `region_id`, `kind`, `flags`, `normal_x`, `normal_y`, `normal_z`, `normal_w`, `pos_x`, `pos_y`, `pos_z`, `pos_w`) values (871, 134, 'face', '', -0.9916, 0.0, 0.129, 2666741.25, -2683875.0, 411521.0625, 41199.3125, 140537.2968);
INSERT INTO `region_point` (`region_face_id`, `idx`, `x`, `y`, `z`, `w`) values (871, 0, -2701227.5, 370562.0, -92111.6875, 1.0);
INSERT INTO `region_point` (`region_face_id`, `idx`, `x`, `y`, `z`, `w`) values (871, 1, -2666522.5, 370560.0937, 174510.3125, 1.0);
INSERT INTO `region_point` (`region_face_id`, `idx`, `x`, `y`, `z`, `w`) values (871, 2, -2701227.5, 452482.0, -92111.6875, 1.0);
INSERT INTO `region_point` (`region_face_id`, `idx`, `x`, `y`, `z`, `w`) values (871, 3, -2666522.5, 452480.0, 174510.3125, 1.0);
INSERT INTO `region_face` (`region_face_id`, `region_id`, `kind`, `flags`, `normal_x`, `normal_y`, `normal_z`, `normal_w`, `pos_x`, `pos_y`, `pos_z`, `pos_w`) values (872, 134, 'face', '', -0.0492, 0.0, -0.9987, 224946.5937, -2599354.0, 411522.5, -97131.6875, 109914.3906);
INSERT INTO `region_point` (`region_face_id`, `idx`, `x`, `y`, `z`, `w`) values (872, 0, -2701227.5, 370562.0, -92111.6875, 1.0);
INSERT INTO `region_point` (`region_face_id`, `idx`, `x`, `y`, `z`, `w`) values (872, 1, -2701227.5, 452482.0, -92111.6875, 1.0);
INSERT INTO `region_point` (`region_face_id`, `idx`, `x`, `y`, `z`, `w`) values (872, 2, -2497480.5, 370562.6875, -102151.6875, 1.0);
INSERT INTO `region_point` (`region_face_id`, `idx`, `x`, `y`, `z`, `w`) values (872, 3, -2497480.5, 452483.0, -102151.6875, 1.0);
INSERT INTO `region_face` (`region_face_id`, `region_id`, `kind`, `flags`, `normal_x`, `normal_y`, `normal_z`, `normal_w`, `pos_x`, `pos_y`, `pos_z`, `pos_w`) values (873, 134, 'face', '', -0.0976, 0.0, 0.9952, 433947.7187, -2566823.5, 411520.5625, 184288.3125, 108228.039);
INSERT INTO `region_point` (`region_face_id`, `idx`, `x`, `y`, `z`, `w`) values (873, 0, -2666522.5, 370560.0937, 174510.3125, 1.0);
INSERT INTO `region_point` (`region_face_id`, `idx`, `x`, `y`, `z`, `w`) values (873, 1, -2467124.25, 370560.8125, 194066.3125, 1.0);
INSERT INTO `region_point` (`region_face_id`, `idx`, `x`, `y`, `z`, `w`) values (873, 2, -2666522.5, 452480.0, 174510.3125, 1.0);
INSERT INTO `region_point` (`region_face_id`, `idx`, `x`, `y`, `z`, `w`) values (873, 3, -2467124.25, 452481.0, 194066.3125, 1.0);
INSERT INTO `region_face` (`region_face_id`, `region_id`, `kind`, `flags`, `normal_x`, `normal_y`, `normal_z`, `normal_w`, `pos_x`, `pos_y`, `pos_z`, `pos_w`) values (874, 134, 'face', '', -0.0, 1.0, 0.0, 452493.4375, -2584176.0, 452481.5, 50977.3125, 184866.2968);
INSERT INTO `region_point` (`region_face_id`, `idx`, `x`, `y`, `z`, `w`) values (874, 0, -2701227.5, 452482.0, -92111.6875, 1.0);
INSERT INTO `region_point` (`region_face_id`, `idx`, `x`, `y`, `z`, `w`) values (874, 1, -2666522.5, 452480.0, 174510.3125, 1.0);
INSERT INTO `region_point` (`region_face_id`, `idx`, `x`, `y`, `z`, `w`) values (874, 2, -2497480.5, 452483.0, -102151.6875, 1.0);
INSERT INTO `region_point` (`region_face_id`, `idx`, `x`, `y`, `z`, `w`) values (874, 3, -2467124.25, 452481.0, 194066.3125, 1.0);
INSERT INTO `region_face` (`region_face_id`, `region_id`, `kind`, `flags`, `normal_x`, `normal_y`, `normal_z`, `normal_w`, `pos_x`, `pos_y`, `pos_z`, `pos_w`) values (875, 134, 'face', '', 0.9947, 0.0, -0.1019, -2474054.5, -2482302.5, 411521.9062, 45957.3125, 154416.5312);
INSERT INTO `region_point` (`region_face_id`, `idx`, `x`, `y`, `z`, `w`) values (875, 0, -2497480.5, 370562.6875, -102151.6875, 1.0);
INSERT INTO `region_point` (`region_face_id`, `idx`, `x`, `y`, `z`, `w`) values (875, 1, -2497480.5, 452483.0, -102151.6875, 1.0);
INSERT INTO `region_point` (`region_face_id`, `idx`, `x`, `y`, `z`, `w`) values (875, 2, -2467124.25, 370560.8125, 194066.3125, 1.0);
INSERT INTO `region_point` (`region_face_id`, `idx`, `x`, `y`, `z`, `w`) values (875, 3, -2467124.25, 452481.0, 194066.3125, 1.0);
INSERT INTO `region` (`region_id`, `level_name`, `tree`, `on_enter`, `on_exit`, `on_inside`) values (135, 'mountain', 'target', '', '', '(setting-pers entity-name mode "camera-73")');
INSERT INTO `region_face` (`region_face_id`, `region_id`, `kind`, `flags`, `normal_x`, `normal_y`, `normal_z`, `normal_w`, `pos_x`, `pos_y`, `pos_z`, `pos_w`) values (876, 135, 'face', '', 0.0296, 0.0, 0.9995, 581561.5, -3263000.5, 302943.2187, 678506.3125, 121133.0546);
INSERT INTO `region_point` (`region_face_id`, `idx`, `x`, `y`, `z`, `w`) values (876, 0, -3345036.5, 213852.0, 680938.3125, 1.0);
INSERT INTO `region_point` (`region_face_id`, `idx`, `x`, `y`, `z`, `w`) values (876, 1, -3180963.5, 213852.0, 676076.3125, 1.0);
INSERT INTO `region_point` (`region_face_id`, `idx`, `x`, `y`, `z`, `w`) values (876, 2, -3345037.5, 392034.4062, 680936.3125, 1.0);
INSERT INTO `region_point` (`region_face_id`, `idx`, `x`, `y`, `z`, `w`) values (876, 3, -3180963.5, 392034.3125, 676074.3125, 1.0);
INSERT INTO `region_face` (`region_face_id`, `region_id`, `kind`, `flags`, `normal_x`, `normal_y`, `normal_z`, `normal_w`, `pos_x`, `pos_y`, `pos_z`, `pos_w`) values (877, 135, 'face', '', 0.9882, 0.0, 0.1525, -3040626.25, -3172949.0, 302943.0937, 624142.3125, 103434.0156);
INSERT INTO `region_point` (`region_face_id`, `idx`, `x`, `y`, `z`, `w`) values (877, 0, -3164934.5, 213852.0, 572214.3125, 1.0);
INSERT INTO `region_point` (`region_face_id`, `idx`, `x`, `y`, `z`, `w`) values (877, 1, -3164934.5, 392034.1875, 572208.3125, 1.0);
INSERT INTO `region_point` (`region_face_id`, `idx`, `x`, `y`, `z`, `w`) values (877, 2, -3180963.5, 213852.0, 676076.3125, 1.0);
INSERT INTO `region_point` (`region_face_id`, `idx`, `x`, `y`, `z`, `w`) values (877, 3, -3180963.5, 392034.3125, 676074.3125, 1.0);
INSERT INTO `region_face` (`region_face_id`, `region_id`, `kind`, `flags`, `normal_x`, `normal_y`, `normal_z`, `normal_w`, `pos_x`, `pos_y`, `pos_z`, `pos_w`) values (878, 135, 'face', '', 0.0, 1.0, 0.0, 392030.3437, -3254986.0, 392034.3125, 626572.3125, 105188.9609);
INSERT INTO `region_point` (`region_face_id`, `idx`, `x`, `y`, `z`, `w`) values (878, 0, -3345037.5, 392034.4062, 599019.3125, 1.0);
INSERT INTO `region_point` (`region_face_id`, `idx`, `x`, `y`, `z`, `w`) values (878, 1, -3345037.5, 392034.4062, 680936.3125, 1.0);
INSERT INTO `region_point` (`region_face_id`, `idx`, `x`, `y`, `z`, `w`) values (878, 2, -3164934.5, 392034.1875, 572208.3125, 1.0);
INSERT INTO `region_point` (`region_face_id`, `idx`, `x`, `y`, `z`, `w`) values (878, 3, -3180963.5, 392034.3125, 676074.3125, 1.0);
INSERT INTO `region_face` (`region_face_id`, `region_id`, `kind`, `flags`, `normal_x`, `normal_y`, `normal_z`, `normal_w`, `pos_x`, `pos_y`, `pos_z`, `pos_w`) values (879, 135, 'face', '', 0.0, -1.0, 0.0, -213852.0, -3254985.5, 213852.0, 626576.3125, 105187.5);
INSERT INTO `region_point` (`region_face_id`, `idx`, `x`, `y`, `z`, `w`) values (879, 0, -3345036.5, 213852.0, 599026.3125, 1.0);
INSERT INTO `region_point` (`region_face_id`, `idx`, `x`, `y`, `z`, `w`) values (879, 1, -3164934.5, 213852.0, 572214.3125, 1.0);
INSERT INTO `region_point` (`region_face_id`, `idx`, `x`, `y`, `z`, `w`) values (879, 2, -3345036.5, 213852.0, 680938.3125, 1.0);
INSERT INTO `region_point` (`region_face_id`, `idx`, `x`, `y`, `z`, `w`) values (879, 3, -3180963.5, 213852.0, 676076.3125, 1.0);
INSERT INTO `region_face` (`region_face_id`, `region_id`, `kind`, `flags`, `normal_x`, `normal_y`, `normal_z`, `normal_w`, `pos_x`, `pos_y`, `pos_z`, `pos_w`) values (880, 135, 'face', '', -0.1472, -0.0, -0.989, -99953.7734, -3254985.5, 302943.125, 585617.3125, 127382.1875);
INSERT INTO `region_point` (`region_face_id`, `idx`, `x`, `y`, `z`, `w`) values (880, 0, -3345036.5, 213852.0, 599026.3125, 1.0);
INSERT INTO `region_point` (`region_face_id`, `idx`, `x`, `y`, `z`, `w`) values (880, 1, -3345037.5, 392034.4062, 599019.3125, 1.0);
INSERT INTO `region_point` (`region_face_id`, `idx`, `x`, `y`, `z`, `w`) values (880, 2, -3164934.5, 213852.0, 572214.3125, 1.0);
INSERT INTO `region_point` (`region_face_id`, `idx`, `x`, `y`, `z`, `w`) values (880, 3, -3164934.5, 392034.1875, 572208.3125, 1.0);
INSERT INTO `region_face` (`region_face_id`, `region_id`, `kind`, `flags`, `normal_x`, `normal_y`, `normal_z`, `normal_w`, `pos_x`, `pos_y`, `pos_z`, `pos_w`) values (881, 135, 'face', '', -1.0, -0.0, 0.0, 3345035.25, -3345037.0, 302943.1875, 639978.8125, 98055.7265);
INSERT INTO `region_point` (`region_face_id`, `idx`, `x`, `y`, `z`, `w`) values (881, 0, -3345036.5, 213852.0, 599026.3125, 1.0);
INSERT INTO `region_point` (`region_face_id`, `idx`, `x`, `y`, `z`, `w`) values (881, 1, -3345036.5, 213852.0, 680938.3125, 1.0);
INSERT INTO `region_point` (`region_face_id`, `idx`, `x`, `y`, `z`, `w`) values (881, 2, -3345037.5, 392034.4062, 599019.3125, 1.0);
INSERT INTO `region_point` (`region_face_id`, `idx`, `x`, `y`, `z`, `w`) values (881, 3, -3345037.5, 392034.4062, 680936.3125, 1.0);
INSERT INTO `region` (`region_id`, `level_name`, `tree`, `on_enter`, `on_exit`, `on_inside`) values (146, 'mountain', 'target', '(send-event "rhino-7" ''charge)', '', '');
INSERT INTO `region_face` (`region_face_id`, `region_id`, `kind`, `flags`, `normal_x`, `normal_y`, `normal_z`, `normal_w`, `pos_x`, `pos_y`, `pos_z`, `pos_w`) values (882, 146, 'plane', '', 0.0, 1.0, -0.0, 348092.1875, -2845519.5, 348098.4062, 1354504.25, 112208.625);
INSERT INTO `region_point` (`region_face_id`, `idx`, `x`, `y`, `z`, `w`) values (882, 0, -2879133.5, 348098.0937, 1265452.25, 1.0);
INSERT INTO `region_point` (`region_face_id`, `idx`, `x`, `y`, `z`, `w`) values (882, 1, -2956951.5, 348098.4062, 1341325.25, 1.0);
INSERT INTO `region_point` (`region_face_id`, `idx`, `x`, `y`, `z`, `w`) values (882, 2, -2734087.5, 348098.4062, 1367683.25, 1.0);
INSERT INTO `region_point` (`region_face_id`, `idx`, `x`, `y`, `z`, `w`) values (882, 3, -2814411.5, 348098.9062, 1453456.25, 1.0);
INSERT INTO `region` (`region_id`, `level_name`, `tree`, `on_enter`, `on_exit`, `on_inside`) values (150, 'mountain', 'target', '(send-event "mtn-plat-buried-rocks-2" ''trigger)', '', '');
INSERT INTO `region_sphere` (`region_id`, `x`, `y`, `z`, `r`) values (150, -3375985.5, 431104.0, 1356446.25, 59048.0);
INSERT INTO `region` (`region_id`, `level_name`, `tree`, `on_enter`, `on_exit`, `on_inside`) values (152, 'mountain', 'target', '(when (not (task-complete? GAME_TASK_MOUNTAIN_LENS)) (scene-play "mountain-lens-res"))', '', '');
INSERT INTO `region_face` (`region_face_id`, `region_id`, `kind`, `flags`, `normal_x`, `normal_y`, `normal_z`, `normal_w`, `pos_x`, `pos_y`, `pos_z`, `pos_w`) values (883, 152, 'face', '', -0.111, 0.0, 0.9938, 1532102.5, -3132393.5, 577748.0, 1191738.75, 73714.2734);
INSERT INTO `region_point` (`region_face_id`, `idx`, `x`, `y`, `z`, `w`) values (883, 0, -3193301.5, 536788.0, 1184935.25, 1.0);
INSERT INTO `region_point` (`region_face_id`, `idx`, `x`, `y`, `z`, `w`) values (883, 1, -3071485.5, 536788.0, 1198542.25, 1.0);
INSERT INTO `region_point` (`region_face_id`, `idx`, `x`, `y`, `z`, `w`) values (883, 2, -3193301.5, 618708.0, 1184935.25, 1.0);
INSERT INTO `region_point` (`region_face_id`, `idx`, `x`, `y`, `z`, `w`) values (883, 3, -3071485.5, 618708.0, 1198542.25, 1.0);
INSERT INTO `region_face` (`region_face_id`, `region_id`, `kind`, `flags`, `normal_x`, `normal_y`, `normal_z`, `normal_w`, `pos_x`, `pos_y`, `pos_z`, `pos_w`) values (884, 152, 'face', '', 1.0, 0.0, 0.0, -3071485.5, -3071485.5, 577748.0, 1157582.25, 57926.1875);
INSERT INTO `region_point` (`region_face_id`, `idx`, `x`, `y`, `z`, `w`) values (884, 0, -3071485.5, 536788.0, 1116622.25, 1.0);
INSERT INTO `region_point` (`region_face_id`, `idx`, `x`, `y`, `z`, `w`) values (884, 1, -3071485.5, 618708.0, 1116622.25, 1.0);
INSERT INTO `region_point` (`region_face_id`, `idx`, `x`, `y`, `z`, `w`) values (884, 2, -3071485.5, 536788.0, 1198542.25, 1.0);
INSERT INTO `region_point` (`region_face_id`, `idx`, `x`, `y`, `z`, `w`) values (884, 3, -3071485.5, 618708.0, 1198542.25, 1.0);
INSERT INTO `region_face` (`region_face_id`, `region_id`, `kind`, `flags`, `normal_x`, `normal_y`, `normal_z`, `normal_w`, `pos_x`, `pos_y`, `pos_z`, `pos_w`) values (885, 152, 'face', '', 0.0, 1.0, 0.0, 618708.0, -3132393.5, 618708.0, 1157582.25, 73399.6328);
INSERT INTO `region_point` (`region_face_id`, `idx`, `x`, `y`, `z`, `w`) values (885, 0, -3153405.5, 618708.0, 1116622.25, 1.0);
INSERT INTO `region_point` (`region_face_id`, `idx`, `x`, `y`, `z`, `w`) values (885, 1, -3193301.5, 618708.0, 1184935.25, 1.0);
INSERT INTO `region_point` (`region_face_id`, `idx`, `x`, `y`, `z`, `w`) values (885, 2, -3071485.5, 618708.0, 1116622.25, 1.0);
INSERT INTO `region_point` (`region_face_id`, `idx`, `x`, `y`, `z`, `w`) values (885, 3, -3071485.5, 618708.0, 1198542.25, 1.0);
INSERT INTO `region_face` (`region_face_id`, `region_id`, `kind`, `flags`, `normal_x`, `normal_y`, `normal_z`, `normal_w`, `pos_x`, `pos_y`, `pos_z`, `pos_w`) values (886, 152, 'face', '', 0.0, -1.0, 0.0, -536788.0, -3132393.5, 536788.0, 1157582.25, 73399.6328);
INSERT INTO `region_point` (`region_face_id`, `idx`, `x`, `y`, `z`, `w`) values (886, 0, -3153405.5, 536788.0, 1116622.25, 1.0);
INSERT INTO `region_point` (`region_face_id`, `idx`, `x`, `y`, `z`, `w`) values (886, 1, -3071485.5, 536788.0, 1116622.25, 1.0);
INSERT INTO `region_point` (`region_face_id`, `idx`, `x`, `y`, `z`, `w`) values (886, 2, -3193301.5, 536788.0, 1184935.25, 1.0);
INSERT INTO `region_point` (`region_face_id`, `idx`, `x`, `y`, `z`, `w`) values (886, 3, -3071485.5, 536788.0, 1198542.25, 1.0);
INSERT INTO `region_face` (`region_face_id`, `region_id`, `kind`, `flags`, `normal_x`, `normal_y`, `normal_z`, `normal_w`, `pos_x`, `pos_y`, `pos_z`, `pos_w`) values (887, 152, 'face', '', 0.0, 0.0, -1.0, -1116622.25, -3112445.5, 577748.0, 1116622.25, 57926.1875);
INSERT INTO `region_point` (`region_face_id`, `idx`, `x`, `y`, `z`, `w`) values (887, 0, -3153405.5, 536788.0, 1116622.25, 1.0);
INSERT INTO `region_point` (`region_face_id`, `idx`, `x`, `y`, `z`, `w`) values (887, 1, -3153405.5, 618708.0, 1116622.25, 1.0);
INSERT INTO `region_point` (`region_face_id`, `idx`, `x`, `y`, `z`, `w`) values (887, 2, -3071485.5, 536788.0, 1116622.25, 1.0);
INSERT INTO `region_point` (`region_face_id`, `idx`, `x`, `y`, `z`, `w`) values (887, 3, -3071485.5, 618708.0, 1116622.25, 1.0);
INSERT INTO `region_face` (`region_face_id`, `region_id`, `kind`, `flags`, `normal_x`, `normal_y`, `normal_z`, `normal_w`, `pos_x`, `pos_y`, `pos_z`, `pos_w`) values (888, 152, 'face', '', -0.8635, 0.0, -0.5043, 2159907.75, -3173353.5, 577748.0, 1150778.75, 56941.2929);
INSERT INTO `region_point` (`region_face_id`, `idx`, `x`, `y`, `z`, `w`) values (888, 0, -3153405.5, 536788.0, 1116622.25, 1.0);
INSERT INTO `region_point` (`region_face_id`, `idx`, `x`, `y`, `z`, `w`) values (888, 1, -3193301.5, 536788.0, 1184935.25, 1.0);
INSERT INTO `region_point` (`region_face_id`, `idx`, `x`, `y`, `z`, `w`) values (888, 2, -3153405.5, 618708.0, 1116622.25, 1.0);
INSERT INTO `region_point` (`region_face_id`, `idx`, `x`, `y`, `z`, `w`) values (888, 3, -3193301.5, 618708.0, 1184935.25, 1.0);
INSERT INTO `region` (`region_id`, `level_name`, `tree`, `on_enter`, `on_exit`, `on_inside`) values (153, 'mountain', 'target', '(when (not (task-complete? GAME_TASK_MOUNTAIN_SHARD)) (scene-play "mountain-shard-res"))', '', '');
INSERT INTO `region_face` (`region_face_id`, `region_id`, `kind`, `flags`, `normal_x`, `normal_y`, `normal_z`, `normal_w`, `pos_x`, `pos_y`, `pos_z`, `pos_w`) values (889, 153, 'face', '', 0.0, -1.0, 0.0, -432162.0, -2850906.5, 432162.0, 53654.3125, 57925.4804);
INSERT INTO `region_point` (`region_face_id`, `idx`, `x`, `y`, `z`, `w`) values (889, 0, -2891866.5, 432162.0, 12695.3125, 1.0);
INSERT INTO `region_point` (`region_face_id`, `idx`, `x`, `y`, `z`, `w`) values (889, 1, -2809946.5, 432162.0, 12695.3125, 1.0);
INSERT INTO `region_point` (`region_face_id`, `idx`, `x`, `y`, `z`, `w`) values (889, 2, -2891866.5, 432162.0, 94613.3125, 1.0);
INSERT INTO `region_point` (`region_face_id`, `idx`, `x`, `y`, `z`, `w`) values (889, 3, -2809946.5, 432162.0, 94613.3125, 1.0);
INSERT INTO `region_face` (`region_face_id`, `region_id`, `kind`, `flags`, `normal_x`, `normal_y`, `normal_z`, `normal_w`, `pos_x`, `pos_y`, `pos_z`, `pos_w`) values (890, 153, 'face', '', -1.0, 0.0, 0.0, 2891866.5, -2891866.5, 473121.5, 53654.3125, 57925.125);
INSERT INTO `region_point` (`region_face_id`, `idx`, `x`, `y`, `z`, `w`) values (890, 0, -2891866.5, 432162.0, 12695.3125, 1.0);
INSERT INTO `region_point` (`region_face_id`, `idx`, `x`, `y`, `z`, `w`) values (890, 1, -2891866.5, 432162.0, 94613.3125, 1.0);
INSERT INTO `region_point` (`region_face_id`, `idx`, `x`, `y`, `z`, `w`) values (890, 2, -2891866.5, 514081.0, 12695.3125, 1.0);
INSERT INTO `region_point` (`region_face_id`, `idx`, `x`, `y`, `z`, `w`) values (890, 3, -2891866.5, 514081.0, 94613.3125, 1.0);
INSERT INTO `region_face` (`region_face_id`, `region_id`, `kind`, `flags`, `normal_x`, `normal_y`, `normal_z`, `normal_w`, `pos_x`, `pos_y`, `pos_z`, `pos_w`) values (891, 153, 'face', '', 0.0, 0.0, -1.0, -12695.3125, -2850906.5, 473121.5, 12695.3125, 57925.832);
INSERT INTO `region_point` (`region_face_id`, `idx`, `x`, `y`, `z`, `w`) values (891, 0, -2891866.5, 432162.0, 12695.3125, 1.0);
INSERT INTO `region_point` (`region_face_id`, `idx`, `x`, `y`, `z`, `w`) values (891, 1, -2891866.5, 514081.0, 12695.3125, 1.0);
INSERT INTO `region_point` (`region_face_id`, `idx`, `x`, `y`, `z`, `w`) values (891, 2, -2809946.5, 432162.0, 12695.3125, 1.0);
INSERT INTO `region_point` (`region_face_id`, `idx`, `x`, `y`, `z`, `w`) values (891, 3, -2809946.5, 514081.0, 12695.3125, 1.0);
INSERT INTO `region_face` (`region_face_id`, `region_id`, `kind`, `flags`, `normal_x`, `normal_y`, `normal_z`, `normal_w`, `pos_x`, `pos_y`, `pos_z`, `pos_w`) values (892, 153, 'face', '', 0.0, 0.0, 1.0, 94613.3125, -2850906.5, 473121.5, 94613.3125, 57925.832);
INSERT INTO `region_point` (`region_face_id`, `idx`, `x`, `y`, `z`, `w`) values (892, 0, -2891866.5, 432162.0, 94613.3125, 1.0);
INSERT INTO `region_point` (`region_face_id`, `idx`, `x`, `y`, `z`, `w`) values (892, 1, -2809946.5, 432162.0, 94613.3125, 1.0);
INSERT INTO `region_point` (`region_face_id`, `idx`, `x`, `y`, `z`, `w`) values (892, 2, -2891866.5, 514081.0, 94613.3125, 1.0);
INSERT INTO `region_point` (`region_face_id`, `idx`, `x`, `y`, `z`, `w`) values (892, 3, -2809946.5, 514081.0, 94613.3125, 1.0);
INSERT INTO `region_face` (`region_face_id`, `region_id`, `kind`, `flags`, `normal_x`, `normal_y`, `normal_z`, `normal_w`, `pos_x`, `pos_y`, `pos_z`, `pos_w`) values (893, 153, 'face', '', 0.0, 1.0, 0.0, 514081.0, -2850906.5, 514081.0, 53654.3125, 57925.4804);
INSERT INTO `region_point` (`region_face_id`, `idx`, `x`, `y`, `z`, `w`) values (893, 0, -2891866.5, 514081.0, 12695.3125, 1.0);
INSERT INTO `region_point` (`region_face_id`, `idx`, `x`, `y`, `z`, `w`) values (893, 1, -2891866.5, 514081.0, 94613.3125, 1.0);
INSERT INTO `region_point` (`region_face_id`, `idx`, `x`, `y`, `z`, `w`) values (893, 2, -2809946.5, 514081.0, 12695.3125, 1.0);
INSERT INTO `region_point` (`region_face_id`, `idx`, `x`, `y`, `z`, `w`) values (893, 3, -2809946.5, 514081.0, 94613.3125, 1.0);
INSERT INTO `region_face` (`region_face_id`, `region_id`, `kind`, `flags`, `normal_x`, `normal_y`, `normal_z`, `normal_w`, `pos_x`, `pos_y`, `pos_z`, `pos_w`) values (894, 153, 'face', '', 1.0, 0.0, 0.0, -2809946.5, -2809946.5, 473121.5, 53654.3125, 57925.125);
INSERT INTO `region_point` (`region_face_id`, `idx`, `x`, `y`, `z`, `w`) values (894, 0, -2809946.5, 432162.0, 12695.3125, 1.0);
INSERT INTO `region_point` (`region_face_id`, `idx`, `x`, `y`, `z`, `w`) values (894, 1, -2809946.5, 514081.0, 12695.3125, 1.0);
INSERT INTO `region_point` (`region_face_id`, `idx`, `x`, `y`, `z`, `w`) values (894, 2, -2809946.5, 432162.0, 94613.3125, 1.0);
INSERT INTO `region_point` (`region_face_id`, `idx`, `x`, `y`, `z`, `w`) values (894, 3, -2809946.5, 514081.0, 94613.3125, 1.0);
INSERT INTO `region` (`region_id`, `level_name`, `tree`, `on_enter`, `on_exit`, `on_inside`) values (165, 'mountain', 'target', '', '', '');
INSERT INTO `region_sphere` (`region_id`, `x`, `y`, `z`, `r`) values (165, -3481309.5, 295213.6875, 1074085.25, 119248.0);
INSERT INTO `region` (`region_id`, `level_name`, `tree`, `on_enter`, `on_exit`, `on_inside`) values (175, 'mountain', 'target', '(send-event "rhino-8" ''charge)', '', '');
INSERT INTO `region_sphere` (`region_id`, `x`, `y`, `z`, `r`) values (175, -3438139.5, 260862.2968, 672477.3125, 159348.0);
INSERT INTO `region` (`region_id`, `level_name`, `tree`, `on_enter`, `on_exit`, `on_inside`) values (255, 'mountain', 'target', '', '', '(begin (setting-pers entity-name mode "camera-108") (setting-pers music mode ''danger9))');
INSERT INTO `region_face` (`region_face_id`, `region_id`, `kind`, `flags`, `normal_x`, `normal_y`, `normal_z`, `normal_w`, `pos_x`, `pos_y`, `pos_z`, `pos_w`) values (895, 255, 'face', '', 0.0, 0.0339, 0.9994, 1280841.75, -3730509.5, 404064.0, 1267849.25, 246663.0156);
INSERT INTO `region_point` (`region_face_id`, `idx`, `x`, `y`, `z`, `w`) values (895, 0, -3829419.5, 178402.0, 1275518.25, 1.0);
INSERT INTO `region_point` (`region_face_id`, `idx`, `x`, `y`, `z`, `w`) values (895, 1, -3631209.5, 178402.0, 1275518.25, 1.0);
INSERT INTO `region_point` (`region_face_id`, `idx`, `x`, `y`, `z`, `w`) values (895, 2, -3829809.5, 629726.0, 1260180.25, 1.0);
INSERT INTO `region_point` (`region_face_id`, `idx`, `x`, `y`, `z`, `w`) values (895, 3, -3631599.5, 629726.0, 1260180.25, 1.0);
INSERT INTO `region_face` (`region_face_id`, `region_id`, `kind`, `flags`, `normal_x`, `normal_y`, `normal_z`, `normal_w`, `pos_x`, `pos_y`, `pos_z`, `pos_w`) values (896, 255, 'face', '', 0.9996, 0.0, -0.0256, -3662699.25, -3639399.5, 399872.0937, 955920.6875, 388919.875);
INSERT INTO `region_point` (`region_face_id`, `idx`, `x`, `y`, `z`, `w`) values (896, 0, -3647439.5, 176507.0, 642297.3125, 1.0);
INSERT INTO `region_point` (`region_face_id`, `idx`, `x`, `y`, `z`, `w`) values (896, 1, -3647439.5, 260319.2031, 642297.3125, 1.0);
INSERT INTO `region_point` (`region_face_id`, `idx`, `x`, `y`, `z`, `w`) values (896, 2, -3631209.5, 178402.0, 1275518.25, 1.0);
INSERT INTO `region_point` (`region_face_id`, `idx`, `x`, `y`, `z`, `w`) values (896, 3, -3631599.5, 629726.0, 1260180.25, 1.0);
INSERT INTO `region_face` (`region_face_id`, `region_id`, `kind`, `flags`, `normal_x`, `normal_y`, `normal_z`, `normal_w`, `pos_x`, `pos_y`, `pos_z`, `pos_w`) values (897, 255, 'face', '', 0.0, 0.8583, -0.5131, -106158.2421, -3738629.5, 445022.5937, 951238.75, 375520.4687);
INSERT INTO `region_point` (`region_face_id`, `idx`, `x`, `y`, `z`, `w`) values (897, 0, -3845659.5, 260319.2031, 642297.3125, 1.0);
INSERT INTO `region_point` (`region_face_id`, `idx`, `x`, `y`, `z`, `w`) values (897, 1, -3829809.5, 629726.0, 1260180.25, 1.0);
INSERT INTO `region_point` (`region_face_id`, `idx`, `x`, `y`, `z`, `w`) values (897, 2, -3647439.5, 260319.2031, 642297.3125, 1.0);
INSERT INTO `region_point` (`region_face_id`, `idx`, `x`, `y`, `z`, `w`) values (897, 3, -3631599.5, 629726.0, 1260180.25, 1.0);
INSERT INTO `region_face` (`region_face_id`, `region_id`, `kind`, `flags`, `normal_x`, `normal_y`, `normal_z`, `normal_w`, `pos_x`, `pos_y`, `pos_z`, `pos_w`) values (898, 255, 'face', '', 0.0, -0.9999, 0.0029, -174584.0625, -3738434.5, 177454.5, 958907.75, 334275.7812);
INSERT INTO `region_point` (`region_face_id`, `idx`, `x`, `y`, `z`, `w`) values (898, 0, -3845659.5, 176507.0, 642297.3125, 1.0);
INSERT INTO `region_point` (`region_face_id`, `idx`, `x`, `y`, `z`, `w`) values (898, 1, -3647439.5, 176507.0, 642297.3125, 1.0);
INSERT INTO `region_point` (`region_face_id`, `idx`, `x`, `y`, `z`, `w`) values (898, 2, -3829419.5, 178402.0, 1275518.25, 1.0);
INSERT INTO `region_point` (`region_face_id`, `idx`, `x`, `y`, `z`, `w`) values (898, 3, -3631209.5, 178402.0, 1275518.25, 1.0);
INSERT INTO `region_face` (`region_face_id`, `region_id`, `kind`, `flags`, `normal_x`, `normal_y`, `normal_z`, `normal_w`, `pos_x`, `pos_y`, `pos_z`, `pos_w`) values (899, 255, 'face', '', 0.0, 0.0, -1.0, -642297.3125, -3746549.5, 218413.0937, 642297.3125, 107605.3593);
INSERT INTO `region_point` (`region_face_id`, `idx`, `x`, `y`, `z`, `w`) values (899, 0, -3845659.5, 176507.0, 642297.3125, 1.0);
INSERT INTO `region_point` (`region_face_id`, `idx`, `x`, `y`, `z`, `w`) values (899, 1, -3845659.5, 260319.2031, 642297.3125, 1.0);
INSERT INTO `region_point` (`region_face_id`, `idx`, `x`, `y`, `z`, `w`) values (899, 2, -3647439.5, 176507.0, 642297.3125, 1.0);
INSERT INTO `region_point` (`region_face_id`, `idx`, `x`, `y`, `z`, `w`) values (899, 3, -3647439.5, 260319.2031, 642297.3125, 1.0);
INSERT INTO `region_face` (`region_face_id`, `region_id`, `kind`, `flags`, `normal_x`, `normal_y`, `normal_z`, `normal_w`, `pos_x`, `pos_y`, `pos_z`, `pos_w`) values (900, 255, 'face', '', -0.9996, 0.0, 0.0256, 3860862.75, -3837614.5, 399872.0937, 955920.6875, 388920.0);
INSERT INTO `region_point` (`region_face_id`, `idx`, `x`, `y`, `z`, `w`) values (900, 0, -3845659.5, 176507.0, 642297.3125, 1.0);
INSERT INTO `region_point` (`region_face_id`, `idx`, `x`, `y`, `z`, `w`) values (900, 1, -3829419.5, 178402.0, 1275518.25, 1.0);
INSERT INTO `region_point` (`region_face_id`, `idx`, `x`, `y`, `z`, `w`) values (900, 2, -3845659.5, 260319.2031, 642297.3125, 1.0);
INSERT INTO `region_point` (`region_face_id`, `idx`, `x`, `y`, `z`, `w`) values (900, 3, -3829809.5, 629726.0, 1260180.25, 1.0);
INSERT INTO `region` (`region_id`, `level_name`, `tree`, `on_enter`, `on_exit`, `on_inside`) values (361, 'mountain', 'target', '', '', '(send-event "mtn-plat-shoot-2" ''hint)');
INSERT INTO `region_face` (`region_face_id`, `region_id`, `kind`, `flags`, `normal_x`, `normal_y`, `normal_z`, `normal_w`, `pos_x`, `pos_y`, `pos_z`, `pos_w`) values (901, 361, 'face', '', -0.0, -1.0, 0.0, -478320.9687, -2512318.5, 478349.5, 962553.75, 48508.7617);
INSERT INTO `region_point` (`region_face_id`, `idx`, `x`, `y`, `z`, `w`) values (901, 0, -2556334.5, 478350.0, 946668.4375, 1.0);
INSERT INTO `region_point` (`region_face_id`, `idx`, `x`, `y`, `z`, `w`) values (901, 1, -2468302.75, 478349.0, 942164.9375, 1.0);
INSERT INTO `region_point` (`region_face_id`, `idx`, `x`, `y`, `z`, `w`) values (901, 2, -2556334.5, 478350.0, 982942.5, 1.0);
INSERT INTO `region_point` (`region_face_id`, `idx`, `x`, `y`, `z`, `w`) values (901, 3, -2468303.0, 478349.0, 978439.3125, 1.0);
INSERT INTO `region_face` (`region_face_id`, `region_id`, `kind`, `flags`, `normal_x`, `normal_y`, `normal_z`, `normal_w`, `pos_x`, `pos_y`, `pos_z`, `pos_w`) values (902, 361, 'face', '', -1.0, 0.0, 0.0, 2556334.5, -2556334.5, 519310.0, 964805.5, 44795.9218);
INSERT INTO `region_point` (`region_face_id`, `idx`, `x`, `y`, `z`, `w`) values (902, 0, -2556334.5, 478350.0, 946668.4375, 1.0);
INSERT INTO `region_point` (`region_face_id`, `idx`, `x`, `y`, `z`, `w`) values (902, 1, -2556334.5, 478350.0, 982942.5, 1.0);
INSERT INTO `region_point` (`region_face_id`, `idx`, `x`, `y`, `z`, `w`) values (902, 2, -2556334.5, 560270.0, 946668.4375, 1.0);
INSERT INTO `region_point` (`region_face_id`, `idx`, `x`, `y`, `z`, `w`) values (902, 3, -2556334.5, 560270.0, 982942.5, 1.0);
INSERT INTO `region_face` (`region_face_id`, `region_id`, `kind`, `flags`, `normal_x`, `normal_y`, `normal_z`, `normal_w`, `pos_x`, `pos_y`, `pos_z`, `pos_w`) values (903, 361, 'face', '', -0.051, 0.0, -0.9986, -814826.75, -2512318.5, 519309.5, 944416.6875, 60168.3476);
INSERT INTO `region_point` (`region_face_id`, `idx`, `x`, `y`, `z`, `w`) values (903, 0, -2556334.5, 478350.0, 946668.4375, 1.0);
INSERT INTO `region_point` (`region_face_id`, `idx`, `x`, `y`, `z`, `w`) values (903, 1, -2556334.5, 560270.0, 946668.4375, 1.0);
INSERT INTO `region_point` (`region_face_id`, `idx`, `x`, `y`, `z`, `w`) values (903, 2, -2468302.75, 478349.0, 942164.9375, 1.0);
INSERT INTO `region_point` (`region_face_id`, `idx`, `x`, `y`, `z`, `w`) values (903, 3, -2468302.75, 560269.0, 942164.9375, 1.0);
INSERT INTO `region_face` (`region_face_id`, `region_id`, `kind`, `flags`, `normal_x`, `normal_y`, `normal_z`, `normal_w`, `pos_x`, `pos_y`, `pos_z`, `pos_w`) values (904, 361, 'face', '', 0.051, 0.0, 0.9986, 851062.25, -2512318.75, 519309.5, 980690.875, 60168.2539);
INSERT INTO `region_point` (`region_face_id`, `idx`, `x`, `y`, `z`, `w`) values (904, 0, -2556334.5, 478350.0, 982942.5, 1.0);
INSERT INTO `region_point` (`region_face_id`, `idx`, `x`, `y`, `z`, `w`) values (904, 1, -2468303.0, 478349.0, 978439.3125, 1.0);
INSERT INTO `region_point` (`region_face_id`, `idx`, `x`, `y`, `z`, `w`) values (904, 2, -2556334.5, 560270.0, 982942.5, 1.0);
INSERT INTO `region_point` (`region_face_id`, `idx`, `x`, `y`, `z`, `w`) values (904, 3, -2468303.0, 560269.0, 978439.3125, 1.0);
INSERT INTO `region_face` (`region_face_id`, `region_id`, `kind`, `flags`, `normal_x`, `normal_y`, `normal_z`, `normal_w`, `pos_x`, `pos_y`, `pos_z`, `pos_w`) values (905, 361, 'face', '', 0.0, 1.0, 0.0, 560240.9375, -2512318.5, 560269.5, 962553.75, 48508.7617);
INSERT INTO `region_point` (`region_face_id`, `idx`, `x`, `y`, `z`, `w`) values (905, 0, -2556334.5, 560270.0, 946668.4375, 1.0);
INSERT INTO `region_point` (`region_face_id`, `idx`, `x`, `y`, `z`, `w`) values (905, 1, -2556334.5, 560270.0, 982942.5, 1.0);
INSERT INTO `region_point` (`region_face_id`, `idx`, `x`, `y`, `z`, `w`) values (905, 2, -2468302.75, 560269.0, 942164.9375, 1.0);
INSERT INTO `region_point` (`region_face_id`, `idx`, `x`, `y`, `z`, `w`) values (905, 3, -2468303.0, 560269.0, 978439.3125, 1.0);
INSERT INTO `region_face` (`region_face_id`, `region_id`, `kind`, `flags`, `normal_x`, `normal_y`, `normal_z`, `normal_w`, `pos_x`, `pos_y`, `pos_z`, `pos_w`) values (906, 361, 'face', '', 1.0, 0.0, 0.0, -2468296.25, -2468303.0, 519309.0, 960302.125, 44795.9726);
INSERT INTO `region_point` (`region_face_id`, `idx`, `x`, `y`, `z`, `w`) values (906, 0, -2468302.75, 478349.0, 942164.9375, 1.0);
INSERT INTO `region_point` (`region_face_id`, `idx`, `x`, `y`, `z`, `w`) values (906, 1, -2468302.75, 560269.0, 942164.9375, 1.0);
INSERT INTO `region_point` (`region_face_id`, `idx`, `x`, `y`, `z`, `w`) values (906, 2, -2468303.0, 478349.0, 978439.3125, 1.0);
INSERT INTO `region_point` (`region_face_id`, `idx`, `x`, `y`, `z`, `w`) values (906, 3, -2468303.0, 560269.0, 978439.3125, 1.0);
INSERT INTO `region` (`region_id`, `level_name`, `tree`, `on_enter`, `on_exit`, `on_inside`) values (362, 'mountain', 'target', '', '', '(send-event "mtn-dice-7" ''hint)');
INSERT INTO `region_face` (`region_face_id`, `region_id`, `kind`, `flags`, `normal_x`, `normal_y`, `normal_z`, `normal_w`, `pos_x`, `pos_y`, `pos_z`, `pos_w`) values (907, 362, 'face', '', 0.0, -1.0, 0.0, -366392.4062, -2590651.0, 366392.4062, -102506.6875, 42226.121);
INSERT INTO `region_point` (`region_face_id`, `idx`, `x`, `y`, `z`, `w`) values (907, 0, -2620819.5, 366392.4062, -132051.6875, 1.0);
INSERT INTO `region_point` (`region_face_id`, `idx`, `x`, `y`, `z`, `w`) values (907, 1, -2560482.5, 366392.4062, -132051.6875, 1.0);
INSERT INTO `region_point` (`region_face_id`, `idx`, `x`, `y`, `z`, `w`) values (907, 2, -2620819.5, 366392.4062, -72961.6875, 1.0);
INSERT INTO `region_point` (`region_face_id`, `idx`, `x`, `y`, `z`, `w`) values (907, 3, -2560482.5, 366392.4062, -72961.6875, 1.0);
INSERT INTO `region_face` (`region_face_id`, `region_id`, `kind`, `flags`, `normal_x`, `normal_y`, `normal_z`, `normal_w`, `pos_x`, `pos_y`, `pos_z`, `pos_w`) values (908, 362, 'face', '', -1.0, 0.0, 0.0, 2620819.5, -2620819.5, 407352.1875, -102506.6875, 50503.5976);
INSERT INTO `region_point` (`region_face_id`, `idx`, `x`, `y`, `z`, `w`) values (908, 0, -2620819.5, 366392.4062, -132051.6875, 1.0);
INSERT INTO `region_point` (`region_face_id`, `idx`, `x`, `y`, `z`, `w`) values (908, 1, -2620819.5, 366392.4062, -72961.6875, 1.0);
INSERT INTO `region_point` (`region_face_id`, `idx`, `x`, `y`, `z`, `w`) values (908, 2, -2620819.5, 448312.0, -132051.6875, 1.0);
INSERT INTO `region_point` (`region_face_id`, `idx`, `x`, `y`, `z`, `w`) values (908, 3, -2620819.5, 448312.0, -72961.6875, 1.0);
INSERT INTO `region_face` (`region_face_id`, `region_id`, `kind`, `flags`, `normal_x`, `normal_y`, `normal_z`, `normal_w`, `pos_x`, `pos_y`, `pos_z`, `pos_w`) values (909, 362, 'face', '', 0.0, 0.0, -1.0, 132051.6875, -2590651.0, 407352.1875, -132051.6875, 50870.8632);
INSERT INTO `region_point` (`region_face_id`, `idx`, `x`, `y`, `z`, `w`) values (909, 0, -2620819.5, 366392.4062, -132051.6875, 1.0);
INSERT INTO `region_point` (`region_face_id`, `idx`, `x`, `y`, `z`, `w`) values (909, 1, -2620819.5, 448312.0, -132051.6875, 1.0);
INSERT INTO `region_point` (`region_face_id`, `idx`, `x`, `y`, `z`, `w`) values (909, 2, -2560482.5, 366392.4062, -132051.6875, 1.0);
INSERT INTO `region_point` (`region_face_id`, `idx`, `x`, `y`, `z`, `w`) values (909, 3, -2560482.5, 448312.0, -132051.6875, 1.0);
INSERT INTO `region_face` (`region_face_id`, `region_id`, `kind`, `flags`, `normal_x`, `normal_y`, `normal_z`, `normal_w`, `pos_x`, `pos_y`, `pos_z`, `pos_w`) values (910, 362, 'face', '', 0.0, 0.0, 1.0, -72961.6875, -2590651.0, 407352.1875, -72961.6875, 50870.8632);
INSERT INTO `region_point` (`region_face_id`, `idx`, `x`, `y`, `z`, `w`) values (910, 0, -2620819.5, 366392.4062, -72961.6875, 1.0);
INSERT INTO `region_point` (`region_face_id`, `idx`, `x`, `y`, `z`, `w`) values (910, 1, -2560482.5, 366392.4062, -72961.6875, 1.0);
INSERT INTO `region_point` (`region_face_id`, `idx`, `x`, `y`, `z`, `w`) values (910, 2, -2620819.5, 448312.0, -72961.6875, 1.0);
INSERT INTO `region_point` (`region_face_id`, `idx`, `x`, `y`, `z`, `w`) values (910, 3, -2560482.5, 448312.0, -72961.6875, 1.0);
INSERT INTO `region_face` (`region_face_id`, `region_id`, `kind`, `flags`, `normal_x`, `normal_y`, `normal_z`, `normal_w`, `pos_x`, `pos_y`, `pos_z`, `pos_w`) values (911, 362, 'face', '', 0.0, 1.0, 0.0, 448312.0, -2590651.0, 448312.0, -102506.6875, 42226.121);
INSERT INTO `region_point` (`region_face_id`, `idx`, `x`, `y`, `z`, `w`) values (911, 0, -2620819.5, 448312.0, -132051.6875, 1.0);
INSERT INTO `region_point` (`region_face_id`, `idx`, `x`, `y`, `z`, `w`) values (911, 1, -2620819.5, 448312.0, -72961.6875, 1.0);
INSERT INTO `region_point` (`region_face_id`, `idx`, `x`, `y`, `z`, `w`) values (911, 2, -2560482.5, 448312.0, -132051.6875, 1.0);
INSERT INTO `region_point` (`region_face_id`, `idx`, `x`, `y`, `z`, `w`) values (911, 3, -2560482.5, 448312.0, -72961.6875, 1.0);
INSERT INTO `region_face` (`region_face_id`, `region_id`, `kind`, `flags`, `normal_x`, `normal_y`, `normal_z`, `normal_w`, `pos_x`, `pos_y`, `pos_z`, `pos_w`) values (912, 362, 'face', '', 1.0, 0.0, 0.0, -2560482.5, -2560482.5, 407352.1875, -102506.6875, 50503.5976);
INSERT INTO `region_point` (`region_face_id`, `idx`, `x`, `y`, `z`, `w`) values (912, 0, -2560482.5, 366392.4062, -132051.6875, 1.0);
INSERT INTO `region_point` (`region_face_id`, `idx`, `x`, `y`, `z`, `w`) values (912, 1, -2560482.5, 448312.0, -132051.6875, 1.0);
INSERT INTO `region_point` (`region_face_id`, `idx`, `x`, `y`, `z`, `w`) values (912, 2, -2560482.5, 366392.4062, -72961.6875, 1.0);
INSERT INTO `region_point` (`region_face_id`, `idx`, `x`, `y`, `z`, `w`) values (912, 3, -2560482.5, 448312.0, -72961.6875, 1.0);
INSERT INTO `region` (`region_id`, `level_name`, `tree`, `on_enter`, `on_exit`, `on_inside`) values (431, 'mountain', 'target', '(want-load ''mountain ''forest #f #f)', '(want-load ''mountain ''mtnext)', '');
INSERT INTO `region_face` (`region_face_id`, `region_id`, `kind`, `flags`, `normal_x`, `normal_y`, `normal_z`, `normal_w`, `pos_x`, `pos_y`, `pos_z`, `pos_w`) values (913, 431, 'plane', '', 0.6546, 0.0, -0.7559, -2533068.0, -2601075.5, 485137.0, 1098439.25, 51458.371);
INSERT INTO `region_point` (`region_face_id`, `idx`, `x`, `y`, `z`, `w`) values (913, 0, -2626753.5, 523792.0, 1076204.25, 1.0);
INSERT INTO `region_point` (`region_face_id`, `idx`, `x`, `y`, `z`, `w`) values (913, 1, -2575397.5, 523792.0, 1120674.25, 1.0);
INSERT INTO `region_point` (`region_face_id`, `idx`, `x`, `y`, `z`, `w`) values (913, 2, -2626753.5, 446482.0, 1076204.25, 1.0);
INSERT INTO `region_point` (`region_face_id`, `idx`, `x`, `y`, `z`, `w`) values (913, 3, -2575397.5, 446482.0, 1120674.25, 1.0);
INSERT INTO `region` (`region_id`, `level_name`, `tree`, `on_enter`, `on_exit`, `on_inside`) values (458, 'mountain', 'target', '', '', '(setting-pers string-max-height value (meters 10.0000) mode ''abs)');
INSERT INTO `region_face` (`region_face_id`, `region_id`, `kind`, `flags`, `normal_x`, `normal_y`, `normal_z`, `normal_w`, `pos_x`, `pos_y`, `pos_z`, `pos_w`) values (914, 458, 'face', '', 0.2044, 0.0, 0.9788, -647478.0625, -2696033.0, 464700.9375, -98246.6875, 44069.4609);
INSERT INTO `region_point` (`region_face_id`, `idx`, `x`, `y`, `z`, `w`) values (914, 0, -2711949.5, 423740.9062, -94921.6875, 1.0);
INSERT INTO `region_point` (`region_face_id`, `idx`, `x`, `y`, `z`, `w`) values (914, 1, -2680116.5, 423740.9062, -101571.6875, 1.0);
INSERT INTO `region_point` (`region_face_id`, `idx`, `x`, `y`, `z`, `w`) values (914, 2, -2711949.5, 505661.0, -94921.6875, 1.0);
INSERT INTO `region_point` (`region_face_id`, `idx`, `x`, `y`, `z`, `w`) values (914, 3, -2680116.5, 505661.0, -101571.6875, 1.0);
INSERT INTO `region_face` (`region_face_id`, `region_id`, `kind`, `flags`, `normal_x`, `normal_y`, `normal_z`, `normal_w`, `pos_x`, `pos_y`, `pos_z`, `pos_w`) values (915, 458, 'face', '', 1.0, 0.0, 0.0, -2680116.5, -2680116.5, 464700.9375, -142531.6875, 57926.2304);
INSERT INTO `region_point` (`region_face_id`, `idx`, `x`, `y`, `z`, `w`) values (915, 0, -2680116.5, 423740.9062, -183491.6875, 1.0);
INSERT INTO `region_point` (`region_face_id`, `idx`, `x`, `y`, `z`, `w`) values (915, 1, -2680116.5, 505661.0, -183491.6875, 1.0);
INSERT INTO `region_point` (`region_face_id`, `idx`, `x`, `y`, `z`, `w`) values (915, 2, -2680116.5, 423740.9062, -101571.6875, 1.0);
INSERT INTO `region_point` (`region_face_id`, `idx`, `x`, `y`, `z`, `w`) values (915, 3, -2680116.5, 505661.0, -101571.6875, 1.0);
INSERT INTO `region_face` (`region_face_id`, `region_id`, `kind`, `flags`, `normal_x`, `normal_y`, `normal_z`, `normal_w`, `pos_x`, `pos_y`, `pos_z`, `pos_w`) values (916, 458, 'face', '', 0.0, 1.0, 0.0, 505661.0, -2696033.0, 505661.0, -139206.6875, 47058.4335);
INSERT INTO `region_point` (`region_face_id`, `idx`, `x`, `y`, `z`, `w`) values (916, 0, -2711949.5, 505661.0, -176841.6875, 1.0);
INSERT INTO `region_point` (`region_face_id`, `idx`, `x`, `y`, `z`, `w`) values (916, 1, -2711949.5, 505661.0, -94921.6875, 1.0);
INSERT INTO `region_point` (`region_face_id`, `idx`, `x`, `y`, `z`, `w`) values (916, 2, -2680116.5, 505661.0, -183491.6875, 1.0);
INSERT INTO `region_point` (`region_face_id`, `idx`, `x`, `y`, `z`, `w`) values (916, 3, -2680116.5, 505661.0, -101571.6875, 1.0);
INSERT INTO `region_face` (`region_face_id`, `region_id`, `kind`, `flags`, `normal_x`, `normal_y`, `normal_z`, `normal_w`, `pos_x`, `pos_y`, `pos_z`, `pos_w`) values (917, 458, 'face', '', 0.0, -1.0, 0.0, -423740.9062, -2696033.0, 423740.9062, -139206.6875, 47058.4335);
INSERT INTO `region_point` (`region_face_id`, `idx`, `x`, `y`, `z`, `w`) values (917, 0, -2711949.5, 423740.9062, -176841.6875, 1.0);
INSERT INTO `region_point` (`region_face_id`, `idx`, `x`, `y`, `z`, `w`) values (917, 1, -2680116.5, 423740.9062, -183491.6875, 1.0);
INSERT INTO `region_point` (`region_face_id`, `idx`, `x`, `y`, `z`, `w`) values (917, 2, -2711949.5, 423740.9062, -94921.6875, 1.0);
INSERT INTO `region_point` (`region_face_id`, `idx`, `x`, `y`, `z`, `w`) values (917, 3, -2680116.5, 423740.9062, -101571.6875, 1.0);
INSERT INTO `region_face` (`region_face_id`, `region_id`, `kind`, `flags`, `normal_x`, `normal_y`, `normal_z`, `normal_w`, `pos_x`, `pos_y`, `pos_z`, `pos_w`) values (918, 458, 'face', '', -0.2044, 0.0, -0.9788, 727667.0, -2696033.0, 464700.9375, -180166.6875, 44069.4609);
INSERT INTO `region_point` (`region_face_id`, `idx`, `x`, `y`, `z`, `w`) values (918, 0, -2711949.5, 423740.9062, -176841.6875, 1.0);
INSERT INTO `region_point` (`region_face_id`, `idx`, `x`, `y`, `z`, `w`) values (918, 1, -2711949.5, 505661.0, -176841.6875, 1.0);
INSERT INTO `region_point` (`region_face_id`, `idx`, `x`, `y`, `z`, `w`) values (918, 2, -2680116.5, 423740.9062, -183491.6875, 1.0);
INSERT INTO `region_point` (`region_face_id`, `idx`, `x`, `y`, `z`, `w`) values (918, 3, -2680116.5, 505661.0, -183491.6875, 1.0);
INSERT INTO `region_face` (`region_face_id`, `region_id`, `kind`, `flags`, `normal_x`, `normal_y`, `normal_z`, `normal_w`, `pos_x`, `pos_y`, `pos_z`, `pos_w`) values (919, 458, 'face', '', -1.0, 0.0, 0.0, 2711949.5, -2711949.5, 464700.9375, -135881.6875, 57926.2304);
INSERT INTO `region_point` (`region_face_id`, `idx`, `x`, `y`, `z`, `w`) values (919, 0, -2711949.5, 423740.9062, -176841.6875, 1.0);
INSERT INTO `region_point` (`region_face_id`, `idx`, `x`, `y`, `z`, `w`) values (919, 1, -2711949.5, 423740.9062, -94921.6875, 1.0);
INSERT INTO `region_point` (`region_face_id`, `idx`, `x`, `y`, `z`, `w`) values (919, 2, -2711949.5, 505661.0, -176841.6875, 1.0);
INSERT INTO `region_point` (`region_face_id`, `idx`, `x`, `y`, `z`, `w`) values (919, 3, -2711949.5, 505661.0, -94921.6875, 1.0);
INSERT INTO `region` (`region_id`, `level_name`, `tree`, `on_enter`, `on_exit`, `on_inside`) values (459, 'mountain', 'target', '(want-continue "mountain-aval")', '', '(begin (setting-pers string-max-height value (meters 10.0000) mode ''abs) (setting-pers string-min-height value (meters 9.0000) mode ''abs) (setting-pers string-max-length value (meters 4.0000) mode ''abs))');
INSERT INTO `region_face` (`region_face_id`, `region_id`, `kind`, `flags`, `normal_x`, `normal_y`, `normal_z`, `normal_w`, `pos_x`, `pos_y`, `pos_z`, `pos_w`) values (920, 459, 'face', '', -0.1235, 0.0, 0.9923, 1094377.75, -3710524.5, 270462.0937, 640947.8125, 62787.6718);
INSERT INTO `region_point` (`region_face_id`, `idx`, `x`, `y`, `z`, `w`) values (920, 0, -3757629.5, 229639.9062, 635084.3125, 1.0);
INSERT INTO `region_point` (`region_face_id`, `idx`, `x`, `y`, `z`, `w`) values (920, 1, -3663419.5, 229364.2968, 646811.3125, 1.0);
INSERT INTO `region_point` (`region_face_id`, `idx`, `x`, `y`, `z`, `w`) values (920, 2, -3757629.5, 311559.9062, 635084.3125, 1.0);
INSERT INTO `region_point` (`region_face_id`, `idx`, `x`, `y`, `z`, `w`) values (920, 3, -3663419.5, 311284.1875, 646811.3125, 1.0);
INSERT INTO `region_face` (`region_face_id`, `region_id`, `kind`, `flags`, `normal_x`, `normal_y`, `normal_z`, `normal_w`, `pos_x`, `pos_y`, `pos_z`, `pos_w`) values (921, 459, 'face', '', 1.0, 0.0, 0.0, -3663419.5, -3663419.5, 270324.25, 621093.8125, 48364.3203);
INSERT INTO `region_point` (`region_face_id`, `idx`, `x`, `y`, `z`, `w`) values (921, 0, -3663419.5, 229364.2968, 595376.3125, 1.0);
INSERT INTO `region_point` (`region_face_id`, `idx`, `x`, `y`, `z`, `w`) values (921, 1, -3663419.5, 311284.1875, 595376.3125, 1.0);
INSERT INTO `region_point` (`region_face_id`, `idx`, `x`, `y`, `z`, `w`) values (921, 2, -3663419.5, 229364.2968, 646811.3125, 1.0);
INSERT INTO `region_point` (`region_face_id`, `idx`, `x`, `y`, `z`, `w`) values (921, 3, -3663419.5, 311284.1875, 646811.3125, 1.0);
INSERT INTO `region_face` (`region_face_id`, `region_id`, `kind`, `flags`, `normal_x`, `normal_y`, `normal_z`, `normal_w`, `pos_x`, `pos_y`, `pos_z`, `pos_w`) values (922, 459, 'face', '', 0.0029, 0.9999, 0.0, 300561.375, -3710524.5, 311422.0625, 615230.8125, 56711.7968);
INSERT INTO `region_point` (`region_face_id`, `idx`, `x`, `y`, `z`, `w`) values (922, 0, -3757629.5, 311559.9062, 583650.3125, 1.0);
INSERT INTO `region_point` (`region_face_id`, `idx`, `x`, `y`, `z`, `w`) values (922, 1, -3757629.5, 311559.9062, 635084.3125, 1.0);
INSERT INTO `region_point` (`region_face_id`, `idx`, `x`, `y`, `z`, `w`) values (922, 2, -3663419.5, 311284.1875, 595376.3125, 1.0);
INSERT INTO `region_point` (`region_face_id`, `idx`, `x`, `y`, `z`, `w`) values (922, 3, -3663419.5, 311284.1875, 646811.3125, 1.0);
INSERT INTO `region_face` (`region_face_id`, `region_id`, `kind`, `flags`, `normal_x`, `normal_y`, `normal_z`, `normal_w`, `pos_x`, `pos_y`, `pos_z`, `pos_w`) values (923, 459, 'face', '', -0.0029, -0.9999, 0.0, -218646.0937, -3710524.5, 229502.0937, 615230.8125, 56711.7968);
INSERT INTO `region_point` (`region_face_id`, `idx`, `x`, `y`, `z`, `w`) values (923, 0, -3757629.5, 229639.9062, 583650.3125, 1.0);
INSERT INTO `region_point` (`region_face_id`, `idx`, `x`, `y`, `z`, `w`) values (923, 1, -3663419.5, 229364.2968, 595376.3125, 1.0);
INSERT INTO `region_point` (`region_face_id`, `idx`, `x`, `y`, `z`, `w`) values (923, 2, -3757629.5, 229639.9062, 635084.3125, 1.0);
INSERT INTO `region_point` (`region_face_id`, `idx`, `x`, `y`, `z`, `w`) values (923, 3, -3663419.5, 229364.2968, 646811.3125, 1.0);
INSERT INTO `region_face` (`region_face_id`, `region_id`, `kind`, `flags`, `normal_x`, `normal_y`, `normal_z`, `normal_w`, `pos_x`, `pos_y`, `pos_z`, `pos_w`) values (924, 459, 'face', '', 0.1235, 0.0, -0.9923, -1043299.4375, -3710524.5, 270462.0937, 589513.3125, 62787.625);
INSERT INTO `region_point` (`region_face_id`, `idx`, `x`, `y`, `z`, `w`) values (924, 0, -3757629.5, 229639.9062, 583650.3125, 1.0);
INSERT INTO `region_point` (`region_face_id`, `idx`, `x`, `y`, `z`, `w`) values (924, 1, -3757629.5, 311559.9062, 583650.3125, 1.0);
INSERT INTO `region_point` (`region_face_id`, `idx`, `x`, `y`, `z`, `w`) values (924, 2, -3663419.5, 229364.2968, 595376.3125, 1.0);
INSERT INTO `region_point` (`region_face_id`, `idx`, `x`, `y`, `z`, `w`) values (924, 3, -3663419.5, 311284.1875, 595376.3125, 1.0);
INSERT INTO `region_face` (`region_face_id`, `region_id`, `kind`, `flags`, `normal_x`, `normal_y`, `normal_z`, `normal_w`, `pos_x`, `pos_y`, `pos_z`, `pos_w`) values (925, 459, 'face', '', -1.0, 0.0, 0.0, 3757629.5, -3757629.5, 270599.9062, 609367.3125, 48364.0937);
INSERT INTO `region_point` (`region_face_id`, `idx`, `x`, `y`, `z`, `w`) values (925, 0, -3757629.5, 229639.9062, 583650.3125, 1.0);
INSERT INTO `region_point` (`region_face_id`, `idx`, `x`, `y`, `z`, `w`) values (925, 1, -3757629.5, 229639.9062, 635084.3125, 1.0);
INSERT INTO `region_point` (`region_face_id`, `idx`, `x`, `y`, `z`, `w`) values (925, 2, -3757629.5, 311559.9062, 583650.3125, 1.0);
INSERT INTO `region_point` (`region_face_id`, `idx`, `x`, `y`, `z`, `w`) values (925, 3, -3757629.5, 311559.9062, 635084.3125, 1.0);
INSERT INTO `region` (`region_id`, `level_name`, `tree`, `on_enter`, `on_exit`, `on_inside`) values (533, 'mountain', 'target', '(endlessfall)', '', '');
INSERT INTO `region_face` (`region_face_id`, `region_id`, `kind`, `flags`, `normal_x`, `normal_y`, `normal_z`, `normal_w`, `pos_x`, `pos_y`, `pos_z`, `pos_w`) values (926, 533, 'plane', '', 0.0065, 0.9999, 0.0, 280628.125, -2609546.0, 297592.8437, 1160118.25, 262185.8125);
INSERT INTO `region_point` (`region_face_id`, `idx`, `x`, `y`, `z`, `w`) values (926, 0, -2717547.5, 298296.8125, 975219.0, 1.0);
INSERT INTO `region_point` (`region_face_id`, `idx`, `x`, `y`, `z`, `w`) values (926, 1, -2789216.5, 298761.1875, 1285343.25, 1.0);
INSERT INTO `region_point` (`region_face_id`, `idx`, `x`, `y`, `z`, `w`) values (926, 2, -2480836.75, 296757.9062, 969177.25, 1.0);
INSERT INTO `region_point` (`region_face_id`, `idx`, `x`, `y`, `z`, `w`) values (926, 3, -2429875.25, 296424.5, 1351059.25, 1.0);
INSERT INTO `region` (`region_id`, `level_name`, `tree`, `on_enter`, `on_exit`, `on_inside`) values (535, 'mountain', 'target', '(want-continue "mountain-dark-eco")', '', '');
INSERT INTO `region_face` (`region_face_id`, `region_id`, `kind`, `flags`, `normal_x`, `normal_y`, `normal_z`, `normal_w`, `pos_x`, `pos_y`, `pos_z`, `pos_w`) values (927, 535, 'plane', '', -0.9995, 0.0, 0.0291, 2657939.25, -2662479.0, 438679.8437, -117191.6875, 62783.5937);
INSERT INTO `region_point` (`region_face_id`, `idx`, `x`, `y`, `z`, `w`) values (927, 0, -2661228.5, 484466.0, -74251.6875, 1.0);
INSERT INTO `region_point` (`region_face_id`, `idx`, `x`, `y`, `z`, `w`) values (927, 1, -2663729.5, 484466.0, -160131.6875, 1.0);
INSERT INTO `region_point` (`region_face_id`, `idx`, `x`, `y`, `z`, `w`) values (927, 2, -2661228.5, 392893.6875, -74251.6875, 1.0);
INSERT INTO `region_point` (`region_face_id`, `idx`, `x`, `y`, `z`, `w`) values (927, 3, -2663729.5, 392893.6875, -160131.6875, 1.0);
INSERT INTO `region` (`region_id`, `level_name`, `tree`, `on_enter`, `on_exit`, `on_inside`) values (536, 'mountain', 'target', '(want-continue "mountain-top")', '', '');
INSERT INTO `region_face` (`region_face_id`, `region_id`, `kind`, `flags`, `normal_x`, `normal_y`, `normal_z`, `normal_w`, `pos_x`, `pos_y`, `pos_z`, `pos_w`) values (928, 536, 'plane', '', 0.9402, 0.0, -0.3405, -2707670.25, -2953609.0, 407306.0625, -203776.6875, 199152.25);
INSERT INTO `region_point` (`region_face_id`, `idx`, `x`, `y`, `z`, `w`) values (928, 0, -2896637.5, 515353.0, -46481.6875, 1.0);
INSERT INTO `region_point` (`region_face_id`, `idx`, `x`, `y`, `z`, `w`) values (928, 1, -2896637.5, 299259.0937, -46481.6875, 1.0);
INSERT INTO `region_point` (`region_face_id`, `idx`, `x`, `y`, `z`, `w`) values (928, 2, -3010580.5, 515353.0, -361071.6875, 1.0);
INSERT INTO `region_point` (`region_face_id`, `idx`, `x`, `y`, `z`, `w`) values (928, 3, -3010580.5, 299259.0937, -361071.6875, 1.0);
INSERT INTO `region` (`region_id`, `level_name`, `tree`, `on_enter`, `on_exit`, `on_inside`) values (608, 'mountain', 'target', '(want-load ''mountain ''mincan #f #f #f)', '', '(setting-pers darkjak mode #f)');
INSERT INTO `region_face` (`region_face_id`, `region_id`, `kind`, `flags`, `normal_x`, `normal_y`, `normal_z`, `normal_w`, `pos_x`, `pos_y`, `pos_z`, `pos_w`) values (929, 608, 'plane', '', -0.1616, 0.0, 0.9868, 925521.5625, -2621115.0, 334310.4062, 508457.8125, 92082.8906);
INSERT INTO `region_point` (`region_face_id`, `idx`, `x`, `y`, `z`, `w`) values (929, 0, -2683465.5, 401298.0, 498243.3125, 1.0);
INSERT INTO `region_point` (`region_face_id`, `idx`, `x`, `y`, `z`, `w`) values (929, 1, -2683465.5, 267322.8125, 498243.3125, 1.0);
INSERT INTO `region_point` (`region_face_id`, `idx`, `x`, `y`, `z`, `w`) values (929, 2, -2558764.5, 401298.0, 518672.3125, 1.0);
INSERT INTO `region_point` (`region_face_id`, `idx`, `x`, `y`, `z`, `w`) values (929, 3, -2558764.5, 267322.8125, 518672.3125, 1.0);
INSERT INTO `region` (`region_id`, `level_name`, `tree`, `on_enter`, `on_exit`, `on_inside`) values (610, 'mountain', 'target', '(want-load ''mountain ''ctyfarma #f #f #f)', '', '');
INSERT INTO `region_face` (`region_face_id`, `region_id`, `kind`, `flags`, `normal_x`, `normal_y`, `normal_z`, `normal_w`, `pos_x`, `pos_y`, `pos_z`, `pos_w`) values (930, 610, 'plane', '', -0.5112, 0.0, -0.8594, 496161.75, -2001912.0, 171440.9531, 613570.3125, 157655.2031);
INSERT INTO `region_point` (`region_face_id`, `idx`, `x`, `y`, `z`, `w`) values (930, 0, -2106258.5, 272008.9062, 675643.3125, 1.0);
INSERT INTO `region_point` (`region_face_id`, `idx`, `x`, `y`, `z`, `w`) values (930, 1, -1897565.5, 272008.9062, 551497.3125, 1.0);
INSERT INTO `region_point` (`region_face_id`, `idx`, `x`, `y`, `z`, `w`) values (930, 2, -2106258.5, 70873.0, 675643.3125, 1.0);
INSERT INTO `region_point` (`region_face_id`, `idx`, `x`, `y`, `z`, `w`) values (930, 3, -1897565.5, 70873.0, 551497.3125, 1.0);
INSERT INTO `region` (`region_id`, `level_name`, `tree`, `on_enter`, `on_exit`, `on_inside`) values (765, 'mountain', 'target', '(want-continue "mountain-grind-rail")', '', '');
INSERT INTO `region_sphere` (`region_id`, `x`, `y`, `z`, `r`) values (765, -2504051.5, 282203.1875, 481909.3125, 45575.3984);
INSERT INTO `region` (`region_id`, `level_name`, `tree`, `on_enter`, `on_exit`, `on_inside`) values (820, 'mountain', 'target', '(send-event "battle-47" ''trigger)', '', '');
INSERT INTO `region_face` (`region_face_id`, `region_id`, `kind`, `flags`, `normal_x`, `normal_y`, `normal_z`, `normal_w`, `pos_x`, `pos_y`, `pos_z`, `pos_w`) values (931, 820, 'plane', '', 0.8953, 0.0, -0.4453, -2821000.25, -3084921.0, 373634.5625, 132283.8125, 75978.9375);
INSERT INTO `region_point` (`region_face_id`, `idx`, `x`, `y`, `z`, `w`) values (931, 0, -3060230.5, 425589.3125, 181921.3125, 1.0);
INSERT INTO `region_point` (`region_face_id`, `idx`, `x`, `y`, `z`, `w`) values (931, 1, -3060230.5, 321679.8125, 181921.3125, 1.0);
INSERT INTO `region_point` (`region_face_id`, `idx`, `x`, `y`, `z`, `w`) values (931, 2, -3109611.5, 425589.3125, 82646.3125, 1.0);
INSERT INTO `region_point` (`region_face_id`, `idx`, `x`, `y`, `z`, `w`) values (931, 3, -3109611.5, 321679.8125, 82646.3125, 1.0);
INSERT INTO `region` (`region_id`, `level_name`, `tree`, `on_enter`, `on_exit`, `on_inside`) values (821, 'mountain', 'target', '(task-close! "mountain-shard-dice")', '', '');
INSERT INTO `region_sphere` (`region_id`, `x`, `y`, `z`, `r`) values (821, -2666751.5, 388098.9062, 236130.3125, 52409.0);
INSERT INTO `region` (`region_id`, `level_name`, `tree`, `on_enter`, `on_exit`, `on_inside`) values (825, 'mountain', 'target', '', '', '(setting-pers darkjak mode #f)');
INSERT INTO `region_sphere` (`region_id`, `x`, `y`, `z`, `r`) values (825, -1990049.5, 170050.0, 622128.3125, 113503.0);
INSERT INTO `region` (`region_id`, `level_name`, `tree`, `on_enter`, `on_exit`, `on_inside`) values (862, 'mountain', 'target', '(endlessfall)', '', '');
INSERT INTO `region_face` (`region_face_id`, `region_id`, `kind`, `flags`, `normal_x`, `normal_y`, `normal_z`, `normal_w`, `pos_x`, `pos_y`, `pos_z`, `pos_w`) values (932, 862, 'plane', '', -0.8905, 0.0, 0.4548, 2178492.25, -2123206.0, 321932.0, 632344.3125, 232683.25);
INSERT INTO `region_point` (`region_face_id`, `idx`, `x`, `y`, `z`, `w`) values (932, 0, -2078823.5, 533165.0, 719248.3125, 1.0);
INSERT INTO `region_point` (`region_face_id`, `idx`, `x`, `y`, `z`, `w`) values (932, 1, -2167588.5, 533165.0, 545440.3125, 1.0);
INSERT INTO `region_point` (`region_face_id`, `idx`, `x`, `y`, `z`, `w`) values (932, 2, -2078823.5, 110699.0, 719248.3125, 1.0);
INSERT INTO `region_point` (`region_face_id`, `idx`, `x`, `y`, `z`, `w`) values (932, 3, -2167588.5, 110699.0, 545440.3125, 1.0);
INSERT INTO `region` (`region_id`, `level_name`, `tree`, `on_enter`, `on_exit`, `on_inside`) values (889, 'mountain', 'target', '', '', '(setting-pers ocean-off mode #t)');
INSERT INTO `region_face` (`region_face_id`, `region_id`, `kind`, `flags`, `normal_x`, `normal_y`, `normal_z`, `normal_w`, `pos_x`, `pos_y`, `pos_z`, `pos_w`) values (933, 889, 'face', '', -0.135, -0.9908, 0.0039, 113489.039, -2290334.5, 199227.5937, 370077.3125, 477360.0312);
INSERT INTO `region_point` (`region_face_id`, `idx`, `x`, `y`, `z`, `w`) values (933, 0, -2672528.5, 251565.5937, 426522.3125, 1.0);
INSERT INTO `region_point` (`region_face_id`, `idx`, `x`, `y`, `z`, `w`) values (933, 1, -1906769.5, 145813.0, 90976.3125, 1.0);
INSERT INTO `region_point` (`region_face_id`, `idx`, `x`, `y`, `z`, `w`) values (933, 2, -2673899.5, 252642.2031, 649178.3125, 1.0);
INSERT INTO `region_point` (`region_face_id`, `idx`, `x`, `y`, `z`, `w`) values (933, 3, -1897649.5, 145815.0, 402215.3125, 1.0);
INSERT INTO `region_face` (`region_face_id`, `region_id`, `kind`, `flags`, `normal_x`, `normal_y`, `normal_z`, `normal_w`, `pos_x`, `pos_y`, `pos_z`, `pos_w`) values (934, 889, 'face', '', -0.9999, 0.0, -0.0061, 2669851.5, -2673214.0, 327728.25, 537850.3125, 134889.375);
INSERT INTO `region_point` (`region_face_id`, `idx`, `x`, `y`, `z`, `w`) values (934, 0, -2672528.5, 251565.5937, 426522.3125, 1.0);
INSERT INTO `region_point` (`region_face_id`, `idx`, `x`, `y`, `z`, `w`) values (934, 1, -2673899.5, 252642.2031, 649178.3125, 1.0);
INSERT INTO `region_point` (`region_face_id`, `idx`, `x`, `y`, `z`, `w`) values (934, 2, -2672528.5, 402814.5937, 426522.3125, 1.0);
INSERT INTO `region_point` (`region_face_id`, `idx`, `x`, `y`, `z`, `w`) values (934, 3, -2673899.5, 403890.9062, 649178.3125, 1.0);
INSERT INTO `region_face` (`region_face_id`, `region_id`, `kind`, `flags`, `normal_x`, `normal_y`, `normal_z`, `normal_w`, `pos_x`, `pos_y`, `pos_z`, `pos_w`) values (935, 889, 'face', '', -0.4013, 0.0, -0.9159, 681949.1875, -2289649.0, 274313.8125, 258749.3125, 437329.3437);
INSERT INTO `region_point` (`region_face_id`, `idx`, `x`, `y`, `z`, `w`) values (935, 0, -2672528.5, 251565.5937, 426522.3125, 1.0);
INSERT INTO `region_point` (`region_face_id`, `idx`, `x`, `y`, `z`, `w`) values (935, 1, -2672528.5, 402814.5937, 426522.3125, 1.0);
INSERT INTO `region_point` (`region_face_id`, `idx`, `x`, `y`, `z`, `w`) values (935, 2, -1906769.5, 145813.0, 90976.3125, 1.0);
INSERT INTO `region_point` (`region_face_id`, `idx`, `x`, `y`, `z`, `w`) values (935, 3, -1906769.5, 297061.4062, 90976.3125, 1.0);
INSERT INTO `region_face` (`region_face_id`, `region_id`, `kind`, `flags`, `normal_x`, `normal_y`, `normal_z`, `normal_w`, `pos_x`, `pos_y`, `pos_z`, `pos_w`) values (936, 889, 'face', '', 0.3031, 0.0, 0.9529, -192035.0781, -2285774.5, 274852.9687, 525696.8125, 427246.4062);
INSERT INTO `region_point` (`region_face_id`, `idx`, `x`, `y`, `z`, `w`) values (936, 0, -2673899.5, 252642.2031, 649178.3125, 1.0);
INSERT INTO `region_point` (`region_face_id`, `idx`, `x`, `y`, `z`, `w`) values (936, 1, -1897649.5, 145815.0, 402215.3125, 1.0);
INSERT INTO `region_point` (`region_face_id`, `idx`, `x`, `y`, `z`, `w`) values (936, 2, -2673899.5, 403890.9062, 649178.3125, 1.0);
INSERT INTO `region_point` (`region_face_id`, `idx`, `x`, `y`, `z`, `w`) values (936, 3, -1897648.5, 297062.4062, 402215.3125, 1.0);
INSERT INTO `region_face` (`region_face_id`, `region_id`, `kind`, `flags`, `normal_x`, `normal_y`, `normal_z`, `normal_w`, `pos_x`, `pos_y`, `pos_z`, `pos_w`) values (937, 889, 'face', '', 0.1351, 0.9908, -0.0039, 36369.0703, -2290334.5, 350476.1562, 370077.3125, 477360.0625);
INSERT INTO `region_point` (`region_face_id`, `idx`, `x`, `y`, `z`, `w`) values (937, 0, -2672528.5, 402814.5937, 426522.3125, 1.0);
INSERT INTO `region_point` (`region_face_id`, `idx`, `x`, `y`, `z`, `w`) values (937, 1, -2673899.5, 403890.9062, 649178.3125, 1.0);
INSERT INTO `region_point` (`region_face_id`, `idx`, `x`, `y`, `z`, `w`) values (937, 2, -1906769.5, 297061.4062, 90976.3125, 1.0);
INSERT INTO `region_point` (`region_face_id`, `idx`, `x`, `y`, `z`, `w`) values (937, 3, -1897648.5, 297062.4062, 402215.3125, 1.0);
INSERT INTO `region_face` (`region_face_id`, `region_id`, `kind`, `flags`, `normal_x`, `normal_y`, `normal_z`, `normal_w`, `pos_x`, `pos_y`, `pos_z`, `pos_w`) values (938, 889, 'face', '', 0.9995, 0.0, -0.0292, -1908616.125, -1902209.0, 221437.7031, 246595.8125, 173081.8437);
INSERT INTO `region_point` (`region_face_id`, `idx`, `x`, `y`, `z`, `w`) values (938, 0, -1906769.5, 145813.0, 90976.3125, 1.0);
INSERT INTO `region_point` (`region_face_id`, `idx`, `x`, `y`, `z`, `w`) values (938, 1, -1906769.5, 297061.4062, 90976.3125, 1.0);
INSERT INTO `region_point` (`region_face_id`, `idx`, `x`, `y`, `z`, `w`) values (938, 2, -1897649.5, 145815.0, 402215.3125, 1.0);
INSERT INTO `region_point` (`region_face_id`, `idx`, `x`, `y`, `z`, `w`) values (938, 3, -1897648.5, 297062.4062, 402215.3125, 1.0);
INSERT INTO `region` (`region_id`, `level_name`, `tree`, `on_enter`, `on_exit`, `on_inside`) values (890, 'mountain', 'target', '(begin (send-event "water-anim-mountain-1" ''visible #f) (send-event "water-anim-mountain-2" ''visible #f))', '(begin (send-event "water-anim-mountain-1" ''visible #t) (send-event "water-anim-mountain-2" ''visible #t))', '(setting-pers ocean-off mode #t)');
INSERT INTO `region_face` (`region_face_id`, `region_id`, `kind`, `flags`, `normal_x`, `normal_y`, `normal_z`, `normal_w`, `pos_x`, `pos_y`, `pos_z`, `pos_w`) values (939, 890, 'face', '', 0.0, -1.0, -0.0, -514274.3125, -3506080.0, 514267.0, 1171590.375, 294855.0312);
INSERT INTO `region_point` (`region_face_id`, `idx`, `x`, `y`, `z`, `w`) values (939, 0, -3520909.5, 514268.0, 883794.4375, 1.0);
INSERT INTO `region_point` (`region_face_id`, `idx`, `x`, `y`, `z`, `w`) values (939, 1, -3334660.5, 514268.0, 931684.4375, 1.0);
INSERT INTO `region_point` (`region_face_id`, `idx`, `x`, `y`, `z`, `w`) values (939, 2, -3677499.5, 514266.0, 1411496.25, 1.0);
INSERT INTO `region_point` (`region_face_id`, `idx`, `x`, `y`, `z`, `w`) values (939, 3, -3491259.5, 514266.0, 1459383.25, 1.0);
INSERT INTO `region_face` (`region_face_id`, `region_id`, `kind`, `flags`, `normal_x`, `normal_y`, `normal_z`, `normal_w`, `pos_x`, `pos_y`, `pos_z`, `pos_w`) values (940, 890, 'face', '', -0.9586, 0.0, -0.2844, 3124014.75, -3599204.5, 565311.5, 1147646.375, 279916.7187);
INSERT INTO `region_point` (`region_face_id`, `idx`, `x`, `y`, `z`, `w`) values (940, 0, -3520909.5, 514268.0, 883794.4375, 1.0);
INSERT INTO `region_point` (`region_face_id`, `idx`, `x`, `y`, `z`, `w`) values (940, 1, -3677499.5, 514266.0, 1411496.25, 1.0);
INSERT INTO `region_point` (`region_face_id`, `idx`, `x`, `y`, `z`, `w`) values (940, 2, -3520909.5, 616360.0, 883795.9375, 1.0);
INSERT INTO `region_point` (`region_face_id`, `idx`, `x`, `y`, `z`, `w`) values (940, 3, -3677499.5, 616355.0, 1411498.25, 1.0);
INSERT INTO `region_face` (`region_face_id`, `region_id`, `kind`, `flags`, `normal_x`, `normal_y`, `normal_z`, `normal_w`, `pos_x`, `pos_y`, `pos_z`, `pos_w`) values (941, 890, 'face', '', 0.249, 0.0, -0.9684, -1732750.5, -3427785.25, 565313.4375, 907740.25, 108863.1875);
INSERT INTO `region_point` (`region_face_id`, `idx`, `x`, `y`, `z`, `w`) values (941, 0, -3520909.5, 514268.0, 883794.4375, 1.0);
INSERT INTO `region_point` (`region_face_id`, `idx`, `x`, `y`, `z`, `w`) values (941, 1, -3520909.5, 616360.0, 883795.9375, 1.0);
INSERT INTO `region_point` (`region_face_id`, `idx`, `x`, `y`, `z`, `w`) values (941, 2, -3334660.5, 514268.0, 931684.4375, 1.0);
INSERT INTO `region_point` (`region_face_id`, `idx`, `x`, `y`, `z`, `w`) values (941, 3, -3334661.5, 616359.0, 931685.9375, 1.0);
INSERT INTO `region_face` (`region_face_id`, `region_id`, `kind`, `flags`, `normal_x`, `normal_y`, `normal_z`, `normal_w`, `pos_x`, `pos_y`, `pos_z`, `pos_w`) values (942, 890, 'face', '', -0.249, -0.0, 0.9684, 2282809.5, -3584379.5, 565310.0, 1435441.25, 108858.5781);
INSERT INTO `region_point` (`region_face_id`, `idx`, `x`, `y`, `z`, `w`) values (942, 0, -3677499.5, 514266.0, 1411496.25, 1.0);
INSERT INTO `region_point` (`region_face_id`, `idx`, `x`, `y`, `z`, `w`) values (942, 1, -3491259.5, 514266.0, 1459383.25, 1.0);
INSERT INTO `region_point` (`region_face_id`, `idx`, `x`, `y`, `z`, `w`) values (942, 2, -3677499.5, 616355.0, 1411498.25, 1.0);
INSERT INTO `region_point` (`region_face_id`, `idx`, `x`, `y`, `z`, `w`) values (942, 3, -3491259.5, 616354.0, 1459386.25, 1.0);
INSERT INTO `region_face` (`region_face_id`, `region_id`, `kind`, `flags`, `normal_x`, `normal_y`, `normal_z`, `normal_w`, `pos_x`, `pos_y`, `pos_z`, `pos_w`) values (943, 890, 'face', '', 0.0, 1.0, 0.0, 616359.5, -3506080.5, 616357.0, 1171592.125, 294854.9375);
INSERT INTO `region_point` (`region_face_id`, `idx`, `x`, `y`, `z`, `w`) values (943, 0, -3520909.5, 616360.0, 883795.9375, 1.0);
INSERT INTO `region_point` (`region_face_id`, `idx`, `x`, `y`, `z`, `w`) values (943, 1, -3677499.5, 616355.0, 1411498.25, 1.0);
INSERT INTO `region_point` (`region_face_id`, `idx`, `x`, `y`, `z`, `w`) values (943, 2, -3334661.5, 616359.0, 931685.9375, 1.0);
INSERT INTO `region_point` (`region_face_id`, `idx`, `x`, `y`, `z`, `w`) values (943, 3, -3491259.5, 616354.0, 1459386.25, 1.0);
INSERT INTO `region_face` (`region_face_id`, `region_id`, `kind`, `flags`, `normal_x`, `normal_y`, `normal_z`, `normal_w`, `pos_x`, `pos_y`, `pos_z`, `pos_w`) values (944, 890, 'face', '', 0.9586, 0.0, 0.2844, -2931801.0, -3412960.0, 565311.0, 1195535.375, 279916.9375);
INSERT INTO `region_point` (`region_face_id`, `idx`, `x`, `y`, `z`, `w`) values (944, 0, -3334660.5, 514268.0, 931684.4375, 1.0);
INSERT INTO `region_point` (`region_face_id`, `idx`, `x`, `y`, `z`, `w`) values (944, 1, -3334661.5, 616359.0, 931685.9375, 1.0);
INSERT INTO `region_point` (`region_face_id`, `idx`, `x`, `y`, `z`, `w`) values (944, 2, -3491259.5, 514266.0, 1459383.25, 1.0);
INSERT INTO `region_point` (`region_face_id`, `idx`, `x`, `y`, `z`, `w`) values (944, 3, -3491259.5, 616354.0, 1459386.25, 1.0);
INSERT INTO `region` (`region_id`, `level_name`, `tree`, `on_enter`, `on_exit`, `on_inside`) values (893, 'mountain', 'target', '(endlessfall)', '', '');
INSERT INTO `region_face` (`region_face_id`, `region_id`, `kind`, `flags`, `normal_x`, `normal_y`, `normal_z`, `normal_w`, `pos_x`, `pos_y`, `pos_z`, `pos_w`) values (945, 893, 'plane', '', 0.1101, 0.9936, -0.0205, -117984.9296, -2261444.0, 139396.0, 357334.3125, 364656.0312);
INSERT INTO `region_point` (`region_face_id`, `idx`, `x`, `y`, `z`, `w`) values (945, 0, -2531511.5, 167957.0, 290422.3125, 1.0);
INSERT INTO `region_point` (`region_face_id`, `idx`, `x`, `y`, `z`, `w`) values (945, 1, -2462574.5, 167957.0, 660162.3125, 1.0);
INSERT INTO `region_point` (`region_face_id`, `idx`, `x`, `y`, `z`, `w`) values (945, 2, -2060313.5, 110835.0, 54506.3125, 1.0);
INSERT INTO `region_point` (`region_face_id`, `idx`, `x`, `y`, `z`, `w`) values (945, 3, -1998146.5, 110720.0, 382344.3125, 1.0);
INSERT INTO `region` (`region_id`, `level_name`, `tree`, `on_enter`, `on_exit`, `on_inside`) values (894, 'mountain', 'target', '(send-event "mtn-aval-rocks-4" ''draw #t)', '(begin (send-event "mtn-aval-rocks-4" ''draw #f) (want-continue "mountain-top"))', '');
INSERT INTO `region_face` (`region_face_id`, `region_id`, `kind`, `flags`, `normal_x`, `normal_y`, `normal_z`, `normal_w`, `pos_x`, `pos_y`, `pos_z`, `pos_w`) values (946, 894, 'plane', '', 0.6515, 0.0, -0.7586, -3326490.0, -3529389.5, 554035.0, 1353779.75, 70999.8593);
INSERT INTO `region_point` (`region_face_id`, `idx`, `x`, `y`, `z`, `w`) values (946, 0, -3496649.5, 497657.0, 1381897.25, 1.0);
INSERT INTO `region_point` (`region_face_id`, `idx`, `x`, `y`, `z`, `w`) values (946, 1, -3562129.5, 497657.0, 1325662.25, 1.0);
INSERT INTO `region_point` (`region_face_id`, `idx`, `x`, `y`, `z`, `w`) values (946, 2, -3496649.5, 610413.0, 1381897.25, 1.0);
INSERT INTO `region_point` (`region_face_id`, `idx`, `x`, `y`, `z`, `w`) values (946, 3, -3562129.5, 610413.0, 1325662.25, 1.0);
INSERT INTO `region` (`region_id`, `level_name`, `tree`, `on_enter`, `on_exit`, `on_inside`) values (183, 'mountain', 'camera', '', '', '(sound-play-loop "waterfall-1")');
INSERT INTO `region_sphere` (`region_id`, `x`, `y`, `z`, `r`) values (183, -2855457.5, 416754.8125, 1133341.25, 227700.0);
INSERT INTO `region` (`region_id`, `level_name`, `tree`, `on_enter`, `on_exit`, `on_inside`) values (184, 'mountain', 'camera', '', '', '(sound-play-loop "mtn-amb-low")');
INSERT INTO `region_sphere` (`region_id`, `x`, `y`, `z`, `r`) values (184, -2954681.5, 553962.0, 623512.3125, 1426350.0);
INSERT INTO `region` (`region_id`, `level_name`, `tree`, `on_enter`, `on_exit`, `on_inside`) values (351, 'mountain', 'camera', '(want-display ''mtnext ''display)', '(want-display ''mtnext #f)', '');
INSERT INTO `region_face` (`region_face_id`, `region_id`, `kind`, `flags`, `normal_x`, `normal_y`, `normal_z`, `normal_w`, `pos_x`, `pos_y`, `pos_z`, `pos_w`) values (947, 351, 'plane', '', 0.4611, 0.0, 0.8873, -403634.5625, -2518227.5, 435831.1562, 853739.375, 160106.5);
INSERT INTO `region_point` (`region_face_id`, `idx`, `x`, `y`, `z`, `w`) values (947, 0, -2569120.5, 585312.0, 880186.5, 1.0);
INSERT INTO `region_point` (`region_face_id`, `idx`, `x`, `y`, `z`, `w`) values (947, 1, -2569120.5, 286350.3125, 880186.5, 1.0);
INSERT INTO `region_point` (`region_face_id`, `idx`, `x`, `y`, `z`, `w`) values (947, 2, -2467334.25, 585312.0, 827292.3125, 1.0);
INSERT INTO `region_point` (`region_face_id`, `idx`, `x`, `y`, `z`, `w`) values (947, 3, -2467334.25, 286350.3125, 827292.3125, 1.0);
INSERT INTO `region` (`region_id`, `level_name`, `tree`, `on_enter`, `on_exit`, `on_inside`) values (432, 'mountain', 'camera', '(want-display ''forest ''display)', '(want-load ''mountain ''mtnext)', '');
INSERT INTO `region_face` (`region_face_id`, `region_id`, `kind`, `flags`, `normal_x`, `normal_y`, `normal_z`, `normal_w`, `pos_x`, `pos_y`, `pos_z`, `pos_w`) values (948, 432, 'plane', '', -0.152, 0.0, -0.9883, -1349832.875, -2857661.5, 220324.9062, 1805358.25, 69316.0625);
INSERT INTO `region_point` (`region_face_id`, `idx`, `x`, `y`, `z`, `w`) values (948, 0, -2914529.5, 258979.7968, 1814107.25, 1.0);
INSERT INTO `region_point` (`region_face_id`, `idx`, `x`, `y`, `z`, `w`) values (948, 1, -2800793.5, 258979.7968, 1796609.25, 1.0);
INSERT INTO `region_point` (`region_face_id`, `idx`, `x`, `y`, `z`, `w`) values (948, 2, -2914529.5, 181670.0, 1814107.25, 1.0);
INSERT INTO `region_point` (`region_face_id`, `idx`, `x`, `y`, `z`, `w`) values (948, 3, -2800793.5, 181670.0, 1796609.25, 1.0);
INSERT INTO `region` (`region_id`, `level_name`, `tree`, `on_enter`, `on_exit`, `on_inside`) values (861, 'mountain', 'camera', '(want-vis ''mountain)', '(want-vis ''ctyfarma)', '');
INSERT INTO `region_face` (`region_face_id`, `region_id`, `kind`, `flags`, `normal_x`, `normal_y`, `normal_z`, `normal_w`, `pos_x`, `pos_y`, `pos_z`, `pos_w`) values (949, 861, 'plane', '', 0.9999, 0.0, 0.0103, -1845439.875, -1854402.0, 147165.5, 853725.875, 47636.039);
INSERT INTO `region_point` (`region_face_id`, `idx`, `x`, `y`, `z`, `w`) values (949, 0, -1854757.5, 180277.0, 887970.5, 1.0);
INSERT INTO `region_point` (`region_face_id`, `idx`, `x`, `y`, `z`, `w`) values (949, 1, -1854757.5, 114054.0, 887970.5, 1.0);
INSERT INTO `region_point` (`region_face_id`, `idx`, `x`, `y`, `z`, `w`) values (949, 2, -1854046.5, 180277.0, 819481.3125, 1.0);
INSERT INTO `region_point` (`region_face_id`, `idx`, `x`, `y`, `z`, `w`) values (949, 3, -1854046.5, 114054.0, 819481.3125, 1.0);
INSERT INTO `region` (`region_id`, `level_name`, `tree`, `on_enter`, `on_exit`, `on_inside`) values (609, 'mountain', 'camera', '(want-display ''mincan ''display)', '(want-display ''mincan #f)', '');
INSERT INTO `region_face` (`region_face_id`, `region_id`, `kind`, `flags`, `normal_x`, `normal_y`, `normal_z`, `normal_w`, `pos_x`, `pos_y`, `pos_z`, `pos_w`) values (950, 609, 'plane', '', -0.9923, 0.0, 0.1237, 1907375.625, -1885642.5, 182332.5468, 292727.3125, 179619.5468);
INSERT INTO `region_point` (`region_face_id`, `idx`, `x`, `y`, `z`, `w`) values (950, 0, -1906273.5, 249320.0937, 127348.3125, 1.0);
INSERT INTO `region_point` (`region_face_id`, `idx`, `x`, `y`, `z`, `w`) values (950, 1, -1906273.5, 115345.0, 127348.3125, 1.0);
INSERT INTO `region_point` (`region_face_id`, `idx`, `x`, `y`, `z`, `w`) values (950, 2, -1865011.5, 249320.0937, 458106.3125, 1.0);
INSERT INTO `region_point` (`region_face_id`, `idx`, `x`, `y`, `z`, `w`) values (950, 3, -1865011.5, 115345.0, 458106.3125, 1.0);
INSERT INTO `region` (`region_id`, `level_name`, `tree`, `on_enter`, `on_exit`, `on_inside`) values (644, 'mountain', 'camera', '(task-close! "mountain-lens-started")', '', '');
INSERT INTO `region_face` (`region_face_id`, `region_id`, `kind`, `flags`, `normal_x`, `normal_y`, `normal_z`, `normal_w`, `pos_x`, `pos_y`, `pos_z`, `pos_w`) values (951, 644, 'plane', '', 0.0409, 0.0, 0.9991, 752897.4375, -2518955.5, 523403.5, 856890.8125, 72994.9296);
INSERT INTO `region_point` (`region_face_id`, `idx`, `x`, `y`, `z`, `w`) values (951, 0, -2575873.5, 569045.0, 859226.3125, 1.0);
INSERT INTO `region_point` (`region_face_id`, `idx`, `x`, `y`, `z`, `w`) values (951, 1, -2575873.5, 477762.0, 859226.3125, 1.0);
INSERT INTO `region_point` (`region_face_id`, `idx`, `x`, `y`, `z`, `w`) values (951, 2, -2462037.75, 569045.0, 854555.3125, 1.0);
INSERT INTO `region_point` (`region_face_id`, `idx`, `x`, `y`, `z`, `w`) values (951, 3, -2462037.75, 477762.0, 854555.3125, 1.0);
INSERT INTO `region` (`region_id`, `level_name`, `tree`, `on_enter`, `on_exit`, `on_inside`) values (767, 'mountain', 'camera', '', '', '(setting-pers rain mode ''abs value 0.0000)');
INSERT INTO `region_sphere` (`region_id`, `x`, `y`, `z`, `r`) values (767, -1777736.5, 139539.0, 854697.3125, 128672.0);
INSERT INTO `region` (`region_id`, `level_name`, `tree`, `on_enter`, `on_exit`, `on_inside`) values (221, 'mountain', 'water', '', '', '(water water-anim #<entity-actor :name water-anim-mountain-1 @ #x2a52874> (swim wade event))');
INSERT INTO `region_face` (`region_face_id`, `region_id`, `kind`, `flags`, `normal_x`, `normal_y`, `normal_z`, `normal_w`, `pos_x`, `pos_y`, `pos_z`, `pos_w`) values (952, 221, 'face', '', -0.3849, 0.006, 0.9228, 2244525.25, -3051652.5, 538685.0, 1155153.75, 134686.1562);
INSERT INTO `region_point` (`region_face_id`, `idx`, `x`, `y`, `z`, `w`) values (952, 0, -3167173.5, 490253.0, 1107599.25, 1.0);
INSERT INTO `region_point` (`region_face_id`, `idx`, `x`, `y`, `z`, `w`) values (952, 1, -2953617.5, 490253.0, 1196686.25, 1.0);
INSERT INTO `region_point` (`region_face_id`, `idx`, `x`, `y`, `z`, `w`) values (952, 2, -3167641.5, 587117.0, 1106767.25, 1.0);
INSERT INTO `region_point` (`region_face_id`, `idx`, `x`, `y`, `z`, `w`) values (952, 3, -2935663.5, 587115.0, 1203540.25, 1.0);
INSERT INTO `region_face` (`region_face_id`, `region_id`, `kind`, `flags`, `normal_x`, `normal_y`, `normal_z`, `normal_w`, `pos_x`, `pos_y`, `pos_z`, `pos_w`) values (953, 221, 'face', '', 0.9703, -0.1904, 0.149, -2780961.0, -2933349.5, 538684.0, 1126604.25, 90939.8984);
INSERT INTO `region_point` (`region_face_id`, `idx`, `x`, `y`, `z`, `w`) values (953, 0, -2931035.5, 490253.0, 1049668.25, 1.0);
INSERT INTO `region_point` (`region_face_id`, `idx`, `x`, `y`, `z`, `w`) values (953, 1, -2913015.5, 587114.0, 1056095.75, 1.0);
INSERT INTO `region_point` (`region_face_id`, `idx`, `x`, `y`, `z`, `w`) values (953, 2, -2953617.5, 490253.0, 1196686.25, 1.0);
INSERT INTO `region_point` (`region_face_id`, `idx`, `x`, `y`, `z`, `w`) values (953, 3, -2935663.5, 587115.0, 1203540.25, 1.0);
INSERT INTO `region_face` (`region_face_id`, `region_id`, `kind`, `flags`, `normal_x`, `normal_y`, `normal_z`, `normal_w`, `pos_x`, `pos_y`, `pos_z`, `pos_w`) values (954, 221, 'face', '', 0.0, 1.0, -0.0, 587076.8125, -3045885.5, 587115.5, 1082322.875, 163836.9062);
INSERT INTO `region_point` (`region_face_id`, `idx`, `x`, `y`, `z`, `w`) values (954, 0, -3156107.5, 587116.0, 961105.5625, 1.0);
INSERT INTO `region_point` (`region_face_id`, `idx`, `x`, `y`, `z`, `w`) values (954, 1, -3167641.5, 587117.0, 1106767.25, 1.0);
INSERT INTO `region_point` (`region_face_id`, `idx`, `x`, `y`, `z`, `w`) values (954, 2, -2913015.5, 587114.0, 1056095.75, 1.0);
INSERT INTO `region_point` (`region_face_id`, `idx`, `x`, `y`, `z`, `w`) values (954, 3, -2935663.5, 587115.0, 1203540.25, 1.0);
INSERT INTO `region_face` (`region_face_id`, `region_id`, `kind`, `flags`, `normal_x`, `normal_y`, `normal_z`, `normal_w`, `pos_x`, `pos_y`, `pos_z`, `pos_w`) values (955, 221, 'face', '', 0.0, -1.0, 0.0, -490253.0, -3054628.5, 490253.0, 1079312.375, 154854.2812);
INSERT INTO `region_point` (`region_face_id`, `idx`, `x`, `y`, `z`, `w`) values (955, 0, -3155639.5, 490253.0, 961938.5, 1.0);
INSERT INTO `region_point` (`region_face_id`, `idx`, `x`, `y`, `z`, `w`) values (955, 1, -2931035.5, 490253.0, 1049668.25, 1.0);
INSERT INTO `region_point` (`region_face_id`, `idx`, `x`, `y`, `z`, `w`) values (955, 2, -3167173.5, 490253.0, 1107599.25, 1.0);
INSERT INTO `region_point` (`region_face_id`, `idx`, `x`, `y`, `z`, `w`) values (955, 3, -2953617.5, 490253.0, 1196686.25, 1.0);
INSERT INTO `region_face` (`region_face_id`, `region_id`, `kind`, `flags`, `normal_x`, `normal_y`, `normal_z`, `normal_w`, `pos_x`, `pos_y`, `pos_z`, `pos_w`) values (956, 221, 'face', '', 0.3638, -0.0062, -0.9314, -2047148.875, -3034561.5, 538684.5, 1008600.625, 139193.4687);
INSERT INTO `region_point` (`region_face_id`, `idx`, `x`, `y`, `z`, `w`) values (956, 0, -3155639.5, 490253.0, 961938.5, 1.0);
INSERT INTO `region_point` (`region_face_id`, `idx`, `x`, `y`, `z`, `w`) values (956, 1, -3156107.5, 587116.0, 961105.5625, 1.0);
INSERT INTO `region_point` (`region_face_id`, `idx`, `x`, `y`, `z`, `w`) values (956, 2, -2931035.5, 490253.0, 1049668.25, 1.0);
INSERT INTO `region_point` (`region_face_id`, `idx`, `x`, `y`, `z`, `w`) values (956, 3, -2913015.5, 587114.0, 1056095.75, 1.0);
INSERT INTO `region_face` (`region_face_id`, `region_id`, `kind`, `flags`, `normal_x`, `normal_y`, `normal_z`, `normal_w`, `pos_x`, `pos_y`, `pos_z`, `pos_w`) values (957, 221, 'face', '', -0.9968, -0.0054, -0.0789, 3067119.75, -3161640.5, 538684.5, 1034352.375, 87984.7968);
INSERT INTO `region_point` (`region_face_id`, `idx`, `x`, `y`, `z`, `w`) values (957, 0, -3155639.5, 490253.0, 961938.5, 1.0);
INSERT INTO `region_point` (`region_face_id`, `idx`, `x`, `y`, `z`, `w`) values (957, 1, -3167173.5, 490253.0, 1107599.25, 1.0);
INSERT INTO `region_point` (`region_face_id`, `idx`, `x`, `y`, `z`, `w`) values (957, 2, -3156107.5, 587116.0, 961105.5625, 1.0);
INSERT INTO `region_point` (`region_face_id`, `idx`, `x`, `y`, `z`, `w`) values (957, 3, -3167641.5, 587117.0, 1106767.25, 1.0);
INSERT INTO `region` (`region_id`, `level_name`, `tree`, `on_enter`, `on_exit`, `on_inside`) values (222, 'mountain', 'water', '', '', '(water water-anim #<entity-actor :name water-anim-mountain-2 @ #x2a52b24> (swim wade event))');
INSERT INTO `region_face` (`region_face_id`, `region_id`, `kind`, `flags`, `normal_x`, `normal_y`, `normal_z`, `normal_w`, `pos_x`, `pos_y`, `pos_z`, `pos_w`) values (958, 222, 'face', '', -0.0, -1.0, -0.0, -434440.4687, -2887121.25, 434614.0312, 1129428.5, 112590.6718);
INSERT INTO `region_point` (`region_face_id`, `idx`, `x`, `y`, `z`, `w`) values (958, 0, -2961087.5, 434620.0, 1044542.5, 1.0);
INSERT INTO `region_point` (`region_face_id`, `idx`, `x`, `y`, `z`, `w`) values (958, 1, -2796559.5, 434609.0, 1063864.125, 1.0);
INSERT INTO `region_point` (`region_face_id`, `idx`, `x`, `y`, `z`, `w`) values (958, 2, -2976551.5, 434619.0, 1196291.25, 1.0);
INSERT INTO `region_point` (`region_face_id`, `idx`, `x`, `y`, `z`, `w`) values (958, 3, -2812838.5, 434608.0, 1209279.25, 1.0);
INSERT INTO `region_face` (`region_face_id`, `region_id`, `kind`, `flags`, `normal_x`, `normal_y`, `normal_z`, `normal_w`, `pos_x`, `pos_y`, `pos_z`, `pos_w`) values (959, 222, 'face', '', -0.9948, 0.0, -0.1013, 2839935.25, -2968819.5, 475577.0, 1120416.875, 86569.4062);
INSERT INTO `region_point` (`region_face_id`, `idx`, `x`, `y`, `z`, `w`) values (959, 0, -2961087.5, 434620.0, 1044542.5, 1.0);
INSERT INTO `region_point` (`region_face_id`, `idx`, `x`, `y`, `z`, `w`) values (959, 1, -2976551.5, 434619.0, 1196291.25, 1.0);
INSERT INTO `region_point` (`region_face_id`, `idx`, `x`, `y`, `z`, `w`) values (959, 2, -2961087.5, 516535.0, 1044542.5, 1.0);
INSERT INTO `region_point` (`region_face_id`, `idx`, `x`, `y`, `z`, `w`) values (959, 3, -2976551.5, 516535.0, 1196291.25, 1.0);
INSERT INTO `region_face` (`region_face_id`, `region_id`, `kind`, `flags`, `normal_x`, `normal_y`, `normal_z`, `normal_w`, `pos_x`, `pos_y`, `pos_z`, `pos_w`) values (960, 222, 'face', '', 0.1166, 0.0, -0.9931, -1382780.25, -2878823.5, 475572.0, 1054203.25, 92404.8984);
INSERT INTO `region_point` (`region_face_id`, `idx`, `x`, `y`, `z`, `w`) values (960, 0, -2961087.5, 434620.0, 1044542.5, 1.0);
INSERT INTO `region_point` (`region_face_id`, `idx`, `x`, `y`, `z`, `w`) values (960, 1, -2961087.5, 516535.0, 1044542.5, 1.0);
INSERT INTO `region_point` (`region_face_id`, `idx`, `x`, `y`, `z`, `w`) values (960, 2, -2796559.5, 434609.0, 1063864.125, 1.0);
INSERT INTO `region_point` (`region_face_id`, `idx`, `x`, `y`, `z`, `w`) values (960, 3, -2796559.5, 516530.0, 1063864.125, 1.0);
INSERT INTO `region_face` (`region_face_id`, `region_id`, `kind`, `flags`, `normal_x`, `normal_y`, `normal_z`, `normal_w`, `pos_x`, `pos_y`, `pos_z`, `pos_w`) values (961, 222, 'face', '', -0.079, 0.0, 0.9968, 1427946.25, -2894695.0, 475571.5, 1202785.25, 91764.1953);
INSERT INTO `region_point` (`region_face_id`, `idx`, `x`, `y`, `z`, `w`) values (961, 0, -2976551.5, 434619.0, 1196291.25, 1.0);
INSERT INTO `region_point` (`region_face_id`, `idx`, `x`, `y`, `z`, `w`) values (961, 1, -2812838.5, 434608.0, 1209279.25, 1.0);
INSERT INTO `region_point` (`region_face_id`, `idx`, `x`, `y`, `z`, `w`) values (961, 2, -2976551.5, 516535.0, 1196291.25, 1.0);
INSERT INTO `region_point` (`region_face_id`, `idx`, `x`, `y`, `z`, `w`) values (961, 3, -2812838.5, 516530.0, 1209279.25, 1.0);
INSERT INTO `region_face` (`region_face_id`, `region_id`, `kind`, `flags`, `normal_x`, `normal_y`, `normal_z`, `normal_w`, `pos_x`, `pos_y`, `pos_z`, `pos_w`) values (962, 222, 'face', '', 0.0, 1.0, 0.0, 516449.2812, -2887121.25, 516532.5312, 1129428.5, 112590.6718);
INSERT INTO `region_point` (`region_face_id`, `idx`, `x`, `y`, `z`, `w`) values (962, 0, -2961087.5, 516535.0, 1044542.5, 1.0);
INSERT INTO `region_point` (`region_face_id`, `idx`, `x`, `y`, `z`, `w`) values (962, 1, -2976551.5, 516535.0, 1196291.25, 1.0);
INSERT INTO `region_point` (`region_face_id`, `idx`, `x`, `y`, `z`, `w`) values (962, 2, -2796559.5, 516530.0, 1063864.125, 1.0);
INSERT INTO `region_point` (`region_face_id`, `idx`, `x`, `y`, `z`, `w`) values (962, 3, -2812838.5, 516530.0, 1209279.25, 1.0);
INSERT INTO `region_face` (`region_face_id`, `region_id`, `kind`, `flags`, `normal_x`, `normal_y`, `normal_z`, `normal_w`, `pos_x`, `pos_y`, `pos_z`, `pos_w`) values (963, 222, 'face', '', 0.9937, 0.0, 0.1112, -2660840.0, -2804699.0, 475569.0, 1136571.75, 83847.75);
INSERT INTO `region_point` (`region_face_id`, `idx`, `x`, `y`, `z`, `w`) values (963, 0, -2796559.5, 434609.0, 1063864.125, 1.0);
INSERT INTO `region_point` (`region_face_id`, `idx`, `x`, `y`, `z`, `w`) values (963, 1, -2796559.5, 516530.0, 1063864.125, 1.0);
INSERT INTO `region_point` (`region_face_id`, `idx`, `x`, `y`, `z`, `w`) values (963, 2, -2812838.5, 434608.0, 1209279.25, 1.0);
INSERT INTO `region_point` (`region_face_id`, `idx`, `x`, `y`, `z`, `w`) values (963, 3, -2812838.5, 516530.0, 1209279.25, 1.0);
INSERT INTO `region` (`region_id`, `level_name`, `tree`, `on_enter`, `on_exit`, `on_inside`) values (223, 'mountain', 'water', '', '', '(water water-anim #<entity-actor :name water-anim-mountain-3 @ #x2a52dd4> (swim wade event))');
INSERT INTO `region_face` (`region_face_id`, `region_id`, `kind`, `flags`, `normal_x`, `normal_y`, `normal_z`, `normal_w`, `pos_x`, `pos_y`, `pos_z`, `pos_w`) values (964, 223, 'face', '', -0.0, -1.0, -0.0, -324081.1562, -2797835.5, 324299.6875, 1149093.75, 101269.0312);
INSERT INTO `region_point` (`region_face_id`, `idx`, `x`, `y`, `z`, `w`) values (964, 0, -2852755.5, 324305.3437, 1070155.25, 1.0);
INSERT INTO `region_point` (`region_face_id`, `idx`, `x`, `y`, `z`, `w`) values (964, 1, -2727450.5, 324294.7812, 1076283.25, 1.0);
INSERT INTO `region_point` (`region_face_id`, `idx`, `x`, `y`, `z`, `w`) values (964, 2, -2868220.5, 324304.5937, 1221904.25, 1.0);
INSERT INTO `region_point` (`region_face_id`, `idx`, `x`, `y`, `z`, `w`) values (964, 3, -2736123.5, 324293.625, 1213952.25, 1.0);
INSERT INTO `region_face` (`region_face_id`, `region_id`, `kind`, `flags`, `normal_x`, `normal_y`, `normal_z`, `normal_w`, `pos_x`, `pos_y`, `pos_z`, `pos_w`) values (965, 223, 'face', '', -0.9948, 0.0, -0.1013, 2729556.25, -2860488.0, 365265.125, 1146029.75, 86570.7734);
INSERT INTO `region_point` (`region_face_id`, `idx`, `x`, `y`, `z`, `w`) values (965, 0, -2852755.5, 324305.3437, 1070155.25, 1.0);
INSERT INTO `region_point` (`region_face_id`, `idx`, `x`, `y`, `z`, `w`) values (965, 1, -2868220.5, 324304.5937, 1221904.25, 1.0);
INSERT INTO `region_point` (`region_face_id`, `idx`, `x`, `y`, `z`, `w`) values (965, 2, -2852755.5, 406225.3125, 1070155.25, 1.0);
INSERT INTO `region_point` (`region_face_id`, `idx`, `x`, `y`, `z`, `w`) values (965, 3, -2868220.5, 406225.6875, 1221904.25, 1.0);
INSERT INTO `region_face` (`region_face_id`, `region_id`, `kind`, `flags`, `normal_x`, `normal_y`, `normal_z`, `normal_w`, `pos_x`, `pos_y`, `pos_z`, `pos_w`) values (966, 223, 'face', '', 0.0488, 0.0, -0.9988, -1208224.375, -2790103.0, 365260.0312, 1073219.25, 74919.1328);
INSERT INTO `region_point` (`region_face_id`, `idx`, `x`, `y`, `z`, `w`) values (966, 0, -2852755.5, 324305.3437, 1070155.25, 1.0);
INSERT INTO `region_point` (`region_face_id`, `idx`, `x`, `y`, `z`, `w`) values (966, 1, -2852755.5, 406225.3125, 1070155.25, 1.0);
INSERT INTO `region_point` (`region_face_id`, `idx`, `x`, `y`, `z`, `w`) values (966, 2, -2727450.5, 324294.7812, 1076283.25, 1.0);
INSERT INTO `region_point` (`region_face_id`, `idx`, `x`, `y`, `z`, `w`) values (966, 3, -2727450.5, 406215.0937, 1076283.25, 1.0);
INSERT INTO `region_face` (`region_face_id`, `region_id`, `kind`, `flags`, `normal_x`, `normal_y`, `normal_z`, `normal_w`, `pos_x`, `pos_y`, `pos_z`, `pos_w`) values (967, 223, 'face', '', 0.06, 0.0, 0.9981, 1047346.625, -2802172.0, 365259.6562, 1217928.25, 77823.0625);
INSERT INTO `region_point` (`region_face_id`, `idx`, `x`, `y`, `z`, `w`) values (967, 0, -2868220.5, 324304.5937, 1221904.25, 1.0);
INSERT INTO `region_point` (`region_face_id`, `idx`, `x`, `y`, `z`, `w`) values (967, 1, -2736123.5, 324293.625, 1213952.25, 1.0);
INSERT INTO `region_point` (`region_face_id`, `idx`, `x`, `y`, `z`, `w`) values (967, 2, -2868220.5, 406225.6875, 1221904.25, 1.0);
INSERT INTO `region_point` (`region_face_id`, `idx`, `x`, `y`, `z`, `w`) values (967, 3, -2736123.5, 406215.0, 1213952.25, 1.0);
INSERT INTO `region_face` (`region_face_id`, `region_id`, `kind`, `flags`, `normal_x`, `normal_y`, `normal_z`, `normal_w`, `pos_x`, `pos_y`, `pos_z`, `pos_w`) values (968, 223, 'face', '', 0.0, 1.0, 0.0, 405999.6875, -2797835.5, 406220.375, 1149093.75, 101269.0312);
INSERT INTO `region_point` (`region_face_id`, `idx`, `x`, `y`, `z`, `w`) values (968, 0, -2852755.5, 406225.3125, 1070155.25, 1.0);
INSERT INTO `region_point` (`region_face_id`, `idx`, `x`, `y`, `z`, `w`) values (968, 1, -2868220.5, 406225.6875, 1221904.25, 1.0);
INSERT INTO `region_point` (`region_face_id`, `idx`, `x`, `y`, `z`, `w`) values (968, 2, -2727450.5, 406215.0937, 1076283.25, 1.0);
INSERT INTO `region_point` (`region_face_id`, `idx`, `x`, `y`, `z`, `w`) values (968, 3, -2736123.5, 406215.0, 1213952.25, 1.0);
INSERT INTO `region_face` (`region_face_id`, `region_id`, `kind`, `flags`, `normal_x`, `normal_y`, `normal_z`, `normal_w`, `pos_x`, `pos_y`, `pos_z`, `pos_w`) values (969, 223, 'face', '', 0.998, 0.0, 0.0628, -2654383.75, -2731787.0, 365254.375, 1145117.75, 80217.0546);
INSERT INTO `region_point` (`region_face_id`, `idx`, `x`, `y`, `z`, `w`) values (969, 0, -2727450.5, 324294.7812, 1076283.25, 1.0);
INSERT INTO `region_point` (`region_face_id`, `idx`, `x`, `y`, `z`, `w`) values (969, 1, -2727450.5, 406215.0937, 1076283.25, 1.0);
INSERT INTO `region_point` (`region_face_id`, `idx`, `x`, `y`, `z`, `w`) values (969, 2, -2736123.5, 324293.625, 1213952.25, 1.0);
INSERT INTO `region_point` (`region_face_id`, `idx`, `x`, `y`, `z`, `w`) values (969, 3, -2736123.5, 406215.0, 1213952.25, 1.0);
INSERT INTO `region` (`region_id`, `level_name`, `tree`, `on_enter`, `on_exit`, `on_inside`) values (224, 'mtnext', 'water', '', '', '(water water-anim #<entity-actor :name dark-eco-pool-25 @ #x348a204> (swim event))');
INSERT INTO `region_sphere` (`region_id`, `x`, `y`, `z`, `r`) values (224, -2616004.5, 329871.0, -58591.6875, 271348.0);
INSERT INTO `region` (`region_id`, `level_name`, `tree`, `on_enter`, `on_exit`, `on_inside`) values (605, 'mincan', 'target', '(want-load ''mincan ''ctywide ''ctypal #f #f)', '', '');
INSERT INTO `region_face` (`region_face_id`, `region_id`, `kind`, `flags`, `normal_x`, `normal_y`, `normal_z`, `normal_w`, `pos_x`, `pos_y`, `pos_z`, `pos_w`) values (970, 605, 'plane', '', 0.8002, 0.0, 0.5996, -1897901.875, -1964270.5, 123187.5, -543571.6875, 93668.9843);
INSERT INTO `region_point` (`region_face_id`, `idx`, `x`, `y`, `z`, `w`) values (970, 0, -2005915.5, 186040.0, -487991.6875, 1.0);
INSERT INTO `region_point` (`region_face_id`, `idx`, `x`, `y`, `z`, `w`) values (970, 1, -2005915.5, 60335.0, -487991.6875, 1.0);
INSERT INTO `region_point` (`region_face_id`, `idx`, `x`, `y`, `z`, `w`) values (970, 2, -1922625.5, 186040.0, -599151.6875, 1.0);
INSERT INTO `region_point` (`region_face_id`, `idx`, `x`, `y`, `z`, `w`) values (970, 3, -1922625.5, 60335.0, -599151.6875, 1.0);
INSERT INTO `region` (`region_id`, `level_name`, `tree`, `on_enter`, `on_exit`, `on_inside`) values (606, 'mincan', 'target', '(want-load ''mincan ''mountain #f #f)', '', '');
INSERT INTO `region_face` (`region_face_id`, `region_id`, `kind`, `flags`, `normal_x`, `normal_y`, `normal_z`, `normal_w`, `pos_x`, `pos_y`, `pos_z`, `pos_w`) values (971, 606, 'plane', '', -0.8002, 0.0, -0.5996, 1871232.875, -1940701.5, 123187.5, -530551.6875, 93668.9843);
INSERT INTO `region_point` (`region_face_id`, `idx`, `x`, `y`, `z`, `w`) values (971, 0, -1982346.5, 186040.0, -474971.6875, 1.0);
INSERT INTO `region_point` (`region_face_id`, `idx`, `x`, `y`, `z`, `w`) values (971, 1, -1899056.5, 186040.0, -586131.6875, 1.0);
INSERT INTO `region_point` (`region_face_id`, `idx`, `x`, `y`, `z`, `w`) values (971, 2, -1982346.5, 60335.0, -474971.6875, 1.0);
INSERT INTO `region_point` (`region_face_id`, `idx`, `x`, `y`, `z`, `w`) values (971, 3, -1899056.5, 60335.0, -586131.6875, 1.0);
INSERT INTO `region` (`region_id`, `level_name`, `tree`, `on_enter`, `on_exit`, `on_inside`) values (667, 'mincan', 'target', '(when (not (task-closed? "canyon-insert-items-resolution")) (scene-play "canyon-insert-items-res"))', '', '');
INSERT INTO `region_sphere` (`region_id`, `x`, `y`, `z`, `r`) values (667, -2140844.5, 72132.0, -673191.6875, 170730.0);
INSERT INTO `region` (`region_id`, `level_name`, `tree`, `on_enter`, `on_exit`, `on_inside`) values (607, 'mincan', 'camera', '(want-display ''mountain ''display)', '(want-display ''mountain #f)', '');
INSERT INTO `region_face` (`region_face_id`, `region_id`, `kind`, `flags`, `normal_x`, `normal_y`, `normal_z`, `normal_w`, `pos_x`, `pos_y`, `pos_z`, `pos_w`) values (972, 607, 'plane', '', 0.931, 0.0, -0.3649, -1730325.875, -1907387.0, 137047.0, -124711.6875, 91991.789);
INSERT INTO `region_point` (`region_face_id`, `idx`, `x`, `y`, `z`, `w`) values (972, 0, -1925915.5, 213759.0, -171981.6875, 1.0);
INSERT INTO `region_point` (`region_face_id`, `idx`, `x`, `y`, `z`, `w`) values (972, 1, -1888858.5, 213759.0, -77441.6875, 1.0);
INSERT INTO `region_point` (`region_face_id`, `idx`, `x`, `y`, `z`, `w`) values (972, 2, -1925915.5, 60335.0, -171981.6875, 1.0);
INSERT INTO `region_point` (`region_face_id`, `idx`, `x`, `y`, `z`, `w`) values (972, 3, -1888858.5, 60335.0, -77441.6875, 1.0);
INSERT INTO `region` (`region_id`, `level_name`, `tree`, `on_enter`, `on_exit`, `on_inside`) values (604, 'mincan', 'water', '', '', '(water water-anim #<entity-actor :name water-anim-mincan-1 @ #x3481084> (swim wade event))');
INSERT INTO `region_sphere` (`region_id`, `x`, `y`, `z`, `r`) values (604, -2234422.5, 53182.0, -912951.6875, 195006.0);
INSERT INTO `region` (`region_id`, `level_name`, `tree`, `on_enter`, `on_exit`, `on_inside`) values (327, 'forest', 'target', '', '', '(sound-play-loop "forest-stream")');
INSERT INTO `region_sphere` (`region_id`, `x`, `y`, `z`, `r`) values (327, -1486436.25, -831.8759, 3305269.5, 346048.0);
INSERT INTO `region` (`region_id`, `level_name`, `tree`, `on_enter`, `on_exit`, `on_inside`) values (329, 'forest', 'target', '', '', '(sound-play-loop "forest-stream")');
INSERT INTO `region_sphere` (`region_id`, `x`, `y`, `z`, `r`) values (329, -1738281.25, -831.7199, 3056859.75, 346048.0);
INSERT INTO `region` (`region_id`, `level_name`, `tree`, `on_enter`, `on_exit`, `on_inside`) values (330, 'forest', 'target', '', '', '(sound-play-loop "forest-brook")');
INSERT INTO `region_sphere` (`region_id`, `x`, `y`, `z`, `r`) values (330, -2476800.25, -11095.2001, 2856098.5, 121648.0);
INSERT INTO `region` (`region_id`, `level_name`, `tree`, `on_enter`, `on_exit`, `on_inside`) values (435, 'forest', 'target', '(want-load ''mountain ''forest #f #f)', '', '');
INSERT INTO `region_face` (`region_face_id`, `region_id`, `kind`, `flags`, `normal_x`, `normal_y`, `normal_z`, `normal_w`, `pos_x`, `pos_y`, `pos_z`, `pos_w`) values (973, 435, 'plane', '', -0.8875, 0.0, 0.4606, 3465494.75, -2635248.75, 123992.0468, 2445410.0, 93056.2812);
INSERT INTO `region_point` (`region_face_id`, `idx`, `x`, `y`, `z`, `w`) values (973, 0, -2597034.25, 166158.0, 2519038.5, 1.0);
INSERT INTO `region_point` (`region_face_id`, `idx`, `x`, `y`, `z`, `w`) values (973, 1, -2673463.25, 166158.0, 2371781.5, 1.0);
INSERT INTO `region_point` (`region_face_id`, `idx`, `x`, `y`, `z`, `w`) values (973, 2, -2597034.25, 81826.1015, 2519038.5, 1.0);
INSERT INTO `region_point` (`region_face_id`, `idx`, `x`, `y`, `z`, `w`) values (973, 3, -2673463.25, 81826.1015, 2371781.5, 1.0);
INSERT INTO `region` (`region_id`, `level_name`, `tree`, `on_enter`, `on_exit`, `on_inside`) values (436, 'forest', 'target', '(begin (want-load ''forest ''forestb #f #f) (want-sound ''forest1 ''forest2 ''forest3))', '(want-sound ''forest1 ''forest2 ''mount1)', '');
INSERT INTO `region_face` (`region_face_id`, `region_id`, `kind`, `flags`, `normal_x`, `normal_y`, `normal_z`, `normal_w`, `pos_x`, `pos_y`, `pos_z`, `pos_w`) values (974, 436, 'plane', '', -0.3079, 0.0, -0.9513, -1692000.375, -2379389.75, 70739.5, 2548720.5, 241028.4375);
INSERT INTO `region_point` (`region_face_id`, `idx`, `x`, `y`, `z`, `w`) values (974, 0, -2564466.25, 213048.0, 2608634.5, 1.0);
INSERT INTO `region_point` (`region_face_id`, `idx`, `x`, `y`, `z`, `w`) values (974, 1, -2194313.25, 213048.0, 2488806.5, 1.0);
INSERT INTO `region_point` (`region_face_id`, `idx`, `x`, `y`, `z`, `w`) values (974, 2, -2564466.25, -71569.0, 2608634.5, 1.0);
INSERT INTO `region_point` (`region_face_id`, `idx`, `x`, `y`, `z`, `w`) values (974, 3, -2194313.25, -71569.0, 2488806.5, 1.0);
INSERT INTO `region` (`region_id`, `level_name`, `tree`, `on_enter`, `on_exit`, `on_inside`) values (468, 'forest', 'target', '(send-event #<actor-group #<entity-actor :name spyder-54 @ #x2a4ca94> #<entity-actor :name spyder-55 @ #x2a4ce24> #<entity-actor :name spyder-56 @ #x2a4d1b4> @ #x2a3a1b4> ''uncloak)', '', '');
INSERT INTO `region_sphere` (`region_id`, `x`, `y`, `z`, `r`) values (468, -2936827.25, 153607.0, 3466868.5, 122867.0);
INSERT INTO `region` (`region_id`, `level_name`, `tree`, `on_enter`, `on_exit`, `on_inside`) values (469, 'forest', 'target', '(send-event #<actor-group #<entity-actor :name spyder-57 @ #x2a4d544> #<entity-actor :name spyder-58 @ #x2a4d8d4> #<entity-actor :name spyder-59 @ #x2a4dc64> @ #x2a3a1e4> ''uncloak)', '', '');
INSERT INTO `region_sphere` (`region_id`, `x`, `y`, `z`, `r`) values (469, -1682928.25, 53421.8007, 2723606.5, 122867.0);
INSERT INTO `region` (`region_id`, `level_name`, `tree`, `on_enter`, `on_exit`, `on_inside`) values (786, 'forest', 'target', '(when (not (task-closed? "forest-scouts-resolution")) (talker-spawn "ds151"))', '', '');
INSERT INTO `region_sphere` (`region_id`, `x`, `y`, `z`, `r`) values (786, -2334883.75, 126984.0, 2390636.5, 48651.8984);
INSERT INTO `region` (`region_id`, `level_name`, `tree`, `on_enter`, `on_exit`, `on_inside`) values (792, 'forest', 'target', '', '', '(when (and (task-closed? "forest-protect-meeting") (not (task-closed? "forest-protect-resolution"))) (begin (setting-pers string-max-length value (meters 20.0000)) (setting-pers string-min-length value (meters 18.0000)) (setting-pers string-max-height value (meters 10.0000)) (setting-pers string-min-height value (meters 8.0000))))');
INSERT INTO `region_sphere` (`region_id`, `x`, `y`, `z`, `r`) values (792, -2625244.25, 152213.0, 3719092.5, 92139.3984);
INSERT INTO `region` (`region_id`, `level_name`, `tree`, `on_enter`, `on_exit`, `on_inside`) values (334, 'forest', 'camera', '', '', '(sound-play-loop "forest-falls")');
INSERT INTO `region_sphere` (`region_id`, `x`, `y`, `z`, `r`) values (334, -3010380.25, 20338.4003, 2628641.5, 401248.0);
INSERT INTO `region` (`region_id`, `level_name`, `tree`, `on_enter`, `on_exit`, `on_inside`) values (325, 'forest', 'camera', '', '', '(sound-play-loop "forest-amb-1")');
INSERT INTO `region_sphere` (`region_id`, `x`, `y`, `z`, `r`) values (325, -2287001.0, -6561.0, 3212530.5, 1150150.0);
INSERT INTO `region` (`region_id`, `level_name`, `tree`, `on_enter`, `on_exit`, `on_inside`) values (433, 'forest', 'camera', '(begin (want-display ''mountain ''display) (want-sound ''mount1 ''mount2 ''mount3))', '(begin (want-display ''mountain ''special) (want-vis ''forest) (want-sound ''mount1 ''forest1 ''forest2))', '');
INSERT INTO `region_face` (`region_face_id`, `region_id`, `kind`, `flags`, `normal_x`, `normal_y`, `normal_z`, `normal_w`, `pos_x`, `pos_y`, `pos_z`, `pos_w`) values (975, 433, 'plane', '', 0.1511, 0.0, 0.9885, 1786774.625, -2376902.0, 155273.5, 2171019.5, 68990.4843);
INSERT INTO `region_point` (`region_face_id`, `idx`, `x`, `y`, `z`, `w`) values (975, 0, -2425810.0, 203354.0, 2178498.5, 1.0);
INSERT INTO `region_point` (`region_face_id`, `idx`, `x`, `y`, `z`, `w`) values (975, 1, -2425810.0, 107193.0, 2178498.5, 1.0);
INSERT INTO `region_point` (`region_face_id`, `idx`, `x`, `y`, `z`, `w`) values (975, 2, -2327993.75, 203354.0, 2163540.5, 1.0);
INSERT INTO `region_point` (`region_face_id`, `idx`, `x`, `y`, `z`, `w`) values (975, 3, -2327993.75, 107193.0, 2163540.5, 1.0);
INSERT INTO `region` (`region_id`, `level_name`, `tree`, `on_enter`, `on_exit`, `on_inside`) values (434, 'forest', 'camera', '(want-display ''forestb ''display)', '(want-display ''forestb #f)', '');
INSERT INTO `region_face` (`region_face_id`, `region_id`, `kind`, `flags`, `normal_x`, `normal_y`, `normal_z`, `normal_w`, `pos_x`, `pos_y`, `pos_z`, `pos_w`) values (976, 434, 'plane', '', 0.8194, 0.0, -0.5732, -4298199.5, -3026069.25, 154036.0, 3172688.0, 54281.3398);
INSERT INTO `region_point` (`region_face_id`, `idx`, `x`, `y`, `z`, `w`) values (976, 0, -3047792.25, 192898.0, 3141634.5, 1.0);
INSERT INTO `region_point` (`region_face_id`, `idx`, `x`, `y`, `z`, `w`) values (976, 1, -3004346.25, 192898.0, 3203741.5, 1.0);
INSERT INTO `region_point` (`region_face_id`, `idx`, `x`, `y`, `z`, `w`) values (976, 2, -3047792.25, 115174.0, 3141634.5, 1.0);
INSERT INTO `region_point` (`region_face_id`, `idx`, `x`, `y`, `z`, `w`) values (976, 3, -3004346.25, 115174.0, 3203741.5, 1.0);
INSERT INTO `region` (`region_id`, `level_name`, `tree`, `on_enter`, `on_exit`, `on_inside`) values (437, 'forest', 'camera', '(want-display ''mountain ''special)', '(want-display ''mountain #f)', '');
INSERT INTO `region_face` (`region_face_id`, `region_id`, `kind`, `flags`, `normal_x`, `normal_y`, `normal_z`, `normal_w`, `pos_x`, `pos_y`, `pos_z`, `pos_w`) values (977, 437, 'plane', '', -0.999, 0.0, 0.0445, 2582357.5, -2475576.25, 169098.0, 2454280.5, 122881.5937);
INSERT INTO `region_point` (`region_face_id`, `idx`, `x`, `y`, `z`, `w`) values (977, 0, -2480516.25, 221830.0, 2343398.5, 1.0);
INSERT INTO `region_point` (`region_face_id`, `idx`, `x`, `y`, `z`, `w`) values (977, 1, -2480516.25, 116366.0, 2343398.5, 1.0);
INSERT INTO `region_point` (`region_face_id`, `idx`, `x`, `y`, `z`, `w`) values (977, 2, -2470636.25, 221830.0, 2565162.5, 1.0);
INSERT INTO `region_point` (`region_face_id`, `idx`, `x`, `y`, `z`, `w`) values (977, 3, -2470636.25, 116366.0, 2565162.5, 1.0);
INSERT INTO `region` (`region_id`, `level_name`, `tree`, `on_enter`, `on_exit`, `on_inside`) values (748, 'forest', 'camera', '', '', '(setting-pers rain mode ''abs value 0.0000)');
INSERT INTO `region_sphere` (`region_id`, `x`, `y`, `z`, `r`) values (748, -2381660.75, 129283.0, 2220765.5, 290614.0);
INSERT INTO `region` (`region_id`, `level_name`, `tree`, `on_enter`, `on_exit`, `on_inside`) values (749, 'forest', 'camera', '', '', '(setting-pers rain mode ''abs value 0.0000)');
INSERT INTO `region_sphere` (`region_id`, `x`, `y`, `z`, `r`) values (749, -2061229.25, 31002.0, 2578108.5, 182429.0);
INSERT INTO `region` (`region_id`, `level_name`, `tree`, `on_enter`, `on_exit`, `on_inside`) values (750, 'forest', 'camera', '', '', '(setting-pers rain mode ''abs value 0.0000)');
INSERT INTO `region_sphere` (`region_id`, `x`, `y`, `z`, `r`) values (750, -3033640.25, 129129.0, 3193820.5, 200166.0);
INSERT INTO `region` (`region_id`, `level_name`, `tree`, `on_enter`, `on_exit`, `on_inside`) values (298, 'forest', 'water', '', '', '(water ocean 0 (swim wade))');
INSERT INTO `region_sphere` (`region_id`, `x`, `y`, `z`, `r`) values (298, -2397185.75, 10771.9003, 3079833.5, 1396450.0);
INSERT INTO `region` (`region_id`, `level_name`, `tree`, `on_enter`, `on_exit`, `on_inside`) values (508, 'drillmid', 'target', '(begin (send-event "ginsu-54" ''trigger) (send-event "ginsu-55" ''trigger))', '', '');
INSERT INTO `region_face` (`region_face_id`, `region_id`, `kind`, `flags`, `normal_x`, `normal_y`, `normal_z`, `normal_w`, `pos_x`, `pos_y`, `pos_z`, `pos_w`) values (978, 508, 'plane', '', 0.9999, 0.0, -0.0008, -405412.375, -404700.5, 48121.6015, 881497.5, 99526.1875);
INSERT INTO `region_point` (`region_face_id`, `idx`, `x`, `y`, `z`, `w`) values (978, 0, -404625.0, 82294.5, 974973.0, 1.0);
INSERT INTO `region_point` (`region_face_id`, `idx`, `x`, `y`, `z`, `w`) values (978, 1, -404625.0, 13948.7001, 974973.0, 1.0);
INSERT INTO `region_point` (`region_face_id`, `idx`, `x`, `y`, `z`, `w`) values (978, 2, -404776.0, 82294.5, 788022.0, 1.0);
INSERT INTO `region_point` (`region_face_id`, `idx`, `x`, `y`, `z`, `w`) values (978, 3, -404776.0, 13948.7001, 788022.0, 1.0);
INSERT INTO `region` (`region_id`, `level_name`, `tree`, `on_enter`, `on_exit`, `on_inside`) values (510, 'drillmid', 'target', '(begin (send-event "ginsu-20" ''trigger (send-event "ginsu-19" ''trigger)))', '', '');
INSERT INTO `region_face` (`region_face_id`, `region_id`, `kind`, `flags`, `normal_x`, `normal_y`, `normal_z`, `normal_w`, `pos_x`, `pos_y`, `pos_z`, `pos_w`) values (979, 510, 'plane', '', 0.9999, 0.0, -0.0041, -396407.9687, -392721.0, 47332.25, 889332.0, 100005.6171);
INSERT INTO `region_point` (`region_face_id`, `idx`, `x`, `y`, `z`, `w`) values (979, 0, -392331.0, 81505.2031, 983317.0, 1.0);
INSERT INTO `region_point` (`region_face_id`, `idx`, `x`, `y`, `z`, `w`) values (979, 1, -392331.0, 13159.2998, 983317.0, 1.0);
INSERT INTO `region_point` (`region_face_id`, `idx`, `x`, `y`, `z`, `w`) values (979, 2, -393111.0, 81505.2031, 795347.0, 1.0);
INSERT INTO `region_point` (`region_face_id`, `idx`, `x`, `y`, `z`, `w`) values (979, 3, -393111.0, 13159.2998, 795347.0, 1.0);
INSERT INTO `region` (`region_id`, `level_name`, `tree`, `on_enter`, `on_exit`, `on_inside`) values (511, 'drillmid', 'target', '', '(begin (send-event "ginsu-21" ''trigger (send-event "ginsu-51" ''trigger)))', '');
INSERT INTO `region_face` (`region_face_id`, `region_id`, `kind`, `flags`, `normal_x`, `normal_y`, `normal_z`, `normal_w`, `pos_x`, `pos_y`, `pos_z`, `pos_w`) values (980, 511, 'plane', '', 0.9995, 0.0, -0.029, -599288.25, -591349.0, 94369.0, 282085.5, 55352.1523);
INSERT INTO `region_point` (`region_face_id`, `idx`, `x`, `y`, `z`, `w`) values (980, 0, -590085.0, 128542.0, 325611.0, 1.0);
INSERT INTO `region_point` (`region_face_id`, `idx`, `x`, `y`, `z`, `w`) values (980, 1, -590085.0, 60196.0, 325611.0, 1.0);
INSERT INTO `region_point` (`region_face_id`, `idx`, `x`, `y`, `z`, `w`) values (980, 2, -592613.0, 128542.0, 238560.0, 1.0);
INSERT INTO `region_point` (`region_face_id`, `idx`, `x`, `y`, `z`, `w`) values (980, 3, -592613.0, 60196.0, 238560.0, 1.0);
INSERT INTO `region` (`region_id`, `level_name`, `tree`, `on_enter`, `on_exit`, `on_inside`) values (512, 'drillmid', 'target', '', '(begin (send-event "ginsu-22" ''trigger (send-event "ginsu-50" ''trigger)))', '');
INSERT INTO `region_face` (`region_face_id`, `region_id`, `kind`, `flags`, `normal_x`, `normal_y`, `normal_z`, `normal_w`, `pos_x`, `pos_y`, `pos_z`, `pos_w`) values (981, 512, 'plane', '', 0.9995, 0.0, -0.029, -609445.25, -601585.0, 93889.8984, 279516.0, 55352.6093);
INSERT INTO `region_point` (`region_face_id`, `idx`, `x`, `y`, `z`, `w`) values (981, 0, -600321.0, 128063.0, 323042.0, 1.0);
INSERT INTO `region_point` (`region_face_id`, `idx`, `x`, `y`, `z`, `w`) values (981, 1, -600321.0, 59716.8007, 323042.0, 1.0);
INSERT INTO `region_point` (`region_face_id`, `idx`, `x`, `y`, `z`, `w`) values (981, 2, -602849.0, 128063.0, 235990.0, 1.0);
INSERT INTO `region_point` (`region_face_id`, `idx`, `x`, `y`, `z`, `w`) values (981, 3, -602849.0, 59716.8007, 235990.0, 1.0);
INSERT INTO `region` (`region_id`, `level_name`, `tree`, `on_enter`, `on_exit`, `on_inside`) values (513, 'drillmid', 'target', '(begin (send-event "ginsu-17" ''trigger (send-event "ginsu-36" ''trigger)))', '', '');
INSERT INTO `region_face` (`region_face_id`, `region_id`, `kind`, `flags`, `normal_x`, `normal_y`, `normal_z`, `normal_w`, `pos_x`, `pos_y`, `pos_z`, `pos_w`) values (982, 513, 'plane', '', -0.5406, 0.0, 0.8412, 368988.5, 308425.0, 64822.75, 636868.5, 66521.0468);
INSERT INTO `region_point` (`region_face_id`, `idx`, `x`, `y`, `z`, `w`) values (982, 0, 355137.0, 101451.0, 666892.0, 1.0);
INSERT INTO `region_point` (`region_face_id`, `idx`, `x`, `y`, `z`, `w`) values (982, 1, 261713.0, 101451.0, 606845.0, 1.0);
INSERT INTO `region_point` (`region_face_id`, `idx`, `x`, `y`, `z`, `w`) values (982, 2, 355137.0, 28194.5, 666892.0, 1.0);
INSERT INTO `region_point` (`region_face_id`, `idx`, `x`, `y`, `z`, `w`) values (982, 3, 261713.0, 28194.5, 606845.0, 1.0);
INSERT INTO `region` (`region_id`, `level_name`, `tree`, `on_enter`, `on_exit`, `on_inside`) values (514, 'drillmid', 'target', '(begin (send-event "ginsu-18" ''trigger (send-event "ginsu-35" ''trigger)))', '', '');
INSERT INTO `region_face` (`region_face_id`, `region_id`, `kind`, `flags`, `normal_x`, `normal_y`, `normal_z`, `normal_w`, `pos_x`, `pos_y`, `pos_z`, `pos_w`) values (983, 514, 'plane', '', -0.1428, 0.0, 0.9897, 560377.8125, 294480.5, 64890.5, 608678.5, 53309.1484);
INSERT INTO `region_point` (`region_face_id`, `idx`, `x`, `y`, `z`, `w`) values (983, 0, 250370.0, 94141.2968, 602313.0, 1.0);
INSERT INTO `region_point` (`region_face_id`, `idx`, `x`, `y`, `z`, `w`) values (983, 1, 250370.0, 35639.6992, 602313.0, 1.0);
INSERT INTO `region_point` (`region_face_id`, `idx`, `x`, `y`, `z`, `w`) values (983, 2, 338591.0, 94141.2968, 615044.0, 1.0);
INSERT INTO `region_point` (`region_face_id`, `idx`, `x`, `y`, `z`, `w`) values (983, 3, 338591.0, 35639.6992, 615044.0, 1.0);
INSERT INTO `region` (`region_id`, `level_name`, `tree`, `on_enter`, `on_exit`, `on_inside`) values (515, 'drillmid', 'target', '', '', '');
INSERT INTO `region_face` (`region_face_id`, `region_id`, `kind`, `flags`, `normal_x`, `normal_y`, `normal_z`, `normal_w`, `pos_x`, `pos_y`, `pos_z`, `pos_w`) values (984, 515, 'plane', '', -0.009, -0.9999, 0.0021, -101896.0781, -50144.1015, 103034.0, 311188.0, 35614.5);
INSERT INTO `region` (`region_id`, `level_name`, `tree`, `on_enter`, `on_exit`, `on_inside`) values (516, 'drillmid', 'target', '(send-event "wasp-49" ''cue-chase)', '', '');
INSERT INTO `region_face` (`region_face_id`, `region_id`, `kind`, `flags`, `normal_x`, `normal_y`, `normal_z`, `normal_w`, `pos_x`, `pos_y`, `pos_z`, `pos_w`) values (985, 516, 'plane', '', 0.009, 0.9999, -0.002, -6317.3452, -282453.0, -1621.6999, 1032040.0, 35614.5);
INSERT INTO `region` (`region_id`, `level_name`, `tree`, `on_enter`, `on_exit`, `on_inside`) values (534, 'drillmid', 'target', '(send-event "wasp-31" ''shoot)', '', '');
INSERT INTO `region_face` (`region_face_id`, `region_id`, `kind`, `flags`, `normal_x`, `normal_y`, `normal_z`, `normal_w`, `pos_x`, `pos_y`, `pos_z`, `pos_w`) values (986, 534, 'plane', '', -0.9886, 0.0, -0.1503, 394956.6875, -413596.5, 104418.7031, 92712.1484, 100025.414);
INSERT INTO `region_point` (`region_face_id`, `idx`, `x`, `y`, `z`, `w`) values (986, 0, -402230.0, 169911.0, 17968.3007, 1.0);
INSERT INTO `region_point` (`region_face_id`, `idx`, `x`, `y`, `z`, `w`) values (986, 1, -402230.0, 38926.3984, 17968.3007, 1.0);
INSERT INTO `region_point` (`region_face_id`, `idx`, `x`, `y`, `z`, `w`) values (986, 2, -424963.0, 169911.0, 167456.0, 1.0);
INSERT INTO `region_point` (`region_face_id`, `idx`, `x`, `y`, `z`, `w`) values (986, 3, -424963.0, 38926.3984, 167456.0, 1.0);
INSERT INTO `region` (`region_id`, `level_name`, `tree`, `on_enter`, `on_exit`, `on_inside`) values (539, 'drillmid', 'target', '(unless (task-closed? "drill-ship-resolution") (want-continue "drillmid-checkpoint"))', '', '');
INSERT INTO `region_sphere` (`region_id`, `x`, `y`, `z`, `r`) values (539, 845686.0, 50617.1015, -548748.0, 96898.2968);
INSERT INTO `region` (`region_id`, `level_name`, `tree`, `on_enter`, `on_exit`, `on_inside`) values (540, 'drillmid', 'target', '(unless (task-closed? "drill-ship-resolution") (want-continue "drillmid-checkpoint-b"))', '', '');
INSERT INTO `region_sphere` (`region_id`, `x`, `y`, `z`, `r`) values (540, -726920.0, 66465.3984, -837042.0, 56663.0);
INSERT INTO `region` (`region_id`, `level_name`, `tree`, `on_enter`, `on_exit`, `on_inside`) values (614, 'drillmid', 'target', '(send-event "ginsu-16" ''trigger)', '', '');
INSERT INTO `region_face` (`region_face_id`, `region_id`, `kind`, `flags`, `normal_x`, `normal_y`, `normal_z`, `normal_w`, `pos_x`, `pos_y`, `pos_z`, `pos_w`) values (987, 614, 'plane', '', 0.0, -1.0, 0.0, -126104.0, -50819.9921, 126104.0, 327832.0, 57926.1953);
INSERT INTO `region_point` (`region_face_id`, `idx`, `x`, `y`, `z`, `w`) values (987, 0, -91780.0, 126104.0, 286872.0, 1.0);
INSERT INTO `region_point` (`region_face_id`, `idx`, `x`, `y`, `z`, `w`) values (987, 1, -9859.9804, 126104.0, 286872.0, 1.0);
INSERT INTO `region_point` (`region_face_id`, `idx`, `x`, `y`, `z`, `w`) values (987, 2, -91780.0, 126104.0, 368792.0, 1.0);
INSERT INTO `region_point` (`region_face_id`, `idx`, `x`, `y`, `z`, `w`) values (987, 3, -9859.9804, 126104.0, 368792.0, 1.0);
INSERT INTO `region` (`region_id`, `level_name`, `tree`, `on_enter`, `on_exit`, `on_inside`) values (613, 'drillmid', 'target', '(send-event "wasp-57" ''cue-chase)', '', '');
INSERT INTO `region_face` (`region_face_id`, `region_id`, `kind`, `flags`, `normal_x`, `normal_y`, `normal_z`, `normal_w`, `pos_x`, `pos_y`, `pos_z`, `pos_w`) values (988, 613, 'plane', '', 0.0, -1.0, 0.0, -77663.7031, 378426.0, 77663.7031, 508788.0, 57926.1875);
INSERT INTO `region_point` (`region_face_id`, `idx`, `x`, `y`, `z`, `w`) values (988, 0, 337466.0, 77663.7031, 467828.0, 1.0);
INSERT INTO `region_point` (`region_face_id`, `idx`, `x`, `y`, `z`, `w`) values (988, 1, 419386.0, 77663.7031, 467828.0, 1.0);
INSERT INTO `region_point` (`region_face_id`, `idx`, `x`, `y`, `z`, `w`) values (988, 2, 337466.0, 77663.7031, 549748.0, 1.0);
INSERT INTO `region_point` (`region_face_id`, `idx`, `x`, `y`, `z`, `w`) values (988, 3, 419386.0, 77663.7031, 549748.0, 1.0);
INSERT INTO `region` (`region_id`, `level_name`, `tree`, `on_enter`, `on_exit`, `on_inside`) values (615, 'drillmid', 'target', '(send-event "ginsu-15" ''trigger)', '', '');
INSERT INTO `region_face` (`region_face_id`, `region_id`, `kind`, `flags`, `normal_x`, `normal_y`, `normal_z`, `normal_w`, `pos_x`, `pos_y`, `pos_z`, `pos_w`) values (989, 615, 'plane', '', 0.0, -1.0, 0.0, -125957.0, -34094.875, 125957.0, 300124.0, 57926.207);
INSERT INTO `region_point` (`region_face_id`, `idx`, `x`, `y`, `z`, `w`) values (989, 0, -75054.8984, 125957.0, 259164.0, 1.0);
INSERT INTO `region_point` (`region_face_id`, `idx`, `x`, `y`, `z`, `w`) values (989, 1, 6865.1499, 125957.0, 259164.0, 1.0);
INSERT INTO `region_point` (`region_face_id`, `idx`, `x`, `y`, `z`, `w`) values (989, 2, -75054.8984, 125957.0, 341084.0, 1.0);
INSERT INTO `region_point` (`region_face_id`, `idx`, `x`, `y`, `z`, `w`) values (989, 3, 6865.1499, 125957.0, 341084.0, 1.0);
INSERT INTO `region` (`region_id`, `level_name`, `tree`, `on_enter`, `on_exit`, `on_inside`) values (814, 'drillmid', 'target', '', '', '(setting-pers pilot-exit mode #f)');
INSERT INTO `region_face` (`region_face_id`, `region_id`, `kind`, `flags`, `normal_x`, `normal_y`, `normal_z`, `normal_w`, `pos_x`, `pos_y`, `pos_z`, `pos_w`) values (990, 814, 'face', '', -0.0226, 0.0, 0.9997, 861824.5, -437864.0, -1351.8515, 852140.0, 72615.2343);
INSERT INTO `region_point` (`region_face_id`, `idx`, `x`, `y`, `z`, `w`) values (990, 0, -492680.0, -48961.1015, 850900.0, 1.0);
INSERT INTO `region_point` (`region_face_id`, `idx`, `x`, `y`, `z`, `w`) values (990, 1, -383048.0, -48961.1015, 853380.0, 1.0);
INSERT INTO `region_point` (`region_face_id`, `idx`, `x`, `y`, `z`, `w`) values (990, 2, -492680.0, 46257.3984, 850900.0, 1.0);
INSERT INTO `region_point` (`region_face_id`, `idx`, `x`, `y`, `z`, `w`) values (990, 3, -383048.0, 46257.3984, 853380.0, 1.0);
INSERT INTO `region_face` (`region_face_id`, `region_id`, `kind`, `flags`, `normal_x`, `normal_y`, `normal_z`, `normal_w`, `pos_x`, `pos_y`, `pos_z`, `pos_w`) values (991, 814, 'face', '', 0.9999, 0.0, -0.0036, -386196.7812, -383113.0, -1350.1503, 835778.5, 50760.414);
INSERT INTO `region_point` (`region_face_id`, `idx`, `x`, `y`, `z`, `w`) values (991, 0, -383178.0, -48961.1015, 818177.0, 1.0);
INSERT INTO `region_point` (`region_face_id`, `idx`, `x`, `y`, `z`, `w`) values (991, 1, -383178.0, 46260.8007, 818177.0, 1.0);
INSERT INTO `region_point` (`region_face_id`, `idx`, `x`, `y`, `z`, `w`) values (991, 2, -383048.0, -48961.1015, 853380.0, 1.0);
INSERT INTO `region_point` (`region_face_id`, `idx`, `x`, `y`, `z`, `w`) values (991, 3, -383048.0, 46257.3984, 853380.0, 1.0);
INSERT INTO `region_face` (`region_face_id`, `region_id`, `kind`, `flags`, `normal_x`, `normal_y`, `normal_z`, `normal_w`, `pos_x`, `pos_y`, `pos_z`, `pos_w`) values (992, 814, 'face', '', -0.0, 1.0, 0.0, 46340.7226, -437929.5, 46259.0976, 834538.5, 58025.6953);
INSERT INTO `region_point` (`region_face_id`, `idx`, `x`, `y`, `z`, `w`) values (992, 0, -492811.0, 46260.8007, 815697.0, 1.0);
INSERT INTO `region_point` (`region_face_id`, `idx`, `x`, `y`, `z`, `w`) values (992, 1, -492680.0, 46257.3984, 850900.0, 1.0);
INSERT INTO `region_point` (`region_face_id`, `idx`, `x`, `y`, `z`, `w`) values (992, 2, -383178.0, 46260.8007, 818177.0, 1.0);
INSERT INTO `region_point` (`region_face_id`, `idx`, `x`, `y`, `z`, `w`) values (992, 3, -383048.0, 46257.3984, 853380.0, 1.0);
INSERT INTO `region_face` (`region_face_id`, `region_id`, `kind`, `flags`, `normal_x`, `normal_y`, `normal_z`, `normal_w`, `pos_x`, `pos_y`, `pos_z`, `pos_w`) values (993, 814, 'face', '', 0.0, -1.0, 0.0, 48961.1015, -437929.5, -48961.1015, 834538.5, 58025.6953);
INSERT INTO `region_point` (`region_face_id`, `idx`, `x`, `y`, `z`, `w`) values (993, 0, -492811.0, -48961.1015, 815697.0, 1.0);
INSERT INTO `region_point` (`region_face_id`, `idx`, `x`, `y`, `z`, `w`) values (993, 1, -383178.0, -48961.1015, 818177.0, 1.0);
INSERT INTO `region_point` (`region_face_id`, `idx`, `x`, `y`, `z`, `w`) values (993, 2, -492680.0, -48961.1015, 850900.0, 1.0);
INSERT INTO `region_point` (`region_face_id`, `idx`, `x`, `y`, `z`, `w`) values (993, 3, -383048.0, -48961.1015, 853380.0, 1.0);
INSERT INTO `region_face` (`region_face_id`, `region_id`, `kind`, `flags`, `normal_x`, `normal_y`, `normal_z`, `normal_w`, `pos_x`, `pos_y`, `pos_z`, `pos_w`) values (994, 814, 'face', '', 0.0226, 0.0, -0.9997, -826633.375, -437994.5, -1350.1503, 816937.0, 72616.7265);
INSERT INTO `region_point` (`region_face_id`, `idx`, `x`, `y`, `z`, `w`) values (994, 0, -492811.0, -48961.1015, 815697.0, 1.0);
INSERT INTO `region_point` (`region_face_id`, `idx`, `x`, `y`, `z`, `w`) values (994, 1, -492811.0, 46260.8007, 815697.0, 1.0);
INSERT INTO `region_point` (`region_face_id`, `idx`, `x`, `y`, `z`, `w`) values (994, 2, -383178.0, -48961.1015, 818177.0, 1.0);
INSERT INTO `region_point` (`region_face_id`, `idx`, `x`, `y`, `z`, `w`) values (994, 3, -383178.0, 46260.8007, 818177.0, 1.0);
INSERT INTO `region_face` (`region_face_id`, `region_id`, `kind`, `flags`, `normal_x`, `normal_y`, `normal_z`, `normal_w`, `pos_x`, `pos_y`, `pos_z`, `pos_w`) values (995, 814, 'face', '', -0.9999, 0.0, 0.0037, 495843.0, -492745.5, -1350.1503, 833298.5, 50760.414);
INSERT INTO `region_point` (`region_face_id`, `idx`, `x`, `y`, `z`, `w`) values (995, 0, -492811.0, -48961.1015, 815697.0, 1.0);
INSERT INTO `region_point` (`region_face_id`, `idx`, `x`, `y`, `z`, `w`) values (995, 1, -492680.0, -48961.1015, 850900.0, 1.0);
INSERT INTO `region_point` (`region_face_id`, `idx`, `x`, `y`, `z`, `w`) values (995, 2, -492811.0, 46260.8007, 815697.0, 1.0);
INSERT INTO `region_point` (`region_face_id`, `idx`, `x`, `y`, `z`, `w`) values (995, 3, -492680.0, 46257.3984, 850900.0, 1.0);
INSERT INTO `region` (`region_id`, `level_name`, `tree`, `on_enter`, `on_exit`, `on_inside`) values (764, 'drillmid', 'target', '(unless (task-closed? "drill-ship-resolution") (want-continue "drillmid-checkpoint-c"))', '', '');
INSERT INTO `region_sphere` (`region_id`, `x`, `y`, `z`, `r`) values (764, -613009.0, 104041.0, -749094.0, 39760.3007);
INSERT INTO `region` (`region_id`, `level_name`, `tree`, `on_enter`, `on_exit`, `on_inside`) values (789, 'drillmid', 'target', '(send-event "wasp-31" ''trigger)', '', '');
INSERT INTO `region_face` (`region_face_id`, `region_id`, `kind`, `flags`, `normal_x`, `normal_y`, `normal_z`, `normal_w`, `pos_x`, `pos_y`, `pos_z`, `pos_w`) values (996, 789, 'plane', '', -0.001, 0.0, 0.9999, 262267.3125, -478815.0, 104418.7031, 261750.5, 78897.4296);
INSERT INTO `region_point` (`region_face_id`, `idx`, `x`, `y`, `z`, `w`) values (996, 0, -522810.0, 169911.0, 261703.0, 1.0);
INSERT INTO `region_point` (`region_face_id`, `idx`, `x`, `y`, `z`, `w`) values (996, 1, -522810.0, 38926.3984, 261703.0, 1.0);
INSERT INTO `region_point` (`region_face_id`, `idx`, `x`, `y`, `z`, `w`) values (996, 2, -434820.0, 169911.0, 261798.0, 1.0);
INSERT INTO `region_point` (`region_face_id`, `idx`, `x`, `y`, `z`, `w`) values (996, 3, -434820.0, 38926.3984, 261798.0, 1.0);
INSERT INTO `region` (`region_id`, `level_name`, `tree`, `on_enter`, `on_exit`, `on_inside`) values (809, 'drillmid', 'target', '', '', '(setting-pers pilot-exit mode #f)');
INSERT INTO `region_face` (`region_face_id`, `region_id`, `kind`, `flags`, `normal_x`, `normal_y`, `normal_z`, `normal_w`, `pos_x`, `pos_y`, `pos_z`, `pos_w`) values (997, 809, 'face', '', 0.0, -1.0, 0.0, 1250460.0, -93793.4531, -1250460.0, 901919.0, 57926.582);
INSERT INTO `region_point` (`region_face_id`, `idx`, `x`, `y`, `z`, `w`) values (997, 0, -134754.0, -1250460.0, 860959.0, 1.0);
INSERT INTO `region_point` (`region_face_id`, `idx`, `x`, `y`, `z`, `w`) values (997, 1, -52832.8984, -1250460.0, 860959.0, 1.0);
INSERT INTO `region_point` (`region_face_id`, `idx`, `x`, `y`, `z`, `w`) values (997, 2, -134754.0, -1250460.0, 942879.0, 1.0);
INSERT INTO `region_point` (`region_face_id`, `idx`, `x`, `y`, `z`, `w`) values (997, 3, -52832.8984, -1250460.0, 942879.0, 1.0);
INSERT INTO `region_face` (`region_face_id`, `region_id`, `kind`, `flags`, `normal_x`, `normal_y`, `normal_z`, `normal_w`, `pos_x`, `pos_y`, `pos_z`, `pos_w`) values (998, 809, 'face', '', -0.9998, -0.0189, 0.0, 158415.3593, -147595.5, -572624.5, 896963.5, 679510.1875);
INSERT INTO `region_point` (`region_face_id`, `idx`, `x`, `y`, `z`, `w`) values (998, 0, -134754.0, -1250460.0, 860959.0, 1.0);
INSERT INTO `region_point` (`region_face_id`, `idx`, `x`, `y`, `z`, `w`) values (998, 1, -134754.0, -1250460.0, 942879.0, 1.0);
INSERT INTO `region_point` (`region_face_id`, `idx`, `x`, `y`, `z`, `w`) values (998, 2, -160437.0, 105211.0, 851048.0, 1.0);
INSERT INTO `region_point` (`region_face_id`, `idx`, `x`, `y`, `z`, `w`) values (998, 3, -160437.0, 105211.0, 932968.0, 1.0);
INSERT INTO `region_face` (`region_face_id`, `region_id`, `kind`, `flags`, `normal_x`, `normal_y`, `normal_z`, `normal_w`, `pos_x`, `pos_y`, `pos_z`, `pos_w`) values (999, 809, 'face', '', 0.0, -0.0073, -0.9999, -851794.4375, -106634.9453, -572624.5, 856003.5, 679985.4375);
INSERT INTO `region_point` (`region_face_id`, `idx`, `x`, `y`, `z`, `w`) values (999, 0, -134754.0, -1250460.0, 860959.0, 1.0);
INSERT INTO `region_point` (`region_face_id`, `idx`, `x`, `y`, `z`, `w`) values (999, 1, -160437.0, 105211.0, 851048.0, 1.0);
INSERT INTO `region_point` (`region_face_id`, `idx`, `x`, `y`, `z`, `w`) values (999, 2, -52832.8984, -1250460.0, 860959.0, 1.0);
INSERT INTO `region_point` (`region_face_id`, `idx`, `x`, `y`, `z`, `w`) values (999, 3, -78516.8984, 105211.0, 851048.0, 1.0);
INSERT INTO `region_face` (`region_face_id`, `region_id`, `kind`, `flags`, `normal_x`, `normal_y`, `normal_z`, `normal_w`, `pos_x`, `pos_y`, `pos_z`, `pos_w`) values (1000, 809, 'face', '', 0.0, 0.0073, 0.9999, 933712.25, -106634.9531, -572624.5, 937923.5, 679985.4375);
INSERT INTO `region_point` (`region_face_id`, `idx`, `x`, `y`, `z`, `w`) values (1000, 0, -134754.0, -1250460.0, 942879.0, 1.0);
INSERT INTO `region_point` (`region_face_id`, `idx`, `x`, `y`, `z`, `w`) values (1000, 1, -52832.8984, -1250460.0, 942879.0, 1.0);
INSERT INTO `region_point` (`region_face_id`, `idx`, `x`, `y`, `z`, `w`) values (1000, 2, -160437.0, 105211.0, 932968.0, 1.0);
INSERT INTO `region_point` (`region_face_id`, `idx`, `x`, `y`, `z`, `w`) values (1000, 3, -78516.8984, 105211.0, 932968.0, 1.0);
INSERT INTO `region_face` (`region_face_id`, `region_id`, `kind`, `flags`, `normal_x`, `normal_y`, `normal_z`, `normal_w`, `pos_x`, `pos_y`, `pos_z`, `pos_w`) values (1001, 809, 'face', '', 0.0, 1.0, 0.0, 105211.0, -119476.9531, 105211.0, 892008.0, 57926.2265);
INSERT INTO `region_point` (`region_face_id`, `idx`, `x`, `y`, `z`, `w`) values (1001, 0, -160437.0, 105211.0, 851048.0, 1.0);
INSERT INTO `region_point` (`region_face_id`, `idx`, `x`, `y`, `z`, `w`) values (1001, 1, -160437.0, 105211.0, 932968.0, 1.0);
INSERT INTO `region_point` (`region_face_id`, `idx`, `x`, `y`, `z`, `w`) values (1001, 2, -78516.8984, 105211.0, 851048.0, 1.0);
INSERT INTO `region_point` (`region_face_id`, `idx`, `x`, `y`, `z`, `w`) values (1001, 3, -78516.8984, 105211.0, 932968.0, 1.0);
INSERT INTO `region_face` (`region_face_id`, `region_id`, `kind`, `flags`, `normal_x`, `normal_y`, `normal_z`, `normal_w`, `pos_x`, `pos_y`, `pos_z`, `pos_w`) values (1002, 809, 'face', '', 0.9998, 0.0189, 0.0, -76509.8828, -65674.8984, -572624.5, 896963.5, 679510.1875);
INSERT INTO `region_point` (`region_face_id`, `idx`, `x`, `y`, `z`, `w`) values (1002, 0, -52832.8984, -1250460.0, 860959.0, 1.0);
INSERT INTO `region_point` (`region_face_id`, `idx`, `x`, `y`, `z`, `w`) values (1002, 1, -78516.8984, 105211.0, 851048.0, 1.0);
INSERT INTO `region_point` (`region_face_id`, `idx`, `x`, `y`, `z`, `w`) values (1002, 2, -52832.8984, -1250460.0, 942879.0, 1.0);
INSERT INTO `region_point` (`region_face_id`, `idx`, `x`, `y`, `z`, `w`) values (1002, 3, -78516.8984, 105211.0, 932968.0, 1.0);
INSERT INTO `region` (`region_id`, `level_name`, `tree`, `on_enter`, `on_exit`, `on_inside`) values (810, 'drillmid', 'target', '', '', '(begin (setting-pers pilot-exit mode #f) (when (not (entity-status? "drill-elevator-doors-1" subtask-complete)) (setting-pers ambient-volume mode ''rel value 0.0000)))');
INSERT INTO `region_face` (`region_face_id`, `region_id`, `kind`, `flags`, `normal_x`, `normal_y`, `normal_z`, `normal_w`, `pos_x`, `pos_y`, `pos_z`, `pos_w`) values (1003, 810, 'face', '', -1.0, 0.0, 0.0, -470523.0, 470523.0, 185129.5, -410641.0, 317643.4687);
INSERT INTO `region_point` (`region_face_id`, `idx`, `x`, `y`, `z`, `w`) values (1003, 0, 470523.0, -129862.0, -451601.0, 1.0);
INSERT INTO `region_point` (`region_face_id`, `idx`, `x`, `y`, `z`, `w`) values (1003, 1, 470523.0, -129862.0, -369681.0, 1.0);
INSERT INTO `region_point` (`region_face_id`, `idx`, `x`, `y`, `z`, `w`) values (1003, 2, 470523.0, 500121.0, -451601.0, 1.0);
INSERT INTO `region_point` (`region_face_id`, `idx`, `x`, `y`, `z`, `w`) values (1003, 3, 470523.0, 500121.0, -369681.0, 1.0);
INSERT INTO `region_face` (`region_face_id`, `region_id`, `kind`, `flags`, `normal_x`, `normal_y`, `normal_z`, `normal_w`, `pos_x`, `pos_y`, `pos_z`, `pos_w`) values (1004, 810, 'face', '', 0.0, 1.0, 0.0, 500121.0, 511481.5, 500121.0, -410641.0, 57925.125);
INSERT INTO `region_point` (`region_face_id`, `idx`, `x`, `y`, `z`, `w`) values (1004, 0, 470523.0, 500121.0, -451601.0, 1.0);
INSERT INTO `region_point` (`region_face_id`, `idx`, `x`, `y`, `z`, `w`) values (1004, 1, 470523.0, 500121.0, -369681.0, 1.0);
INSERT INTO `region_point` (`region_face_id`, `idx`, `x`, `y`, `z`, `w`) values (1004, 2, 552440.0, 500121.0, -451601.0, 1.0);
INSERT INTO `region_point` (`region_face_id`, `idx`, `x`, `y`, `z`, `w`) values (1004, 3, 552440.0, 500121.0, -369681.0, 1.0);
INSERT INTO `region_face` (`region_face_id`, `region_id`, `kind`, `flags`, `normal_x`, `normal_y`, `normal_z`, `normal_w`, `pos_x`, `pos_y`, `pos_z`, `pos_w`) values (1005, 810, 'face', '', 0.0, 0.0, -1.0, 451601.0, 511481.5, 185129.5, -451601.0, 317643.25);
INSERT INTO `region_point` (`region_face_id`, `idx`, `x`, `y`, `z`, `w`) values (1005, 0, 470523.0, -129862.0, -451601.0, 1.0);
INSERT INTO `region_point` (`region_face_id`, `idx`, `x`, `y`, `z`, `w`) values (1005, 1, 470523.0, 500121.0, -451601.0, 1.0);
INSERT INTO `region_point` (`region_face_id`, `idx`, `x`, `y`, `z`, `w`) values (1005, 2, 552440.0, -129862.0, -451601.0, 1.0);
INSERT INTO `region_point` (`region_face_id`, `idx`, `x`, `y`, `z`, `w`) values (1005, 3, 552440.0, 500121.0, -451601.0, 1.0);
INSERT INTO `region_face` (`region_face_id`, `region_id`, `kind`, `flags`, `normal_x`, `normal_y`, `normal_z`, `normal_w`, `pos_x`, `pos_y`, `pos_z`, `pos_w`) values (1006, 810, 'face', '', 0.0, 0.0, 1.0, -369681.0, 511481.5, 185129.5, -369681.0, 317643.25);
INSERT INTO `region_point` (`region_face_id`, `idx`, `x`, `y`, `z`, `w`) values (1006, 0, 470523.0, -129862.0, -369681.0, 1.0);
INSERT INTO `region_point` (`region_face_id`, `idx`, `x`, `y`, `z`, `w`) values (1006, 1, 552440.0, -129862.0, -369681.0, 1.0);
INSERT INTO `region_point` (`region_face_id`, `idx`, `x`, `y`, `z`, `w`) values (1006, 2, 470523.0, 500121.0, -369681.0, 1.0);
INSERT INTO `region_point` (`region_face_id`, `idx`, `x`, `y`, `z`, `w`) values (1006, 3, 552440.0, 500121.0, -369681.0, 1.0);
INSERT INTO `region_face` (`region_face_id`, `region_id`, `kind`, `flags`, `normal_x`, `normal_y`, `normal_z`, `normal_w`, `pos_x`, `pos_y`, `pos_z`, `pos_w`) values (1007, 810, 'face', '', 0.0, -1.0, 0.0, 129862.0, 511481.5, -129862.0, -410641.0, 57925.125);
INSERT INTO `region_point` (`region_face_id`, `idx`, `x`, `y`, `z`, `w`) values (1007, 0, 470523.0, -129862.0, -451601.0, 1.0);
INSERT INTO `region_point` (`region_face_id`, `idx`, `x`, `y`, `z`, `w`) values (1007, 1, 552440.0, -129862.0, -451601.0, 1.0);
INSERT INTO `region_point` (`region_face_id`, `idx`, `x`, `y`, `z`, `w`) values (1007, 2, 470523.0, -129862.0, -369681.0, 1.0);
INSERT INTO `region_point` (`region_face_id`, `idx`, `x`, `y`, `z`, `w`) values (1007, 3, 552440.0, -129862.0, -369681.0, 1.0);
INSERT INTO `region_face` (`region_face_id`, `region_id`, `kind`, `flags`, `normal_x`, `normal_y`, `normal_z`, `normal_w`, `pos_x`, `pos_y`, `pos_z`, `pos_w`) values (1008, 810, 'face', '', 1.0, 0.0, 0.0, 552440.0, 552440.0, 185129.5, -410641.0, 317643.4687);
INSERT INTO `region_point` (`region_face_id`, `idx`, `x`, `y`, `z`, `w`) values (1008, 0, 552440.0, -129862.0, -451601.0, 1.0);
INSERT INTO `region_point` (`region_face_id`, `idx`, `x`, `y`, `z`, `w`) values (1008, 1, 552440.0, 500121.0, -451601.0, 1.0);
INSERT INTO `region_point` (`region_face_id`, `idx`, `x`, `y`, `z`, `w`) values (1008, 2, 552440.0, -129862.0, -369681.0, 1.0);
INSERT INTO `region_point` (`region_face_id`, `idx`, `x`, `y`, `z`, `w`) values (1008, 3, 552440.0, 500121.0, -369681.0, 1.0);
INSERT INTO `region` (`region_id`, `level_name`, `tree`, `on_enter`, `on_exit`, `on_inside`) values (817, 'drillmid', 'target', '(want-continue "drillmid-ship-warp")', '', '');
INSERT INTO `region_sphere` (`region_id`, `x`, `y`, `z`, `r`) values (817, 690105.0, 98347.0, -753335.0, 49814.3984);
INSERT INTO `region` (`region_id`, `level_name`, `tree`, `on_enter`, `on_exit`, `on_inside`) values (823, 'drillmid', 'target', '', '', '(setting-pers string-max-height value (meters 1.0000))');
INSERT INTO `region_face` (`region_face_id`, `region_id`, `kind`, `flags`, `normal_x`, `normal_y`, `normal_z`, `normal_w`, `pos_x`, `pos_y`, `pos_z`, `pos_w`) values (1009, 823, 'face', '', 0.0, 0.0, 1.0, 930320.0, -164648.9531, 62766.1484, 930320.0, 80325.039);
INSERT INTO `region_point` (`region_face_id`, `idx`, `x`, `y`, `z`, `w`) values (1009, 0, -233746.0, 21806.3007, 930320.0, 1.0);
INSERT INTO `region_point` (`region_face_id`, `idx`, `x`, `y`, `z`, `w`) values (1009, 1, -95551.8984, 21806.3007, 930320.0, 1.0);
INSERT INTO `region_point` (`region_face_id`, `idx`, `x`, `y`, `z`, `w`) values (1009, 2, -233746.0, 103726.0, 930320.0, 1.0);
INSERT INTO `region_point` (`region_face_id`, `idx`, `x`, `y`, `z`, `w`) values (1009, 3, -95551.8984, 103726.0, 930320.0, 1.0);
INSERT INTO `region_face` (`region_face_id`, `region_id`, `kind`, `flags`, `normal_x`, `normal_y`, `normal_z`, `normal_w`, `pos_x`, `pos_y`, `pos_z`, `pos_w`) values (1010, 823, 'face', '', 1.0, 0.0, 0.0, -95551.8984, -95551.8984, 62766.1484, 889360.0, 57926.082);
INSERT INTO `region_point` (`region_face_id`, `idx`, `x`, `y`, `z`, `w`) values (1010, 0, -95551.8984, 21806.3007, 848400.0, 1.0);
INSERT INTO `region_point` (`region_face_id`, `idx`, `x`, `y`, `z`, `w`) values (1010, 1, -95551.8984, 103726.0, 848400.0, 1.0);
INSERT INTO `region_point` (`region_face_id`, `idx`, `x`, `y`, `z`, `w`) values (1010, 2, -95551.8984, 21806.3007, 930320.0, 1.0);
INSERT INTO `region_point` (`region_face_id`, `idx`, `x`, `y`, `z`, `w`) values (1010, 3, -95551.8984, 103726.0, 930320.0, 1.0);
INSERT INTO `region_face` (`region_face_id`, `region_id`, `kind`, `flags`, `normal_x`, `normal_y`, `normal_z`, `normal_w`, `pos_x`, `pos_y`, `pos_z`, `pos_w`) values (1011, 823, 'face', '', 0.0, 1.0, 0.0, 103726.0, -164648.9531, 103726.0, 889360.0, 80325.1171);
INSERT INTO `region_point` (`region_face_id`, `idx`, `x`, `y`, `z`, `w`) values (1011, 0, -233746.0, 103726.0, 848400.0, 1.0);
INSERT INTO `region_point` (`region_face_id`, `idx`, `x`, `y`, `z`, `w`) values (1011, 1, -233746.0, 103726.0, 930320.0, 1.0);
INSERT INTO `region_point` (`region_face_id`, `idx`, `x`, `y`, `z`, `w`) values (1011, 2, -95551.8984, 103726.0, 848400.0, 1.0);
INSERT INTO `region_point` (`region_face_id`, `idx`, `x`, `y`, `z`, `w`) values (1011, 3, -95551.8984, 103726.0, 930320.0, 1.0);
INSERT INTO `region_face` (`region_face_id`, `region_id`, `kind`, `flags`, `normal_x`, `normal_y`, `normal_z`, `normal_w`, `pos_x`, `pos_y`, `pos_z`, `pos_w`) values (1012, 823, 'face', '', 0.0, -1.0, 0.0, -21806.3007, -164648.9531, 21806.3007, 889360.0, 80325.1171);
INSERT INTO `region_point` (`region_face_id`, `idx`, `x`, `y`, `z`, `w`) values (1012, 0, -233746.0, 21806.3007, 848400.0, 1.0);
INSERT INTO `region_point` (`region_face_id`, `idx`, `x`, `y`, `z`, `w`) values (1012, 1, -95551.8984, 21806.3007, 848400.0, 1.0);
INSERT INTO `region_point` (`region_face_id`, `idx`, `x`, `y`, `z`, `w`) values (1012, 2, -233746.0, 21806.3007, 930320.0, 1.0);
INSERT INTO `region_point` (`region_face_id`, `idx`, `x`, `y`, `z`, `w`) values (1012, 3, -95551.8984, 21806.3007, 930320.0, 1.0);
INSERT INTO `region_face` (`region_face_id`, `region_id`, `kind`, `flags`, `normal_x`, `normal_y`, `normal_z`, `normal_w`, `pos_x`, `pos_y`, `pos_z`, `pos_w`) values (1013, 823, 'face', '', 0.0, 0.0, -1.0, -848400.0, -164648.9531, 62766.1484, 848400.0, 80325.039);
INSERT INTO `region_point` (`region_face_id`, `idx`, `x`, `y`, `z`, `w`) values (1013, 0, -233746.0, 21806.3007, 848400.0, 1.0);
INSERT INTO `region_point` (`region_face_id`, `idx`, `x`, `y`, `z`, `w`) values (1013, 1, -233746.0, 103726.0, 848400.0, 1.0);
INSERT INTO `region_point` (`region_face_id`, `idx`, `x`, `y`, `z`, `w`) values (1013, 2, -95551.8984, 21806.3007, 848400.0, 1.0);
INSERT INTO `region_point` (`region_face_id`, `idx`, `x`, `y`, `z`, `w`) values (1013, 3, -95551.8984, 103726.0, 848400.0, 1.0);
INSERT INTO `region_face` (`region_face_id`, `region_id`, `kind`, `flags`, `normal_x`, `normal_y`, `normal_z`, `normal_w`, `pos_x`, `pos_y`, `pos_z`, `pos_w`) values (1014, 823, 'face', '', -1.0, 0.0, 0.0, 233746.0, -233746.0, 62766.1484, 889360.0, 57926.082);
INSERT INTO `region_point` (`region_face_id`, `idx`, `x`, `y`, `z`, `w`) values (1014, 0, -233746.0, 21806.3007, 848400.0, 1.0);
INSERT INTO `region_point` (`region_face_id`, `idx`, `x`, `y`, `z`, `w`) values (1014, 1, -233746.0, 21806.3007, 930320.0, 1.0);
INSERT INTO `region_point` (`region_face_id`, `idx`, `x`, `y`, `z`, `w`) values (1014, 2, -233746.0, 103726.0, 848400.0, 1.0);
INSERT INTO `region_point` (`region_face_id`, `idx`, `x`, `y`, `z`, `w`) values (1014, 3, -233746.0, 103726.0, 930320.0, 1.0);
INSERT INTO `region` (`region_id`, `level_name`, `tree`, `on_enter`, `on_exit`, `on_inside`) values (827, 'drillmid', 'target', '(send-event *task-manager* ''hud-cpanel #t)', '(send-event *task-manager* ''hud-cpanel #f)', '');
INSERT INTO `region_face` (`region_face_id`, `region_id`, `kind`, `flags`, `normal_x`, `normal_y`, `normal_z`, `normal_w`, `pos_x`, `pos_y`, `pos_z`, `pos_w`) values (1015, 827, 'plane', '', -0.9999, 0.0, 0.0075, 250161.9843, -243489.0, 57034.8007, 883103.5, 35171.6523);
INSERT INTO `region_point` (`region_face_id`, `idx`, `x`, `y`, `z`, `w`) values (1015, 0, -243653.0, 84729.1015, 861423.0, 1.0);
INSERT INTO `region_point` (`region_face_id`, `idx`, `x`, `y`, `z`, `w`) values (1015, 1, -243653.0, 29340.5, 861423.0, 1.0);
INSERT INTO `region_point` (`region_face_id`, `idx`, `x`, `y`, `z`, `w`) values (1015, 2, -243325.0, 84729.1015, 904784.0, 1.0);
INSERT INTO `region_point` (`region_face_id`, `idx`, `x`, `y`, `z`, `w`) values (1015, 3, -243325.0, 29340.5, 904784.0, 1.0);
INSERT INTO `region` (`region_id`, `level_name`, `tree`, `on_enter`, `on_exit`, `on_inside`) values (831, 'drillmid', 'target', '(want-load ''drillmid ''drillb ''drillmtn)', '(want-load ''drillmid ''drill ''drillmtn)', '');
INSERT INTO `region_face` (`region_face_id`, `region_id`, `kind`, `flags`, `normal_x`, `normal_y`, `normal_z`, `normal_w`, `pos_x`, `pos_y`, `pos_z`, `pos_w`) values (1016, 831, 'plane', '', 0.0, 1.0, 0.0, -42674.1015, -125580.9531, -42674.1015, 886130.0, 57926.2265);
INSERT INTO `region_point` (`region_face_id`, `idx`, `x`, `y`, `z`, `w`) values (1016, 0, -166541.0, -42674.1015, 845170.0, 1.0);
INSERT INTO `region_point` (`region_face_id`, `idx`, `x`, `y`, `z`, `w`) values (1016, 1, -166541.0, -42674.1015, 927090.0, 1.0);
INSERT INTO `region_point` (`region_face_id`, `idx`, `x`, `y`, `z`, `w`) values (1016, 2, -84620.8984, -42674.1015, 845170.0, 1.0);
INSERT INTO `region_point` (`region_face_id`, `idx`, `x`, `y`, `z`, `w`) values (1016, 3, -84620.8984, -42674.1015, 927090.0, 1.0);
INSERT INTO `region` (`region_id`, `level_name`, `tree`, `on_enter`, `on_exit`, `on_inside`) values (868, 'drillmid', 'target', '', '', '(sound-play-loop "drill-amb1")');
INSERT INTO `region_sphere` (`region_id`, `x`, `y`, `z`, `r`) values (868, 106609.0, -796534.0, 109678.0, 1536680.0);
INSERT INTO `region` (`region_id`, `level_name`, `tree`, `on_enter`, `on_exit`, `on_inside`) values (843, 'drillmid', 'target', '', '', '(sound-play-loop "drill-wind")');
INSERT INTO `region_face` (`region_face_id`, `region_id`, `kind`, `flags`, `normal_x`, `normal_y`, `normal_z`, `normal_w`, `pos_x`, `pos_y`, `pos_z`, `pos_w`) values (1017, 843, 'face', '', -0.0, -1.0, 0.0, 281565.25, 397273.5625, -281552.0, 789238.5, 489246.7812);
INSERT INTO `region_point` (`region_face_id`, `idx`, `x`, `y`, `z`, `w`) values (1017, 0, -59326.3007, -281553.0, 645207.0, 1.0);
INSERT INTO `region_point` (`region_face_id`, `idx`, `x`, `y`, `z`, `w`) values (1017, 1, 853088.0, -281557.0, 611487.0, 1.0);
INSERT INTO `region_point` (`region_face_id`, `idx`, `x`, `y`, `z`, `w`) values (1017, 2, -58540.8984, -281547.0, 966990.0, 1.0);
INSERT INTO `region_point` (`region_face_id`, `idx`, `x`, `y`, `z`, `w`) values (1017, 3, 847781.0, -281551.0, 901668.0, 1.0);
INSERT INTO `region_face` (`region_face_id`, `region_id`, `kind`, `flags`, `normal_x`, `normal_y`, `normal_z`, `normal_w`, `pos_x`, `pos_y`, `pos_z`, `pos_w`) values (1018, 843, 'face', '', -0.9999, 0.0, 0.0024, 60900.9296, -58933.5976, -146232.25, 806098.5, 210233.0468);
INSERT INTO `region_point` (`region_face_id`, `idx`, `x`, `y`, `z`, `w`) values (1018, 0, -59326.3007, -281553.0, 645207.0, 1.0);
INSERT INTO `region_point` (`region_face_id`, `idx`, `x`, `y`, `z`, `w`) values (1018, 1, -58540.8984, -281547.0, 966990.0, 1.0);
INSERT INTO `region_point` (`region_face_id`, `idx`, `x`, `y`, `z`, `w`) values (1018, 2, -59326.3007, -10918.5996, 645207.0, 1.0);
INSERT INTO `region_point` (`region_face_id`, `idx`, `x`, `y`, `z`, `w`) values (1018, 3, -58540.8984, -10911.5, 966990.0, 1.0);
INSERT INTO `region_face` (`region_face_id`, `region_id`, `kind`, `flags`, `normal_x`, `normal_y`, `normal_z`, `normal_w`, `pos_x`, `pos_y`, `pos_z`, `pos_w`) values (1019, 843, 'face', '', -0.0369, 0.0, -0.9993, -642575.8125, 396880.8437, -146237.7968, 628347.0, 476151.7812);
INSERT INTO `region_point` (`region_face_id`, `idx`, `x`, `y`, `z`, `w`) values (1019, 0, -59326.3007, -281553.0, 645207.0, 1.0);
INSERT INTO `region_point` (`region_face_id`, `idx`, `x`, `y`, `z`, `w`) values (1019, 1, -59326.3007, -10918.5996, 645207.0, 1.0);
INSERT INTO `region_point` (`region_face_id`, `idx`, `x`, `y`, `z`, `w`) values (1019, 2, 853088.0, -281557.0, 611487.0, 1.0);
INSERT INTO `region_point` (`region_face_id`, `idx`, `x`, `y`, `z`, `w`) values (1019, 3, 853088.0, -10923.7001, 611487.0, 1.0);
INSERT INTO `region_face` (`region_face_id`, `region_id`, `kind`, `flags`, `normal_x`, `normal_y`, `normal_z`, `normal_w`, `pos_x`, `pos_y`, `pos_z`, `pos_w`) values (1020, 843, 'face', '', 0.0718, 0.0, 0.9974, 960279.8125, 394620.0625, -146231.25, 934329.0, 474060.1562);
INSERT INTO `region_point` (`region_face_id`, `idx`, `x`, `y`, `z`, `w`) values (1020, 0, -58540.8984, -281547.0, 966990.0, 1.0);
INSERT INTO `region_point` (`region_face_id`, `idx`, `x`, `y`, `z`, `w`) values (1020, 1, 847781.0, -281551.0, 901668.0, 1.0);
INSERT INTO `region_point` (`region_face_id`, `idx`, `x`, `y`, `z`, `w`) values (1020, 2, -58540.8984, -10911.5, 966990.0, 1.0);
INSERT INTO `region_point` (`region_face_id`, `idx`, `x`, `y`, `z`, `w`) values (1020, 3, 847781.0, -10917.2998, 901668.0, 1.0);
INSERT INTO `region_face` (`region_face_id`, `region_id`, `kind`, `flags`, `normal_x`, `normal_y`, `normal_z`, `normal_w`, `pos_x`, `pos_y`, `pos_z`, `pos_w`) values (1021, 843, 'face', '', 0.0, 1.0, -0.0, -10933.1259, 397273.5625, -10917.5996, 789238.5, 489246.7812);
INSERT INTO `region_point` (`region_face_id`, `idx`, `x`, `y`, `z`, `w`) values (1021, 0, -59326.3007, -10918.5996, 645207.0, 1.0);
INSERT INTO `region_point` (`region_face_id`, `idx`, `x`, `y`, `z`, `w`) values (1021, 1, -58540.8984, -10911.5, 966990.0, 1.0);
INSERT INTO `region_point` (`region_face_id`, `idx`, `x`, `y`, `z`, `w`) values (1021, 2, 853088.0, -10923.7001, 611487.0, 1.0);
INSERT INTO `region_point` (`region_face_id`, `idx`, `x`, `y`, `z`, `w`) values (1021, 3, 847781.0, -10917.2998, 901668.0, 1.0);
INSERT INTO `region_face` (`region_face_id`, `region_id`, `kind`, `flags`, `normal_x`, `normal_y`, `normal_z`, `normal_w`, `pos_x`, `pos_y`, `pos_z`, `pos_w`) values (1022, 843, 'face', '', 0.9998, 0.0, 0.0182, 864126.75, 850434.5, -146237.1562, 756577.5, 198418.1406);
INSERT INTO `region_point` (`region_face_id`, `idx`, `x`, `y`, `z`, `w`) values (1022, 0, 853088.0, -281557.0, 611487.0, 1.0);
INSERT INTO `region_point` (`region_face_id`, `idx`, `x`, `y`, `z`, `w`) values (1022, 1, 853088.0, -10923.7001, 611487.0, 1.0);
INSERT INTO `region_point` (`region_face_id`, `idx`, `x`, `y`, `z`, `w`) values (1022, 2, 847781.0, -281551.0, 901668.0, 1.0);
INSERT INTO `region_point` (`region_face_id`, `idx`, `x`, `y`, `z`, `w`) values (1022, 3, 847781.0, -10917.2998, 901668.0, 1.0);
INSERT INTO `region` (`region_id`, `level_name`, `tree`, `on_enter`, `on_exit`, `on_inside`) values (591, 'drillmid', 'camera', '', '', '');
INSERT INTO `region_sphere` (`region_id`, `x`, `y`, `z`, `r`) values (591, 897441.0, 73748.2968, -45688.8984, 2048.0);
INSERT INTO `region` (`region_id`, `level_name`, `tree`, `on_enter`, `on_exit`, `on_inside`) values (657, 'drillmid', 'camera', '(want-load ''drillmid ''drill ''drillmtn)', '(want-load ''drillmid ''drillb ''drillmtn)', '');
INSERT INTO `region_face` (`region_face_id`, `region_id`, `kind`, `flags`, `normal_x`, `normal_y`, `normal_z`, `normal_w`, `pos_x`, `pos_y`, `pos_z`, `pos_w`) values (1023, 657, 'plane', '', 0.0, -1.0, 0.0, -76313.4453, 504613.875, 76313.5546, -422650.0625, 98795.5312);
INSERT INTO `region_point` (`region_face_id`, `idx`, `x`, `y`, `z`, `w`) values (1023, 0, 428029.0, 76313.5, -483335.0, 1.0);
INSERT INTO `region_point` (`region_face_id`, `idx`, `x`, `y`, `z`, `w`) values (1023, 1, 572301.0, 76313.7031, -476665.0, 1.0);
INSERT INTO `region_point` (`region_face_id`, `idx`, `x`, `y`, `z`, `w`) values (1023, 2, 417080.0, 76313.6015, -376842.0, 1.0);
INSERT INTO `region_point` (`region_face_id`, `idx`, `x`, `y`, `z`, `w`) values (1023, 3, 582559.0, 76313.6015, -362677.0, 1.0);
INSERT INTO `region` (`region_id`, `level_name`, `tree`, `on_enter`, `on_exit`, `on_inside`) values (842, 'drillmid', 'camera', '', '', '(setting-pers ambient-volume mode ''rel value 0.0000)');
INSERT INTO `region_face` (`region_face_id`, `region_id`, `kind`, `flags`, `normal_x`, `normal_y`, `normal_z`, `normal_w`, `pos_x`, `pos_y`, `pos_z`, `pos_w`) values (1024, 842, 'face', '', 0.0, -1.0, -0.0, -157757.8906, 468411.5937, 157759.5156, -483675.0, 256365.9843);
INSERT INTO `region_point` (`region_face_id`, `idx`, `x`, `y`, `z`, `w`) values (1024, 0, 287682.0, 157759.0, -650116.0, 1.0);
INSERT INTO `region_point` (`region_face_id`, `idx`, `x`, `y`, `z`, `w`) values (1024, 1, 620262.0, 157760.0, -690230.0, 1.0);
INSERT INTO `region_point` (`region_face_id`, `idx`, `x`, `y`, `z`, `w`) values (1024, 2, 323956.0, 157759.0, -371151.0, 1.0);
INSERT INTO `region_point` (`region_face_id`, `idx`, `x`, `y`, `z`, `w`) values (1024, 3, 637944.0, 157760.0, -302003.0, 1.0);
INSERT INTO `region_face` (`region_face_id`, `region_id`, `kind`, `flags`, `normal_x`, `normal_y`, `normal_z`, `normal_w`, `pos_x`, `pos_y`, `pos_z`, `pos_w`) values (1025, 842, 'face', '', -0.9916, 0.0, 0.1289, -369109.625, 305819.0, 198719.5, -510633.5, 146499.4218);
INSERT INTO `region_point` (`region_face_id`, `idx`, `x`, `y`, `z`, `w`) values (1025, 0, 287682.0, 157759.0, -650116.0, 1.0);
INSERT INTO `region_point` (`region_face_id`, `idx`, `x`, `y`, `z`, `w`) values (1025, 1, 323956.0, 157759.0, -371151.0, 1.0);
INSERT INTO `region_point` (`region_face_id`, `idx`, `x`, `y`, `z`, `w`) values (1025, 2, 287682.0, 239680.0, -650116.0, 1.0);
INSERT INTO `region_point` (`region_face_id`, `idx`, `x`, `y`, `z`, `w`) values (1025, 3, 323956.0, 239680.0, -371151.0, 1.0);
INSERT INTO `region_face` (`region_face_id`, `region_id`, `kind`, `flags`, `normal_x`, `normal_y`, `normal_z`, `normal_w`, `pos_x`, `pos_y`, `pos_z`, `pos_w`) values (1026, 842, 'face', '', -0.1197, 0.0, -0.9928, 610989.125, 453972.0, 198719.5, -670173.0, 172430.875);
INSERT INTO `region_point` (`region_face_id`, `idx`, `x`, `y`, `z`, `w`) values (1026, 0, 287682.0, 157759.0, -650116.0, 1.0);
INSERT INTO `region_point` (`region_face_id`, `idx`, `x`, `y`, `z`, `w`) values (1026, 1, 287682.0, 239680.0, -650116.0, 1.0);
INSERT INTO `region_point` (`region_face_id`, `idx`, `x`, `y`, `z`, `w`) values (1026, 2, 620262.0, 157760.0, -690230.0, 1.0);
INSERT INTO `region_point` (`region_face_id`, `idx`, `x`, `y`, `z`, `w`) values (1026, 3, 620262.0, 239680.0, -690230.0, 1.0);
INSERT INTO `region_face` (`region_face_id`, `region_id`, `kind`, `flags`, `normal_x`, `normal_y`, `normal_z`, `normal_w`, `pos_x`, `pos_y`, `pos_z`, `pos_w`) values (1027, 842, 'face', '', -0.215, 0.0, 0.9765, -432139.0937, 480950.0, 198719.5, -336577.0, 165892.25);
INSERT INTO `region_point` (`region_face_id`, `idx`, `x`, `y`, `z`, `w`) values (1027, 0, 323956.0, 157759.0, -371151.0, 1.0);
INSERT INTO `region_point` (`region_face_id`, `idx`, `x`, `y`, `z`, `w`) values (1027, 1, 637944.0, 157760.0, -302003.0, 1.0);
INSERT INTO `region_point` (`region_face_id`, `idx`, `x`, `y`, `z`, `w`) values (1027, 2, 323956.0, 239680.0, -371151.0, 1.0);
INSERT INTO `region_point` (`region_face_id`, `idx`, `x`, `y`, `z`, `w`) values (1027, 3, 637944.0, 239680.0, -302003.0, 1.0);
INSERT INTO `region_face` (`region_face_id`, `region_id`, `kind`, `flags`, `normal_x`, `normal_y`, `normal_z`, `normal_w`, `pos_x`, `pos_y`, `pos_z`, `pos_w`) values (1028, 842, 'face', '', 0.0, 1.0, 0.0, 239680.0, 468411.5937, 239680.0, -483675.0, 256365.9843);
INSERT INTO `region_point` (`region_face_id`, `idx`, `x`, `y`, `z`, `w`) values (1028, 0, 287682.0, 239680.0, -650116.0, 1.0);
INSERT INTO `region_point` (`region_face_id`, `idx`, `x`, `y`, `z`, `w`) values (1028, 1, 323956.0, 239680.0, -371151.0, 1.0);
INSERT INTO `region_point` (`region_face_id`, `idx`, `x`, `y`, `z`, `w`) values (1028, 2, 620262.0, 239680.0, -690230.0, 1.0);
INSERT INTO `region_point` (`region_face_id`, `idx`, `x`, `y`, `z`, `w`) values (1028, 3, 637944.0, 239680.0, -302003.0, 1.0);
INSERT INTO `region_face` (`region_face_id`, `region_id`, `kind`, `flags`, `normal_x`, `normal_y`, `normal_z`, `normal_w`, `pos_x`, `pos_y`, `pos_z`, `pos_w`) values (1029, 842, 'face', '', 0.9989, 0.0, -0.0454, 651024.0, 629103.0, 198720.0, -496116.5, 198584.8281);
INSERT INTO `region_point` (`region_face_id`, `idx`, `x`, `y`, `z`, `w`) values (1029, 0, 620262.0, 157760.0, -690230.0, 1.0);
INSERT INTO `region_point` (`region_face_id`, `idx`, `x`, `y`, `z`, `w`) values (1029, 1, 620262.0, 239680.0, -690230.0, 1.0);
INSERT INTO `region_point` (`region_face_id`, `idx`, `x`, `y`, `z`, `w`) values (1029, 2, 637944.0, 157760.0, -302003.0, 1.0);
INSERT INTO `region_point` (`region_face_id`, `idx`, `x`, `y`, `z`, `w`) values (1029, 3, 637944.0, 239680.0, -302003.0, 1.0);
INSERT INTO `region` (`region_id`, `level_name`, `tree`, `on_enter`, `on_exit`, `on_inside`) values (555, 'drillmid', 'data', '', '', '');
INSERT INTO `region_sphere` (`region_id`, `x`, `y`, `z`, `r`) values (555, 772162.0, 65067.8007, -89410.7968, 2048.0);
INSERT INTO `region` (`region_id`, `level_name`, `tree`, `on_enter`, `on_exit`, `on_inside`) values (147, 'drill', 'target', '(send-event "wasp-1" ''cue-chase)', '', '');
INSERT INTO `region_face` (`region_face_id`, `region_id`, `kind`, `flags`, `normal_x`, `normal_y`, `normal_z`, `normal_w`, `pos_x`, `pos_y`, `pos_z`, `pos_w`) values (1030, 147, 'plane', '', -0.0141, 0.0, 0.9999, -143230.2812, 452087.0, 111623.8984, -136859.5, 67487.3359);
INSERT INTO `region_point` (`region_face_id`, `idx`, `x`, `y`, `z`, `w`) values (1030, 0, 421960.0, 51235.8007, -137285.0, 1.0);
INSERT INTO `region_point` (`region_face_id`, `idx`, `x`, `y`, `z`, `w`) values (1030, 1, 482214.0, 51235.8007, -136434.0, 1.0);
INSERT INTO `region_point` (`region_face_id`, `idx`, `x`, `y`, `z`, `w`) values (1030, 2, 421960.0, 172012.0, -137285.0, 1.0);
INSERT INTO `region_point` (`region_face_id`, `idx`, `x`, `y`, `z`, `w`) values (1030, 3, 482214.0, 172012.0, -136434.0, 1.0);
INSERT INTO `region` (`region_id`, `level_name`, `tree`, `on_enter`, `on_exit`, `on_inside`) values (396, 'drill', 'target', '', '', '(setting-pers entity-name mode "camera-188")');
INSERT INTO `region_face` (`region_face_id`, `region_id`, `kind`, `flags`, `normal_x`, `normal_y`, `normal_z`, `normal_w`, `pos_x`, `pos_y`, `pos_z`, `pos_w`) values (1031, 396, 'face', '', 0.0, -1.0, 0.0, 55397.8984, -705014.0, -55397.8984, 835742.0, 31899.9843);
INSERT INTO `region_point` (`region_face_id`, `idx`, `x`, `y`, `z`, `w`) values (1031, 0, -727747.0, -55397.8984, 813363.0, 1.0);
INSERT INTO `region_point` (`region_face_id`, `idx`, `x`, `y`, `z`, `w`) values (1031, 1, -682281.0, -55397.8984, 813363.0, 1.0);
INSERT INTO `region_point` (`region_face_id`, `idx`, `x`, `y`, `z`, `w`) values (1031, 2, -727747.0, -55397.8984, 858121.0, 1.0);
INSERT INTO `region_point` (`region_face_id`, `idx`, `x`, `y`, `z`, `w`) values (1031, 3, -682281.0, -55397.8984, 858121.0, 1.0);
INSERT INTO `region_face` (`region_face_id`, `region_id`, `kind`, `flags`, `normal_x`, `normal_y`, `normal_z`, `normal_w`, `pos_x`, `pos_y`, `pos_z`, `pos_w`) values (1032, 396, 'face', '', -1.0, 0.0, 0.0, 727747.0, -727746.5, -3107.5488, 835742.0, 56877.9414);
INSERT INTO `region_point` (`region_face_id`, `idx`, `x`, `y`, `z`, `w`) values (1032, 0, -727747.0, -55397.8984, 813363.0, 1.0);
INSERT INTO `region_point` (`region_face_id`, `idx`, `x`, `y`, `z`, `w`) values (1032, 1, -727747.0, -55397.8984, 858121.0, 1.0);
INSERT INTO `region_point` (`region_face_id`, `idx`, `x`, `y`, `z`, `w`) values (1032, 2, -727747.0, 49182.8007, 813363.0, 1.0);
INSERT INTO `region_point` (`region_face_id`, `idx`, `x`, `y`, `z`, `w`) values (1032, 3, -727746.0, 49182.8007, 858121.0, 1.0);
INSERT INTO `region_face` (`region_face_id`, `region_id`, `kind`, `flags`, `normal_x`, `normal_y`, `normal_z`, `normal_w`, `pos_x`, `pos_y`, `pos_z`, `pos_w`) values (1033, 396, 'face', '', 0.0, 0.0, -1.0, -813363.0, -705014.0, -3107.5488, 813363.0, 57018.1562);
INSERT INTO `region_point` (`region_face_id`, `idx`, `x`, `y`, `z`, `w`) values (1033, 0, -727747.0, -55397.8984, 813363.0, 1.0);
INSERT INTO `region_point` (`region_face_id`, `idx`, `x`, `y`, `z`, `w`) values (1033, 1, -727747.0, 49182.8007, 813363.0, 1.0);
INSERT INTO `region_point` (`region_face_id`, `idx`, `x`, `y`, `z`, `w`) values (1033, 2, -682281.0, -55397.8984, 813363.0, 1.0);
INSERT INTO `region_point` (`region_face_id`, `idx`, `x`, `y`, `z`, `w`) values (1033, 3, -682281.0, 49182.8007, 813363.0, 1.0);
INSERT INTO `region_face` (`region_face_id`, `region_id`, `kind`, `flags`, `normal_x`, `normal_y`, `normal_z`, `normal_w`, `pos_x`, `pos_y`, `pos_z`, `pos_w`) values (1034, 396, 'face', '', 0.0, 0.0, 1.0, 858121.0, -705014.0, -3107.5488, 858121.0, 57018.1562);
INSERT INTO `region_point` (`region_face_id`, `idx`, `x`, `y`, `z`, `w`) values (1034, 0, -727747.0, -55397.8984, 858121.0, 1.0);
INSERT INTO `region_point` (`region_face_id`, `idx`, `x`, `y`, `z`, `w`) values (1034, 1, -682281.0, -55397.8984, 858121.0, 1.0);
INSERT INTO `region_point` (`region_face_id`, `idx`, `x`, `y`, `z`, `w`) values (1034, 2, -727746.0, 49182.8007, 858121.0, 1.0);
INSERT INTO `region_point` (`region_face_id`, `idx`, `x`, `y`, `z`, `w`) values (1034, 3, -682281.0, 49182.8007, 858121.0, 1.0);
INSERT INTO `region_face` (`region_face_id`, `region_id`, `kind`, `flags`, `normal_x`, `normal_y`, `normal_z`, `normal_w`, `pos_x`, `pos_y`, `pos_z`, `pos_w`) values (1035, 396, 'face', '', 0.0, 1.0, 0.0, 49182.8007, -705014.0, 49182.8007, 835742.0, 31899.9843);
INSERT INTO `region_point` (`region_face_id`, `idx`, `x`, `y`, `z`, `w`) values (1035, 0, -727747.0, 49182.8007, 813363.0, 1.0);
INSERT INTO `region_point` (`region_face_id`, `idx`, `x`, `y`, `z`, `w`) values (1035, 1, -727746.0, 49182.8007, 858121.0, 1.0);
INSERT INTO `region_point` (`region_face_id`, `idx`, `x`, `y`, `z`, `w`) values (1035, 2, -682281.0, 49182.8007, 813363.0, 1.0);
INSERT INTO `region_point` (`region_face_id`, `idx`, `x`, `y`, `z`, `w`) values (1035, 3, -682281.0, 49182.8007, 858121.0, 1.0);
INSERT INTO `region_face` (`region_face_id`, `region_id`, `kind`, `flags`, `normal_x`, `normal_y`, `normal_z`, `normal_w`, `pos_x`, `pos_y`, `pos_z`, `pos_w`) values (1036, 396, 'face', '', 1.0, 0.0, 0.0, -682281.0, -682281.0, -3107.5488, 835742.0, 56877.9414);
INSERT INTO `region_point` (`region_face_id`, `idx`, `x`, `y`, `z`, `w`) values (1036, 0, -682281.0, -55397.8984, 813363.0, 1.0);
INSERT INTO `region_point` (`region_face_id`, `idx`, `x`, `y`, `z`, `w`) values (1036, 1, -682281.0, 49182.8007, 813363.0, 1.0);
INSERT INTO `region_point` (`region_face_id`, `idx`, `x`, `y`, `z`, `w`) values (1036, 2, -682281.0, -55397.8984, 858121.0, 1.0);
INSERT INTO `region_point` (`region_face_id`, `idx`, `x`, `y`, `z`, `w`) values (1036, 3, -682281.0, 49182.8007, 858121.0, 1.0);
INSERT INTO `region` (`region_id`, `level_name`, `tree`, `on_enter`, `on_exit`, `on_inside`) values (395, 'drill', 'target', '', '', '(setting-pers entity-name mode "camera-189")');
INSERT INTO `region_face` (`region_face_id`, `region_id`, `kind`, `flags`, `normal_x`, `normal_y`, `normal_z`, `normal_w`, `pos_x`, `pos_y`, `pos_z`, `pos_w`) values (1037, 395, 'face', '', 0.0, 0.0, 1.0, 532350.0, 378813.5, 42998.9492, 532350.0, 58651.3828);
INSERT INTO `region_point` (`region_face_id`, `idx`, `x`, `y`, `z`, `w`) values (1037, 0, 355769.0, -10935.5996, 532350.0, 1.0);
INSERT INTO `region_point` (`region_face_id`, `idx`, `x`, `y`, `z`, `w`) values (1037, 1, 401858.0, -10935.5996, 532350.0, 1.0);
INSERT INTO `region_point` (`region_face_id`, `idx`, `x`, `y`, `z`, `w`) values (1037, 2, 355769.0, 96933.5, 532350.0, 1.0);
INSERT INTO `region_point` (`region_face_id`, `idx`, `x`, `y`, `z`, `w`) values (1037, 3, 401858.0, 96933.5, 532350.0, 1.0);
INSERT INTO `region_face` (`region_face_id`, `region_id`, `kind`, `flags`, `normal_x`, `normal_y`, `normal_z`, `normal_w`, `pos_x`, `pos_y`, `pos_z`, `pos_w`) values (1038, 395, 'face', '', 0.9991, 0.0, -0.041, 379638.9375, 400941.5, 42998.9492, 510069.5, 58362.6289);
INSERT INTO `region_point` (`region_face_id`, `idx`, `x`, `y`, `z`, `w`) values (1038, 0, 400025.0, -10935.5996, 487789.0, 1.0);
INSERT INTO `region_point` (`region_face_id`, `idx`, `x`, `y`, `z`, `w`) values (1038, 1, 400025.0, 96933.5, 487789.0, 1.0);
INSERT INTO `region_point` (`region_face_id`, `idx`, `x`, `y`, `z`, `w`) values (1038, 2, 401858.0, -10935.5996, 532350.0, 1.0);
INSERT INTO `region_point` (`region_face_id`, `idx`, `x`, `y`, `z`, `w`) values (1038, 3, 401858.0, 96933.5, 532350.0, 1.0);
INSERT INTO `region_face` (`region_face_id`, `region_id`, `kind`, `flags`, `normal_x`, `normal_y`, `normal_z`, `normal_w`, `pos_x`, `pos_y`, `pos_z`, `pos_w`) values (1039, 395, 'face', '', 0.0, 1.0, 0.0, 96933.5, 377896.5, 96933.5, 510069.5, 32719.6289);
INSERT INTO `region_point` (`region_face_id`, `idx`, `x`, `y`, `z`, `w`) values (1039, 0, 353935.0, 96933.5, 487789.0, 1.0);
INSERT INTO `region_point` (`region_face_id`, `idx`, `x`, `y`, `z`, `w`) values (1039, 1, 355769.0, 96933.5, 532350.0, 1.0);
INSERT INTO `region_point` (`region_face_id`, `idx`, `x`, `y`, `z`, `w`) values (1039, 2, 400025.0, 96933.5, 487789.0, 1.0);
INSERT INTO `region_point` (`region_face_id`, `idx`, `x`, `y`, `z`, `w`) values (1039, 3, 401858.0, 96933.5, 532350.0, 1.0);
INSERT INTO `region_face` (`region_face_id`, `region_id`, `kind`, `flags`, `normal_x`, `normal_y`, `normal_z`, `normal_w`, `pos_x`, `pos_y`, `pos_z`, `pos_w`) values (1040, 395, 'face', '', 0.0, -1.0, 0.0, 10935.5996, 377896.5, -10935.5996, 510069.5, 32719.6289);
INSERT INTO `region_point` (`region_face_id`, `idx`, `x`, `y`, `z`, `w`) values (1040, 0, 353935.0, -10935.5996, 487789.0, 1.0);
INSERT INTO `region_point` (`region_face_id`, `idx`, `x`, `y`, `z`, `w`) values (1040, 1, 400025.0, -10935.5996, 487789.0, 1.0);
INSERT INTO `region_point` (`region_face_id`, `idx`, `x`, `y`, `z`, `w`) values (1040, 2, 355769.0, -10935.5996, 532350.0, 1.0);
INSERT INTO `region_point` (`region_face_id`, `idx`, `x`, `y`, `z`, `w`) values (1040, 3, 401858.0, -10935.5996, 532350.0, 1.0);
INSERT INTO `region_face` (`region_face_id`, `region_id`, `kind`, `flags`, `normal_x`, `normal_y`, `normal_z`, `normal_w`, `pos_x`, `pos_y`, `pos_z`, `pos_w`) values (1041, 395, 'face', '', 0.0, 0.0, -1.0, -487789.0, 376980.0, 42998.9492, 487789.0, 58651.5781);
INSERT INTO `region_point` (`region_face_id`, `idx`, `x`, `y`, `z`, `w`) values (1041, 0, 353935.0, -10935.5996, 487789.0, 1.0);
INSERT INTO `region_point` (`region_face_id`, `idx`, `x`, `y`, `z`, `w`) values (1041, 1, 353935.0, 96933.5, 487789.0, 1.0);
INSERT INTO `region_point` (`region_face_id`, `idx`, `x`, `y`, `z`, `w`) values (1041, 2, 400025.0, -10935.5996, 487789.0, 1.0);
INSERT INTO `region_point` (`region_face_id`, `idx`, `x`, `y`, `z`, `w`) values (1041, 3, 400025.0, 96933.5, 487789.0, 1.0);
INSERT INTO `region_face` (`region_face_id`, `region_id`, `kind`, `flags`, `normal_x`, `normal_y`, `normal_z`, `normal_w`, `pos_x`, `pos_y`, `pos_z`, `pos_w`) values (1042, 395, 'face', '', -0.9991, 0.0, 0.0411, -333576.6562, 354852.0, 42998.9492, 510069.5, 58362.6367);
INSERT INTO `region_point` (`region_face_id`, `idx`, `x`, `y`, `z`, `w`) values (1042, 0, 353935.0, -10935.5996, 487789.0, 1.0);
INSERT INTO `region_point` (`region_face_id`, `idx`, `x`, `y`, `z`, `w`) values (1042, 1, 355769.0, -10935.5996, 532350.0, 1.0);
INSERT INTO `region_point` (`region_face_id`, `idx`, `x`, `y`, `z`, `w`) values (1042, 2, 353935.0, 96933.5, 487789.0, 1.0);
INSERT INTO `region_point` (`region_face_id`, `idx`, `x`, `y`, `z`, `w`) values (1042, 3, 355769.0, 96933.5, 532350.0, 1.0);
INSERT INTO `region` (`region_id`, `level_name`, `tree`, `on_enter`, `on_exit`, `on_inside`) values (397, 'drill', 'target', '', '', '(setting-pers entity-name mode "camera-187")');
INSERT INTO `region_face` (`region_face_id`, `region_id`, `kind`, `flags`, `normal_x`, `normal_y`, `normal_z`, `normal_w`, `pos_x`, `pos_y`, `pos_z`, `pos_w`) values (1043, 397, 'face', '', 0.0, -1.0, 0.0, -24249.5996, -48150.3515, 24249.5996, 311283.5, 30614.3476);
INSERT INTO `region_point` (`region_face_id`, `idx`, `x`, `y`, `z`, `w`) values (1043, 0, -68984.6015, 24249.5996, 288852.0, 1.0);
INSERT INTO `region_point` (`region_face_id`, `idx`, `x`, `y`, `z`, `w`) values (1043, 1, -27316.0996, 24249.5996, 288852.0, 1.0);
INSERT INTO `region_point` (`region_face_id`, `idx`, `x`, `y`, `z`, `w`) values (1043, 2, -68984.6015, 24249.5996, 333715.0, 1.0);
INSERT INTO `region_point` (`region_face_id`, `idx`, `x`, `y`, `z`, `w`) values (1043, 3, -27316.0996, 24249.5996, 333715.0, 1.0);
INSERT INTO `region_face` (`region_face_id`, `region_id`, `kind`, `flags`, `normal_x`, `normal_y`, `normal_z`, `normal_w`, `pos_x`, `pos_y`, `pos_z`, `pos_w`) values (1044, 397, 'face', '', -1.0, 0.0, 0.0, 68984.6015, -68984.6015, 76678.2968, 311283.5, 57025.7929);
INSERT INTO `region_point` (`region_face_id`, `idx`, `x`, `y`, `z`, `w`) values (1044, 0, -68984.6015, 24249.5996, 288852.0, 1.0);
INSERT INTO `region_point` (`region_face_id`, `idx`, `x`, `y`, `z`, `w`) values (1044, 1, -68984.6015, 24249.5996, 333715.0, 1.0);
INSERT INTO `region_point` (`region_face_id`, `idx`, `x`, `y`, `z`, `w`) values (1044, 2, -68984.6015, 129107.0, 288852.0, 1.0);
INSERT INTO `region_point` (`region_face_id`, `idx`, `x`, `y`, `z`, `w`) values (1044, 3, -68984.6015, 129107.0, 333715.0, 1.0);
INSERT INTO `region_face` (`region_face_id`, `region_id`, `kind`, `flags`, `normal_x`, `normal_y`, `normal_z`, `normal_w`, `pos_x`, `pos_y`, `pos_z`, `pos_w`) values (1045, 397, 'face', '', 0.0, 0.0, -1.0, -288852.0, -48150.3515, 76678.2968, 288852.0, 56416.621);
INSERT INTO `region_point` (`region_face_id`, `idx`, `x`, `y`, `z`, `w`) values (1045, 0, -68984.6015, 24249.5996, 288852.0, 1.0);
INSERT INTO `region_point` (`region_face_id`, `idx`, `x`, `y`, `z`, `w`) values (1045, 1, -68984.6015, 129107.0, 288852.0, 1.0);
INSERT INTO `region_point` (`region_face_id`, `idx`, `x`, `y`, `z`, `w`) values (1045, 2, -27316.0996, 24249.5996, 288852.0, 1.0);
INSERT INTO `region_point` (`region_face_id`, `idx`, `x`, `y`, `z`, `w`) values (1045, 3, -27316.0996, 129107.0, 288852.0, 1.0);
INSERT INTO `region_face` (`region_face_id`, `region_id`, `kind`, `flags`, `normal_x`, `normal_y`, `normal_z`, `normal_w`, `pos_x`, `pos_y`, `pos_z`, `pos_w`) values (1046, 397, 'face', '', 0.0, 0.0, 1.0, 333715.0, -48150.3515, 76678.2968, 333715.0, 56416.621);
INSERT INTO `region_point` (`region_face_id`, `idx`, `x`, `y`, `z`, `w`) values (1046, 0, -68984.6015, 24249.5996, 333715.0, 1.0);
INSERT INTO `region_point` (`region_face_id`, `idx`, `x`, `y`, `z`, `w`) values (1046, 1, -27316.0996, 24249.5996, 333715.0, 1.0);
INSERT INTO `region_point` (`region_face_id`, `idx`, `x`, `y`, `z`, `w`) values (1046, 2, -68984.6015, 129107.0, 333715.0, 1.0);
INSERT INTO `region_point` (`region_face_id`, `idx`, `x`, `y`, `z`, `w`) values (1046, 3, -27316.0996, 129107.0, 333715.0, 1.0);
INSERT INTO `region_face` (`region_face_id`, `region_id`, `kind`, `flags`, `normal_x`, `normal_y`, `normal_z`, `normal_w`, `pos_x`, `pos_y`, `pos_z`, `pos_w`) values (1047, 397, 'face', '', 0.0, 1.0, 0.0, 129107.0, -48150.3515, 129107.0, 311283.5, 30614.3476);
INSERT INTO `region_point` (`region_face_id`, `idx`, `x`, `y`, `z`, `w`) values (1047, 0, -68984.6015, 129107.0, 288852.0, 1.0);
INSERT INTO `region_point` (`region_face_id`, `idx`, `x`, `y`, `z`, `w`) values (1047, 1, -68984.6015, 129107.0, 333715.0, 1.0);
INSERT INTO `region_point` (`region_face_id`, `idx`, `x`, `y`, `z`, `w`) values (1047, 2, -27316.0996, 129107.0, 288852.0, 1.0);
INSERT INTO `region_point` (`region_face_id`, `idx`, `x`, `y`, `z`, `w`) values (1047, 3, -27316.0996, 129107.0, 333715.0, 1.0);
INSERT INTO `region_face` (`region_face_id`, `region_id`, `kind`, `flags`, `normal_x`, `normal_y`, `normal_z`, `normal_w`, `pos_x`, `pos_y`, `pos_z`, `pos_w`) values (1048, 397, 'face', '', 1.0, 0.0, 0.0, -27316.0996, -27316.0996, 76678.2968, 311283.5, 57025.7929);
INSERT INTO `region_point` (`region_face_id`, `idx`, `x`, `y`, `z`, `w`) values (1048, 0, -27316.0996, 24249.5996, 288852.0, 1.0);
INSERT INTO `region_point` (`region_face_id`, `idx`, `x`, `y`, `z`, `w`) values (1048, 1, -27316.0996, 129107.0, 288852.0, 1.0);
INSERT INTO `region_point` (`region_face_id`, `idx`, `x`, `y`, `z`, `w`) values (1048, 2, -27316.0996, 24249.5996, 333715.0, 1.0);
INSERT INTO `region_point` (`region_face_id`, `idx`, `x`, `y`, `z`, `w`) values (1048, 3, -27316.0996, 129107.0, 333715.0, 1.0);
INSERT INTO `region` (`region_id`, `level_name`, `tree`, `on_enter`, `on_exit`, `on_inside`) values (140, 'tomba', 'target', '', '', '(setting-pers entity-name mode "camera-160")');
INSERT INTO `region_face` (`region_face_id`, `region_id`, `kind`, `flags`, `normal_x`, `normal_y`, `normal_z`, `normal_w`, `pos_x`, `pos_y`, `pos_z`, `pos_w`) values (1049, 140, 'face', '', 0.0, -1.0, 0.0, 221910.0, 1573002.875, -221910.0, 5001944.5, 126069.5156);
INSERT INTO `region_point` (`region_face_id`, `idx`, `x`, `y`, `z`, `w`) values (1049, 0, 1616296.875, -221910.0, 5120347.0, 1.0);
INSERT INTO `region_point` (`region_face_id`, `idx`, `x`, `y`, `z`, `w`) values (1049, 1, 1534379.875, -221910.0, 5120347.0, 1.0);
INSERT INTO `region_point` (`region_face_id`, `idx`, `x`, `y`, `z`, `w`) values (1049, 2, 1611628.875, -221910.0, 4883542.0, 1.0);
INSERT INTO `region_point` (`region_face_id`, `idx`, `x`, `y`, `z`, `w`) values (1049, 3, 1529708.875, -221910.0, 4883542.0, 1.0);
INSERT INTO `region_face` (`region_face_id`, `region_id`, `kind`, `flags`, `normal_x`, `normal_y`, `normal_z`, `normal_w`, `pos_x`, `pos_y`, `pos_z`, `pos_w`) values (1050, 140, 'face', '', 0.9998, 0.0, -0.0197, 1515068.125, 1613962.875, -156708.0, 5001944.5, 135188.3906);
INSERT INTO `region_point` (`region_face_id`, `idx`, `x`, `y`, `z`, `w`) values (1050, 0, 1616296.875, -221910.0, 5120347.0, 1.0);
INSERT INTO `region_point` (`region_face_id`, `idx`, `x`, `y`, `z`, `w`) values (1050, 1, 1611628.875, -221910.0, 4883542.0, 1.0);
INSERT INTO `region_point` (`region_face_id`, `idx`, `x`, `y`, `z`, `w`) values (1050, 2, 1616296.875, -91506.0, 5120347.0, 1.0);
INSERT INTO `region_point` (`region_face_id`, `idx`, `x`, `y`, `z`, `w`) values (1050, 3, 1611628.875, -91506.0, 4883543.0, 1.0);
INSERT INTO `region_face` (`region_face_id`, `region_id`, `kind`, `flags`, `normal_x`, `normal_y`, `normal_z`, `normal_w`, `pos_x`, `pos_y`, `pos_z`, `pos_w`) values (1051, 140, 'face', '', 0.0, 0.0, 1.0, 5120347.0, 1575338.375, -156708.0, 5120347.0, 76999.3515);
INSERT INTO `region_point` (`region_face_id`, `idx`, `x`, `y`, `z`, `w`) values (1051, 0, 1616296.875, -221910.0, 5120347.0, 1.0);
INSERT INTO `region_point` (`region_face_id`, `idx`, `x`, `y`, `z`, `w`) values (1051, 1, 1616296.875, -91506.0, 5120347.0, 1.0);
INSERT INTO `region_point` (`region_face_id`, `idx`, `x`, `y`, `z`, `w`) values (1051, 2, 1534379.875, -221910.0, 5120347.0, 1.0);
INSERT INTO `region_point` (`region_face_id`, `idx`, `x`, `y`, `z`, `w`) values (1051, 3, 1534379.875, -91506.0, 5120347.0, 1.0);
INSERT INTO `region_face` (`region_face_id`, `region_id`, `kind`, `flags`, `normal_x`, `normal_y`, `normal_z`, `normal_w`, `pos_x`, `pos_y`, `pos_z`, `pos_w`) values (1052, 140, 'face', '', 0.0, 0.0, -1.0, -4883543.5, 1570668.875, -156708.0, 4883542.5, 77000.1484);
INSERT INTO `region_point` (`region_face_id`, `idx`, `x`, `y`, `z`, `w`) values (1052, 0, 1611628.875, -221910.0, 4883542.0, 1.0);
INSERT INTO `region_point` (`region_face_id`, `idx`, `x`, `y`, `z`, `w`) values (1052, 1, 1529708.875, -221910.0, 4883542.0, 1.0);
INSERT INTO `region_point` (`region_face_id`, `idx`, `x`, `y`, `z`, `w`) values (1052, 2, 1611628.875, -91506.0, 4883543.0, 1.0);
INSERT INTO `region_point` (`region_face_id`, `idx`, `x`, `y`, `z`, `w`) values (1052, 3, 1529708.875, -91506.0, 4883543.0, 1.0);
INSERT INTO `region_face` (`region_face_id`, `region_id`, `kind`, `flags`, `normal_x`, `normal_y`, `normal_z`, `normal_w`, `pos_x`, `pos_y`, `pos_z`, `pos_w`) values (1053, 140, 'face', '', 0.0, 1.0, 0.0, -91506.0, 1573002.875, -91506.0, 5001945.0, 126069.0468);
INSERT INTO `region_point` (`region_face_id`, `idx`, `x`, `y`, `z`, `w`) values (1053, 0, 1616296.875, -91506.0, 5120347.0, 1.0);
INSERT INTO `region_point` (`region_face_id`, `idx`, `x`, `y`, `z`, `w`) values (1053, 1, 1611628.875, -91506.0, 4883543.0, 1.0);
INSERT INTO `region_point` (`region_face_id`, `idx`, `x`, `y`, `z`, `w`) values (1053, 2, 1534379.875, -91506.0, 5120347.0, 1.0);
INSERT INTO `region_point` (`region_face_id`, `idx`, `x`, `y`, `z`, `w`) values (1053, 3, 1529708.875, -91506.0, 4883543.0, 1.0);
INSERT INTO `region_face` (`region_face_id`, `region_id`, `kind`, `flags`, `normal_x`, `normal_y`, `normal_z`, `normal_w`, `pos_x`, `pos_y`, `pos_z`, `pos_w`) values (1054, 140, 'face', '', -0.9998, 0.0, 0.0197, -1433101.75, 1532044.375, -156708.0, 5001944.5, 135188.4218);
INSERT INTO `region_point` (`region_face_id`, `idx`, `x`, `y`, `z`, `w`) values (1054, 0, 1534379.875, -221910.0, 5120347.0, 1.0);
INSERT INTO `region_point` (`region_face_id`, `idx`, `x`, `y`, `z`, `w`) values (1054, 1, 1534379.875, -91506.0, 5120347.0, 1.0);
INSERT INTO `region_point` (`region_face_id`, `idx`, `x`, `y`, `z`, `w`) values (1054, 2, 1529708.875, -221910.0, 4883542.0, 1.0);
INSERT INTO `region_point` (`region_face_id`, `idx`, `x`, `y`, `z`, `w`) values (1054, 3, 1529708.875, -91506.0, 4883543.0, 1.0);
INSERT INTO `region` (`region_id`, `level_name`, `tree`, `on_enter`, `on_exit`, `on_inside`) values (141, 'tomba', 'target', '', '', '(setting-pers entity-name mode "camera-161")');
INSERT INTO `region_face` (`region_face_id`, `region_id`, `kind`, `flags`, `normal_x`, `normal_y`, `normal_z`, `normal_w`, `pos_x`, `pos_y`, `pos_z`, `pos_w`) values (1055, 141, 'face', '', 0.0, 0.0, -1.0, -4841803.0, 1199049.875, -129669.0, 4841803.0, 57926.1875);
INSERT INTO `region_point` (`region_face_id`, `idx`, `x`, `y`, `z`, `w`) values (1055, 0, 1240009.875, -170629.0, 4841803.0, 1.0);
INSERT INTO `region_point` (`region_face_id`, `idx`, `x`, `y`, `z`, `w`) values (1055, 1, 1158089.875, -170629.0, 4841803.0, 1.0);
INSERT INTO `region_point` (`region_face_id`, `idx`, `x`, `y`, `z`, `w`) values (1055, 2, 1240009.875, -88709.0, 4841803.0, 1.0);
INSERT INTO `region_point` (`region_face_id`, `idx`, `x`, `y`, `z`, `w`) values (1055, 3, 1158089.875, -88709.0, 4841803.0, 1.0);
INSERT INTO `region_face` (`region_face_id`, `region_id`, `kind`, `flags`, `normal_x`, `normal_y`, `normal_z`, `normal_w`, `pos_x`, `pos_y`, `pos_z`, `pos_w`) values (1056, 141, 'face', '', -1.0, 0.0, 0.0, -1158089.875, 1158089.875, -129669.0, 4965514.0, 130315.5156);
INSERT INTO `region_point` (`region_face_id`, `idx`, `x`, `y`, `z`, `w`) values (1056, 0, 1158089.875, -170629.0, 5089225.0, 1.0);
INSERT INTO `region_point` (`region_face_id`, `idx`, `x`, `y`, `z`, `w`) values (1056, 1, 1158089.875, -88709.0, 5089225.0, 1.0);
INSERT INTO `region_point` (`region_face_id`, `idx`, `x`, `y`, `z`, `w`) values (1056, 2, 1158089.875, -170629.0, 4841803.0, 1.0);
INSERT INTO `region_point` (`region_face_id`, `idx`, `x`, `y`, `z`, `w`) values (1056, 3, 1158089.875, -88709.0, 4841803.0, 1.0);
INSERT INTO `region_face` (`region_face_id`, `region_id`, `kind`, `flags`, `normal_x`, `normal_y`, `normal_z`, `normal_w`, `pos_x`, `pos_y`, `pos_z`, `pos_w`) values (1057, 141, 'face', '', 0.0, 1.0, 0.0, -88709.0, 1199049.875, -88709.0, 4965514.0, 130315.5156);
INSERT INTO `region_point` (`region_face_id`, `idx`, `x`, `y`, `z`, `w`) values (1057, 0, 1240009.875, -88709.0, 5089225.0, 1.0);
INSERT INTO `region_point` (`region_face_id`, `idx`, `x`, `y`, `z`, `w`) values (1057, 1, 1240009.875, -88709.0, 4841803.0, 1.0);
INSERT INTO `region_point` (`region_face_id`, `idx`, `x`, `y`, `z`, `w`) values (1057, 2, 1158089.875, -88709.0, 5089225.0, 1.0);
INSERT INTO `region_point` (`region_face_id`, `idx`, `x`, `y`, `z`, `w`) values (1057, 3, 1158089.875, -88709.0, 4841803.0, 1.0);
INSERT INTO `region_face` (`region_face_id`, `region_id`, `kind`, `flags`, `normal_x`, `normal_y`, `normal_z`, `normal_w`, `pos_x`, `pos_y`, `pos_z`, `pos_w`) values (1058, 141, 'face', '', 0.0, -1.0, 0.0, 170629.0, 1199049.875, -170629.0, 4965514.0, 130315.5156);
INSERT INTO `region_point` (`region_face_id`, `idx`, `x`, `y`, `z`, `w`) values (1058, 0, 1240009.875, -170629.0, 5089225.0, 1.0);
INSERT INTO `region_point` (`region_face_id`, `idx`, `x`, `y`, `z`, `w`) values (1058, 1, 1158089.875, -170629.0, 5089225.0, 1.0);
INSERT INTO `region_point` (`region_face_id`, `idx`, `x`, `y`, `z`, `w`) values (1058, 2, 1240009.875, -170629.0, 4841803.0, 1.0);
INSERT INTO `region_point` (`region_face_id`, `idx`, `x`, `y`, `z`, `w`) values (1058, 3, 1158089.875, -170629.0, 4841803.0, 1.0);
INSERT INTO `region_face` (`region_face_id`, `region_id`, `kind`, `flags`, `normal_x`, `normal_y`, `normal_z`, `normal_w`, `pos_x`, `pos_y`, `pos_z`, `pos_w`) values (1059, 141, 'face', '', 0.0, 0.0, 1.0, 5089225.0, 1199049.875, -129669.0, 5089225.0, 57926.1875);
INSERT INTO `region_point` (`region_face_id`, `idx`, `x`, `y`, `z`, `w`) values (1059, 0, 1240009.875, -170629.0, 5089225.0, 1.0);
INSERT INTO `region_point` (`region_face_id`, `idx`, `x`, `y`, `z`, `w`) values (1059, 1, 1240009.875, -88709.0, 5089225.0, 1.0);
INSERT INTO `region_point` (`region_face_id`, `idx`, `x`, `y`, `z`, `w`) values (1059, 2, 1158089.875, -170629.0, 5089225.0, 1.0);
INSERT INTO `region_point` (`region_face_id`, `idx`, `x`, `y`, `z`, `w`) values (1059, 3, 1158089.875, -88709.0, 5089225.0, 1.0);
INSERT INTO `region_face` (`region_face_id`, `region_id`, `kind`, `flags`, `normal_x`, `normal_y`, `normal_z`, `normal_w`, `pos_x`, `pos_y`, `pos_z`, `pos_w`) values (1060, 141, 'face', '', 1.0, 0.0, 0.0, 1240009.875, 1240009.875, -129669.0, 4965514.0, 130315.5156);
INSERT INTO `region_point` (`region_face_id`, `idx`, `x`, `y`, `z`, `w`) values (1060, 0, 1240009.875, -170629.0, 5089225.0, 1.0);
INSERT INTO `region_point` (`region_face_id`, `idx`, `x`, `y`, `z`, `w`) values (1060, 1, 1240009.875, -170629.0, 4841803.0, 1.0);
INSERT INTO `region_point` (`region_face_id`, `idx`, `x`, `y`, `z`, `w`) values (1060, 2, 1240009.875, -88709.0, 5089225.0, 1.0);
INSERT INTO `region_point` (`region_face_id`, `idx`, `x`, `y`, `z`, `w`) values (1060, 3, 1240009.875, -88709.0, 4841803.0, 1.0);
INSERT INTO `region` (`region_id`, `level_name`, `tree`, `on_enter`, `on_exit`, `on_inside`) values (142, 'tomba', 'target', '', '', '(setting-pers entity-name mode "camera-162")');
INSERT INTO `region_face` (`region_face_id`, `region_id`, `kind`, `flags`, `normal_x`, `normal_y`, `normal_z`, `normal_w`, `pos_x`, `pos_y`, `pos_z`, `pos_w`) values (1061, 142, 'face', '', 0.0, -1.0, 0.0, 174300.0, 1269718.875, -174300.0, 4804535.0, 105752.4531);
INSERT INTO `region_point` (`region_face_id`, `idx`, `x`, `y`, `z`, `w`) values (1061, 0, 1367216.875, -174300.0, 4845494.0, 1.0);
INSERT INTO `region_point` (`region_face_id`, `idx`, `x`, `y`, `z`, `w`) values (1061, 1, 1172220.875, -174300.0, 4845495.0, 1.0);
INSERT INTO `region_point` (`region_face_id`, `idx`, `x`, `y`, `z`, `w`) values (1061, 2, 1367216.875, -174300.0, 4763575.0, 1.0);
INSERT INTO `region_point` (`region_face_id`, `idx`, `x`, `y`, `z`, `w`) values (1061, 3, 1172220.875, -174300.0, 4763575.0, 1.0);
INSERT INTO `region_face` (`region_face_id`, `region_id`, `kind`, `flags`, `normal_x`, `normal_y`, `normal_z`, `normal_w`, `pos_x`, `pos_y`, `pos_z`, `pos_w`) values (1062, 142, 'face', '', 1.0, 0.0, 0.0, 1367216.875, 1367216.875, -133340.5, 4804534.5, 57925.4804);
INSERT INTO `region_point` (`region_face_id`, `idx`, `x`, `y`, `z`, `w`) values (1062, 0, 1367216.875, -174300.0, 4845494.0, 1.0);
INSERT INTO `region_point` (`region_face_id`, `idx`, `x`, `y`, `z`, `w`) values (1062, 1, 1367216.875, -174300.0, 4763575.0, 1.0);
INSERT INTO `region_point` (`region_face_id`, `idx`, `x`, `y`, `z`, `w`) values (1062, 2, 1367216.875, -92381.0, 4845494.0, 1.0);
INSERT INTO `region_point` (`region_face_id`, `idx`, `x`, `y`, `z`, `w`) values (1062, 3, 1367216.875, -92381.0, 4763575.0, 1.0);
INSERT INTO `region_face` (`region_face_id`, `region_id`, `kind`, `flags`, `normal_x`, `normal_y`, `normal_z`, `normal_w`, `pos_x`, `pos_y`, `pos_z`, `pos_w`) values (1063, 142, 'face', '', 0.0, 0.0, 1.0, 4845501.0, 1269718.875, -133340.5, 4845494.5, 105752.2578);
INSERT INTO `region_point` (`region_face_id`, `idx`, `x`, `y`, `z`, `w`) values (1063, 0, 1367216.875, -174300.0, 4845494.0, 1.0);
INSERT INTO `region_point` (`region_face_id`, `idx`, `x`, `y`, `z`, `w`) values (1063, 1, 1367216.875, -92381.0, 4845494.0, 1.0);
INSERT INTO `region_point` (`region_face_id`, `idx`, `x`, `y`, `z`, `w`) values (1063, 2, 1172220.875, -174300.0, 4845495.0, 1.0);
INSERT INTO `region_point` (`region_face_id`, `idx`, `x`, `y`, `z`, `w`) values (1063, 3, 1172220.875, -92381.0, 4845495.0, 1.0);
INSERT INTO `region_face` (`region_face_id`, `region_id`, `kind`, `flags`, `normal_x`, `normal_y`, `normal_z`, `normal_w`, `pos_x`, `pos_y`, `pos_z`, `pos_w`) values (1064, 142, 'face', '', 0.0, 0.0, -1.0, -4763575.0, 1269718.875, -133340.5, 4763575.0, 105752.2578);
INSERT INTO `region_point` (`region_face_id`, `idx`, `x`, `y`, `z`, `w`) values (1064, 0, 1367216.875, -174300.0, 4763575.0, 1.0);
INSERT INTO `region_point` (`region_face_id`, `idx`, `x`, `y`, `z`, `w`) values (1064, 1, 1172220.875, -174300.0, 4763575.0, 1.0);
INSERT INTO `region_point` (`region_face_id`, `idx`, `x`, `y`, `z`, `w`) values (1064, 2, 1367216.875, -92381.0, 4763575.0, 1.0);
INSERT INTO `region_point` (`region_face_id`, `idx`, `x`, `y`, `z`, `w`) values (1064, 3, 1172220.875, -92381.0, 4763575.0, 1.0);
INSERT INTO `region_face` (`region_face_id`, `region_id`, `kind`, `flags`, `normal_x`, `normal_y`, `normal_z`, `normal_w`, `pos_x`, `pos_y`, `pos_z`, `pos_w`) values (1065, 142, 'face', '', 0.0, 1.0, 0.0, -92381.0, 1269718.875, -92381.0, 4804535.0, 105752.4531);
INSERT INTO `region_point` (`region_face_id`, `idx`, `x`, `y`, `z`, `w`) values (1065, 0, 1367216.875, -92381.0, 4845494.0, 1.0);
INSERT INTO `region_point` (`region_face_id`, `idx`, `x`, `y`, `z`, `w`) values (1065, 1, 1367216.875, -92381.0, 4763575.0, 1.0);
INSERT INTO `region_point` (`region_face_id`, `idx`, `x`, `y`, `z`, `w`) values (1065, 2, 1172220.875, -92381.0, 4845495.0, 1.0);
INSERT INTO `region_point` (`region_face_id`, `idx`, `x`, `y`, `z`, `w`) values (1065, 3, 1172220.875, -92381.0, 4763575.0, 1.0);
INSERT INTO `region_face` (`region_face_id`, `region_id`, `kind`, `flags`, `normal_x`, `normal_y`, `normal_z`, `normal_w`, `pos_x`, `pos_y`, `pos_z`, `pos_w`) values (1066, 142, 'face', '', -1.0, 0.0, 0.0, -1172220.875, 1172220.875, -133340.5, 4804535.0, 57925.832);
INSERT INTO `region_point` (`region_face_id`, `idx`, `x`, `y`, `z`, `w`) values (1066, 0, 1172220.875, -174300.0, 4845495.0, 1.0);
INSERT INTO `region_point` (`region_face_id`, `idx`, `x`, `y`, `z`, `w`) values (1066, 1, 1172220.875, -92381.0, 4845495.0, 1.0);
INSERT INTO `region_point` (`region_face_id`, `idx`, `x`, `y`, `z`, `w`) values (1066, 2, 1172220.875, -174300.0, 4763575.0, 1.0);
INSERT INTO `region_point` (`region_face_id`, `idx`, `x`, `y`, `z`, `w`) values (1066, 3, 1172220.875, -92381.0, 4763575.0, 1.0);
INSERT INTO `region` (`region_id`, `level_name`, `tree`, `on_enter`, `on_exit`, `on_inside`) values (161, 'tomba', 'target', '', '', '(setting-pers entity-name mode "camera-163")');
INSERT INTO `region_face` (`region_face_id`, `region_id`, `kind`, `flags`, `normal_x`, `normal_y`, `normal_z`, `normal_w`, `pos_x`, `pos_y`, `pos_z`, `pos_w`) values (1067, 161, 'face', '', 0.0, 0.0, -1.0, -4335125.0, 1431343.375, -186555.0, 4335125.0, 207549.375);
INSERT INTO `region_point` (`region_face_id`, `idx`, `x`, `y`, `z`, `w`) values (1067, 0, 1634810.875, -227515.0, 4335125.0, 1.0);
INSERT INTO `region_point` (`region_face_id`, `idx`, `x`, `y`, `z`, `w`) values (1067, 1, 1227875.875, -227515.0, 4335125.0, 1.0);
INSERT INTO `region_point` (`region_face_id`, `idx`, `x`, `y`, `z`, `w`) values (1067, 2, 1634810.875, -145595.0, 4335125.0, 1.0);
INSERT INTO `region_point` (`region_face_id`, `idx`, `x`, `y`, `z`, `w`) values (1067, 3, 1227875.875, -145595.0, 4335125.0, 1.0);
INSERT INTO `region_face` (`region_face_id`, `region_id`, `kind`, `flags`, `normal_x`, `normal_y`, `normal_z`, `normal_w`, `pos_x`, `pos_y`, `pos_z`, `pos_w`) values (1068, 161, 'face', '', -1.0, 0.0, 0.0, -1227875.875, 1227875.875, -186555.0, 4358840.0, 47329.9375);
INSERT INTO `region_point` (`region_face_id`, `idx`, `x`, `y`, `z`, `w`) values (1068, 0, 1227875.875, -227515.0, 4382555.0, 1.0);
INSERT INTO `region_point` (`region_face_id`, `idx`, `x`, `y`, `z`, `w`) values (1068, 1, 1227875.875, -145595.0, 4382555.0, 1.0);
INSERT INTO `region_point` (`region_face_id`, `idx`, `x`, `y`, `z`, `w`) values (1068, 2, 1227875.875, -227515.0, 4335125.0, 1.0);
INSERT INTO `region_point` (`region_face_id`, `idx`, `x`, `y`, `z`, `w`) values (1068, 3, 1227875.875, -145595.0, 4335125.0, 1.0);
INSERT INTO `region_face` (`region_face_id`, `region_id`, `kind`, `flags`, `normal_x`, `normal_y`, `normal_z`, `normal_w`, `pos_x`, `pos_y`, `pos_z`, `pos_w`) values (1069, 161, 'face', '', 0.0, 1.0, 0.0, -145595.0, 1431343.375, -145595.0, 4358840.0, 204844.875);
INSERT INTO `region_point` (`region_face_id`, `idx`, `x`, `y`, `z`, `w`) values (1069, 0, 1634810.875, -145595.0, 4382555.0, 1.0);
INSERT INTO `region_point` (`region_face_id`, `idx`, `x`, `y`, `z`, `w`) values (1069, 1, 1634810.875, -145595.0, 4335125.0, 1.0);
INSERT INTO `region_point` (`region_face_id`, `idx`, `x`, `y`, `z`, `w`) values (1069, 2, 1227875.875, -145595.0, 4382555.0, 1.0);
INSERT INTO `region_point` (`region_face_id`, `idx`, `x`, `y`, `z`, `w`) values (1069, 3, 1227875.875, -145595.0, 4335125.0, 1.0);
INSERT INTO `region_face` (`region_face_id`, `region_id`, `kind`, `flags`, `normal_x`, `normal_y`, `normal_z`, `normal_w`, `pos_x`, `pos_y`, `pos_z`, `pos_w`) values (1070, 161, 'face', '', 0.0, -1.0, 0.0, 227515.0, 1431343.375, -227515.0, 4358840.0, 204844.875);
INSERT INTO `region_point` (`region_face_id`, `idx`, `x`, `y`, `z`, `w`) values (1070, 0, 1634810.875, -227515.0, 4382555.0, 1.0);
INSERT INTO `region_point` (`region_face_id`, `idx`, `x`, `y`, `z`, `w`) values (1070, 1, 1227875.875, -227515.0, 4382555.0, 1.0);
INSERT INTO `region_point` (`region_face_id`, `idx`, `x`, `y`, `z`, `w`) values (1070, 2, 1634810.875, -227515.0, 4335125.0, 1.0);
INSERT INTO `region_point` (`region_face_id`, `idx`, `x`, `y`, `z`, `w`) values (1070, 3, 1227875.875, -227515.0, 4335125.0, 1.0);
INSERT INTO `region_face` (`region_face_id`, `region_id`, `kind`, `flags`, `normal_x`, `normal_y`, `normal_z`, `normal_w`, `pos_x`, `pos_y`, `pos_z`, `pos_w`) values (1071, 161, 'face', '', 0.0, 0.0, 1.0, 4382555.0, 1431343.375, -186555.0, 4382555.0, 207549.375);
INSERT INTO `region_point` (`region_face_id`, `idx`, `x`, `y`, `z`, `w`) values (1071, 0, 1634810.875, -227515.0, 4382555.0, 1.0);
INSERT INTO `region_point` (`region_face_id`, `idx`, `x`, `y`, `z`, `w`) values (1071, 1, 1634810.875, -145595.0, 4382555.0, 1.0);
INSERT INTO `region_point` (`region_face_id`, `idx`, `x`, `y`, `z`, `w`) values (1071, 2, 1227875.875, -227515.0, 4382555.0, 1.0);
INSERT INTO `region_point` (`region_face_id`, `idx`, `x`, `y`, `z`, `w`) values (1071, 3, 1227875.875, -145595.0, 4382555.0, 1.0);
INSERT INTO `region_face` (`region_face_id`, `region_id`, `kind`, `flags`, `normal_x`, `normal_y`, `normal_z`, `normal_w`, `pos_x`, `pos_y`, `pos_z`, `pos_w`) values (1072, 161, 'face', '', 1.0, 0.0, 0.0, 1634810.875, 1634810.875, -186555.0, 4358840.0, 47329.9375);
INSERT INTO `region_point` (`region_face_id`, `idx`, `x`, `y`, `z`, `w`) values (1072, 0, 1634810.875, -227515.0, 4382555.0, 1.0);
INSERT INTO `region_point` (`region_face_id`, `idx`, `x`, `y`, `z`, `w`) values (1072, 1, 1634810.875, -227515.0, 4335125.0, 1.0);
INSERT INTO `region_point` (`region_face_id`, `idx`, `x`, `y`, `z`, `w`) values (1072, 2, 1634810.875, -145595.0, 4382555.0, 1.0);
INSERT INTO `region_point` (`region_face_id`, `idx`, `x`, `y`, `z`, `w`) values (1072, 3, 1634810.875, -145595.0, 4335125.0, 1.0);
INSERT INTO `region` (`region_id`, `level_name`, `tree`, `on_enter`, `on_exit`, `on_inside`) values (162, 'tomba', 'target', '', '', '(setting-pers entity-name mode "camera-165")');
INSERT INTO `region_face` (`region_face_id`, `region_id`, `kind`, `flags`, `normal_x`, `normal_y`, `normal_z`, `normal_w`, `pos_x`, `pos_y`, `pos_z`, `pos_w`) values (1073, 162, 'face', '', 0.0, 0.0, -1.0, -4300345.0, 1327351.875, -375564.1562, 4300345.0, 119260.3359);
INSERT INTO `region_point` (`region_face_id`, `idx`, `x`, `y`, `z`, `w`) values (1073, 0, 1427874.875, -439737.0, 4300345.0, 1.0);
INSERT INTO `region_point` (`region_face_id`, `idx`, `x`, `y`, `z`, `w`) values (1073, 1, 1226828.875, -439737.0, 4300345.0, 1.0);
INSERT INTO `region_point` (`region_face_id`, `idx`, `x`, `y`, `z`, `w`) values (1073, 2, 1427873.875, -311391.3125, 4300345.0, 1.0);
INSERT INTO `region_point` (`region_face_id`, `idx`, `x`, `y`, `z`, `w`) values (1073, 3, 1226828.875, -311391.3125, 4300345.0, 1.0);
INSERT INTO `region_face` (`region_face_id`, `region_id`, `kind`, `flags`, `normal_x`, `normal_y`, `normal_z`, `normal_w`, `pos_x`, `pos_y`, `pos_z`, `pos_w`) values (1074, 162, 'face', '', -1.0, 0.0, 0.0, -1226828.875, 1226828.875, -375564.1562, 4341305.0, 76130.6484);
INSERT INTO `region_point` (`region_face_id`, `idx`, `x`, `y`, `z`, `w`) values (1074, 0, 1226828.875, -439737.0, 4382265.0, 1.0);
INSERT INTO `region_point` (`region_face_id`, `idx`, `x`, `y`, `z`, `w`) values (1074, 1, 1226828.875, -311391.3125, 4382265.0, 1.0);
INSERT INTO `region_point` (`region_face_id`, `idx`, `x`, `y`, `z`, `w`) values (1074, 2, 1226828.875, -439737.0, 4300345.0, 1.0);
INSERT INTO `region_point` (`region_face_id`, `idx`, `x`, `y`, `z`, `w`) values (1074, 3, 1226828.875, -311391.3125, 4300345.0, 1.0);
INSERT INTO `region_face` (`region_face_id`, `region_id`, `kind`, `flags`, `normal_x`, `normal_y`, `normal_z`, `normal_w`, `pos_x`, `pos_y`, `pos_z`, `pos_w`) values (1075, 162, 'face', '', 0.0, 1.0, 0.0, -311391.3125, 1327351.375, -311391.3125, 4341305.0, 108547.1953);
INSERT INTO `region_point` (`region_face_id`, `idx`, `x`, `y`, `z`, `w`) values (1075, 0, 1427873.875, -311391.3125, 4382265.0, 1.0);
INSERT INTO `region_point` (`region_face_id`, `idx`, `x`, `y`, `z`, `w`) values (1075, 1, 1427873.875, -311391.3125, 4300345.0, 1.0);
INSERT INTO `region_point` (`region_face_id`, `idx`, `x`, `y`, `z`, `w`) values (1075, 2, 1226828.875, -311391.3125, 4382265.0, 1.0);
INSERT INTO `region_point` (`region_face_id`, `idx`, `x`, `y`, `z`, `w`) values (1075, 3, 1226828.875, -311391.3125, 4300345.0, 1.0);
INSERT INTO `region_face` (`region_face_id`, `region_id`, `kind`, `flags`, `normal_x`, `normal_y`, `normal_z`, `normal_w`, `pos_x`, `pos_y`, `pos_z`, `pos_w`) values (1076, 162, 'face', '', 0.0, -1.0, 0.0, 439737.0, 1327351.875, -439737.0, 4341305.0, 108547.664);
INSERT INTO `region_point` (`region_face_id`, `idx`, `x`, `y`, `z`, `w`) values (1076, 0, 1427874.875, -439737.0, 4382265.0, 1.0);
INSERT INTO `region_point` (`region_face_id`, `idx`, `x`, `y`, `z`, `w`) values (1076, 1, 1226828.875, -439737.0, 4382265.0, 1.0);
INSERT INTO `region_point` (`region_face_id`, `idx`, `x`, `y`, `z`, `w`) values (1076, 2, 1427874.875, -439737.0, 4300345.0, 1.0);
INSERT INTO `region_point` (`region_face_id`, `idx`, `x`, `y`, `z`, `w`) values (1076, 3, 1226828.875, -439737.0, 4300345.0, 1.0);
INSERT INTO `region_face` (`region_face_id`, `region_id`, `kind`, `flags`, `normal_x`, `normal_y`, `normal_z`, `normal_w`, `pos_x`, `pos_y`, `pos_z`, `pos_w`) values (1077, 162, 'face', '', 0.0, 0.0, 1.0, 4382265.0, 1327351.875, -375564.1562, 4382265.0, 119260.3359);
INSERT INTO `region_point` (`region_face_id`, `idx`, `x`, `y`, `z`, `w`) values (1077, 0, 1427874.875, -439737.0, 4382265.0, 1.0);
INSERT INTO `region_point` (`region_face_id`, `idx`, `x`, `y`, `z`, `w`) values (1077, 1, 1427873.875, -311391.3125, 4382265.0, 1.0);
INSERT INTO `region_point` (`region_face_id`, `idx`, `x`, `y`, `z`, `w`) values (1077, 2, 1226828.875, -439737.0, 4382265.0, 1.0);
INSERT INTO `region_point` (`region_face_id`, `idx`, `x`, `y`, `z`, `w`) values (1077, 3, 1226828.875, -311391.3125, 4382265.0, 1.0);
INSERT INTO `region_face` (`region_face_id`, `region_id`, `kind`, `flags`, `normal_x`, `normal_y`, `normal_z`, `normal_w`, `pos_x`, `pos_y`, `pos_z`, `pos_w`) values (1078, 162, 'face', '', 1.0, 0.0, 0.0, 1427871.5, 1427874.375, -375564.1562, 4341305.0, 76130.6484);
INSERT INTO `region_point` (`region_face_id`, `idx`, `x`, `y`, `z`, `w`) values (1078, 0, 1427874.875, -439737.0, 4382265.0, 1.0);
INSERT INTO `region_point` (`region_face_id`, `idx`, `x`, `y`, `z`, `w`) values (1078, 1, 1427874.875, -439737.0, 4300345.0, 1.0);
INSERT INTO `region_point` (`region_face_id`, `idx`, `x`, `y`, `z`, `w`) values (1078, 2, 1427873.875, -311391.3125, 4382265.0, 1.0);
INSERT INTO `region_point` (`region_face_id`, `idx`, `x`, `y`, `z`, `w`) values (1078, 3, 1427873.875, -311391.3125, 4300345.0, 1.0);
INSERT INTO `region` (`region_id`, `level_name`, `tree`, `on_enter`, `on_exit`, `on_inside`) values (163, 'tomba', 'target', '', '', '(setting-pers entity-name mode "camera-164")');
INSERT INTO `region_face` (`region_face_id`, `region_id`, `kind`, `flags`, `normal_x`, `normal_y`, `normal_z`, `normal_w`, `pos_x`, `pos_y`, `pos_z`, `pos_w`) values (1079, 163, 'face', '', 0.0, 0.0, -1.0, -4299585.0, 1547668.875, -305035.0, 4299585.0, 127071.5);
INSERT INTO `region_point` (`region_face_id`, `idx`, `x`, `y`, `z`, `w`) values (1079, 0, 1667957.875, -345995.0, 4299585.0, 1.0);
INSERT INTO `region_point` (`region_face_id`, `idx`, `x`, `y`, `z`, `w`) values (1079, 1, 1427379.875, -345995.0, 4299585.0, 1.0);
INSERT INTO `region_point` (`region_face_id`, `idx`, `x`, `y`, `z`, `w`) values (1079, 2, 1667957.875, -264075.0, 4299585.0, 1.0);
INSERT INTO `region_point` (`region_face_id`, `idx`, `x`, `y`, `z`, `w`) values (1079, 3, 1427379.875, -264075.0, 4299585.0, 1.0);
INSERT INTO `region_face` (`region_face_id`, `region_id`, `kind`, `flags`, `normal_x`, `normal_y`, `normal_z`, `normal_w`, `pos_x`, `pos_y`, `pos_z`, `pos_w`) values (1080, 163, 'face', '', -1.0, 0.0, 0.0, -1427379.875, 1427379.875, -305035.0, 4340545.0, 57926.1875);
INSERT INTO `region_point` (`region_face_id`, `idx`, `x`, `y`, `z`, `w`) values (1080, 0, 1427379.875, -345995.0, 4381505.0, 1.0);
INSERT INTO `region_point` (`region_face_id`, `idx`, `x`, `y`, `z`, `w`) values (1080, 1, 1427379.875, -264075.0, 4381505.0, 1.0);
INSERT INTO `region_point` (`region_face_id`, `idx`, `x`, `y`, `z`, `w`) values (1080, 2, 1427379.875, -345995.0, 4299585.0, 1.0);
INSERT INTO `region_point` (`region_face_id`, `idx`, `x`, `y`, `z`, `w`) values (1080, 3, 1427379.875, -264075.0, 4299585.0, 1.0);
INSERT INTO `region_face` (`region_face_id`, `region_id`, `kind`, `flags`, `normal_x`, `normal_y`, `normal_z`, `normal_w`, `pos_x`, `pos_y`, `pos_z`, `pos_w`) values (1081, 163, 'face', '', 0.0, 1.0, 0.0, -264075.0, 1547668.875, -264075.0, 4340545.0, 127071.5);
INSERT INTO `region_point` (`region_face_id`, `idx`, `x`, `y`, `z`, `w`) values (1081, 0, 1667957.875, -264075.0, 4381505.0, 1.0);
INSERT INTO `region_point` (`region_face_id`, `idx`, `x`, `y`, `z`, `w`) values (1081, 1, 1667957.875, -264075.0, 4299585.0, 1.0);
INSERT INTO `region_point` (`region_face_id`, `idx`, `x`, `y`, `z`, `w`) values (1081, 2, 1427379.875, -264075.0, 4381505.0, 1.0);
INSERT INTO `region_point` (`region_face_id`, `idx`, `x`, `y`, `z`, `w`) values (1081, 3, 1427379.875, -264075.0, 4299585.0, 1.0);
INSERT INTO `region_face` (`region_face_id`, `region_id`, `kind`, `flags`, `normal_x`, `normal_y`, `normal_z`, `normal_w`, `pos_x`, `pos_y`, `pos_z`, `pos_w`) values (1082, 163, 'face', '', 0.0, -1.0, 0.0, 345995.0, 1547668.875, -345995.0, 4340545.0, 127071.5);
INSERT INTO `region_point` (`region_face_id`, `idx`, `x`, `y`, `z`, `w`) values (1082, 0, 1667957.875, -345995.0, 4381505.0, 1.0);
INSERT INTO `region_point` (`region_face_id`, `idx`, `x`, `y`, `z`, `w`) values (1082, 1, 1427379.875, -345995.0, 4381505.0, 1.0);
INSERT INTO `region_point` (`region_face_id`, `idx`, `x`, `y`, `z`, `w`) values (1082, 2, 1667957.875, -345995.0, 4299585.0, 1.0);
INSERT INTO `region_point` (`region_face_id`, `idx`, `x`, `y`, `z`, `w`) values (1082, 3, 1427379.875, -345995.0, 4299585.0, 1.0);
INSERT INTO `region_face` (`region_face_id`, `region_id`, `kind`, `flags`, `normal_x`, `normal_y`, `normal_z`, `normal_w`, `pos_x`, `pos_y`, `pos_z`, `pos_w`) values (1083, 163, 'face', '', 0.0, 0.0, 1.0, 4381505.0, 1547668.875, -305035.0, 4381505.0, 127071.5);
INSERT INTO `region_point` (`region_face_id`, `idx`, `x`, `y`, `z`, `w`) values (1083, 0, 1667957.875, -345995.0, 4381505.0, 1.0);
INSERT INTO `region_point` (`region_face_id`, `idx`, `x`, `y`, `z`, `w`) values (1083, 1, 1667957.875, -264075.0, 4381505.0, 1.0);
INSERT INTO `region_point` (`region_face_id`, `idx`, `x`, `y`, `z`, `w`) values (1083, 2, 1427379.875, -345995.0, 4381505.0, 1.0);
INSERT INTO `region_point` (`region_face_id`, `idx`, `x`, `y`, `z`, `w`) values (1083, 3, 1427379.875, -264075.0, 4381505.0, 1.0);
INSERT INTO `region_face` (`region_face_id`, `region_id`, `kind`, `flags`, `normal_x`, `normal_y`, `normal_z`, `normal_w`, `pos_x`, `pos_y`, `pos_z`, `pos_w`) values (1084, 163, 'face', '', 1.0, 0.0, 0.0, 1667957.875, 1667957.875, -305035.0, 4340545.0, 57926.1875);
INSERT INTO `region_point` (`region_face_id`, `idx`, `x`, `y`, `z`, `w`) values (1084, 0, 1667957.875, -345995.0, 4381505.0, 1.0);
INSERT INTO `region_point` (`region_face_id`, `idx`, `x`, `y`, `z`, `w`) values (1084, 1, 1667957.875, -345995.0, 4299585.0, 1.0);
INSERT INTO `region_point` (`region_face_id`, `idx`, `x`, `y`, `z`, `w`) values (1084, 2, 1667957.875, -264075.0, 4381505.0, 1.0);
INSERT INTO `region_point` (`region_face_id`, `idx`, `x`, `y`, `z`, `w`) values (1084, 3, 1667957.875, -264075.0, 4299585.0, 1.0);
INSERT INTO `region` (`region_id`, `level_name`, `tree`, `on_enter`, `on_exit`, `on_inside`) values (166, 'tomba', 'target', '', '', '(when (not (task-closed? "tomb-boss-resolution")) (setting-pers entity-name mode "camera-152"))');
INSERT INTO `region_sphere` (`region_id`, `x`, `y`, `z`, `r`) values (166, 787188.875, -238358.2031, 6063767.0, 282448.0);
INSERT INTO `region` (`region_id`, `level_name`, `tree`, `on_enter`, `on_exit`, `on_inside`) values (195, 'tomba', 'target', '', '', '(setting-pers entity-name mode "camera-166")');
INSERT INTO `region_face` (`region_face_id`, `region_id`, `kind`, `flags`, `normal_x`, `normal_y`, `normal_z`, `normal_w`, `pos_x`, `pos_y`, `pos_z`, `pos_w`) values (1085, 195, 'face', '', -0.0056, 0.0, -0.9999, -4840041.5, 1375766.875, -409539.8125, 4832368.0, 95056.539);
INSERT INTO `region_point` (`region_face_id`, `idx`, `x`, `y`, `z`, `w`) values (1085, 0, 1445172.875, -474489.0, 4831977.0, 1.0);
INSERT INTO `region_point` (`region_face_id`, `idx`, `x`, `y`, `z`, `w`) values (1085, 1, 1306361.875, -472916.0, 4832759.0, 1.0);
INSERT INTO `region_point` (`region_face_id`, `idx`, `x`, `y`, `z`, `w`) values (1085, 2, 1445172.875, -344590.6875, 4831977.0, 1.0);
INSERT INTO `region_point` (`region_face_id`, `idx`, `x`, `y`, `z`, `w`) values (1085, 3, 1306360.875, -344590.5937, 4832759.0, 1.0);
INSERT INTO `region_face` (`region_face_id`, `region_id`, `kind`, `flags`, `normal_x`, `normal_y`, `normal_z`, `normal_w`, `pos_x`, `pos_y`, `pos_z`, `pos_w`) values (1086, 195, 'face', '', -0.9998, -0.0, 0.0161, -1228292.5, 1308293.625, -420288.1875, 4952617.5, 141785.0156);
INSERT INTO `region_point` (`region_face_id`, `idx`, `x`, `y`, `z`, `w`) values (1086, 0, 1310225.875, -496006.0, 5072444.0, 1.0);
INSERT INTO `region_point` (`region_face_id`, `idx`, `x`, `y`, `z`, `w`) values (1086, 1, 1310225.875, -344590.8125, 5072489.0, 1.0);
INSERT INTO `region_point` (`region_face_id`, `idx`, `x`, `y`, `z`, `w`) values (1086, 2, 1306361.875, -472916.0, 4832759.0, 1.0);
INSERT INTO `region_point` (`region_face_id`, `idx`, `x`, `y`, `z`, `w`) values (1086, 3, 1306360.875, -344590.5937, 4832759.0, 1.0);
INSERT INTO `region_face` (`region_face_id`, `region_id`, `kind`, `flags`, `normal_x`, `normal_y`, `normal_z`, `normal_w`, `pos_x`, `pos_y`, `pos_z`, `pos_w`) values (1087, 195, 'face', '', 0.0, 1.0, 0.0, -344588.1562, 1377695.375, -344590.6875, 4952164.0, 139090.5);
INSERT INTO `region_point` (`region_face_id`, `idx`, `x`, `y`, `z`, `w`) values (1087, 0, 1449029.875, -344590.8125, 5071569.0, 1.0);
INSERT INTO `region_point` (`region_face_id`, `idx`, `x`, `y`, `z`, `w`) values (1087, 1, 1445172.875, -344590.6875, 4831977.0, 1.0);
INSERT INTO `region_point` (`region_face_id`, `idx`, `x`, `y`, `z`, `w`) values (1087, 2, 1310225.875, -344590.8125, 5072489.0, 1.0);
INSERT INTO `region_point` (`region_face_id`, `idx`, `x`, `y`, `z`, `w`) values (1087, 3, 1306360.875, -344590.5937, 4832759.0, 1.0);
INSERT INTO `region_face` (`region_face_id`, `region_id`, `kind`, `flags`, `normal_x`, `normal_y`, `normal_z`, `normal_w`, `pos_x`, `pos_y`, `pos_z`, `pos_w`) values (1088, 195, 'face', '', -0.0118, -0.9953, -0.0956, -7210.0307, 1377695.375, -485241.0, 4952141.5, 139615.7343);
INSERT INTO `region_point` (`region_face_id`, `idx`, `x`, `y`, `z`, `w`) values (1088, 0, 1449028.875, -497566.0, 5071524.0, 1.0);
INSERT INTO `region_point` (`region_face_id`, `idx`, `x`, `y`, `z`, `w`) values (1088, 1, 1310225.875, -496006.0, 5072444.0, 1.0);
INSERT INTO `region_point` (`region_face_id`, `idx`, `x`, `y`, `z`, `w`) values (1088, 2, 1445172.875, -474489.0, 4831977.0, 1.0);
INSERT INTO `region_point` (`region_face_id`, `idx`, `x`, `y`, `z`, `w`) values (1088, 3, 1306361.875, -472916.0, 4832759.0, 1.0);
INSERT INTO `region_face` (`region_face_id`, `region_id`, `kind`, `flags`, `normal_x`, `normal_y`, `normal_z`, `normal_w`, `pos_x`, `pos_y`, `pos_z`, `pos_w`) values (1089, 195, 'face', '', 0.0066, -0.0002, 0.9999, 5081158.0, 1379627.5, -421078.2187, 5072006.5, 103282.1484);
INSERT INTO `region_point` (`region_face_id`, `idx`, `x`, `y`, `z`, `w`) values (1089, 0, 1449028.875, -497566.0, 5071524.0, 1.0);
INSERT INTO `region_point` (`region_face_id`, `idx`, `x`, `y`, `z`, `w`) values (1089, 1, 1449029.875, -344590.8125, 5071569.0, 1.0);
INSERT INTO `region_point` (`region_face_id`, `idx`, `x`, `y`, `z`, `w`) values (1089, 2, 1310225.875, -496006.0, 5072444.0, 1.0);
INSERT INTO `region_point` (`region_face_id`, `idx`, `x`, `y`, `z`, `w`) values (1089, 3, 1310225.875, -344590.8125, 5072489.0, 1.0);
INSERT INTO `region_face` (`region_face_id`, `region_id`, `kind`, `flags`, `normal_x`, `normal_y`, `normal_z`, `normal_w`, `pos_x`, `pos_y`, `pos_z`, `pos_w`) values (1090, 195, 'face', '', 0.9998, -0.0, -0.016, 1367215.25, 1447101.125, -421068.1562, 4951766.5, 142144.8281);
INSERT INTO `region_point` (`region_face_id`, `idx`, `x`, `y`, `z`, `w`) values (1090, 0, 1449028.875, -497566.0, 5071524.0, 1.0);
INSERT INTO `region_point` (`region_face_id`, `idx`, `x`, `y`, `z`, `w`) values (1090, 1, 1445172.875, -474489.0, 4831977.0, 1.0);
INSERT INTO `region_point` (`region_face_id`, `idx`, `x`, `y`, `z`, `w`) values (1090, 2, 1449029.875, -344590.8125, 5071569.0, 1.0);
INSERT INTO `region_point` (`region_face_id`, `idx`, `x`, `y`, `z`, `w`) values (1090, 3, 1445172.875, -344590.6875, 4831977.0, 1.0);
INSERT INTO `region` (`region_id`, `level_name`, `tree`, `on_enter`, `on_exit`, `on_inside`) values (225, 'tomba', 'target', '', '', '(begin (setting-pers entity-name mode "camera-222") (setting-pers music mode ''danger2))');
INSERT INTO `region_face` (`region_face_id`, `region_id`, `kind`, `flags`, `normal_x`, `normal_y`, `normal_z`, `normal_w`, `pos_x`, `pos_y`, `pos_z`, `pos_w`) values (1091, 225, 'face', '', 0.0, -1.0, 0.0, 600565.0, 1604923.875, -600565.0, 5829777.0, 57926.1875);
INSERT INTO `region_point` (`region_face_id`, `idx`, `x`, `y`, `z`, `w`) values (1091, 0, 1645883.875, -600565.0, 5870737.0, 1.0);
INSERT INTO `region_point` (`region_face_id`, `idx`, `x`, `y`, `z`, `w`) values (1091, 1, 1563963.875, -600565.0, 5870737.0, 1.0);
INSERT INTO `region_point` (`region_face_id`, `idx`, `x`, `y`, `z`, `w`) values (1091, 2, 1645883.875, -600565.0, 5788817.0, 1.0);
INSERT INTO `region_point` (`region_face_id`, `idx`, `x`, `y`, `z`, `w`) values (1091, 3, 1563963.875, -600565.0, 5788817.0, 1.0);
INSERT INTO `region_face` (`region_face_id`, `region_id`, `kind`, `flags`, `normal_x`, `normal_y`, `normal_z`, `normal_w`, `pos_x`, `pos_y`, `pos_z`, `pos_w`) values (1092, 225, 'face', '', 0.9999, 0.0016, 0.0, 1644872.875, 1645610.875, -438007.6562, 5830026.0, 167699.5781);
INSERT INTO `region_point` (`region_face_id`, `idx`, `x`, `y`, `z`, `w`) values (1092, 0, 1645883.875, -600565.0, 5870737.0, 1.0);
INSERT INTO `region_point` (`region_face_id`, `idx`, `x`, `y`, `z`, `w`) values (1092, 1, 1645883.875, -600565.0, 5788817.0, 1.0);
INSERT INTO `region_point` (`region_face_id`, `idx`, `x`, `y`, `z`, `w`) values (1092, 2, 1645337.875, -275450.3125, 5871235.0, 1.0);
INSERT INTO `region_point` (`region_face_id`, `idx`, `x`, `y`, `z`, `w`) values (1092, 3, 1645337.875, -275450.3125, 5789315.0, 1.0);
INSERT INTO `region_face` (`region_face_id`, `region_id`, `kind`, `flags`, `normal_x`, `normal_y`, `normal_z`, `normal_w`, `pos_x`, `pos_y`, `pos_z`, `pos_w`) values (1093, 225, 'face', '', 0.0, -0.0015, 0.9999, 5871650.0, 1604650.875, -438007.6562, 5870986.0, 167705.4375);
INSERT INTO `region_point` (`region_face_id`, `idx`, `x`, `y`, `z`, `w`) values (1093, 0, 1645883.875, -600565.0, 5870737.0, 1.0);
INSERT INTO `region_point` (`region_face_id`, `idx`, `x`, `y`, `z`, `w`) values (1093, 1, 1645337.875, -275450.3125, 5871235.0, 1.0);
INSERT INTO `region_point` (`region_face_id`, `idx`, `x`, `y`, `z`, `w`) values (1093, 2, 1563963.875, -600565.0, 5870737.0, 1.0);
INSERT INTO `region_point` (`region_face_id`, `idx`, `x`, `y`, `z`, `w`) values (1093, 3, 1563417.875, -275450.3125, 5871235.0, 1.0);
INSERT INTO `region_face` (`region_face_id`, `region_id`, `kind`, `flags`, `normal_x`, `normal_y`, `normal_z`, `normal_w`, `pos_x`, `pos_y`, `pos_z`, `pos_w`) values (1094, 225, 'face', '', 0.0, 0.0015, -0.9999, -5789730.0, 1604650.875, -438007.6562, 5789066.0, 167705.4375);
INSERT INTO `region_point` (`region_face_id`, `idx`, `x`, `y`, `z`, `w`) values (1094, 0, 1645883.875, -600565.0, 5788817.0, 1.0);
INSERT INTO `region_point` (`region_face_id`, `idx`, `x`, `y`, `z`, `w`) values (1094, 1, 1563963.875, -600565.0, 5788817.0, 1.0);
INSERT INTO `region_point` (`region_face_id`, `idx`, `x`, `y`, `z`, `w`) values (1094, 2, 1645337.875, -275450.3125, 5789315.0, 1.0);
INSERT INTO `region_point` (`region_face_id`, `idx`, `x`, `y`, `z`, `w`) values (1094, 3, 1563417.875, -275450.3125, 5789315.0, 1.0);
INSERT INTO `region_face` (`region_face_id`, `region_id`, `kind`, `flags`, `normal_x`, `normal_y`, `normal_z`, `normal_w`, `pos_x`, `pos_y`, `pos_z`, `pos_w`) values (1095, 225, 'face', '', 0.0, 1.0, 0.0, -275450.3125, 1604377.875, -275450.3125, 5830275.0, 57926.1875);
INSERT INTO `region_point` (`region_face_id`, `idx`, `x`, `y`, `z`, `w`) values (1095, 0, 1645337.875, -275450.3125, 5871235.0, 1.0);
INSERT INTO `region_point` (`region_face_id`, `idx`, `x`, `y`, `z`, `w`) values (1095, 1, 1645337.875, -275450.3125, 5789315.0, 1.0);
INSERT INTO `region_point` (`region_face_id`, `idx`, `x`, `y`, `z`, `w`) values (1095, 2, 1563417.875, -275450.3125, 5871235.0, 1.0);
INSERT INTO `region_point` (`region_face_id`, `idx`, `x`, `y`, `z`, `w`) values (1095, 3, 1563417.875, -275450.3125, 5789315.0, 1.0);
INSERT INTO `region_face` (`region_face_id`, `region_id`, `kind`, `flags`, `normal_x`, `normal_y`, `normal_z`, `normal_w`, `pos_x`, `pos_y`, `pos_z`, `pos_w`) values (1096, 225, 'face', '', -0.9999, -0.0016, 0.0, -1562953.0, 1563690.875, -438007.6562, 5830026.0, 167699.5781);
INSERT INTO `region_point` (`region_face_id`, `idx`, `x`, `y`, `z`, `w`) values (1096, 0, 1563963.875, -600565.0, 5870737.0, 1.0);
INSERT INTO `region_point` (`region_face_id`, `idx`, `x`, `y`, `z`, `w`) values (1096, 1, 1563417.875, -275450.3125, 5871235.0, 1.0);
INSERT INTO `region_point` (`region_face_id`, `idx`, `x`, `y`, `z`, `w`) values (1096, 2, 1563963.875, -600565.0, 5788817.0, 1.0);
INSERT INTO `region_point` (`region_face_id`, `idx`, `x`, `y`, `z`, `w`) values (1096, 3, 1563417.875, -275450.3125, 5789315.0, 1.0);
INSERT INTO `region` (`region_id`, `level_name`, `tree`, `on_enter`, `on_exit`, `on_inside`) values (226, 'tomba', 'target', '', '', '(begin (setting-pers entity-name mode "camera-221") (setting-pers music mode ''danger2))');
INSERT INTO `region_face` (`region_face_id`, `region_id`, `kind`, `flags`, `normal_x`, `normal_y`, `normal_z`, `normal_w`, `pos_x`, `pos_y`, `pos_z`, `pos_w`) values (1097, 226, 'face', '', 0.262, -0.9642, -0.0401, 509014.25, 1361176.875, -399380.9375, 5797795.5, 319849.7812);
INSERT INTO `region_point` (`region_face_id`, `idx`, `x`, `y`, `z`, `w`) values (1097, 0, 1662076.875, -320702.875, 5872447.0, 1.0);
INSERT INTO `region_point` (`region_face_id`, `idx`, `x`, `y`, `z`, `w`) values (1097, 1, 1081352.875, -478059.0, 5860703.0, 1.0);
INSERT INTO `region_point` (`region_face_id`, `idx`, `x`, `y`, `z`, `w`) values (1097, 2, 1632953.875, -324279.5312, 5768253.0, 1.0);
INSERT INTO `region_point` (`region_face_id`, `idx`, `x`, `y`, `z`, `w`) values (1097, 3, 1060276.875, -478059.0, 5723144.0, 1.0);
INSERT INTO `region_face` (`region_face_id`, `region_id`, `kind`, `flags`, `normal_x`, `normal_y`, `normal_z`, `normal_w`, `pos_x`, `pos_y`, `pos_z`, `pos_w`) values (1098, 226, 'face', '', 0.963, -0.0, -0.2691, 19942.1914, 1647301.0, -263146.1562, 5819496.5, 82217.25);
INSERT INTO `region_point` (`region_face_id`, `idx`, `x`, `y`, `z`, `w`) values (1098, 0, 1662076.875, -320702.875, 5872447.0, 1.0);
INSERT INTO `region_point` (`region_face_id`, `idx`, `x`, `y`, `z`, `w`) values (1098, 1, 1632953.875, -324279.5312, 5768253.0, 1.0);
INSERT INTO `region_point` (`region_face_id`, `idx`, `x`, `y`, `z`, `w`) values (1098, 2, 1662081.875, -203847.0, 5872447.0, 1.0);
INSERT INTO `region_point` (`region_face_id`, `idx`, `x`, `y`, `z`, `w`) values (1098, 3, 1633277.875, -203847.0, 5764300.0, 1.0);
INSERT INTO `region_face` (`region_face_id`, `region_id`, `kind`, `flags`, `normal_x`, `normal_y`, `normal_z`, `normal_w`, `pos_x`, `pos_y`, `pos_z`, `pos_w`) values (1099, 226, 'face', '', -0.0202, 0.0, 0.9997, 5837640.5, 1371717.375, -340953.0, 5866575.0, 321160.5312);
INSERT INTO `region_point` (`region_face_id`, `idx`, `x`, `y`, `z`, `w`) values (1099, 0, 1662076.875, -320702.875, 5872447.0, 1.0);
INSERT INTO `region_point` (`region_face_id`, `idx`, `x`, `y`, `z`, `w`) values (1099, 1, 1662081.875, -203847.0, 5872447.0, 1.0);
INSERT INTO `region_point` (`region_face_id`, `idx`, `x`, `y`, `z`, `w`) values (1099, 2, 1081352.875, -478059.0, 5860703.0, 1.0);
INSERT INTO `region_point` (`region_face_id`, `idx`, `x`, `y`, `z`, `w`) values (1099, 3, 1081352.875, -203847.0, 5860703.0, 1.0);
INSERT INTO `region_face` (`region_face_id`, `region_id`, `kind`, `flags`, `normal_x`, `normal_y`, `normal_z`, `normal_w`, `pos_x`, `pos_y`, `pos_z`, `pos_w`) values (1100, 226, 'face', '', 0.0872, -0.0329, -0.9956, -5589939.0, 1345882.125, -340526.6562, 5743629.5, 319278.9062);
INSERT INTO `region_point` (`region_face_id`, `idx`, `x`, `y`, `z`, `w`) values (1100, 0, 1632953.875, -324279.5312, 5768253.0, 1.0);
INSERT INTO `region_point` (`region_face_id`, `idx`, `x`, `y`, `z`, `w`) values (1100, 1, 1060276.875, -478059.0, 5723144.0, 1.0);
INSERT INTO `region_point` (`region_face_id`, `idx`, `x`, `y`, `z`, `w`) values (1100, 2, 1633277.875, -203847.0, 5764300.0, 1.0);
INSERT INTO `region_point` (`region_face_id`, `idx`, `x`, `y`, `z`, `w`) values (1100, 3, 1058867.875, -203847.0, 5713955.5, 1.0);
INSERT INTO `region_face` (`region_face_id`, `region_id`, `kind`, `flags`, `normal_x`, `normal_y`, `normal_z`, `normal_w`, `pos_x`, `pos_y`, `pos_z`, `pos_w`) values (1101, 226, 'face', '', 0.0, 1.0, 0.0, -203847.0, 1360474.875, -203847.0, 5793201.0, 311844.0312);
INSERT INTO `region_point` (`region_face_id`, `idx`, `x`, `y`, `z`, `w`) values (1101, 0, 1662081.875, -203847.0, 5872447.0, 1.0);
INSERT INTO `region_point` (`region_face_id`, `idx`, `x`, `y`, `z`, `w`) values (1101, 1, 1633277.875, -203847.0, 5764300.0, 1.0);
INSERT INTO `region_point` (`region_face_id`, `idx`, `x`, `y`, `z`, `w`) values (1101, 2, 1081352.875, -203847.0, 5860703.0, 1.0);
INSERT INTO `region_point` (`region_face_id`, `idx`, `x`, `y`, `z`, `w`) values (1101, 3, 1058867.875, -203847.0, 5713955.5, 1.0);
INSERT INTO `region_face` (`region_face_id`, `region_id`, `kind`, `flags`, `normal_x`, `normal_y`, `normal_z`, `normal_w`, `pos_x`, `pos_y`, `pos_z`, `pos_w`) values (1102, 226, 'face', '', -0.9884, 0.0, 0.1514, -181294.0781, 1070110.375, -340953.0, 5787329.0, 155910.8437);
INSERT INTO `region_point` (`region_face_id`, `idx`, `x`, `y`, `z`, `w`) values (1102, 0, 1081352.875, -478059.0, 5860703.0, 1.0);
INSERT INTO `region_point` (`region_face_id`, `idx`, `x`, `y`, `z`, `w`) values (1102, 1, 1081352.875, -203847.0, 5860703.0, 1.0);
INSERT INTO `region_point` (`region_face_id`, `idx`, `x`, `y`, `z`, `w`) values (1102, 2, 1060276.875, -478059.0, 5723144.0, 1.0);
INSERT INTO `region_point` (`region_face_id`, `idx`, `x`, `y`, `z`, `w`) values (1102, 3, 1058867.875, -203847.0, 5713955.5, 1.0);
INSERT INTO `region` (`region_id`, `level_name`, `tree`, `on_enter`, `on_exit`, `on_inside`) values (227, 'tomba', 'target', '', '', '(when (and (task-closed? "tomb-poles-poles") (not (task-closed? "tomb-poles-boulder"))) (setting-pers entity-name mode "camera-223") (setting-pers music mode ''danger2))');
INSERT INTO `region_face` (`region_face_id`, `region_id`, `kind`, `flags`, `normal_x`, `normal_y`, `normal_z`, `normal_w`, `pos_x`, `pos_y`, `pos_z`, `pos_w`) values (1103, 227, 'face', '', -0.2953, -0.9553, -0.0022, 30937.8066, 1602423.75, -538432.9375, 4603912.5, 184689.7968);
INSERT INTO `region_point` (`region_face_id`, `idx`, `x`, `y`, `z`, `w`) values (1103, 0, 1737480.875, -580446.0, 4715063.0, 1.0);
INSERT INTO `region_point` (`region_face_id`, `idx`, `x`, `y`, `z`, `w`) values (1103, 1, 1430903.875, -485491.0, 4642214.0, 1.0);
INSERT INTO `region_point` (`region_face_id`, `idx`, `x`, `y`, `z`, `w`) values (1103, 2, 1775060.875, -591721.0, 4565895.0, 1.0);
INSERT INTO `region_point` (`region_face_id`, `idx`, `x`, `y`, `z`, `w`) values (1103, 3, 1430989.875, -485329.0, 4560315.0, 1.0);
INSERT INTO `region_face` (`region_face_id`, `region_id`, `kind`, `flags`, `normal_x`, `normal_y`, `normal_z`, `normal_w`, `pos_x`, `pos_y`, `pos_z`, `pos_w`) values (1104, 227, 'face', '', 0.967, -0.0579, 0.248, 2883198.5, 1761346.5, -497145.4375, 4641482.0, 122382.8515);
INSERT INTO `region_point` (`region_face_id`, `idx`, `x`, `y`, `z`, `w`) values (1104, 0, 1737480.875, -580446.0, 4715063.0, 1.0);
INSERT INTO `region_point` (`region_face_id`, `idx`, `x`, `y`, `z`, `w`) values (1104, 1, 1775060.875, -591721.0, 4565895.0, 1.0);
INSERT INTO `region_point` (`region_face_id`, `idx`, `x`, `y`, `z`, `w`) values (1104, 2, 1747362.875, -403584.6875, 4717881.0, 1.0);
INSERT INTO `region_point` (`region_face_id`, `idx`, `x`, `y`, `z`, `w`) values (1104, 3, 1786163.875, -403584.6875, 4566595.0, 1.0);
INSERT INTO `region_face` (`region_face_id`, `region_id`, `kind`, `flags`, `normal_x`, `normal_y`, `normal_z`, `normal_w`, `pos_x`, `pos_y`, `pos_z`, `pos_w`) values (1105, 227, 'face', '', -0.2319, -0.0025, 0.9727, 4184987.25, 1589122.375, -492015.3437, 4680047.5, 185179.4062);
INSERT INTO `region_point` (`region_face_id`, `idx`, `x`, `y`, `z`, `w`) values (1105, 0, 1737480.875, -580446.0, 4715063.0, 1.0);
INSERT INTO `region_point` (`region_face_id`, `idx`, `x`, `y`, `z`, `w`) values (1105, 1, 1747362.875, -403584.6875, 4717881.0, 1.0);
INSERT INTO `region_point` (`region_face_id`, `idx`, `x`, `y`, `z`, `w`) values (1105, 2, 1430903.875, -485491.0, 4642214.0, 1.0);
INSERT INTO `region_point` (`region_face_id`, `idx`, `x`, `y`, `z`, `w`) values (1105, 3, 1430881.875, -403586.8125, 4642423.0, 1.0);
INSERT INTO `region_face` (`region_face_id`, `region_id`, `kind`, `flags`, `normal_x`, `normal_y`, `normal_z`, `normal_w`, `pos_x`, `pos_y`, `pos_z`, `pos_w`) values (1106, 227, 'face', '', 0.017, 0.0027, -0.9998, -4536547.5, 1608535.375, -497652.8437, 4563455.0, 201023.7812);
INSERT INTO `region_point` (`region_face_id`, `idx`, `x`, `y`, `z`, `w`) values (1106, 0, 1775060.875, -591721.0, 4565895.0, 1.0);
INSERT INTO `region_point` (`region_face_id`, `idx`, `x`, `y`, `z`, `w`) values (1106, 1, 1430989.875, -485329.0, 4560315.0, 1.0);
INSERT INTO `region_point` (`region_face_id`, `idx`, `x`, `y`, `z`, `w`) values (1106, 2, 1786163.875, -403584.6875, 4566595.0, 1.0);
INSERT INTO `region_point` (`region_face_id`, `idx`, `x`, `y`, `z`, `w`) values (1106, 3, 1430906.875, -403586.9062, 4560535.0, 1.0);
INSERT INTO `region_face` (`region_face_id`, `region_id`, `kind`, `flags`, `normal_x`, `normal_y`, `normal_z`, `normal_w`, `pos_x`, `pos_y`, `pos_z`, `pos_w`) values (1107, 227, 'face', '', -0.0, 1.0, -0.0, -403603.4062, 1607874.125, -403585.75, 4604348.5, 182310.25);
INSERT INTO `region_point` (`region_face_id`, `idx`, `x`, `y`, `z`, `w`) values (1107, 0, 1747362.875, -403584.6875, 4717881.0, 1.0);
INSERT INTO `region_point` (`region_face_id`, `idx`, `x`, `y`, `z`, `w`) values (1107, 1, 1786163.875, -403584.6875, 4566595.0, 1.0);
INSERT INTO `region_point` (`region_face_id`, `idx`, `x`, `y`, `z`, `w`) values (1107, 2, 1430881.875, -403586.8125, 4642423.0, 1.0);
INSERT INTO `region_point` (`region_face_id`, `idx`, `x`, `y`, `z`, `w`) values (1107, 3, 1430906.875, -403586.9062, 4560535.0, 1.0);
INSERT INTO `region_face` (`region_face_id`, `region_id`, `kind`, `flags`, `normal_x`, `normal_y`, `normal_z`, `normal_w`, `pos_x`, `pos_y`, `pos_z`, `pos_w`) values (1108, 227, 'face', '', -0.9999, -0.0002, -0.001, -1435651.0, 1430935.875, -444457.9062, 4601369.0, 57929.9609);
INSERT INTO `region_point` (`region_face_id`, `idx`, `x`, `y`, `z`, `w`) values (1108, 0, 1430903.875, -485491.0, 4642214.0, 1.0);
INSERT INTO `region_point` (`region_face_id`, `idx`, `x`, `y`, `z`, `w`) values (1108, 1, 1430881.875, -403586.8125, 4642423.0, 1.0);
INSERT INTO `region_point` (`region_face_id`, `idx`, `x`, `y`, `z`, `w`) values (1108, 2, 1430989.875, -485329.0, 4560315.0, 1.0);
INSERT INTO `region_point` (`region_face_id`, `idx`, `x`, `y`, `z`, `w`) values (1108, 3, 1430906.875, -403586.9062, 4560535.0, 1.0);
INSERT INTO `region` (`region_id`, `level_name`, `tree`, `on_enter`, `on_exit`, `on_inside`) values (495, 'tomba', 'target', '', '(want-load ''tomba ''tombb ''tombc)', '');
INSERT INTO `region_face` (`region_face_id`, `region_id`, `kind`, `flags`, `normal_x`, `normal_y`, `normal_z`, `normal_w`, `pos_x`, `pos_y`, `pos_z`, `pos_w`) values (1109, 495, 'plane', '', -0.9999, 0.0, -0.0138, -1127919.875, 1055503.875, -271209.7187, 5232896.5, 87752.6406);
INSERT INTO `region_point` (`region_face_id`, `idx`, `x`, `y`, `z`, `w`) values (1109, 0, 1056495.875, -220452.0, 5161320.0, 1.0);
INSERT INTO `region_point` (`region_face_id`, `idx`, `x`, `y`, `z`, `w`) values (1109, 1, 1056495.875, -321967.4375, 5161320.0, 1.0);
INSERT INTO `region_point` (`region_face_id`, `idx`, `x`, `y`, `z`, `w`) values (1109, 2, 1054511.875, -220452.0, 5304473.0, 1.0);
INSERT INTO `region_point` (`region_face_id`, `idx`, `x`, `y`, `z`, `w`) values (1109, 3, 1054511.875, -321967.4375, 5304473.0, 1.0);
INSERT INTO `region` (`region_id`, `level_name`, `tree`, `on_enter`, `on_exit`, `on_inside`) values (452, 'tomba', 'target', '(cond ((task-closed? "tomb-boss-resolution") (want-load ''tomba ''tombb ''tombc)))', '(cond ((task-closed? "tomb-boss-resolution") (want-load ''tomba ''tombd ''tombb)))', '');
INSERT INTO `region_face` (`region_face_id`, `region_id`, `kind`, `flags`, `normal_x`, `normal_y`, `normal_z`, `normal_w`, `pos_x`, `pos_y`, `pos_z`, `pos_w`) values (1110, 452, 'plane', '', 0.0005, 0.0, -0.9999, -4786782.0, 760125.375, -252209.4062, 4787231.5, 400052.9062);
INSERT INTO `region_point` (`region_face_id`, `idx`, `x`, `y`, `z`, `w`) values (1110, 0, 1135229.875, -113145.0, 4787453.0, 1.0);
INSERT INTO `region_point` (`region_face_id`, `idx`, `x`, `y`, `z`, `w`) values (1110, 1, 1135229.875, -391273.8125, 4787453.0, 1.0);
INSERT INTO `region_point` (`region_face_id`, `idx`, `x`, `y`, `z`, `w`) values (1110, 2, 385020.875, -113145.0, 4787010.0, 1.0);
INSERT INTO `region_point` (`region_face_id`, `idx`, `x`, `y`, `z`, `w`) values (1110, 3, 385020.875, -391273.8125, 4787010.0, 1.0);
INSERT INTO `region` (`region_id`, `level_name`, `tree`, `on_enter`, `on_exit`, `on_inside`) values (336, 'tomba', 'camera', '', '', '(sound-play-loop "tomb-amb")');
INSERT INTO `region_sphere` (`region_id`, `x`, `y`, `z`, `r`) values (336, 696301.375, -87780.0, 5213115.0, 1670850.0);
INSERT INTO `region` (`region_id`, `level_name`, `tree`, `on_enter`, `on_exit`, `on_inside`) values (490, 'tomba', 'camera', '(want-continue "tomb-poles-start")', '', '');
INSERT INTO `region_sphere` (`region_id`, `x`, `y`, `z`, `r`) values (490, 1197462.875, -324139.625, 5236073.0, 53159.6015);
INSERT INTO `region` (`region_id`, `level_name`, `tree`, `on_enter`, `on_exit`, `on_inside`) values (491, 'tomba', 'camera', '(want-continue "tomb-water-start")', '', '');
INSERT INTO `region_sphere` (`region_id`, `x`, `y`, `z`, `r`) values (491, 252696.875, -242484.9062, 5230425.0, 53159.6015);
INSERT INTO `region` (`region_id`, `level_name`, `tree`, `on_enter`, `on_exit`, `on_inside`) values (494, 'tomba', 'camera', '(want-display ''tombe ''display)', '(want-display ''tombe #f)', '');
INSERT INTO `region_face` (`region_face_id`, `region_id`, `kind`, `flags`, `normal_x`, `normal_y`, `normal_z`, `normal_w`, `pos_x`, `pos_y`, `pos_z`, `pos_w`) values (1111, 494, 'plane', '', -0.0292, 0.0, 0.9995, 5027660.5, 1331060.875, -170264.9062, 5068758.5, 298450.375);
INSERT INTO `region_point` (`region_face_id`, `idx`, `x`, `y`, `z`, `w`) values (1111, 0, 1089651.875, 5076.0, 5061695.0, 1.0);
INSERT INTO `region_point` (`region_face_id`, `idx`, `x`, `y`, `z`, `w`) values (1111, 1, 1089651.875, -345605.8125, 5061695.0, 1.0);
INSERT INTO `region_point` (`region_face_id`, `idx`, `x`, `y`, `z`, `w`) values (1111, 2, 1572469.875, 5076.0, 5075822.0, 1.0);
INSERT INTO `region_point` (`region_face_id`, `idx`, `x`, `y`, `z`, `w`) values (1111, 3, 1572469.875, -345605.8125, 5075822.0, 1.0);
INSERT INTO `region` (`region_id`, `level_name`, `tree`, `on_enter`, `on_exit`, `on_inside`) values (242, 'tomba', 'water', '', '', '(water water-anim "dark-eco-pool-24" (swim event darkeco))');
INSERT INTO `region_face` (`region_face_id`, `region_id`, `kind`, `flags`, `normal_x`, `normal_y`, `normal_z`, `normal_w`, `pos_x`, `pos_y`, `pos_z`, `pos_w`) values (1112, 242, 'face', '', -0.0, -1.0, 0.0, 389555.625, 1215595.375, -389541.8437, 4954248.5, 189645.4531);
INSERT INTO `region_point` (`region_face_id`, `idx`, `x`, `y`, `z`, `w`) values (1112, 0, 1310576.875, -389541.5, 5108080.0, 1.0);
INSERT INTO `region_point` (`region_face_id`, `idx`, `x`, `y`, `z`, `w`) values (1112, 1, 1120683.875, -389541.1875, 5118435.0, 1.0);
INSERT INTO `region_point` (`region_face_id`, `idx`, `x`, `y`, `z`, `w`) values (1112, 2, 1310506.875, -389542.5, 4790062.0, 1.0);
INSERT INTO `region_point` (`region_face_id`, `idx`, `x`, `y`, `z`, `w`) values (1112, 3, 1130769.875, -389542.1875, 4797315.0, 1.0);
INSERT INTO `region_face` (`region_face_id`, `region_id`, `kind`, `flags`, `normal_x`, `normal_y`, `normal_z`, `normal_w`, `pos_x`, `pos_y`, `pos_z`, `pos_w`) values (1113, 242, 'face', '', 0.9992, 0.0391, -0.0002, 1293205.5, 1308826.875, -345762.5937, 4948891.0, 165108.4218);
INSERT INTO `region_point` (`region_face_id`, `idx`, `x`, `y`, `z`, `w`) values (1113, 0, 1310576.875, -389541.5, 5108080.0, 1.0);
INSERT INTO `region_point` (`region_face_id`, `idx`, `x`, `y`, `z`, `w`) values (1113, 1, 1310506.875, -389542.5, 4790062.0, 1.0);
INSERT INTO `region_point` (`region_face_id`, `idx`, `x`, `y`, `z`, `w`) values (1113, 2, 1307147.875, -301983.0, 5107719.0, 1.0);
INSERT INTO `region_point` (`region_face_id`, `idx`, `x`, `y`, `z`, `w`) values (1113, 3, 1307076.875, -301983.6875, 4789702.0, 1.0);
INSERT INTO `region_face` (`region_face_id`, `region_id`, `kind`, `flags`, `normal_x`, `normal_y`, `normal_z`, `normal_w`, `pos_x`, `pos_y`, `pos_z`, `pos_w`) values (1114, 242, 'face', '', 0.0544, 0.0062, 0.9984, 5169327.5, 1213916.375, -345761.9375, 5113076.0, 106230.2265);
INSERT INTO `region_point` (`region_face_id`, `idx`, `x`, `y`, `z`, `w`) values (1114, 0, 1310576.875, -389541.5, 5108080.0, 1.0);
INSERT INTO `region_point` (`region_face_id`, `idx`, `x`, `y`, `z`, `w`) values (1114, 1, 1307147.875, -301983.0, 5107719.0, 1.0);
INSERT INTO `region_point` (`region_face_id`, `idx`, `x`, `y`, `z`, `w`) values (1114, 2, 1120683.875, -389541.1875, 5118435.0, 1.0);
INSERT INTO `region_point` (`region_face_id`, `idx`, `x`, `y`, `z`, `w`) values (1114, 3, 1117255.875, -301982.4062, 5118072.0, 1.0);
INSERT INTO `region_face` (`region_face_id`, `region_id`, `kind`, `flags`, `normal_x`, `normal_y`, `normal_z`, `normal_w`, `pos_x`, `pos_y`, `pos_z`, `pos_w`) values (1115, 242, 'face', '', -0.0403, -0.0056, -0.9991, -4836713.5, 1218924.375, -345762.7812, 4793508.5, 101567.1953);
INSERT INTO `region_point` (`region_face_id`, `idx`, `x`, `y`, `z`, `w`) values (1115, 0, 1310506.875, -389542.5, 4790062.0, 1.0);
INSERT INTO `region_point` (`region_face_id`, `idx`, `x`, `y`, `z`, `w`) values (1115, 1, 1130769.875, -389542.1875, 4797315.0, 1.0);
INSERT INTO `region_point` (`region_face_id`, `idx`, `x`, `y`, `z`, `w`) values (1115, 2, 1307076.875, -301983.6875, 4789702.0, 1.0);
INSERT INTO `region_point` (`region_face_id`, `idx`, `x`, `y`, `z`, `w`) values (1115, 3, 1127341.875, -301983.0937, 4796955.0, 1.0);
INSERT INTO `region_face` (`region_face_id`, `region_id`, `kind`, `flags`, `normal_x`, `normal_y`, `normal_z`, `normal_w`, `pos_x`, `pos_y`, `pos_z`, `pos_w`) values (1116, 242, 'face', '', 0.0, 1.0, -0.0, -301990.125, 1212166.375, -301983.0625, 4953887.0, 189643.6562);
INSERT INTO `region_point` (`region_face_id`, `idx`, `x`, `y`, `z`, `w`) values (1116, 0, 1307147.875, -301983.0, 5107719.0, 1.0);
INSERT INTO `region_point` (`region_face_id`, `idx`, `x`, `y`, `z`, `w`) values (1116, 1, 1307076.875, -301983.6875, 4789702.0, 1.0);
INSERT INTO `region_point` (`region_face_id`, `idx`, `x`, `y`, `z`, `w`) values (1116, 2, 1117255.875, -301982.4062, 5118072.0, 1.0);
INSERT INTO `region_point` (`region_face_id`, `idx`, `x`, `y`, `z`, `w`) values (1116, 3, 1127341.875, -301983.0937, 4796955.0, 1.0);
INSERT INTO `region_face` (`region_face_id`, `region_id`, `kind`, `flags`, `normal_x`, `normal_y`, `normal_z`, `normal_w`, `pos_x`, `pos_y`, `pos_z`, `pos_w`) values (1117, 242, 'face', '', -0.9987, -0.0392, -0.0313, -1264547.375, 1124012.875, -345762.125, 4957695.0, 166628.4375);
INSERT INTO `region_point` (`region_face_id`, `idx`, `x`, `y`, `z`, `w`) values (1117, 0, 1120683.875, -389541.1875, 5118435.0, 1.0);
INSERT INTO `region_point` (`region_face_id`, `idx`, `x`, `y`, `z`, `w`) values (1117, 1, 1117255.875, -301982.4062, 5118072.0, 1.0);
INSERT INTO `region_point` (`region_face_id`, `idx`, `x`, `y`, `z`, `w`) values (1117, 2, 1130769.875, -389542.1875, 4797315.0, 1.0);
INSERT INTO `region_point` (`region_face_id`, `idx`, `x`, `y`, `z`, `w`) values (1117, 3, 1127341.875, -301983.0937, 4796955.0, 1.0);
INSERT INTO `region` (`region_id`, `level_name`, `tree`, `on_enter`, `on_exit`, `on_inside`) values (243, 'tomba', 'water', '', '', '(water water-anim #<entity-actor :name water-anim-tomb-1 @ #x2dad994> (wade))');
INSERT INTO `region_face` (`region_face_id`, `region_id`, `kind`, `flags`, `normal_x`, `normal_y`, `normal_z`, `normal_w`, `pos_x`, `pos_y`, `pos_z`, `pos_w`) values (1118, 243, 'face', '', -0.0, -1.0, 0.0, 389545.0312, 796484.875, -389541.75, 5144861.5, 618558.5);
INSERT INTO `region_point` (`region_face_id`, `idx`, `x`, `y`, `z`, `w`) values (1118, 0, 1148870.875, -389541.5, 5653230.0, 1.0);
INSERT INTO `region_point` (`region_face_id`, `idx`, `x`, `y`, `z`, `w`) values (1118, 1, 418052.875, -389541.3125, 5627760.0, 1.0);
INSERT INTO `region_point` (`region_face_id`, `idx`, `x`, `y`, `z`, `w`) values (1118, 2, 1170491.875, -389542.1875, 4655579.0, 1.0);
INSERT INTO `region_point` (`region_face_id`, `idx`, `x`, `y`, `z`, `w`) values (1118, 3, 439670.875, -389541.9062, 4654039.0, 1.0);
INSERT INTO `region_face` (`region_face_id`, `region_id`, `kind`, `flags`, `normal_x`, `normal_y`, `normal_z`, `normal_w`, `pos_x`, `pos_y`, `pos_z`, `pos_w`) values (1119, 243, 'face', '', 0.9989, 0.0392, 0.0216, 1254831.25, 1157966.375, -345762.0312, 5154229.5, 500999.875);
INSERT INTO `region_point` (`region_face_id`, `idx`, `x`, `y`, `z`, `w`) values (1119, 0, 1148870.875, -389541.5, 5653230.0, 1.0);
INSERT INTO `region_point` (`region_face_id`, `idx`, `x`, `y`, `z`, `w`) values (1119, 1, 1170491.875, -389542.1875, 4655579.0, 1.0);
INSERT INTO `region_point` (`region_face_id`, `idx`, `x`, `y`, `z`, `w`) values (1119, 2, 1145440.875, -301982.0937, 5652868.0, 1.0);
INSERT INTO `region_point` (`region_face_id`, `idx`, `x`, `y`, `z`, `w`) values (1119, 3, 1167061.875, -301982.5937, 4655229.0, 1.0);
INSERT INTO `region_face` (`region_face_id`, `region_id`, `kind`, `flags`, `normal_x`, `normal_y`, `normal_z`, `normal_w`, `pos_x`, `pos_y`, `pos_z`, `pos_w`) values (1120, 243, 'face', '', -0.0348, 0.0027, 0.9993, 5608685.0, 781747.375, -345761.6875, 5640314.0, 369950.2187);
INSERT INTO `region_point` (`region_face_id`, `idx`, `x`, `y`, `z`, `w`) values (1120, 0, 1148870.875, -389541.5, 5653230.0, 1.0);
INSERT INTO `region_point` (`region_face_id`, `idx`, `x`, `y`, `z`, `w`) values (1120, 1, 1145440.875, -301982.0937, 5652868.0, 1.0);
INSERT INTO `region_point` (`region_face_id`, `idx`, `x`, `y`, `z`, `w`) values (1120, 2, 418052.875, -389541.3125, 5627760.0, 1.0);
INSERT INTO `region_point` (`region_face_id`, `idx`, `x`, `y`, `z`, `w`) values (1120, 3, 414623.875, -301981.9062, 5627398.0, 1.0);
INSERT INTO `region_face` (`region_face_id`, `region_id`, `kind`, `flags`, `normal_x`, `normal_y`, `normal_z`, `normal_w`, `pos_x`, `pos_y`, `pos_z`, `pos_w`) values (1121, 243, 'face', '', 0.0021, -0.0039, -0.9999, -4651541.5, 803366.875, -345762.3125, 4654634.0, 369727.375);
INSERT INTO `region_point` (`region_face_id`, `idx`, `x`, `y`, `z`, `w`) values (1121, 0, 1170491.875, -389542.1875, 4655579.0, 1.0);
INSERT INTO `region_point` (`region_face_id`, `idx`, `x`, `y`, `z`, `w`) values (1121, 1, 439670.875, -389541.9062, 4654039.0, 1.0);
INSERT INTO `region_point` (`region_face_id`, `idx`, `x`, `y`, `z`, `w`) values (1121, 2, 1167061.875, -301982.5937, 4655229.0, 1.0);
INSERT INTO `region_point` (`region_face_id`, `idx`, `x`, `y`, `z`, `w`) values (1121, 3, 436241.875, -301982.4062, 4653689.0, 1.0);
INSERT INTO `region_face` (`region_face_id`, `region_id`, `kind`, `flags`, `normal_x`, `normal_y`, `normal_z`, `normal_w`, `pos_x`, `pos_y`, `pos_z`, `pos_w`) values (1122, 243, 'face', '', 0.0, 1.0, -0.0, -301984.5937, 793055.3125, -301982.25, 5144505.5, 618553.375);
INSERT INTO `region_point` (`region_face_id`, `idx`, `x`, `y`, `z`, `w`) values (1122, 0, 1145440.875, -301982.0937, 5652868.0, 1.0);
INSERT INTO `region_point` (`region_face_id`, `idx`, `x`, `y`, `z`, `w`) values (1122, 1, 1167061.875, -301982.5937, 4655229.0, 1.0);
INSERT INTO `region_point` (`region_face_id`, `idx`, `x`, `y`, `z`, `w`) values (1122, 2, 414623.875, -301981.9062, 5627398.0, 1.0);
INSERT INTO `region_point` (`region_face_id`, `idx`, `x`, `y`, `z`, `w`) values (1122, 3, 436241.875, -301982.4062, 4653689.0, 1.0);
INSERT INTO `region_face` (`region_face_id`, `region_id`, `kind`, `flags`, `normal_x`, `normal_y`, `normal_z`, `normal_w`, `pos_x`, `pos_y`, `pos_z`, `pos_w`) values (1123, 243, 'face', '', -0.9989, -0.0392, -0.0221, -527170.3125, 427147.375, -345761.8437, 5140724.5, 489083.75);
INSERT INTO `region_point` (`region_face_id`, `idx`, `x`, `y`, `z`, `w`) values (1123, 0, 418052.875, -389541.3125, 5627760.0, 1.0);
INSERT INTO `region_point` (`region_face_id`, `idx`, `x`, `y`, `z`, `w`) values (1123, 1, 414623.875, -301981.9062, 5627398.0, 1.0);
INSERT INTO `region_point` (`region_face_id`, `idx`, `x`, `y`, `z`, `w`) values (1123, 2, 439670.875, -389541.9062, 4654039.0, 1.0);
INSERT INTO `region_point` (`region_face_id`, `idx`, `x`, `y`, `z`, `w`) values (1123, 3, 436241.875, -301982.4062, 4653689.0, 1.0);
INSERT INTO `region` (`region_id`, `level_name`, `tree`, `on_enter`, `on_exit`, `on_inside`) values (248, 'tomba', 'water', '', '', '(water height -59.5000 (swim wade))');
INSERT INTO `region_face` (`region_face_id`, `region_id`, `kind`, `flags`, `normal_x`, `normal_y`, `normal_z`, `normal_w`, `pos_x`, `pos_y`, `pos_z`, `pos_w`) values (1124, 248, 'face', '', -0.1401, 0.0908, -0.9859, -4100784.25, 51319.875, -216130.75, 4132015.0, 152459.5312);
INSERT INTO `region_point` (`region_face_id`, `idx`, `x`, `y`, `z`, `w`) values (1124, 0, 191234.875, -271300.5, 4107035.0, 1.0);
INSERT INTO `region_point` (`region_face_id`, `idx`, `x`, `y`, `z`, `w`) values (1124, 1, -85749.125, -271297.9062, 4146415.0, 1.0);
INSERT INTO `region_point` (`region_face_id`, `idx`, `x`, `y`, `z`, `w`) values (1124, 2, 188401.875, -160963.0, 4117605.0, 1.0);
INSERT INTO `region_point` (`region_face_id`, `idx`, `x`, `y`, `z`, `w`) values (1124, 3, -88595.125, -160961.0, 4156995.0, 1.0);
INSERT INTO `region_face` (`region_face_id`, `region_id`, `kind`, `flags`, `normal_x`, `normal_y`, `normal_z`, `normal_w`, `pos_x`, `pos_y`, `pos_z`, `pos_w`) values (1125, 248, 'face', '', -0.9996, -0.0265, 0.0076, 124798.3906, -86205.125, -216129.4531, 4277400.0, 142129.6562);
INSERT INTO `region_point` (`region_face_id`, `idx`, `x`, `y`, `z`, `w`) values (1125, 0, -83815.125, -271298.5937, 4397805.0, 1.0);
INSERT INTO `region_point` (`region_face_id`, `idx`, `x`, `y`, `z`, `w`) values (1125, 1, -86661.125, -160961.0, 4408385.0, 1.0);
INSERT INTO `region_point` (`region_face_id`, `idx`, `x`, `y`, `z`, `w`) values (1125, 2, -85749.125, -271297.9062, 4146415.0, 1.0);
INSERT INTO `region_point` (`region_face_id`, `idx`, `x`, `y`, `z`, `w`) values (1125, 3, -88595.125, -160961.0, 4156995.0, 1.0);
INSERT INTO `region_face` (`region_face_id`, `region_id`, `kind`, `flags`, `normal_x`, `normal_y`, `normal_z`, `normal_w`, `pos_x`, `pos_y`, `pos_z`, `pos_w`) values (1126, 248, 'face', '', 0.0, 1.0, -0.0, -160961.875, 50870.375, -160962.0, 4262995.0, 200132.875);
INSERT INTO `region_point` (`region_face_id`, `idx`, `x`, `y`, `z`, `w`) values (1126, 0, 190338.875, -160963.0, 4368985.0, 1.0);
INSERT INTO `region_point` (`region_face_id`, `idx`, `x`, `y`, `z`, `w`) values (1126, 1, 188401.875, -160963.0, 4117605.0, 1.0);
INSERT INTO `region_point` (`region_face_id`, `idx`, `x`, `y`, `z`, `w`) values (1126, 2, -86661.125, -160961.0, 4408385.0, 1.0);
INSERT INTO `region_point` (`region_face_id`, `idx`, `x`, `y`, `z`, `w`) values (1126, 3, -88595.125, -160961.0, 4156995.0, 1.0);
INSERT INTO `region_face` (`region_face_id`, `region_id`, `kind`, `flags`, `normal_x`, `normal_y`, `normal_z`, `normal_w`, `pos_x`, `pos_y`, `pos_z`, `pos_w`) values (1127, 248, 'face', '', -0.0, -1.0, -0.0, 271287.7187, 53709.875, -271299.5625, 4252420.0, 200124.7656);
INSERT INTO `region_point` (`region_face_id`, `idx`, `x`, `y`, `z`, `w`) values (1127, 0, 193171.875, -271301.1875, 4358415.0, 1.0);
INSERT INTO `region_point` (`region_face_id`, `idx`, `x`, `y`, `z`, `w`) values (1127, 1, -83815.125, -271298.5937, 4397805.0, 1.0);
INSERT INTO `region_point` (`region_face_id`, `idx`, `x`, `y`, `z`, `w`) values (1127, 2, 191234.875, -271300.5, 4107035.0, 1.0);
INSERT INTO `region_point` (`region_face_id`, `idx`, `x`, `y`, `z`, `w`) values (1127, 3, -85749.125, -271297.9062, 4146415.0, 1.0);
INSERT INTO `region_face` (`region_face_id`, `region_id`, `kind`, `flags`, `normal_x`, `normal_y`, `normal_z`, `normal_w`, `pos_x`, `pos_y`, `pos_z`, `pos_w`) values (1128, 248, 'face', '', 0.1402, -0.0908, 0.9859, 4348890.0, 53255.375, -216131.0937, 4383400.0, 152461.8437);
INSERT INTO `region_point` (`region_face_id`, `idx`, `x`, `y`, `z`, `w`) values (1128, 0, 193171.875, -271301.1875, 4358415.0, 1.0);
INSERT INTO `region_point` (`region_face_id`, `idx`, `x`, `y`, `z`, `w`) values (1128, 1, 190338.875, -160963.0, 4368985.0, 1.0);
INSERT INTO `region_point` (`region_face_id`, `idx`, `x`, `y`, `z`, `w`) values (1128, 2, -83815.125, -271298.5937, 4397805.0, 1.0);
INSERT INTO `region_point` (`region_face_id`, `idx`, `x`, `y`, `z`, `w`) values (1128, 3, -86661.125, -160961.0, 4408385.0, 1.0);
INSERT INTO `region_face` (`region_face_id`, `region_id`, `kind`, `flags`, `normal_x`, `normal_y`, `normal_z`, `normal_w`, `pos_x`, `pos_y`, `pos_z`, `pos_w`) values (1129, 248, 'face', '', 0.9996, 0.0264, -0.0077, 152364.8281, 190786.875, -216131.75, 4238010.0, 142120.5156);
INSERT INTO `region_point` (`region_face_id`, `idx`, `x`, `y`, `z`, `w`) values (1129, 0, 193171.875, -271301.1875, 4358415.0, 1.0);
INSERT INTO `region_point` (`region_face_id`, `idx`, `x`, `y`, `z`, `w`) values (1129, 1, 191234.875, -271300.5, 4107035.0, 1.0);
INSERT INTO `region_point` (`region_face_id`, `idx`, `x`, `y`, `z`, `w`) values (1129, 2, 190338.875, -160963.0, 4368985.0, 1.0);
INSERT INTO `region_point` (`region_face_id`, `idx`, `x`, `y`, `z`, `w`) values (1129, 3, 188401.875, -160963.0, 4117605.0, 1.0);
INSERT INTO `region` (`region_id`, `level_name`, `tree`, `on_enter`, `on_exit`, `on_inside`) values (252, 'tomba', 'water', '', '', '(unless (task-closed? "tomb-poles-block") (water water-anim "dark-eco-pool-23" (swim event darkeco)))');
INSERT INTO `region_face` (`region_face_id`, `region_id`, `kind`, `flags`, `normal_x`, `normal_y`, `normal_z`, `normal_w`, `pos_x`, `pos_y`, `pos_z`, `pos_w`) values (1130, 252, 'face', '', -0.0133, -0.0046, -0.9998, -4765744.0, 1376759.875, -345762.9375, 4749380.0, 228601.7812);
INSERT INTO `region_point` (`region_face_id`, `idx`, `x`, `y`, `z`, `w`) values (1130, 0, 1601112.875, -389542.5, 4746577.0, 1.0);
INSERT INTO `region_point` (`region_face_id`, `idx`, `x`, `y`, `z`, `w`) values (1130, 1, 1155835.875, -389542.3125, 4752543.0, 1.0);
INSERT INTO `region_point` (`region_face_id`, `idx`, `x`, `y`, `z`, `w`) values (1130, 2, 1597681.875, -301983.8125, 4746217.0, 1.0);
INSERT INTO `region_point` (`region_face_id`, `idx`, `x`, `y`, `z`, `w`) values (1130, 3, 1152406.875, -301983.4062, 4752183.0, 1.0);
INSERT INTO `region_face` (`region_face_id`, `region_id`, `kind`, `flags`, `normal_x`, `normal_y`, `normal_z`, `normal_w`, `pos_x`, `pos_y`, `pos_z`, `pos_w`) values (1131, 252, 'face', '', -0.9989, -0.0392, -0.0226, -1246931.25, 1149078.375, -345762.4062, 4974966.0, 227068.1562);
INSERT INTO `region_point` (`region_face_id`, `idx`, `x`, `y`, `z`, `w`) values (1131, 0, 1145749.875, -389541.4062, 5197749.0, 1.0);
INSERT INTO `region_point` (`region_face_id`, `idx`, `x`, `y`, `z`, `w`) values (1131, 1, 1142320.875, -301982.4062, 5197389.0, 1.0);
INSERT INTO `region_point` (`region_face_id`, `idx`, `x`, `y`, `z`, `w`) values (1131, 2, 1155835.875, -389542.3125, 4752543.0, 1.0);
INSERT INTO `region_point` (`region_face_id`, `idx`, `x`, `y`, `z`, `w`) values (1131, 3, 1152406.875, -301983.4062, 4752183.0, 1.0);
INSERT INTO `region_face` (`region_face_id`, `region_id`, `kind`, `flags`, `normal_x`, `normal_y`, `normal_z`, `normal_w`, `pos_x`, `pos_y`, `pos_z`, `pos_w`) values (1132, 252, 'face', '', 0.0, 1.0, -0.0, -301993.4375, 1375055.25, -301983.0937, 4976169.5, 327190.0);
INSERT INTO `region_point` (`region_face_id`, `idx`, `x`, `y`, `z`, `w`) values (1132, 0, 1622638.875, -301982.8125, 5190075.0, 1.0);
INSERT INTO `region_point` (`region_face_id`, `idx`, `x`, `y`, `z`, `w`) values (1132, 1, 1597681.875, -301983.8125, 4746217.0, 1.0);
INSERT INTO `region_point` (`region_face_id`, `idx`, `x`, `y`, `z`, `w`) values (1132, 2, 1142320.875, -301982.4062, 5197389.0, 1.0);
INSERT INTO `region_point` (`region_face_id`, `idx`, `x`, `y`, `z`, `w`) values (1132, 3, 1152406.875, -301983.4062, 4752183.0, 1.0);
INSERT INTO `region_face` (`region_face_id`, `region_id`, `kind`, `flags`, `normal_x`, `normal_y`, `normal_z`, `normal_w`, `pos_x`, `pos_y`, `pos_z`, `pos_w`) values (1133, 252, 'face', '', -0.0, -1.0, 0.0, 389551.7187, 1378485.25, -389541.9375, 4976529.5, 327190.75);
INSERT INTO `region_point` (`region_face_id`, `idx`, `x`, `y`, `z`, `w`) values (1133, 0, 1626069.875, -389541.5937, 5190435.0, 1.0);
INSERT INTO `region_point` (`region_face_id`, `idx`, `x`, `y`, `z`, `w`) values (1133, 1, 1145749.875, -389541.4062, 5197749.0, 1.0);
INSERT INTO `region_point` (`region_face_id`, `idx`, `x`, `y`, `z`, `w`) values (1133, 2, 1601112.875, -389542.5, 4746577.0, 1.0);
INSERT INTO `region_point` (`region_face_id`, `idx`, `x`, `y`, `z`, `w`) values (1133, 3, 1155835.875, -389542.3125, 4752543.0, 1.0);
INSERT INTO `region_face` (`region_face_id`, `region_id`, `kind`, `flags`, `normal_x`, `normal_y`, `normal_z`, `normal_w`, `pos_x`, `pos_y`, `pos_z`, `pos_w`) values (1134, 252, 'face', '', 0.0152, 0.0047, 0.9998, 5212699.5, 1384195.375, -345762.0, 5193912.0, 245829.2343);
INSERT INTO `region_point` (`region_face_id`, `idx`, `x`, `y`, `z`, `w`) values (1134, 0, 1626069.875, -389541.5937, 5190435.0, 1.0);
INSERT INTO `region_point` (`region_face_id`, `idx`, `x`, `y`, `z`, `w`) values (1134, 1, 1622638.875, -301982.8125, 5190075.0, 1.0);
INSERT INTO `region_point` (`region_face_id`, `idx`, `x`, `y`, `z`, `w`) values (1134, 2, 1145749.875, -389541.4062, 5197749.0, 1.0);
INSERT INTO `region_point` (`region_face_id`, `idx`, `x`, `y`, `z`, `w`) values (1134, 3, 1142320.875, -301982.4062, 5197389.0, 1.0);
INSERT INTO `region_face` (`region_face_id`, `region_id`, `kind`, `flags`, `normal_x`, `normal_y`, `normal_z`, `normal_w`, `pos_x`, `pos_y`, `pos_z`, `pos_w`) values (1135, 252, 'face', '', 0.9976, 0.0388, -0.056, 1315975.25, 1611875.875, -345762.6875, 4968326.0, 226826.9687);
INSERT INTO `region_point` (`region_face_id`, `idx`, `x`, `y`, `z`, `w`) values (1135, 0, 1626069.875, -389541.5937, 5190435.0, 1.0);
INSERT INTO `region_point` (`region_face_id`, `idx`, `x`, `y`, `z`, `w`) values (1135, 1, 1601112.875, -389542.5, 4746577.0, 1.0);
INSERT INTO `region_point` (`region_face_id`, `idx`, `x`, `y`, `z`, `w`) values (1135, 2, 1622638.875, -301982.8125, 5190075.0, 1.0);
INSERT INTO `region_point` (`region_face_id`, `idx`, `x`, `y`, `z`, `w`) values (1135, 3, 1597681.875, -301983.8125, 4746217.0, 1.0);
INSERT INTO `region` (`region_id`, `level_name`, `tree`, `on_enter`, `on_exit`, `on_inside`) values (709, 'tombb', 'target', '(cond ((and (task-closed? "tomb-water-resolution") (not (task-closed? "tomb-boss-resolution"))) (want-load ''tomba ''tombb ''tombboss)) (else (want-load ''tomba ''tombb ''tombc)))', '', '');
INSERT INTO `region_face` (`region_face_id`, `region_id`, `kind`, `flags`, `normal_x`, `normal_y`, `normal_z`, `normal_w`, `pos_x`, `pos_y`, `pos_z`, `pos_w`) values (1136, 709, 'plane', '', 0.9983, 0.0, 0.0577, 1868057.875, 1616406.875, -195688.75, 4402140.0, 73535.7265);
INSERT INTO `region_point` (`region_face_id`, `idx`, `x`, `y`, `z`, `w`) values (1136, 0, 1613123.875, -149009.0, 4458865.0, 1.0);
INSERT INTO `region_point` (`region_face_id`, `idx`, `x`, `y`, `z`, `w`) values (1136, 1, 1613123.875, -242368.5, 4458865.0, 1.0);
INSERT INTO `region_point` (`region_face_id`, `idx`, `x`, `y`, `z`, `w`) values (1136, 2, 1619689.875, -149009.0, 4345415.0, 1.0);
INSERT INTO `region_point` (`region_face_id`, `idx`, `x`, `y`, `z`, `w`) values (1136, 3, 1619689.875, -242368.5, 4345415.0, 1.0);
INSERT INTO `region` (`region_id`, `level_name`, `tree`, `on_enter`, `on_exit`, `on_inside`) values (826, 'tombb', 'target', '(when (task-closed? "tomb-poles-boulder") (want-continue "tomb-boulder-end"))', '', '');
INSERT INTO `region_face` (`region_face_id`, `region_id`, `kind`, `flags`, `normal_x`, `normal_y`, `normal_z`, `normal_w`, `pos_x`, `pos_y`, `pos_z`, `pos_w`) values (1137, 826, 'plane', '', 0.0077, 0.0, 0.9999, 4770985.0, 1371617.375, -420626.3437, 4760537.5, 134919.3125);
INSERT INTO `region_point` (`region_face_id`, `idx`, `x`, `y`, `z`, `w`) values (1137, 0, 1245914.875, -469628.0, 4761508.0, 1.0);
INSERT INTO `region_point` (`region_face_id`, `idx`, `x`, `y`, `z`, `w`) values (1137, 1, 1497319.875, -469628.0, 4759567.0, 1.0);
INSERT INTO `region_point` (`region_face_id`, `idx`, `x`, `y`, `z`, `w`) values (1137, 2, 1245914.875, -371624.6875, 4761508.0, 1.0);
INSERT INTO `region_point` (`region_face_id`, `idx`, `x`, `y`, `z`, `w`) values (1137, 3, 1497319.875, -371624.6875, 4759567.0, 1.0);
INSERT INTO `region` (`region_id`, `level_name`, `tree`, `on_enter`, `on_exit`, `on_inside`) values (840, 'tombb', 'target', '(yes-play! "mess006" 1)', '', '');
INSERT INTO `region_sphere` (`region_id`, `x`, `y`, `z`, `r`) values (840, 1386178.875, -367633.5, 4363485.0, 26923.9003);
INSERT INTO `region` (`region_id`, `level_name`, `tree`, `on_enter`, `on_exit`, `on_inside`) values (841, 'tombb', 'target', '(mark-played! "mess006")', '', '');
INSERT INTO `region_sphere` (`region_id`, `x`, `y`, `z`, `r`) values (841, 1453752.875, -327989.8437, 4361605.0, 26923.9003);
INSERT INTO `region` (`region_id`, `level_name`, `tree`, `on_enter`, `on_exit`, `on_inside`) values (463, 'tombc', 'target', '(talker-spawn "mess005")', '', '');
INSERT INTO `region_sphere` (`region_id`, `x`, `y`, `z`, `r`) values (463, -244149.125, -224655.0, 5231393.0, 31495.5);
INSERT INTO `region` (`region_id`, `level_name`, `tree`, `on_enter`, `on_exit`, `on_inside`) values (406, 'tombc', 'target', '', '', '(begin (setting-pers string-max-height value (meters 8.0000) mode ''abs) (setting-pers string-min-height value (meters 7.5000) mode ''abs))');
INSERT INTO `region_face` (`region_face_id`, `region_id`, `kind`, `flags`, `normal_x`, `normal_y`, `normal_z`, `normal_w`, `pos_x`, `pos_y`, `pos_z`, `pos_w`) values (1138, 406, 'face', '', 0.0, -1.0, 0.0, 334516.8437, -38550.125, -334516.8437, 5558600.5, 79137.25);
INSERT INTO `region_point` (`region_face_id`, `idx`, `x`, `y`, `z`, `w`) values (1138, 0, 2409.875, -334516.8437, 5626313.0, 1.0);
INSERT INTO `region_point` (`region_face_id`, `idx`, `x`, `y`, `z`, `w`) values (1138, 1, -79510.125, -334516.8437, 5626313.0, 1.0);
INSERT INTO `region_point` (`region_face_id`, `idx`, `x`, `y`, `z`, `w`) values (1138, 2, 2409.875, -334516.8437, 5490888.0, 1.0);
INSERT INTO `region_point` (`region_face_id`, `idx`, `x`, `y`, `z`, `w`) values (1138, 3, -79510.125, -334516.8437, 5490888.0, 1.0);
INSERT INTO `region_face` (`region_face_id`, `region_id`, `kind`, `flags`, `normal_x`, `normal_y`, `normal_z`, `normal_w`, `pos_x`, `pos_y`, `pos_z`, `pos_w`) values (1139, 406, 'face', '', 1.0, 0.0, 0.0, 2409.875, 2409.875, -293556.9687, 5558600.5, 79137.1875);
INSERT INTO `region_point` (`region_face_id`, `idx`, `x`, `y`, `z`, `w`) values (1139, 0, 2409.875, -334516.8437, 5626313.0, 1.0);
INSERT INTO `region_point` (`region_face_id`, `idx`, `x`, `y`, `z`, `w`) values (1139, 1, 2409.875, -334516.8437, 5490888.0, 1.0);
INSERT INTO `region_point` (`region_face_id`, `idx`, `x`, `y`, `z`, `w`) values (1139, 2, 2409.875, -252597.0937, 5626313.0, 1.0);
INSERT INTO `region_point` (`region_face_id`, `idx`, `x`, `y`, `z`, `w`) values (1139, 3, 2409.875, -252597.0937, 5490888.0, 1.0);
INSERT INTO `region_face` (`region_face_id`, `region_id`, `kind`, `flags`, `normal_x`, `normal_y`, `normal_z`, `normal_w`, `pos_x`, `pos_y`, `pos_z`, `pos_w`) values (1140, 406, 'face', '', 0.0, 0.0, 1.0, 5626313.0, -38550.125, -293556.9687, 5626313.0, 57926.0976);
INSERT INTO `region_point` (`region_face_id`, `idx`, `x`, `y`, `z`, `w`) values (1140, 0, 2409.875, -334516.8437, 5626313.0, 1.0);
INSERT INTO `region_point` (`region_face_id`, `idx`, `x`, `y`, `z`, `w`) values (1140, 1, 2409.875, -252597.0937, 5626313.0, 1.0);
INSERT INTO `region_point` (`region_face_id`, `idx`, `x`, `y`, `z`, `w`) values (1140, 2, -79510.125, -334516.8437, 5626313.0, 1.0);
INSERT INTO `region_point` (`region_face_id`, `idx`, `x`, `y`, `z`, `w`) values (1140, 3, -79510.125, -252597.0937, 5626313.0, 1.0);
INSERT INTO `region_face` (`region_face_id`, `region_id`, `kind`, `flags`, `normal_x`, `normal_y`, `normal_z`, `normal_w`, `pos_x`, `pos_y`, `pos_z`, `pos_w`) values (1141, 406, 'face', '', 0.0, 0.0, -1.0, -5490888.0, -38550.125, -293556.9687, 5490888.0, 57926.0976);
INSERT INTO `region_point` (`region_face_id`, `idx`, `x`, `y`, `z`, `w`) values (1141, 0, 2409.875, -334516.8437, 5490888.0, 1.0);
INSERT INTO `region_point` (`region_face_id`, `idx`, `x`, `y`, `z`, `w`) values (1141, 1, -79510.125, -334516.8437, 5490888.0, 1.0);
INSERT INTO `region_point` (`region_face_id`, `idx`, `x`, `y`, `z`, `w`) values (1141, 2, 2409.875, -252597.0937, 5490888.0, 1.0);
INSERT INTO `region_point` (`region_face_id`, `idx`, `x`, `y`, `z`, `w`) values (1141, 3, -79510.125, -252597.0937, 5490888.0, 1.0);
INSERT INTO `region_face` (`region_face_id`, `region_id`, `kind`, `flags`, `normal_x`, `normal_y`, `normal_z`, `normal_w`, `pos_x`, `pos_y`, `pos_z`, `pos_w`) values (1142, 406, 'face', '', 0.0, 1.0, 0.0, -252597.0937, -38550.125, -252597.0937, 5558600.5, 79137.25);
INSERT INTO `region_point` (`region_face_id`, `idx`, `x`, `y`, `z`, `w`) values (1142, 0, 2409.875, -252597.0937, 5626313.0, 1.0);
INSERT INTO `region_point` (`region_face_id`, `idx`, `x`, `y`, `z`, `w`) values (1142, 1, 2409.875, -252597.0937, 5490888.0, 1.0);
INSERT INTO `region_point` (`region_face_id`, `idx`, `x`, `y`, `z`, `w`) values (1142, 2, -79510.125, -252597.0937, 5626313.0, 1.0);
INSERT INTO `region_point` (`region_face_id`, `idx`, `x`, `y`, `z`, `w`) values (1142, 3, -79510.125, -252597.0937, 5490888.0, 1.0);
INSERT INTO `region_face` (`region_face_id`, `region_id`, `kind`, `flags`, `normal_x`, `normal_y`, `normal_z`, `normal_w`, `pos_x`, `pos_y`, `pos_z`, `pos_w`) values (1143, 406, 'face', '', -1.0, 0.0, 0.0, 79510.125, -79510.125, -293556.9687, 5558600.5, 79137.1875);
INSERT INTO `region_point` (`region_face_id`, `idx`, `x`, `y`, `z`, `w`) values (1143, 0, -79510.125, -334516.8437, 5626313.0, 1.0);
INSERT INTO `region_point` (`region_face_id`, `idx`, `x`, `y`, `z`, `w`) values (1143, 1, -79510.125, -252597.0937, 5626313.0, 1.0);
INSERT INTO `region_point` (`region_face_id`, `idx`, `x`, `y`, `z`, `w`) values (1143, 2, -79510.125, -334516.8437, 5490888.0, 1.0);
INSERT INTO `region_point` (`region_face_id`, `idx`, `x`, `y`, `z`, `w`) values (1143, 3, -79510.125, -252597.0937, 5490888.0, 1.0);
INSERT INTO `region` (`region_id`, `level_name`, `tree`, `on_enter`, `on_exit`, `on_inside`) values (407, 'tombc', 'target', '', '', '(begin (setting-pers string-max-height value (meters 8.0000) mode ''abs) (setting-pers string-min-height value (meters 7.5000) mode ''abs))');
INSERT INTO `region_face` (`region_face_id`, `region_id`, `kind`, `flags`, `normal_x`, `normal_y`, `normal_z`, `normal_w`, `pos_x`, `pos_y`, `pos_z`, `pos_w`) values (1144, 407, 'face', '', 0.0, -1.0, 0.0, 334517.6562, -311974.125, -334517.6562, 5240698.0, 89335.2187);
INSERT INTO `region_point` (`region_face_id`, `idx`, `x`, `y`, `z`, `w`) values (1144, 0, -235969.125, -334517.6562, 5287645.0, 1.0);
INSERT INTO `region_point` (`region_face_id`, `idx`, `x`, `y`, `z`, `w`) values (1144, 1, -387979.125, -334517.6562, 5287645.0, 1.0);
INSERT INTO `region_point` (`region_face_id`, `idx`, `x`, `y`, `z`, `w`) values (1144, 2, -235969.125, -334517.6562, 5193751.0, 1.0);
INSERT INTO `region_point` (`region_face_id`, `idx`, `x`, `y`, `z`, `w`) values (1144, 3, -387979.125, -334517.6562, 5193751.0, 1.0);
INSERT INTO `region_face` (`region_face_id`, `region_id`, `kind`, `flags`, `normal_x`, `normal_y`, `normal_z`, `normal_w`, `pos_x`, `pos_y`, `pos_z`, `pos_w`) values (1145, 407, 'face', '', 1.0, 0.0, 0.0, -235969.125, -235969.125, -288341.8125, 5240698.0, 65850.0546);
INSERT INTO `region_point` (`region_face_id`, `idx`, `x`, `y`, `z`, `w`) values (1145, 0, -235969.125, -334517.6562, 5287645.0, 1.0);
INSERT INTO `region_point` (`region_face_id`, `idx`, `x`, `y`, `z`, `w`) values (1145, 1, -235969.125, -334517.6562, 5193751.0, 1.0);
INSERT INTO `region_point` (`region_face_id`, `idx`, `x`, `y`, `z`, `w`) values (1145, 2, -235969.125, -242166.0, 5287645.0, 1.0);
INSERT INTO `region_point` (`region_face_id`, `idx`, `x`, `y`, `z`, `w`) values (1145, 3, -235969.125, -242166.0, 5193751.0, 1.0);
INSERT INTO `region_face` (`region_face_id`, `region_id`, `kind`, `flags`, `normal_x`, `normal_y`, `normal_z`, `normal_w`, `pos_x`, `pos_y`, `pos_z`, `pos_w`) values (1146, 407, 'face', '', 0.0, 0.0, 1.0, 5287645.0, -311974.125, -288341.8125, 5287645.0, 88932.3828);
INSERT INTO `region_point` (`region_face_id`, `idx`, `x`, `y`, `z`, `w`) values (1146, 0, -235969.125, -334517.6562, 5287645.0, 1.0);
INSERT INTO `region_point` (`region_face_id`, `idx`, `x`, `y`, `z`, `w`) values (1146, 1, -235969.125, -242166.0, 5287645.0, 1.0);
INSERT INTO `region_point` (`region_face_id`, `idx`, `x`, `y`, `z`, `w`) values (1146, 2, -387979.125, -334517.6562, 5287645.0, 1.0);
INSERT INTO `region_point` (`region_face_id`, `idx`, `x`, `y`, `z`, `w`) values (1146, 3, -387979.125, -242166.0, 5287645.0, 1.0);
INSERT INTO `region_face` (`region_face_id`, `region_id`, `kind`, `flags`, `normal_x`, `normal_y`, `normal_z`, `normal_w`, `pos_x`, `pos_y`, `pos_z`, `pos_w`) values (1147, 407, 'face', '', 0.0, 0.0, -1.0, -5193751.0, -311974.125, -288341.8125, 5193751.0, 88932.3828);
INSERT INTO `region_point` (`region_face_id`, `idx`, `x`, `y`, `z`, `w`) values (1147, 0, -235969.125, -334517.6562, 5193751.0, 1.0);
INSERT INTO `region_point` (`region_face_id`, `idx`, `x`, `y`, `z`, `w`) values (1147, 1, -387979.125, -334517.6562, 5193751.0, 1.0);
INSERT INTO `region_point` (`region_face_id`, `idx`, `x`, `y`, `z`, `w`) values (1147, 2, -235969.125, -242166.0, 5193751.0, 1.0);
INSERT INTO `region_point` (`region_face_id`, `idx`, `x`, `y`, `z`, `w`) values (1147, 3, -387979.125, -242166.0, 5193751.0, 1.0);
INSERT INTO `region_face` (`region_face_id`, `region_id`, `kind`, `flags`, `normal_x`, `normal_y`, `normal_z`, `normal_w`, `pos_x`, `pos_y`, `pos_z`, `pos_w`) values (1148, 407, 'face', '', 0.0, 1.0, 0.0, -242166.0, -311974.125, -242166.0, 5240698.0, 89335.2187);
INSERT INTO `region_point` (`region_face_id`, `idx`, `x`, `y`, `z`, `w`) values (1148, 0, -235969.125, -242166.0, 5287645.0, 1.0);
INSERT INTO `region_point` (`region_face_id`, `idx`, `x`, `y`, `z`, `w`) values (1148, 1, -235969.125, -242166.0, 5193751.0, 1.0);
INSERT INTO `region_point` (`region_face_id`, `idx`, `x`, `y`, `z`, `w`) values (1148, 2, -387979.125, -242166.0, 5287645.0, 1.0);
INSERT INTO `region_point` (`region_face_id`, `idx`, `x`, `y`, `z`, `w`) values (1148, 3, -387979.125, -242166.0, 5193751.0, 1.0);
INSERT INTO `region_face` (`region_face_id`, `region_id`, `kind`, `flags`, `normal_x`, `normal_y`, `normal_z`, `normal_w`, `pos_x`, `pos_y`, `pos_z`, `pos_w`) values (1149, 407, 'face', '', -1.0, 0.0, 0.0, 387979.125, -387979.125, -288341.8125, 5240698.0, 65850.0546);
INSERT INTO `region_point` (`region_face_id`, `idx`, `x`, `y`, `z`, `w`) values (1149, 0, -387979.125, -334517.6562, 5287645.0, 1.0);
INSERT INTO `region_point` (`region_face_id`, `idx`, `x`, `y`, `z`, `w`) values (1149, 1, -387979.125, -242166.0, 5287645.0, 1.0);
INSERT INTO `region_point` (`region_face_id`, `idx`, `x`, `y`, `z`, `w`) values (1149, 2, -387979.125, -334517.6562, 5193751.0, 1.0);
INSERT INTO `region_point` (`region_face_id`, `idx`, `x`, `y`, `z`, `w`) values (1149, 3, -387979.125, -242166.0, 5193751.0, 1.0);
INSERT INTO `region` (`region_id`, `level_name`, `tree`, `on_enter`, `on_exit`, `on_inside`) values (408, 'tombc', 'target', '', '', '(begin (setting-pers string-max-height value (meters 8.0000) mode ''abs) (setting-pers string-min-height value (meters 7.5000) mode ''abs))');
INSERT INTO `region_face` (`region_face_id`, `region_id`, `kind`, `flags`, `normal_x`, `normal_y`, `normal_z`, `normal_w`, `pos_x`, `pos_y`, `pos_z`, `pos_w`) values (1150, 408, 'face', '', 0.0, 0.0, -1.0, -4795670.0, -41855.125, -280917.8437, 4795670.0, 53692.0429);
INSERT INTO `region_point` (`region_face_id`, `idx`, `x`, `y`, `z`, `w`) values (1150, 0, -895.125, -315632.5937, 4795670.0, 1.0);
INSERT INTO `region_point` (`region_face_id`, `idx`, `x`, `y`, `z`, `w`) values (1150, 1, -82815.125, -315632.5937, 4795670.0, 1.0);
INSERT INTO `region_point` (`region_face_id`, `idx`, `x`, `y`, `z`, `w`) values (1150, 2, -895.125, -246203.0937, 4795670.0, 1.0);
INSERT INTO `region_point` (`region_face_id`, `idx`, `x`, `y`, `z`, `w`) values (1150, 3, -82815.125, -246203.0937, 4795670.0, 1.0);
INSERT INTO `region_face` (`region_face_id`, `region_id`, `kind`, `flags`, `normal_x`, `normal_y`, `normal_z`, `normal_w`, `pos_x`, `pos_y`, `pos_z`, `pos_w`) values (1151, 408, 'face', '', -1.0, 0.0, 0.0, 82815.125, -82815.125, -280917.8437, 4920449.0, 129518.0);
INSERT INTO `region_point` (`region_face_id`, `idx`, `x`, `y`, `z`, `w`) values (1151, 0, -82815.125, -315632.5937, 5045228.0, 1.0);
INSERT INTO `region_point` (`region_face_id`, `idx`, `x`, `y`, `z`, `w`) values (1151, 1, -82815.125, -246203.0937, 5045228.0, 1.0);
INSERT INTO `region_point` (`region_face_id`, `idx`, `x`, `y`, `z`, `w`) values (1151, 2, -82815.125, -315632.5937, 4795670.0, 1.0);
INSERT INTO `region_point` (`region_face_id`, `idx`, `x`, `y`, `z`, `w`) values (1151, 3, -82815.125, -246203.0937, 4795670.0, 1.0);
INSERT INTO `region_face` (`region_face_id`, `region_id`, `kind`, `flags`, `normal_x`, `normal_y`, `normal_z`, `normal_w`, `pos_x`, `pos_y`, `pos_z`, `pos_w`) values (1152, 408, 'face', '', 0.0, 1.0, 0.0, -246203.0937, -41855.125, -246203.0937, 4920449.0, 131329.8125);
INSERT INTO `region_point` (`region_face_id`, `idx`, `x`, `y`, `z`, `w`) values (1152, 0, -895.125, -246203.0937, 5045228.0, 1.0);
INSERT INTO `region_point` (`region_face_id`, `idx`, `x`, `y`, `z`, `w`) values (1152, 1, -895.125, -246203.0937, 4795670.0, 1.0);
INSERT INTO `region_point` (`region_face_id`, `idx`, `x`, `y`, `z`, `w`) values (1152, 2, -82815.125, -246203.0937, 5045228.0, 1.0);
INSERT INTO `region_point` (`region_face_id`, `idx`, `x`, `y`, `z`, `w`) values (1152, 3, -82815.125, -246203.0937, 4795670.0, 1.0);
INSERT INTO `region_face` (`region_face_id`, `region_id`, `kind`, `flags`, `normal_x`, `normal_y`, `normal_z`, `normal_w`, `pos_x`, `pos_y`, `pos_z`, `pos_w`) values (1153, 408, 'face', '', 0.0, -1.0, 0.0, 315632.5937, -41855.125, -315632.5937, 4920449.0, 131329.8125);
INSERT INTO `region_point` (`region_face_id`, `idx`, `x`, `y`, `z`, `w`) values (1153, 0, -895.125, -315632.5937, 5045228.0, 1.0);
INSERT INTO `region_point` (`region_face_id`, `idx`, `x`, `y`, `z`, `w`) values (1153, 1, -82815.125, -315632.5937, 5045228.0, 1.0);
INSERT INTO `region_point` (`region_face_id`, `idx`, `x`, `y`, `z`, `w`) values (1153, 2, -895.125, -315632.5937, 4795670.0, 1.0);
INSERT INTO `region_point` (`region_face_id`, `idx`, `x`, `y`, `z`, `w`) values (1153, 3, -82815.125, -315632.5937, 4795670.0, 1.0);
INSERT INTO `region_face` (`region_face_id`, `region_id`, `kind`, `flags`, `normal_x`, `normal_y`, `normal_z`, `normal_w`, `pos_x`, `pos_y`, `pos_z`, `pos_w`) values (1154, 408, 'face', '', 0.0, 0.0, 1.0, 5045228.0, -41855.125, -280917.8437, 5045228.0, 53692.0429);
INSERT INTO `region_point` (`region_face_id`, `idx`, `x`, `y`, `z`, `w`) values (1154, 0, -895.125, -315632.5937, 5045228.0, 1.0);
INSERT INTO `region_point` (`region_face_id`, `idx`, `x`, `y`, `z`, `w`) values (1154, 1, -895.125, -246203.0937, 5045228.0, 1.0);
INSERT INTO `region_point` (`region_face_id`, `idx`, `x`, `y`, `z`, `w`) values (1154, 2, -82815.125, -315632.5937, 5045228.0, 1.0);
INSERT INTO `region_point` (`region_face_id`, `idx`, `x`, `y`, `z`, `w`) values (1154, 3, -82815.125, -246203.0937, 5045228.0, 1.0);
INSERT INTO `region_face` (`region_face_id`, `region_id`, `kind`, `flags`, `normal_x`, `normal_y`, `normal_z`, `normal_w`, `pos_x`, `pos_y`, `pos_z`, `pos_w`) values (1155, 408, 'face', '', 1.0, 0.0, 0.0, -895.125, -895.125, -280917.8437, 4920449.0, 129518.0);
INSERT INTO `region_point` (`region_face_id`, `idx`, `x`, `y`, `z`, `w`) values (1155, 0, -895.125, -315632.5937, 5045228.0, 1.0);
INSERT INTO `region_point` (`region_face_id`, `idx`, `x`, `y`, `z`, `w`) values (1155, 1, -895.125, -315632.5937, 4795670.0, 1.0);
INSERT INTO `region_point` (`region_face_id`, `idx`, `x`, `y`, `z`, `w`) values (1155, 2, -895.125, -246203.0937, 5045228.0, 1.0);
INSERT INTO `region_point` (`region_face_id`, `idx`, `x`, `y`, `z`, `w`) values (1155, 3, -895.125, -246203.0937, 4795670.0, 1.0);
INSERT INTO `region` (`region_id`, `level_name`, `tree`, `on_enter`, `on_exit`, `on_inside`) values (409, 'tombc', 'target', '', '', '(begin (setting-pers string-max-height value (meters 8.0000) mode ''abs) (setting-pers string-min-height value (meters 7.5000) mode ''abs))');
INSERT INTO `region_face` (`region_face_id`, `region_id`, `kind`, `flags`, `normal_x`, `normal_y`, `normal_z`, `normal_w`, `pos_x`, `pos_y`, `pos_z`, `pos_w`) values (1156, 409, 'face', '', 0.0, -1.0, 0.0, 315632.5937, 23004.375, -315632.5937, 4280835.0, 163609.375);
INSERT INTO `region_point` (`region_face_id`, `idx`, `x`, `y`, `z`, `w`) values (1156, 0, 128824.875, -315632.5937, 4405615.0, 1.0);
INSERT INTO `region_point` (`region_face_id`, `idx`, `x`, `y`, `z`, `w`) values (1156, 1, -82816.125, -315632.5937, 4405615.0, 1.0);
INSERT INTO `region_point` (`region_face_id`, `idx`, `x`, `y`, `z`, `w`) values (1156, 2, 128824.875, -315632.5937, 4156055.0, 1.0);
INSERT INTO `region_point` (`region_face_id`, `idx`, `x`, `y`, `z`, `w`) values (1156, 3, -82816.125, -315632.5937, 4156055.0, 1.0);
INSERT INTO `region_face` (`region_face_id`, `region_id`, `kind`, `flags`, `normal_x`, `normal_y`, `normal_z`, `normal_w`, `pos_x`, `pos_y`, `pos_z`, `pos_w`) values (1157, 409, 'face', '', 1.0, 0.0, 0.0, 128824.875, 128824.875, -274672.8125, 4280835.0, 131330.7031);
INSERT INTO `region_point` (`region_face_id`, `idx`, `x`, `y`, `z`, `w`) values (1157, 0, 128824.875, -315632.5937, 4405615.0, 1.0);
INSERT INTO `region_point` (`region_face_id`, `idx`, `x`, `y`, `z`, `w`) values (1157, 1, 128824.875, -315632.5937, 4156055.0, 1.0);
INSERT INTO `region_point` (`region_face_id`, `idx`, `x`, `y`, `z`, `w`) values (1157, 2, 128824.875, -233713.0, 4405615.0, 1.0);
INSERT INTO `region_point` (`region_face_id`, `idx`, `x`, `y`, `z`, `w`) values (1157, 3, 128824.875, -233713.0, 4156055.0, 1.0);
INSERT INTO `region_face` (`region_face_id`, `region_id`, `kind`, `flags`, `normal_x`, `normal_y`, `normal_z`, `normal_w`, `pos_x`, `pos_y`, `pos_z`, `pos_w`) values (1158, 409, 'face', '', 0.0, 0.0, 1.0, 4405615.0, 23004.375, -274672.8125, 4405615.0, 113471.0781);
INSERT INTO `region_point` (`region_face_id`, `idx`, `x`, `y`, `z`, `w`) values (1158, 0, 128824.875, -315632.5937, 4405615.0, 1.0);
INSERT INTO `region_point` (`region_face_id`, `idx`, `x`, `y`, `z`, `w`) values (1158, 1, 128824.875, -233713.0, 4405615.0, 1.0);
INSERT INTO `region_point` (`region_face_id`, `idx`, `x`, `y`, `z`, `w`) values (1158, 2, -82816.125, -315632.5937, 4405615.0, 1.0);
INSERT INTO `region_point` (`region_face_id`, `idx`, `x`, `y`, `z`, `w`) values (1158, 3, -82816.125, -233713.0, 4405615.0, 1.0);
INSERT INTO `region_face` (`region_face_id`, `region_id`, `kind`, `flags`, `normal_x`, `normal_y`, `normal_z`, `normal_w`, `pos_x`, `pos_y`, `pos_z`, `pos_w`) values (1159, 409, 'face', '', 0.0, 0.0, -1.0, -4156055.0, 23004.375, -274672.8125, 4156055.0, 113471.0781);
INSERT INTO `region_point` (`region_face_id`, `idx`, `x`, `y`, `z`, `w`) values (1159, 0, 128824.875, -315632.5937, 4156055.0, 1.0);
INSERT INTO `region_point` (`region_face_id`, `idx`, `x`, `y`, `z`, `w`) values (1159, 1, -82816.125, -315632.5937, 4156055.0, 1.0);
INSERT INTO `region_point` (`region_face_id`, `idx`, `x`, `y`, `z`, `w`) values (1159, 2, 128824.875, -233713.0, 4156055.0, 1.0);
INSERT INTO `region_point` (`region_face_id`, `idx`, `x`, `y`, `z`, `w`) values (1159, 3, -82816.125, -233713.0, 4156055.0, 1.0);
INSERT INTO `region_face` (`region_face_id`, `region_id`, `kind`, `flags`, `normal_x`, `normal_y`, `normal_z`, `normal_w`, `pos_x`, `pos_y`, `pos_z`, `pos_w`) values (1160, 409, 'face', '', 0.0, 1.0, 0.0, -233713.0, 23004.375, -233713.0, 4280835.0, 163609.375);
INSERT INTO `region_point` (`region_face_id`, `idx`, `x`, `y`, `z`, `w`) values (1160, 0, 128824.875, -233713.0, 4405615.0, 1.0);
INSERT INTO `region_point` (`region_face_id`, `idx`, `x`, `y`, `z`, `w`) values (1160, 1, 128824.875, -233713.0, 4156055.0, 1.0);
INSERT INTO `region_point` (`region_face_id`, `idx`, `x`, `y`, `z`, `w`) values (1160, 2, -82816.125, -233713.0, 4405615.0, 1.0);
INSERT INTO `region_point` (`region_face_id`, `idx`, `x`, `y`, `z`, `w`) values (1160, 3, -82816.125, -233713.0, 4156055.0, 1.0);
INSERT INTO `region_face` (`region_face_id`, `region_id`, `kind`, `flags`, `normal_x`, `normal_y`, `normal_z`, `normal_w`, `pos_x`, `pos_y`, `pos_z`, `pos_w`) values (1161, 409, 'face', '', -1.0, 0.0, 0.0, 82816.125, -82816.125, -274672.8125, 4280835.0, 131330.7031);
INSERT INTO `region_point` (`region_face_id`, `idx`, `x`, `y`, `z`, `w`) values (1161, 0, -82816.125, -315632.5937, 4405615.0, 1.0);
INSERT INTO `region_point` (`region_face_id`, `idx`, `x`, `y`, `z`, `w`) values (1161, 1, -82816.125, -233713.0, 4405615.0, 1.0);
INSERT INTO `region_point` (`region_face_id`, `idx`, `x`, `y`, `z`, `w`) values (1161, 2, -82816.125, -315632.5937, 4156055.0, 1.0);
INSERT INTO `region_point` (`region_face_id`, `idx`, `x`, `y`, `z`, `w`) values (1161, 3, -82816.125, -233713.0, 4156055.0, 1.0);
INSERT INTO `region` (`region_id`, `level_name`, `tree`, `on_enter`, `on_exit`, `on_inside`) values (412, 'tombc', 'target', '', '', '(begin (setting-pers string-max-height value (meters 8.0000) mode ''abs) (setting-pers string-min-height value (meters 7.5000) mode ''abs))');
INSERT INTO `region_face` (`region_face_id`, `region_id`, `kind`, `flags`, `normal_x`, `normal_y`, `normal_z`, `normal_w`, `pos_x`, `pos_y`, `pos_z`, `pos_w`) values (1162, 412, 'face', '', 0.0, -1.0, 0.0, 334518.4375, -514704.125, -334518.4375, 5431071.0, 103971.6015);
INSERT INTO `region_point` (`region_face_id`, `idx`, `x`, `y`, `z`, `w`) values (1162, 0, -438699.125, -334518.4375, 5502017.0, 1.0);
INSERT INTO `region_point` (`region_face_id`, `idx`, `x`, `y`, `z`, `w`) values (1162, 1, -590709.125, -334518.4375, 5502017.0, 1.0);
INSERT INTO `region_point` (`region_face_id`, `idx`, `x`, `y`, `z`, `w`) values (1162, 2, -438699.125, -334518.4375, 5360125.0, 1.0);
INSERT INTO `region_point` (`region_face_id`, `idx`, `x`, `y`, `z`, `w`) values (1162, 3, -590709.125, -334518.4375, 5360125.0, 1.0);
INSERT INTO `region_face` (`region_face_id`, `region_id`, `kind`, `flags`, `normal_x`, `normal_y`, `normal_z`, `normal_w`, `pos_x`, `pos_y`, `pos_z`, `pos_w`) values (1163, 412, 'face', '', 1.0, 0.0, 0.0, -438699.125, -438699.125, -288342.7187, 5431071.0, 84649.4687);
INSERT INTO `region_point` (`region_face_id`, `idx`, `x`, `y`, `z`, `w`) values (1163, 0, -438699.125, -334518.4375, 5502017.0, 1.0);
INSERT INTO `region_point` (`region_face_id`, `idx`, `x`, `y`, `z`, `w`) values (1163, 1, -438699.125, -334518.4375, 5360125.0, 1.0);
INSERT INTO `region_point` (`region_face_id`, `idx`, `x`, `y`, `z`, `w`) values (1163, 2, -438699.125, -242167.0, 5502017.0, 1.0);
INSERT INTO `region_point` (`region_face_id`, `idx`, `x`, `y`, `z`, `w`) values (1163, 3, -438699.125, -242167.0, 5360125.0, 1.0);
INSERT INTO `region_face` (`region_face_id`, `region_id`, `kind`, `flags`, `normal_x`, `normal_y`, `normal_z`, `normal_w`, `pos_x`, `pos_y`, `pos_z`, `pos_w`) values (1164, 412, 'face', '', 0.0, 0.0, 1.0, 5502017.0, -514704.125, -288342.7187, 5502017.0, 88932.3203);
INSERT INTO `region_point` (`region_face_id`, `idx`, `x`, `y`, `z`, `w`) values (1164, 0, -438699.125, -334518.4375, 5502017.0, 1.0);
INSERT INTO `region_point` (`region_face_id`, `idx`, `x`, `y`, `z`, `w`) values (1164, 1, -438699.125, -242167.0, 5502017.0, 1.0);
INSERT INTO `region_point` (`region_face_id`, `idx`, `x`, `y`, `z`, `w`) values (1164, 2, -590709.125, -334518.4375, 5502017.0, 1.0);
INSERT INTO `region_point` (`region_face_id`, `idx`, `x`, `y`, `z`, `w`) values (1164, 3, -590709.125, -242167.0, 5502017.0, 1.0);
INSERT INTO `region_face` (`region_face_id`, `region_id`, `kind`, `flags`, `normal_x`, `normal_y`, `normal_z`, `normal_w`, `pos_x`, `pos_y`, `pos_z`, `pos_w`) values (1165, 412, 'face', '', 0.0, 0.0, -1.0, -5360125.0, -514704.125, -288342.7187, 5360125.0, 88932.3203);
INSERT INTO `region_point` (`region_face_id`, `idx`, `x`, `y`, `z`, `w`) values (1165, 0, -438699.125, -334518.4375, 5360125.0, 1.0);
INSERT INTO `region_point` (`region_face_id`, `idx`, `x`, `y`, `z`, `w`) values (1165, 1, -590709.125, -334518.4375, 5360125.0, 1.0);
INSERT INTO `region_point` (`region_face_id`, `idx`, `x`, `y`, `z`, `w`) values (1165, 2, -438699.125, -242167.0, 5360125.0, 1.0);
INSERT INTO `region_point` (`region_face_id`, `idx`, `x`, `y`, `z`, `w`) values (1165, 3, -590709.125, -242167.0, 5360125.0, 1.0);
INSERT INTO `region_face` (`region_face_id`, `region_id`, `kind`, `flags`, `normal_x`, `normal_y`, `normal_z`, `normal_w`, `pos_x`, `pos_y`, `pos_z`, `pos_w`) values (1166, 412, 'face', '', 0.0, 1.0, 0.0, -242167.0, -514704.125, -242167.0, 5431071.0, 103971.6015);
INSERT INTO `region_point` (`region_face_id`, `idx`, `x`, `y`, `z`, `w`) values (1166, 0, -438699.125, -242167.0, 5502017.0, 1.0);
INSERT INTO `region_point` (`region_face_id`, `idx`, `x`, `y`, `z`, `w`) values (1166, 1, -438699.125, -242167.0, 5360125.0, 1.0);
INSERT INTO `region_point` (`region_face_id`, `idx`, `x`, `y`, `z`, `w`) values (1166, 2, -590709.125, -242167.0, 5502017.0, 1.0);
INSERT INTO `region_point` (`region_face_id`, `idx`, `x`, `y`, `z`, `w`) values (1166, 3, -590709.125, -242167.0, 5360125.0, 1.0);
INSERT INTO `region_face` (`region_face_id`, `region_id`, `kind`, `flags`, `normal_x`, `normal_y`, `normal_z`, `normal_w`, `pos_x`, `pos_y`, `pos_z`, `pos_w`) values (1167, 412, 'face', '', -1.0, 0.0, 0.0, 590709.125, -590709.125, -288342.7187, 5431071.0, 84649.4687);
INSERT INTO `region_point` (`region_face_id`, `idx`, `x`, `y`, `z`, `w`) values (1167, 0, -590709.125, -334518.4375, 5502017.0, 1.0);
INSERT INTO `region_point` (`region_face_id`, `idx`, `x`, `y`, `z`, `w`) values (1167, 1, -590709.125, -242167.0, 5502017.0, 1.0);
INSERT INTO `region_point` (`region_face_id`, `idx`, `x`, `y`, `z`, `w`) values (1167, 2, -590709.125, -334518.4375, 5360125.0, 1.0);
INSERT INTO `region_point` (`region_face_id`, `idx`, `x`, `y`, `z`, `w`) values (1167, 3, -590709.125, -242167.0, 5360125.0, 1.0);
INSERT INTO `region` (`region_id`, `level_name`, `tree`, `on_enter`, `on_exit`, `on_inside`) values (418, 'tombc', 'target', '', '', '(begin (setting-pers string-max-length value (meters 8.0000) mode ''abs))');
INSERT INTO `region_face` (`region_face_id`, `region_id`, `kind`, `flags`, `normal_x`, `normal_y`, `normal_z`, `normal_w`, `pos_x`, `pos_y`, `pos_z`, `pos_w`) values (1168, 418, 'face', '', 0.0, 0.0, -1.0, -4200295.0, -47038.625, -205455.5, 4200295.0, 22158.6562);
INSERT INTO `region_point` (`region_face_id`, `idx`, `x`, `y`, `z`, `w`) values (1168, 0, -37663.125, -225533.0, 4200295.0, 1.0);
INSERT INTO `region_point` (`region_face_id`, `idx`, `x`, `y`, `z`, `w`) values (1168, 1, -56414.125, -225533.0, 4200295.0, 1.0);
INSERT INTO `region_point` (`region_face_id`, `idx`, `x`, `y`, `z`, `w`) values (1168, 2, -37663.125, -185378.0, 4200295.0, 1.0);
INSERT INTO `region_point` (`region_face_id`, `idx`, `x`, `y`, `z`, `w`) values (1168, 3, -56414.125, -185378.0, 4200295.0, 1.0);
INSERT INTO `region_face` (`region_face_id`, `region_id`, `kind`, `flags`, `normal_x`, `normal_y`, `normal_z`, `normal_w`, `pos_x`, `pos_y`, `pos_z`, `pos_w`) values (1169, 418, 'face', '', 0.0, -1.0, 0.0, 225533.0, -47038.625, -225533.0, 4209280.0, 12985.7705);
INSERT INTO `region_point` (`region_face_id`, `idx`, `x`, `y`, `z`, `w`) values (1169, 0, -37663.125, -225533.0, 4218265.0, 1.0);
INSERT INTO `region_point` (`region_face_id`, `idx`, `x`, `y`, `z`, `w`) values (1169, 1, -56414.125, -225533.0, 4218265.0, 1.0);
INSERT INTO `region_point` (`region_face_id`, `idx`, `x`, `y`, `z`, `w`) values (1169, 2, -37663.125, -225533.0, 4200295.0, 1.0);
INSERT INTO `region_point` (`region_face_id`, `idx`, `x`, `y`, `z`, `w`) values (1169, 3, -56414.125, -225533.0, 4200295.0, 1.0);
INSERT INTO `region_face` (`region_face_id`, `region_id`, `kind`, `flags`, `normal_x`, `normal_y`, `normal_z`, `normal_w`, `pos_x`, `pos_y`, `pos_z`, `pos_w`) values (1170, 418, 'face', '', 1.0, 0.0, 0.0, -37663.125, -37663.125, -205455.5, 4209280.0, 21996.2773);
INSERT INTO `region_point` (`region_face_id`, `idx`, `x`, `y`, `z`, `w`) values (1170, 0, -37663.125, -225533.0, 4218265.0, 1.0);
INSERT INTO `region_point` (`region_face_id`, `idx`, `x`, `y`, `z`, `w`) values (1170, 1, -37663.125, -225533.0, 4200295.0, 1.0);
INSERT INTO `region_point` (`region_face_id`, `idx`, `x`, `y`, `z`, `w`) values (1170, 2, -37663.125, -185378.0, 4218265.0, 1.0);
INSERT INTO `region_point` (`region_face_id`, `idx`, `x`, `y`, `z`, `w`) values (1170, 3, -37663.125, -185378.0, 4200295.0, 1.0);
INSERT INTO `region_face` (`region_face_id`, `region_id`, `kind`, `flags`, `normal_x`, `normal_y`, `normal_z`, `normal_w`, `pos_x`, `pos_y`, `pos_z`, `pos_w`) values (1171, 418, 'face', '', -1.0, 0.0, 0.0, 56414.125, -56414.125, -205455.5, 4209280.0, 21996.2773);
INSERT INTO `region_point` (`region_face_id`, `idx`, `x`, `y`, `z`, `w`) values (1171, 0, -56414.125, -225533.0, 4218265.0, 1.0);
INSERT INTO `region_point` (`region_face_id`, `idx`, `x`, `y`, `z`, `w`) values (1171, 1, -56414.125, -185378.0, 4218265.0, 1.0);
INSERT INTO `region_point` (`region_face_id`, `idx`, `x`, `y`, `z`, `w`) values (1171, 2, -56414.125, -225533.0, 4200295.0, 1.0);
INSERT INTO `region_point` (`region_face_id`, `idx`, `x`, `y`, `z`, `w`) values (1171, 3, -56414.125, -185378.0, 4200295.0, 1.0);
INSERT INTO `region_face` (`region_face_id`, `region_id`, `kind`, `flags`, `normal_x`, `normal_y`, `normal_z`, `normal_w`, `pos_x`, `pos_y`, `pos_z`, `pos_w`) values (1172, 418, 'face', '', 0.0, 0.0, 1.0, 4218265.0, -47038.625, -205455.5, 4218265.0, 22158.6562);
INSERT INTO `region_point` (`region_face_id`, `idx`, `x`, `y`, `z`, `w`) values (1172, 0, -37663.125, -225533.0, 4218265.0, 1.0);
INSERT INTO `region_point` (`region_face_id`, `idx`, `x`, `y`, `z`, `w`) values (1172, 1, -37663.125, -185378.0, 4218265.0, 1.0);
INSERT INTO `region_point` (`region_face_id`, `idx`, `x`, `y`, `z`, `w`) values (1172, 2, -56414.125, -225533.0, 4218265.0, 1.0);
INSERT INTO `region_point` (`region_face_id`, `idx`, `x`, `y`, `z`, `w`) values (1172, 3, -56414.125, -185378.0, 4218265.0, 1.0);
INSERT INTO `region_face` (`region_face_id`, `region_id`, `kind`, `flags`, `normal_x`, `normal_y`, `normal_z`, `normal_w`, `pos_x`, `pos_y`, `pos_z`, `pos_w`) values (1173, 418, 'face', '', 0.0, 1.0, 0.0, -185378.0, -47038.625, -185378.0, 4209280.0, 12985.7705);
INSERT INTO `region_point` (`region_face_id`, `idx`, `x`, `y`, `z`, `w`) values (1173, 0, -37663.125, -185378.0, 4218265.0, 1.0);
INSERT INTO `region_point` (`region_face_id`, `idx`, `x`, `y`, `z`, `w`) values (1173, 1, -37663.125, -185378.0, 4200295.0, 1.0);
INSERT INTO `region_point` (`region_face_id`, `idx`, `x`, `y`, `z`, `w`) values (1173, 2, -56414.125, -185378.0, 4218265.0, 1.0);
INSERT INTO `region_point` (`region_face_id`, `idx`, `x`, `y`, `z`, `w`) values (1173, 3, -56414.125, -185378.0, 4200295.0, 1.0);
INSERT INTO `region` (`region_id`, `level_name`, `tree`, `on_enter`, `on_exit`, `on_inside`) values (537, 'tombc', 'target', '(want-continue "tombc-midpoint")', '', '');
INSERT INTO `region_sphere` (`region_id`, `x`, `y`, `z`, `r`) values (537, -40633.125, -222147.0, 5393683.0, 34879.1992);
INSERT INTO `region` (`region_id`, `level_name`, `tree`, `on_enter`, `on_exit`, `on_inside`) values (543, 'tombc', 'target', '(send-event "tomb-vibe-37" ''init-pattern)', '', '');
INSERT INTO `region_face` (`region_face_id`, `region_id`, `kind`, `flags`, `normal_x`, `normal_y`, `normal_z`, `normal_w`, `pos_x`, `pos_y`, `pos_z`, `pos_w`) values (1174, 543, 'plane', '', 0.0085, 0.0, -0.9999, -4372836.5, 255423.875, -202806.5468, 4375185.0, 48816.0468);
INSERT INTO `region_point` (`region_face_id`, `idx`, `x`, `y`, `z`, `w`) values (1174, 0, 293945.875, -172824.0, 4375515.0, 1.0);
INSERT INTO `region_point` (`region_face_id`, `idx`, `x`, `y`, `z`, `w`) values (1174, 1, 293945.875, -232789.0937, 4375515.0, 1.0);
INSERT INTO `region_point` (`region_face_id`, `idx`, `x`, `y`, `z`, `w`) values (1174, 2, 216901.875, -172824.0, 4374855.0, 1.0);
INSERT INTO `region_point` (`region_face_id`, `idx`, `x`, `y`, `z`, `w`) values (1174, 3, 216901.875, -232789.0937, 4374855.0, 1.0);
INSERT INTO `region` (`region_id`, `level_name`, `tree`, `on_enter`, `on_exit`, `on_inside`) values (710, 'tombc', 'target', '(cond ((and (task-closed? "tomb-water-resolution") (not (task-closed? "tomb-boss-resolution"))) (want-load ''tomba ''tombc ''tombboss)) (else (want-load ''tomba ''tombb ''tombc)))', '', '');
INSERT INTO `region_face` (`region_face_id`, `region_id`, `kind`, `flags`, `normal_x`, `normal_y`, `normal_z`, `normal_w`, `pos_x`, `pos_y`, `pos_z`, `pos_w`) values (1175, 710, 'plane', '', -0.9996, 0.0, -0.0252, -234995.0937, 128722.375, -202806.5, 4213985.0, 47593.3007);
INSERT INTO `region_point` (`region_face_id`, `idx`, `x`, `y`, `z`, `w`) values (1175, 0, 129654.875, -172824.0, 4177035.0, 1.0);
INSERT INTO `region_point` (`region_face_id`, `idx`, `x`, `y`, `z`, `w`) values (1175, 1, 129654.875, -232789.0, 4177035.0, 1.0);
INSERT INTO `region_point` (`region_face_id`, `idx`, `x`, `y`, `z`, `w`) values (1175, 2, 127789.875, -172824.0, 4250935.0, 1.0);
INSERT INTO `region_point` (`region_face_id`, `idx`, `x`, `y`, `z`, `w`) values (1175, 3, 127789.875, -232789.0, 4250935.0, 1.0);
INSERT INTO `region` (`region_id`, `level_name`, `tree`, `on_enter`, `on_exit`, `on_inside`) values (876, 'tombc', 'target', '(send-event "tomb-baby-spider-18" ''cue-chase)', '', '');
INSERT INTO `region_face` (`region_face_id`, `region_id`, `kind`, `flags`, `normal_x`, `normal_y`, `normal_z`, `normal_w`, `pos_x`, `pos_y`, `pos_z`, `pos_w`) values (1176, 876, 'plane', '', 0.9999, 0.0, -0.002, -396833.9375, -385969.125, -180813.3437, 5226069.0, 63792.5078);
INSERT INTO `region_point` (`region_face_id`, `idx`, `x`, `y`, `z`, `w`) values (1176, 0, -385899.125, -126629.0, 5259737.0, 1.0);
INSERT INTO `region_point` (`region_face_id`, `idx`, `x`, `y`, `z`, `w`) values (1176, 1, -385899.125, -234997.7031, 5259737.0, 1.0);
INSERT INTO `region_point` (`region_face_id`, `idx`, `x`, `y`, `z`, `w`) values (1176, 2, -386039.125, -126629.0, 5192401.0, 1.0);
INSERT INTO `region_point` (`region_face_id`, `idx`, `x`, `y`, `z`, `w`) values (1176, 3, -386039.125, -234997.7031, 5192401.0, 1.0);
INSERT INTO `region` (`region_id`, `level_name`, `tree`, `on_enter`, `on_exit`, `on_inside`) values (244, 'tombc', 'water', '', '', '(water water-anim "water-anim-tomb-4" (swim wade))');
INSERT INTO `region_face` (`region_face_id`, `region_id`, `kind`, `flags`, `normal_x`, `normal_y`, `normal_z`, `normal_w`, `pos_x`, `pos_y`, `pos_z`, `pos_w`) values (1177, 244, 'face', '', 0.0, -1.0, 0.0, 271298.5, -300297.125, -271298.625, 5235259.5, 111908.75);
INSERT INTO `region_point` (`region_face_id`, `idx`, `x`, `y`, `z`, `w`) values (1177, 0, -196735.125, -271298.5937, 5277668.0, 1.0);
INSERT INTO `region_point` (`region_face_id`, `idx`, `x`, `y`, `z`, `w`) values (1177, 1, -403859.125, -271298.6875, 5274773.0, 1.0);
INSERT INTO `region_point` (`region_face_id`, `idx`, `x`, `y`, `z`, `w`) values (1177, 2, -196735.125, -271298.5937, 5195748.0, 1.0);
INSERT INTO `region_point` (`region_face_id`, `idx`, `x`, `y`, `z`, `w`) values (1177, 3, -403859.125, -271298.6875, 5192851.0, 1.0);
INSERT INTO `region_face` (`region_face_id`, `region_id`, `kind`, `flags`, `normal_x`, `normal_y`, `normal_z`, `normal_w`, `pos_x`, `pos_y`, `pos_z`, `pos_w`) values (1178, 244, 'face', '', 0.9999, 0.0008, 0.0, -196976.0, -196784.125, -216128.7968, 5236643.0, 68751.4296);
INSERT INTO `region_point` (`region_face_id`, `idx`, `x`, `y`, `z`, `w`) values (1178, 0, -196735.125, -271298.5937, 5277668.0, 1.0);
INSERT INTO `region_point` (`region_face_id`, `idx`, `x`, `y`, `z`, `w`) values (1178, 1, -196735.125, -271298.5937, 5195748.0, 1.0);
INSERT INTO `region_point` (`region_face_id`, `idx`, `x`, `y`, `z`, `w`) values (1178, 2, -196833.125, -160959.0, 5277538.0, 1.0);
INSERT INTO `region_point` (`region_face_id`, `idx`, `x`, `y`, `z`, `w`) values (1178, 3, -196833.125, -160959.0, 5195618.0, 1.0);
INSERT INTO `region_face` (`region_face_id`, `region_id`, `kind`, `flags`, `normal_x`, `normal_y`, `normal_z`, `normal_w`, `pos_x`, `pos_y`, `pos_z`, `pos_w`) values (1179, 244, 'face', '', -0.0139, 0.0011, 0.9999, 5279582.0, -300352.125, -216128.7968, 5276155.5, 117398.7968);
INSERT INTO `region_point` (`region_face_id`, `idx`, `x`, `y`, `z`, `w`) values (1179, 0, -196735.125, -271298.5937, 5277668.0, 1.0);
INSERT INTO `region_point` (`region_face_id`, `idx`, `x`, `y`, `z`, `w`) values (1179, 1, -196833.125, -160959.0, 5277538.0, 1.0);
INSERT INTO `region_point` (`region_face_id`, `idx`, `x`, `y`, `z`, `w`) values (1179, 2, -403859.125, -271298.6875, 5274773.0, 1.0);
INSERT INTO `region_point` (`region_face_id`, `idx`, `x`, `y`, `z`, `w`) values (1179, 3, -403969.125, -160959.0, 5274643.0, 1.0);
INSERT INTO `region_face` (`region_face_id`, `region_id`, `kind`, `flags`, `normal_x`, `normal_y`, `normal_z`, `normal_w`, `pos_x`, `pos_y`, `pos_z`, `pos_w`) values (1180, 244, 'face', '', 0.0139, -0.0011, -0.9999, -5197671.5, -300352.125, -216128.7968, 5194234.5, 117398.8046);
INSERT INTO `region_point` (`region_face_id`, `idx`, `x`, `y`, `z`, `w`) values (1180, 0, -196735.125, -271298.5937, 5195748.0, 1.0);
INSERT INTO `region_point` (`region_face_id`, `idx`, `x`, `y`, `z`, `w`) values (1180, 1, -403859.125, -271298.6875, 5192851.0, 1.0);
INSERT INTO `region_point` (`region_face_id`, `idx`, `x`, `y`, `z`, `w`) values (1180, 2, -196833.125, -160959.0, 5195618.0, 1.0);
INSERT INTO `region_point` (`region_face_id`, `idx`, `x`, `y`, `z`, `w`) values (1180, 3, -403969.125, -160959.0, 5192721.0, 1.0);
INSERT INTO `region_face` (`region_face_id`, `region_id`, `kind`, `flags`, `normal_x`, `normal_y`, `normal_z`, `normal_w`, `pos_x`, `pos_y`, `pos_z`, `pos_w`) values (1181, 244, 'face', '', 0.0, 1.0, 0.0, -160959.0, -300401.125, -160959.0, 5235129.5, 111914.3046);
INSERT INTO `region_point` (`region_face_id`, `idx`, `x`, `y`, `z`, `w`) values (1181, 0, -196833.125, -160959.0, 5277538.0, 1.0);
INSERT INTO `region_point` (`region_face_id`, `idx`, `x`, `y`, `z`, `w`) values (1181, 1, -196833.125, -160959.0, 5195618.0, 1.0);
INSERT INTO `region_point` (`region_face_id`, `idx`, `x`, `y`, `z`, `w`) values (1181, 2, -403969.125, -160959.0, 5274643.0, 1.0);
INSERT INTO `region_point` (`region_face_id`, `idx`, `x`, `y`, `z`, `w`) values (1181, 3, -403969.125, -160959.0, 5192721.0, 1.0);
INSERT INTO `region_face` (`region_face_id`, `region_id`, `kind`, `flags`, `normal_x`, `normal_y`, `normal_z`, `normal_w`, `pos_x`, `pos_y`, `pos_z`, `pos_w`) values (1182, 244, 'face', '', -0.9999, -0.0009, 0.0, 404129.4062, -403914.125, -216128.8437, 5233747.0, 68752.0703);
INSERT INTO `region_point` (`region_face_id`, `idx`, `x`, `y`, `z`, `w`) values (1182, 0, -403859.125, -271298.6875, 5274773.0, 1.0);
INSERT INTO `region_point` (`region_face_id`, `idx`, `x`, `y`, `z`, `w`) values (1182, 1, -403969.125, -160959.0, 5274643.0, 1.0);
INSERT INTO `region_point` (`region_face_id`, `idx`, `x`, `y`, `z`, `w`) values (1182, 2, -403859.125, -271298.6875, 5192851.0, 1.0);
INSERT INTO `region_point` (`region_face_id`, `idx`, `x`, `y`, `z`, `w`) values (1182, 3, -403969.125, -160959.0, 5192721.0, 1.0);
INSERT INTO `region` (`region_id`, `level_name`, `tree`, `on_enter`, `on_exit`, `on_inside`) values (245, 'tombc', 'water', '', '', '(water water-anim "water-anim-tomb-3" (swim wade))');
INSERT INTO `region_face` (`region_face_id`, `region_id`, `kind`, `flags`, `normal_x`, `normal_y`, `normal_z`, `normal_w`, `pos_x`, `pos_y`, `pos_z`, `pos_w`) values (1183, 245, 'face', '', -0.066, 0.0935, -0.9934, -5289898.5, -493779.125, -216129.4531, 5337373.0, 74163.6562);
INSERT INTO `region_point` (`region_face_id`, `idx`, `x`, `y`, `z`, `w`) values (1183, 0, -444939.125, -271298.9062, 5328933.0, 1.0);
INSERT INTO `region_point` (`region_face_id`, `idx`, `x`, `y`, `z`, `w`) values (1183, 1, -539769.125, -271297.6875, 5335235.0, 1.0);
INSERT INTO `region_point` (`region_face_id`, `idx`, `x`, `y`, `z`, `w`) values (1183, 2, -447769.125, -160959.0, 5339509.0, 1.0);
INSERT INTO `region_point` (`region_face_id`, `idx`, `x`, `y`, `z`, `w`) values (1183, 3, -542619.125, -160960.0, 5345813.0, 1.0);
INSERT INTO `region_face` (`region_face_id`, `region_id`, `kind`, `flags`, `normal_x`, `normal_y`, `normal_z`, `normal_w`, `pos_x`, `pos_y`, `pos_z`, `pos_w`) values (1184, 245, 'face', '', -0.9991, -0.0224, -0.0338, 365008.2187, -544634.125, -216129.0937, 5442318.0, 120557.7578);
INSERT INTO `region_point` (`region_face_id`, `idx`, `x`, `y`, `z`, `w`) values (1184, 0, -546659.125, -271298.1875, 5538820.5, 1.0);
INSERT INTO `region_point` (`region_face_id`, `idx`, `x`, `y`, `z`, `w`) values (1184, 1, -549499.125, -160960.0, 5549401.5, 1.0);
INSERT INTO `region_point` (`region_face_id`, `idx`, `x`, `y`, `z`, `w`) values (1184, 2, -539769.125, -271297.6875, 5335235.0, 1.0);
INSERT INTO `region_point` (`region_face_id`, `idx`, `x`, `y`, `z`, `w`) values (1184, 3, -542619.125, -160960.0, 5345813.0, 1.0);
INSERT INTO `region_face` (`region_face_id`, `region_id`, `kind`, `flags`, `normal_x`, `normal_y`, `normal_z`, `normal_w`, `pos_x`, `pos_y`, `pos_z`, `pos_w`) values (1185, 245, 'face', '', 0.0, 1.0, 0.0, -160932.8593, -498634.125, -160959.5, 5444455.0, 116623.3906);
INSERT INTO `region_point` (`region_face_id`, `idx`, `x`, `y`, `z`, `w`) values (1185, 0, -454649.125, -160960.0, 5543097.5, 1.0);
INSERT INTO `region_point` (`region_face_id`, `idx`, `x`, `y`, `z`, `w`) values (1185, 1, -447769.125, -160959.0, 5339509.0, 1.0);
INSERT INTO `region_point` (`region_face_id`, `idx`, `x`, `y`, `z`, `w`) values (1185, 2, -549499.125, -160960.0, 5549401.5, 1.0);
INSERT INTO `region_point` (`region_face_id`, `idx`, `x`, `y`, `z`, `w`) values (1185, 3, -542619.125, -160960.0, 5345813.0, 1.0);
INSERT INTO `region_face` (`region_face_id`, `region_id`, `kind`, `flags`, `normal_x`, `normal_y`, `normal_z`, `normal_w`, `pos_x`, `pos_y`, `pos_z`, `pos_w`) values (1186, 245, 'face', '', -0.0, -1.0, -0.0, 271287.0937, -495799.125, -271298.5625, 5433877.0, 116618.7421);
INSERT INTO `region_point` (`region_face_id`, `idx`, `x`, `y`, `z`, `w`) values (1186, 0, -451819.125, -271299.5, 5532517.5, 1.0);
INSERT INTO `region_point` (`region_face_id`, `idx`, `x`, `y`, `z`, `w`) values (1186, 1, -546659.125, -271298.1875, 5538820.5, 1.0);
INSERT INTO `region_point` (`region_face_id`, `idx`, `x`, `y`, `z`, `w`) values (1186, 2, -444939.125, -271298.9062, 5328933.0, 1.0);
INSERT INTO `region_point` (`region_face_id`, `idx`, `x`, `y`, `z`, `w`) values (1186, 3, -539769.125, -271297.6875, 5335235.0, 1.0);
INSERT INTO `region_face` (`region_face_id`, `region_id`, `kind`, `flags`, `normal_x`, `normal_y`, `normal_z`, `normal_w`, `pos_x`, `pos_y`, `pos_z`, `pos_w`) values (1187, 245, 'face', '', 0.066, -0.0935, 0.9934, 5491679.0, -500659.125, -216129.75, 5540959.5, 74164.1015);
INSERT INTO `region_point` (`region_face_id`, `idx`, `x`, `y`, `z`, `w`) values (1187, 0, -451819.125, -271299.5, 5532517.5, 1.0);
INSERT INTO `region_point` (`region_face_id`, `idx`, `x`, `y`, `z`, `w`) values (1187, 1, -454649.125, -160960.0, 5543097.5, 1.0);
INSERT INTO `region_point` (`region_face_id`, `idx`, `x`, `y`, `z`, `w`) values (1187, 2, -546659.125, -271298.1875, 5538820.5, 1.0);
INSERT INTO `region_point` (`region_face_id`, `idx`, `x`, `y`, `z`, `w`) values (1187, 3, -549499.125, -160960.0, 5549401.5, 1.0);
INSERT INTO `region_face` (`region_face_id`, `region_id`, `kind`, `flags`, `normal_x`, `normal_y`, `normal_z`, `normal_w`, `pos_x`, `pos_y`, `pos_z`, `pos_w`) values (1188, 245, 'face', '', 0.9991, 0.0223, 0.0337, -270707.8437, -449794.125, -216129.4531, 5436015.0, 120556.414);
INSERT INTO `region_point` (`region_face_id`, `idx`, `x`, `y`, `z`, `w`) values (1188, 0, -451819.125, -271299.5, 5532517.5, 1.0);
INSERT INTO `region_point` (`region_face_id`, `idx`, `x`, `y`, `z`, `w`) values (1188, 1, -444939.125, -271298.9062, 5328933.0, 1.0);
INSERT INTO `region_point` (`region_face_id`, `idx`, `x`, `y`, `z`, `w`) values (1188, 2, -454649.125, -160960.0, 5543097.5, 1.0);
INSERT INTO `region_point` (`region_face_id`, `idx`, `x`, `y`, `z`, `w`) values (1188, 3, -447769.125, -160959.0, 5339509.0, 1.0);
INSERT INTO `region` (`region_id`, `level_name`, `tree`, `on_enter`, `on_exit`, `on_inside`) values (246, 'tombc', 'water', '', '', '(water water-anim "water-anim-tomb-2" (swim wade))');
INSERT INTO `region_face` (`region_face_id`, `region_id`, `kind`, `flags`, `normal_x`, `normal_y`, `normal_z`, `normal_w`, `pos_x`, `pos_y`, `pos_z`, `pos_w`) values (1189, 246, 'face', '', -0.0, -1.0, -0.0, 271284.3437, -37272.125, -271298.5, 5583909.5, 136960.1562);
INSERT INTO `region_point` (`region_face_id`, `idx`, `x`, `y`, `z`, `w`) values (1189, 0, 11115.875, -271299.5, 5706449.0, 1.0);
INSERT INTO `region_point` (`region_face_id`, `idx`, `x`, `y`, `z`, `w`) values (1189, 1, -83723.125, -271298.1875, 5712752.0, 1.0);
INSERT INTO `region_point` (`region_face_id`, `idx`, `x`, `y`, `z`, `w`) values (1189, 2, 9178.875, -271298.8125, 5455067.0, 1.0);
INSERT INTO `region_point` (`region_face_id`, `idx`, `x`, `y`, `z`, `w`) values (1189, 3, -85657.125, -271297.5, 5461369.0, 1.0);
INSERT INTO `region_face` (`region_face_id`, `region_id`, `kind`, `flags`, `normal_x`, `normal_y`, `normal_z`, `normal_w`, `pos_x`, `pos_y`, `pos_z`, `pos_w`) values (1190, 246, 'face', '', 0.9996, 0.0264, -0.0077, -40005.2382, 8730.875, -216129.4062, 5586049.0, 142127.0);
INSERT INTO `region_point` (`region_face_id`, `idx`, `x`, `y`, `z`, `w`) values (1190, 0, 11115.875, -271299.5, 5706449.0, 1.0);
INSERT INTO `region_point` (`region_face_id`, `idx`, `x`, `y`, `z`, `w`) values (1190, 1, 9178.875, -271298.8125, 5455067.0, 1.0);
INSERT INTO `region_point` (`region_face_id`, `idx`, `x`, `y`, `z`, `w`) values (1190, 2, 8282.875, -160960.0, 5717030.5, 1.0);
INSERT INTO `region_point` (`region_face_id`, `idx`, `x`, `y`, `z`, `w`) values (1190, 3, 6345.875, -160960.0, 5465644.0, 1.0);
INSERT INTO `region_face` (`region_face_id`, `region_id`, `kind`, `flags`, `normal_x`, `normal_y`, `normal_z`, `normal_w`, `pos_x`, `pos_y`, `pos_z`, `pos_w`) values (1191, 246, 'face', '', 0.066, -0.0935, 0.9934, 5695026.5, -37726.625, -216129.75, 5714891.0, 74165.7187);
INSERT INTO `region_point` (`region_face_id`, `idx`, `x`, `y`, `z`, `w`) values (1191, 0, 11115.875, -271299.5, 5706449.0, 1.0);
INSERT INTO `region_point` (`region_face_id`, `idx`, `x`, `y`, `z`, `w`) values (1191, 1, 8282.875, -160960.0, 5717030.5, 1.0);
INSERT INTO `region_point` (`region_face_id`, `idx`, `x`, `y`, `z`, `w`) values (1191, 2, -83723.125, -271298.1875, 5712752.0, 1.0);
INSERT INTO `region_point` (`region_face_id`, `idx`, `x`, `y`, `z`, `w`) values (1191, 3, -86569.125, -160960.0, 5723332.5, 1.0);
INSERT INTO `region_face` (`region_face_id`, `region_id`, `kind`, `flags`, `normal_x`, `normal_y`, `normal_z`, `normal_w`, `pos_x`, `pos_y`, `pos_z`, `pos_w`) values (1192, 246, 'face', '', -0.066, 0.0935, -0.9934, -5445182.5, -39662.125, -216129.4062, 5463507.0, 74164.2812);
INSERT INTO `region_point` (`region_face_id`, `idx`, `x`, `y`, `z`, `w`) values (1192, 0, 9178.875, -271298.8125, 5455067.0, 1.0);
INSERT INTO `region_point` (`region_face_id`, `idx`, `x`, `y`, `z`, `w`) values (1192, 1, -85657.125, -271297.5, 5461369.0, 1.0);
INSERT INTO `region_point` (`region_face_id`, `idx`, `x`, `y`, `z`, `w`) values (1192, 2, 6345.875, -160960.0, 5465644.0, 1.0);
INSERT INTO `region_point` (`region_face_id`, `idx`, `x`, `y`, `z`, `w`) values (1192, 3, -88503.125, -160960.0, 5471947.0, 1.0);
INSERT INTO `region_face` (`region_face_id`, `region_id`, `kind`, `flags`, `normal_x`, `normal_y`, `normal_z`, `normal_w`, `pos_x`, `pos_y`, `pos_z`, `pos_w`) values (1193, 246, 'face', '', 0.0, 1.0, 0.0, -160960.0, -40111.625, -160960.0, 5594488.5, 136964.0);
INSERT INTO `region_point` (`region_face_id`, `idx`, `x`, `y`, `z`, `w`) values (1193, 0, 8282.875, -160960.0, 5717030.5, 1.0);
INSERT INTO `region_point` (`region_face_id`, `idx`, `x`, `y`, `z`, `w`) values (1193, 1, 6345.875, -160960.0, 5465644.0, 1.0);
INSERT INTO `region_point` (`region_face_id`, `idx`, `x`, `y`, `z`, `w`) values (1193, 2, -86569.125, -160960.0, 5723332.5, 1.0);
INSERT INTO `region_point` (`region_face_id`, `idx`, `x`, `y`, `z`, `w`) values (1193, 3, -88503.125, -160960.0, 5471947.0, 1.0);
INSERT INTO `region_face` (`region_face_id`, `region_id`, `kind`, `flags`, `normal_x`, `normal_y`, `normal_z`, `normal_w`, `pos_x`, `pos_y`, `pos_z`, `pos_w`) values (1194, 246, 'face', '', -0.9996, -0.0265, 0.0076, 134819.8437, -86113.125, -216128.75, 5592351.0, 142126.7656);
INSERT INTO `region_point` (`region_face_id`, `idx`, `x`, `y`, `z`, `w`) values (1194, 0, -83723.125, -271298.1875, 5712752.0, 1.0);
INSERT INTO `region_point` (`region_face_id`, `idx`, `x`, `y`, `z`, `w`) values (1194, 1, -86569.125, -160960.0, 5723332.5, 1.0);
INSERT INTO `region_point` (`region_face_id`, `idx`, `x`, `y`, `z`, `w`) values (1194, 2, -85657.125, -271297.5, 5461369.0, 1.0);
INSERT INTO `region_point` (`region_face_id`, `idx`, `x`, `y`, `z`, `w`) values (1194, 3, -88503.125, -160960.0, 5471947.0, 1.0);
INSERT INTO `region` (`region_id`, `level_name`, `tree`, `on_enter`, `on_exit`, `on_inside`) values (247, 'tombc', 'water', '', '', '(water water-anim "water-anim-tomb-5" (swim wade))');
INSERT INTO `region_face` (`region_face_id`, `region_id`, `kind`, `flags`, `normal_x`, `normal_y`, `normal_z`, `normal_w`, `pos_x`, `pos_y`, `pos_z`, `pos_w`) values (1195, 247, 'face', '', -0.066, 0.0935, -0.9934, -4777452.5, -46131.125, -216129.4062, 4791785.5, 74164.2265);
INSERT INTO `region_point` (`region_face_id`, `idx`, `x`, `y`, `z`, `w`) values (1195, 0, 2709.875, -271298.8125, 4783346.0, 1.0);
INSERT INTO `region_point` (`region_face_id`, `idx`, `x`, `y`, `z`, `w`) values (1195, 1, -92126.125, -271297.5, 4789648.0, 1.0);
INSERT INTO `region_point` (`region_face_id`, `idx`, `x`, `y`, `z`, `w`) values (1195, 2, -122.125, -160960.0, 4793922.0, 1.0);
INSERT INTO `region_point` (`region_face_id`, `idx`, `x`, `y`, `z`, `w`) values (1195, 3, -94972.125, -160960.0, 4800225.0, 1.0);
INSERT INTO `region_face` (`region_face_id`, `region_id`, `kind`, `flags`, `normal_x`, `normal_y`, `normal_z`, `normal_w`, `pos_x`, `pos_y`, `pos_z`, `pos_w`) values (1196, 247, 'face', '', -0.9996, -0.0265, 0.0076, 136120.4218, -92582.125, -216128.75, 4920630.5, 142127.4531);
INSERT INTO `region_point` (`region_face_id`, `idx`, `x`, `y`, `z`, `w`) values (1196, 0, -90192.125, -271298.1875, 5041032.0, 1.0);
INSERT INTO `region_point` (`region_face_id`, `idx`, `x`, `y`, `z`, `w`) values (1196, 1, -93038.125, -160960.0, 5051613.0, 1.0);
INSERT INTO `region_point` (`region_face_id`, `idx`, `x`, `y`, `z`, `w`) values (1196, 2, -92126.125, -271297.5, 4789648.0, 1.0);
INSERT INTO `region_point` (`region_face_id`, `idx`, `x`, `y`, `z`, `w`) values (1196, 3, -94972.125, -160960.0, 4800225.0, 1.0);
INSERT INTO `region_face` (`region_face_id`, `region_id`, `kind`, `flags`, `normal_x`, `normal_y`, `normal_z`, `normal_w`, `pos_x`, `pos_y`, `pos_z`, `pos_w`) values (1197, 247, 'face', '', 0.0, 1.0, 0.0, -160960.0, -46580.125, -160960.0, 4922767.5, 136965.3593);
INSERT INTO `region_point` (`region_face_id`, `idx`, `x`, `y`, `z`, `w`) values (1197, 0, 1814.875, -160960.0, 5045309.0, 1.0);
INSERT INTO `region_point` (`region_face_id`, `idx`, `x`, `y`, `z`, `w`) values (1197, 1, -122.125, -160960.0, 4793922.0, 1.0);
INSERT INTO `region_point` (`region_face_id`, `idx`, `x`, `y`, `z`, `w`) values (1197, 2, -93038.125, -160960.0, 5051613.0, 1.0);
INSERT INTO `region_point` (`region_face_id`, `idx`, `x`, `y`, `z`, `w`) values (1197, 3, -94972.125, -160960.0, 4800225.0, 1.0);
INSERT INTO `region_face` (`region_face_id`, `region_id`, `kind`, `flags`, `normal_x`, `normal_y`, `normal_z`, `normal_w`, `pos_x`, `pos_y`, `pos_z`, `pos_w`) values (1198, 247, 'face', '', -0.0, -1.0, -0.0, 271286.2187, -43741.125, -271298.5, 4912189.0, 136960.625);
INSERT INTO `region_point` (`region_face_id`, `idx`, `x`, `y`, `z`, `w`) values (1198, 0, 4646.875, -271299.5, 5034729.0, 1.0);
INSERT INTO `region_point` (`region_face_id`, `idx`, `x`, `y`, `z`, `w`) values (1198, 1, -90192.125, -271298.1875, 5041032.0, 1.0);
INSERT INTO `region_point` (`region_face_id`, `idx`, `x`, `y`, `z`, `w`) values (1198, 2, 2709.875, -271298.8125, 4783346.0, 1.0);
INSERT INTO `region_point` (`region_face_id`, `idx`, `x`, `y`, `z`, `w`) values (1198, 3, -92126.125, -271297.5, 4789648.0, 1.0);
INSERT INTO `region_face` (`region_face_id`, `region_id`, `kind`, `flags`, `normal_x`, `normal_y`, `normal_z`, `normal_w`, `pos_x`, `pos_y`, `pos_z`, `pos_w`) values (1199, 247, 'face', '', 0.066, -0.0935, 0.9934, 5027301.0, -44195.625, -216129.75, 5043171.0, 74165.75);
INSERT INTO `region_point` (`region_face_id`, `idx`, `x`, `y`, `z`, `w`) values (1199, 0, 4646.875, -271299.5, 5034729.0, 1.0);
INSERT INTO `region_point` (`region_face_id`, `idx`, `x`, `y`, `z`, `w`) values (1199, 1, 1814.875, -160960.0, 5045309.0, 1.0);
INSERT INTO `region_point` (`region_face_id`, `idx`, `x`, `y`, `z`, `w`) values (1199, 2, -90192.125, -271298.1875, 5041032.0, 1.0);
INSERT INTO `region_point` (`region_face_id`, `idx`, `x`, `y`, `z`, `w`) values (1199, 3, -93038.125, -160960.0, 5051613.0, 1.0);
INSERT INTO `region_face` (`region_face_id`, `region_id`, `kind`, `flags`, `normal_x`, `normal_y`, `normal_z`, `normal_w`, `pos_x`, `pos_y`, `pos_z`, `pos_w`) values (1200, 247, 'face', '', 0.9996, 0.0263, -0.0077, -41295.2929, 2262.375, -216129.4062, 4914327.5, 142126.7656);
INSERT INTO `region_point` (`region_face_id`, `idx`, `x`, `y`, `z`, `w`) values (1200, 0, 4646.875, -271299.5, 5034729.0, 1.0);
INSERT INTO `region_point` (`region_face_id`, `idx`, `x`, `y`, `z`, `w`) values (1200, 1, 2709.875, -271298.8125, 4783346.0, 1.0);
INSERT INTO `region_point` (`region_face_id`, `idx`, `x`, `y`, `z`, `w`) values (1200, 2, 1814.875, -160960.0, 5045309.0, 1.0);
INSERT INTO `region_point` (`region_face_id`, `idx`, `x`, `y`, `z`, `w`) values (1200, 3, -122.125, -160960.0, 4793922.0, 1.0);
INSERT INTO `region` (`region_id`, `level_name`, `tree`, `on_enter`, `on_exit`, `on_inside`) values (449, 'tombe', 'target', '(send-event "tomb-boulder-4" ''trigger)', '', '');
INSERT INTO `region_face` (`region_face_id`, `region_id`, `kind`, `flags`, `normal_x`, `normal_y`, `normal_z`, `normal_w`, `pos_x`, `pos_y`, `pos_z`, `pos_w`) values (1201, 449, 'plane', '', -0.057, 0.0, -0.9983, -4970783.5, 1874080.875, -526031.5, 4871808.0, 67276.4296);
INSERT INTO `region_point` (`region_face_id`, `idx`, `x`, `y`, `z`, `w`) values (1201, 0, 1835070.875, -580798.0, 4874037.0, 1.0);
INSERT INTO `region_point` (`region_face_id`, `idx`, `x`, `y`, `z`, `w`) values (1201, 1, 1835070.875, -471265.0, 4874037.0, 1.0);
INSERT INTO `region_point` (`region_face_id`, `idx`, `x`, `y`, `z`, `w`) values (1201, 2, 1913090.875, -580798.0, 4869579.0, 1.0);
INSERT INTO `region_point` (`region_face_id`, `idx`, `x`, `y`, `z`, `w`) values (1201, 3, 1913090.875, -471265.0, 4869579.0, 1.0);
INSERT INTO `region` (`region_id`, `level_name`, `tree`, `on_enter`, `on_exit`, `on_inside`) values (461, 'tombe', 'target', '(send-event "tomb-boulder-4" ''mode 12)', '', '');
INSERT INTO `region_face` (`region_face_id`, `region_id`, `kind`, `flags`, `normal_x`, `normal_y`, `normal_z`, `normal_w`, `pos_x`, `pos_y`, `pos_z`, `pos_w`) values (1202, 461, 'plane', '', 0.0, -1.0, 0.0, 505312.0, 1618917.875, -505312.0, 5832675.0, 57926.1875);
INSERT INTO `region_point` (`region_face_id`, `idx`, `x`, `y`, `z`, `w`) values (1202, 0, 1577957.875, -505312.0, 5791715.0, 1.0);
INSERT INTO `region_point` (`region_face_id`, `idx`, `x`, `y`, `z`, `w`) values (1202, 1, 1659877.875, -505312.0, 5791715.0, 1.0);
INSERT INTO `region_point` (`region_face_id`, `idx`, `x`, `y`, `z`, `w`) values (1202, 2, 1577957.875, -505312.0, 5873635.0, 1.0);
INSERT INTO `region_point` (`region_face_id`, `idx`, `x`, `y`, `z`, `w`) values (1202, 3, 1659877.875, -505312.0, 5873635.0, 1.0);
INSERT INTO `region` (`region_id`, `level_name`, `tree`, `on_enter`, `on_exit`, `on_inside`) values (704, 'tombe', 'target', '(when (focus-test? *target* indax) (send-event-attack *target* #f mode ''smush))', '', '');
INSERT INTO `region_face` (`region_face_id`, `region_id`, `kind`, `flags`, `normal_x`, `normal_y`, `normal_z`, `normal_w`, `pos_x`, `pos_y`, `pos_z`, `pos_w`) values (1203, 704, 'plane', '', 0.9999, 0.0, 0.0025, 1421514.375, 1409582.875, -435357.1875, 4592317.5, 53301.9453);
INSERT INTO `region_point` (`region_face_id`, `idx`, `x`, `y`, `z`, `w`) values (1203, 0, 1409667.875, -477448.0, 4559615.0, 1.0);
INSERT INTO `region_point` (`region_face_id`, `idx`, `x`, `y`, `z`, `w`) values (1203, 1, 1409667.875, -393266.4062, 4559615.0, 1.0);
INSERT INTO `region_point` (`region_face_id`, `idx`, `x`, `y`, `z`, `w`) values (1203, 2, 1409497.875, -477448.0, 4625020.0, 1.0);
INSERT INTO `region_point` (`region_face_id`, `idx`, `x`, `y`, `z`, `w`) values (1203, 3, 1409497.875, -393266.4062, 4625020.0, 1.0);
INSERT INTO `region` (`region_id`, `level_name`, `tree`, `on_enter`, `on_exit`, `on_inside`) values (847, 'tombe', 'camera', '(want-display ''tombb ''display)', '(want-display ''tombb #f)', '');
INSERT INTO `region_face` (`region_face_id`, `region_id`, `kind`, `flags`, `normal_x`, `normal_y`, `normal_z`, `normal_w`, `pos_x`, `pos_y`, `pos_z`, `pos_w`) values (1204, 847, 'plane', '', 0.7156, 0.0, 0.6984, 4510173.5, 1749079.375, -468354.5, 4665267.0, 45824.6093);
INSERT INTO `region_point` (`region_face_id`, `idx`, `x`, `y`, `z`, `w`) values (1204, 0, 1724610.875, -438815.0, 4690339.0, 1.0);
INSERT INTO `region_point` (`region_face_id`, `idx`, `x`, `y`, `z`, `w`) values (1204, 1, 1724610.875, -497894.0, 4690339.0, 1.0);
INSERT INTO `region_point` (`region_face_id`, `idx`, `x`, `y`, `z`, `w`) values (1204, 2, 1773547.875, -438815.0, 4640195.0, 1.0);
INSERT INTO `region_point` (`region_face_id`, `idx`, `x`, `y`, `z`, `w`) values (1204, 3, 1773547.875, -497894.0, 4640195.0, 1.0);
INSERT INTO `region` (`region_id`, `level_name`, `tree`, `on_enter`, `on_exit`, `on_inside`) values (443, 'tombd', 'target', '(begin (want-display ''tomba ''display) (want-sound ''tomb1 ''tomb2 ''tomb3))', '(begin (want-display ''tomba #f) (want-sound ''ctywide1 ''tomb1 ''tomb2))', '');
INSERT INTO `region_face` (`region_face_id`, `region_id`, `kind`, `flags`, `normal_x`, `normal_y`, `normal_z`, `normal_w`, `pos_x`, `pos_y`, `pos_z`, `pos_w`) values (1205, 443, 'plane', '', 0.0, 1.0, 0.0, -57975.0, 789795.375, -57975.0, 4008285.0, 58563.6445);
INSERT INTO `region_point` (`region_face_id`, `idx`, `x`, `y`, `z`, `w`) values (1205, 0, 748304.0, -57975.0, 3967695.0, 1.0);
INSERT INTO `region_point` (`region_face_id`, `idx`, `x`, `y`, `z`, `w`) values (1205, 1, 748304.0, -57975.0, 4049615.0, 1.0);
INSERT INTO `region_point` (`region_face_id`, `idx`, `x`, `y`, `z`, `w`) values (1205, 2, 831286.6875, -57975.0, 3966955.0, 1.0);
INSERT INTO `region_point` (`region_face_id`, `idx`, `x`, `y`, `z`, `w`) values (1205, 3, 831286.6875, -57975.0, 4048875.0, 1.0);
INSERT INTO `region` (`region_id`, `level_name`, `tree`, `on_enter`, `on_exit`, `on_inside`) values (492, 'dig1', 'target', '', '', '(sound-play-loop "dig-lava")');
INSERT INTO `region_sphere` (`region_id`, `x`, `y`, `z`, `r`) values (492, 1888066.375, -218779.0, -7523556.5, 144375.0);
INSERT INTO `region` (`region_id`, `level_name`, `tree`, `on_enter`, `on_exit`, `on_inside`) values (493, 'dig1', 'target', '', '', '(sound-play-loop "dig-lava")');
INSERT INTO `region_sphere` (`region_id`, `x`, `y`, `z`, `r`) values (493, 1301342.75, -342592.0, -7923127.5, 109036.0);
INSERT INTO `region` (`region_id`, `level_name`, `tree`, `on_enter`, `on_exit`, `on_inside`) values (602, 'dig1', 'target', '', '', '');
INSERT INTO `region_sphere` (`region_id`, `x`, `y`, `z`, `r`) values (602, 670478.375, -281718.9062, -7937133.5, 94857.2968);
INSERT INTO `region` (`region_id`, `level_name`, `tree`, `on_enter`, `on_exit`, `on_inside`) values (697, 'dig1', 'camera', '', '', '(when (task-closed? "dig-knock-down-resolution") (sound-play-loop "dig-air") (sound-play-loop "spooky-amb"))');
INSERT INTO `region_sphere` (`region_id`, `x`, `y`, `z`, `r`) values (697, 1060689.375, -229238.2031, -7749098.5, 1038800.0);
INSERT INTO `region` (`region_id`, `level_name`, `tree`, `on_enter`, `on_exit`, `on_inside`) values (853, 'dig1', 'camera', '(want-display ''caspad ''display)', '(want-display ''caspad #f)', '');
INSERT INTO `region_face` (`region_face_id`, `region_id`, `kind`, `flags`, `normal_x`, `normal_y`, `normal_z`, `normal_w`, `pos_x`, `pos_y`, `pos_z`, `pos_w`) values (1206, 853, 'plane', '', 0.0134, 0.0, -0.9999, 7304364.0, 1838748.875, -310038.5, -7280218.5, 188827.5);
INSERT INTO `region_point` (`region_face_id`, `idx`, `x`, `y`, `z`, `w`) values (1206, 0, 1963108.375, -167955.0, -7278540.5, 1.0);
INSERT INTO `region_point` (`region_face_id`, `idx`, `x`, `y`, `z`, `w`) values (1206, 1, 1963108.375, -452122.0, -7278540.5, 1.0);
INSERT INTO `region_point` (`region_face_id`, `idx`, `x`, `y`, `z`, `w`) values (1206, 2, 1714389.375, -167955.0, -7281896.5, 1.0);
INSERT INTO `region_point` (`region_face_id`, `idx`, `x`, `y`, `z`, `w`) values (1206, 3, 1714389.375, -452122.0, -7281896.5, 1.0);
INSERT INTO `region` (`region_id`, `level_name`, `tree`, `on_enter`, `on_exit`, `on_inside`) values (439, 'dig3a', 'target', '(when (not (task-closed? "dig-find-totem-resolution")) (scene-play "dig-find-totem-res"))', '', '');
INSERT INTO `region_sphere` (`region_id`, `x`, `y`, `z`, `r`) values (439, 709998.375, -19214.0, -7534610.5, 64472.8007);
INSERT INTO `region` (`region_id`, `level_name`, `tree`, `on_enter`, `on_exit`, `on_inside`) values (440, 'dig3a', 'target', '', '', '(want-anim "dig-find-totem-res")');
INSERT INTO `region_sphere` (`region_id`, `x`, `y`, `z`, `r`) values (440, 721282.375, -31859.0, -7552584.5, 122753.0);
INSERT INTO `region` (`region_id`, `level_name`, `tree`, `on_enter`, `on_exit`, `on_inside`) values (499, 'dig3a', 'target', '(want-load ''dig3a ''dig3b #f #f)', '', '');
INSERT INTO `region_face` (`region_face_id`, `region_id`, `kind`, `flags`, `normal_x`, `normal_y`, `normal_z`, `normal_w`, `pos_x`, `pos_y`, `pos_z`, `pos_w`) values (1207, 499, 'plane', '', -0.4343, 0.0, 0.9007, -7563328.5, 1512557.375, -256951.75, -7667482.5, 305356.6562);
INSERT INTO `region_point` (`region_face_id`, `idx`, `x`, `y`, `z`, `w`) values (1207, 0, 1259238.375, -138010.0, -7789650.5, 1.0);
INSERT INTO `region_point` (`region_face_id`, `idx`, `x`, `y`, `z`, `w`) values (1207, 1, 1259238.375, -375893.5, -7789650.5, 1.0);
INSERT INTO `region_point` (`region_face_id`, `idx`, `x`, `y`, `z`, `w`) values (1207, 2, 1765876.375, -138010.0, -7545314.5, 1.0);
INSERT INTO `region_point` (`region_face_id`, `idx`, `x`, `y`, `z`, `w`) values (1207, 3, 1765876.375, -375893.5, -7545314.5, 1.0);
INSERT INTO `region` (`region_id`, `level_name`, `tree`, `on_enter`, `on_exit`, `on_inside`) values (500, 'dig3a', 'target', '(want-load ''dig3a ''caspad #f #f)', '', '');
INSERT INTO `region_face` (`region_face_id`, `region_id`, `kind`, `flags`, `normal_x`, `normal_y`, `normal_z`, `normal_w`, `pos_x`, `pos_y`, `pos_z`, `pos_w`) values (1208, 500, 'plane', '', 0.4345, 0.0, -0.9006, 7548910.5, 1524228.5, -266380.25, -7646164.5, 285737.75);
INSERT INTO `region_point` (`region_face_id`, `idx`, `x`, `y`, `z`, `w`) values (1208, 0, 1285766.75, -158926.0, -7761210.5, 1.0);
INSERT INTO `region_point` (`region_face_id`, `idx`, `x`, `y`, `z`, `w`) values (1208, 1, 1762690.375, -158926.0, -7531118.5, 1.0);
INSERT INTO `region_point` (`region_face_id`, `idx`, `x`, `y`, `z`, `w`) values (1208, 2, 1285766.75, -373834.5, -7761210.5, 1.0);
INSERT INTO `region_point` (`region_face_id`, `idx`, `x`, `y`, `z`, `w`) values (1208, 3, 1762690.375, -373834.5, -7531118.5, 1.0);
INSERT INTO `region` (`region_id`, `level_name`, `tree`, `on_enter`, `on_exit`, `on_inside`) values (597, 'dig3a', 'target', '', '', '(sound-play-loop "dig-lava")');
INSERT INTO `region_sphere` (`region_id`, `x`, `y`, `z`, `r`) values (597, 816332.375, -277687.5937, -7739749.5, 79406.6015);
INSERT INTO `region` (`region_id`, `level_name`, `tree`, `on_enter`, `on_exit`, `on_inside`) values (598, 'dig3a', 'target', '', '', '(sound-play-loop "dig-lava")');
INSERT INTO `region_sphere` (`region_id`, `x`, `y`, `z`, `r`) values (598, 1311167.375, -322586.3125, -7929219.5, 84138.3984);
INSERT INTO `region` (`region_id`, `level_name`, `tree`, `on_enter`, `on_exit`, `on_inside`) values (599, 'dig3a', 'target', '', '', '(sound-play-loop "dig-lava")');
INSERT INTO `region_sphere` (`region_id`, `x`, `y`, `z`, `r`) values (599, 1605873.375, -341683.8125, -7890098.5, 114779.0);
INSERT INTO `region` (`region_id`, `level_name`, `tree`, `on_enter`, `on_exit`, `on_inside`) values (600, 'dig3a', 'target', '', '', '(sound-play-loop "dig-lava")');
INSERT INTO `region_sphere` (`region_id`, `x`, `y`, `z`, `r`) values (600, 1908261.375, -345367.6875, -7916704.5, 76584.6015);
INSERT INTO `region` (`region_id`, `level_name`, `tree`, `on_enter`, `on_exit`, `on_inside`) values (601, 'dig3a', 'target', '', '', '(sound-play-loop "dig-lava")');
INSERT INTO `region_sphere` (`region_id`, `x`, `y`, `z`, `r`) values (601, 960124.375, -237358.2031, -8503062.0, 148194.0);
INSERT INTO `region` (`region_id`, `level_name`, `tree`, `on_enter`, `on_exit`, `on_inside`) values (780, 'dig3a', 'target', '(want-continue "dig3b-start")', '', '');
INSERT INTO `region_face` (`region_face_id`, `region_id`, `kind`, `flags`, `normal_x`, `normal_y`, `normal_z`, `normal_w`, `pos_x`, `pos_y`, `pos_z`, `pos_w`) values (1209, 780, 'plane', '', 0.9533, 0.0, 0.3018, -1547863.75, 1164234.0, -204558.9062, -8803565.0, 105748.664);
INSERT INTO `region_point` (`region_face_id`, `idx`, `x`, `y`, `z`, `w`) values (1209, 0, 1135248.625, -160234.0, -8712034.0, 1.0);
INSERT INTO `region_point` (`region_face_id`, `idx`, `x`, `y`, `z`, `w`) values (1209, 1, 1135248.625, -248883.7968, -8712034.0, 1.0);
INSERT INTO `region_point` (`region_face_id`, `idx`, `x`, `y`, `z`, `w`) values (1209, 2, 1193219.5, -160234.0, -8895096.0, 1.0);
INSERT INTO `region_point` (`region_face_id`, `idx`, `x`, `y`, `z`, `w`) values (1209, 3, 1193219.5, -248883.7968, -8895096.0, 1.0);
INSERT INTO `region` (`region_id`, `level_name`, `tree`, `on_enter`, `on_exit`, `on_inside`) values (793, 'dig3a', 'target', '(want-continue "dig3b-back-room")', '', '');
INSERT INTO `region_sphere` (`region_id`, `x`, `y`, `z`, `r`) values (793, 1400402.375, -303206.8125, -8180856.5, 42163.6015);
INSERT INTO `region` (`region_id`, `level_name`, `tree`, `on_enter`, `on_exit`, `on_inside`) values (897, 'dig3a', 'camera', '(begin (want-display ''dig3b ''display) (send-event "dig-log-1" ''hud-dig-button #t))', '(begin (want-display ''dig3b #f) (send-event "dig-log-1" ''hud-dig-button #f))', '');
INSERT INTO `region_face` (`region_face_id`, `region_id`, `kind`, `flags`, `normal_x`, `normal_y`, `normal_z`, `normal_w`, `pos_x`, `pos_y`, `pos_z`, `pos_w`) values (1210, 897, 'plane', '', -0.3443, 0.0, 0.9388, -8084463.0, 1061459.375, -162260.5, -8221865.0, 45343.121);
INSERT INTO `region_point` (`region_face_id`, `idx`, `x`, `y`, `z`, `w`) values (1210, 0, 1029851.375, -131888.0, -8233459.5, 1.0);
INSERT INTO `region_point` (`region_face_id`, `idx`, `x`, `y`, `z`, `w`) values (1210, 1, 1029851.375, -192633.0, -8233459.5, 1.0);
INSERT INTO `region_point` (`region_face_id`, `idx`, `x`, `y`, `z`, `w`) values (1210, 2, 1093067.375, -131888.0, -8210270.0, 1.0);
INSERT INTO `region_point` (`region_face_id`, `idx`, `x`, `y`, `z`, `w`) values (1210, 3, 1093067.375, -192633.0, -8210270.0, 1.0);
INSERT INTO `region` (`region_id`, `level_name`, `tree`, `on_enter`, `on_exit`, `on_inside`) values (496, 'dig3a', 'camera', '(want-display ''caspad ''display)', '(want-display ''caspad #f)', '');
INSERT INTO `region_face` (`region_face_id`, `region_id`, `kind`, `flags`, `normal_x`, `normal_y`, `normal_z`, `normal_w`, `pos_x`, `pos_y`, `pos_z`, `pos_w`) values (1211, 496, 'plane', '', 0.0134, 0.0, -0.9999, 7304364.0, 1838748.875, -310038.5, -7280218.5, 188827.5);
INSERT INTO `region_point` (`region_face_id`, `idx`, `x`, `y`, `z`, `w`) values (1211, 0, 1963108.375, -167955.0, -7278540.5, 1.0);
INSERT INTO `region_point` (`region_face_id`, `idx`, `x`, `y`, `z`, `w`) values (1211, 1, 1963108.375, -452122.0, -7278540.5, 1.0);
INSERT INTO `region_point` (`region_face_id`, `idx`, `x`, `y`, `z`, `w`) values (1211, 2, 1714389.375, -167955.0, -7281896.5, 1.0);
INSERT INTO `region_point` (`region_face_id`, `idx`, `x`, `y`, `z`, `w`) values (1211, 3, 1714389.375, -452122.0, -7281896.5, 1.0);
INSERT INTO `region` (`region_id`, `level_name`, `tree`, `on_enter`, `on_exit`, `on_inside`) values (769, 'dig3a', 'camera', '', '', '');
INSERT INTO `region_face` (`region_face_id`, `region_id`, `kind`, `flags`, `normal_x`, `normal_y`, `normal_z`, `normal_w`, `pos_x`, `pos_y`, `pos_z`, `pos_w`) values (1212, 769, 'face', '', 0.0, 0.0, 1.0, -8439332.0, 1340809.5, -254784.0468, -8439332.0, 57926.1328);
INSERT INTO `region_point` (`region_face_id`, `idx`, `x`, `y`, `z`, `w`) values (1212, 0, 1299849.75, -295744.0937, -8439332.0, 1.0);
INSERT INTO `region_point` (`region_face_id`, `idx`, `x`, `y`, `z`, `w`) values (1212, 1, 1381769.375, -295744.0937, -8439332.0, 1.0);
INSERT INTO `region_point` (`region_face_id`, `idx`, `x`, `y`, `z`, `w`) values (1212, 2, 1299849.75, -213824.0, -8439332.0, 1.0);
INSERT INTO `region_point` (`region_face_id`, `idx`, `x`, `y`, `z`, `w`) values (1212, 3, 1381769.375, -213824.0, -8439332.0, 1.0);
INSERT INTO `region_face` (`region_face_id`, `region_id`, `kind`, `flags`, `normal_x`, `normal_y`, `normal_z`, `normal_w`, `pos_x`, `pos_y`, `pos_z`, `pos_w`) values (1213, 769, 'face', '', 1.0, 0.0, 0.0, 1381769.375, 1381769.375, -254784.0468, -8480292.0, 57926.2187);
INSERT INTO `region_point` (`region_face_id`, `idx`, `x`, `y`, `z`, `w`) values (1213, 0, 1381769.375, -295744.0937, -8521252.0, 1.0);
INSERT INTO `region_point` (`region_face_id`, `idx`, `x`, `y`, `z`, `w`) values (1213, 1, 1381769.375, -213824.0, -8521252.0, 1.0);
INSERT INTO `region_point` (`region_face_id`, `idx`, `x`, `y`, `z`, `w`) values (1213, 2, 1381769.375, -295744.0937, -8439332.0, 1.0);
INSERT INTO `region_point` (`region_face_id`, `idx`, `x`, `y`, `z`, `w`) values (1213, 3, 1381769.375, -213824.0, -8439332.0, 1.0);
INSERT INTO `region_face` (`region_face_id`, `region_id`, `kind`, `flags`, `normal_x`, `normal_y`, `normal_z`, `normal_w`, `pos_x`, `pos_y`, `pos_z`, `pos_w`) values (1214, 769, 'face', '', 0.0, 1.0, 0.0, -213824.0, 1340809.5, -213824.0, -8480292.0, 57926.0976);
INSERT INTO `region_point` (`region_face_id`, `idx`, `x`, `y`, `z`, `w`) values (1214, 0, 1299849.75, -213824.0, -8521252.0, 1.0);
INSERT INTO `region_point` (`region_face_id`, `idx`, `x`, `y`, `z`, `w`) values (1214, 1, 1299849.75, -213824.0, -8439332.0, 1.0);
INSERT INTO `region_point` (`region_face_id`, `idx`, `x`, `y`, `z`, `w`) values (1214, 2, 1381769.375, -213824.0, -8521252.0, 1.0);
INSERT INTO `region_point` (`region_face_id`, `idx`, `x`, `y`, `z`, `w`) values (1214, 3, 1381769.375, -213824.0, -8439332.0, 1.0);
INSERT INTO `region_face` (`region_face_id`, `region_id`, `kind`, `flags`, `normal_x`, `normal_y`, `normal_z`, `normal_w`, `pos_x`, `pos_y`, `pos_z`, `pos_w`) values (1215, 769, 'face', '', 0.0, -1.0, 0.0, 295744.0937, 1340809.5, -295744.0937, -8480292.0, 57926.0976);
INSERT INTO `region_point` (`region_face_id`, `idx`, `x`, `y`, `z`, `w`) values (1215, 0, 1299849.75, -295744.0937, -8521252.0, 1.0);
INSERT INTO `region_point` (`region_face_id`, `idx`, `x`, `y`, `z`, `w`) values (1215, 1, 1381769.375, -295744.0937, -8521252.0, 1.0);
INSERT INTO `region_point` (`region_face_id`, `idx`, `x`, `y`, `z`, `w`) values (1215, 2, 1299849.75, -295744.0937, -8439332.0, 1.0);
INSERT INTO `region_point` (`region_face_id`, `idx`, `x`, `y`, `z`, `w`) values (1215, 3, 1381769.375, -295744.0937, -8439332.0, 1.0);
INSERT INTO `region_face` (`region_face_id`, `region_id`, `kind`, `flags`, `normal_x`, `normal_y`, `normal_z`, `normal_w`, `pos_x`, `pos_y`, `pos_z`, `pos_w`) values (1216, 769, 'face', '', 0.0, 0.0, -1.0, 8521252.0, 1340809.5, -254784.0468, -8521252.0, 57926.1328);
INSERT INTO `region_point` (`region_face_id`, `idx`, `x`, `y`, `z`, `w`) values (1216, 0, 1299849.75, -295744.0937, -8521252.0, 1.0);
INSERT INTO `region_point` (`region_face_id`, `idx`, `x`, `y`, `z`, `w`) values (1216, 1, 1299849.75, -213824.0, -8521252.0, 1.0);
INSERT INTO `region_point` (`region_face_id`, `idx`, `x`, `y`, `z`, `w`) values (1216, 2, 1381769.375, -295744.0937, -8521252.0, 1.0);
INSERT INTO `region_point` (`region_face_id`, `idx`, `x`, `y`, `z`, `w`) values (1216, 3, 1381769.375, -213824.0, -8521252.0, 1.0);
INSERT INTO `region_face` (`region_face_id`, `region_id`, `kind`, `flags`, `normal_x`, `normal_y`, `normal_z`, `normal_w`, `pos_x`, `pos_y`, `pos_z`, `pos_w`) values (1217, 769, 'face', '', -1.0, 0.0, 0.0, -1299849.75, 1299849.75, -254784.0468, -8480292.0, 57926.2187);
INSERT INTO `region_point` (`region_face_id`, `idx`, `x`, `y`, `z`, `w`) values (1217, 0, 1299849.75, -295744.0937, -8521252.0, 1.0);
INSERT INTO `region_point` (`region_face_id`, `idx`, `x`, `y`, `z`, `w`) values (1217, 1, 1299849.75, -295744.0937, -8439332.0, 1.0);
INSERT INTO `region_point` (`region_face_id`, `idx`, `x`, `y`, `z`, `w`) values (1217, 2, 1299849.75, -213824.0, -8521252.0, 1.0);
INSERT INTO `region_point` (`region_face_id`, `idx`, `x`, `y`, `z`, `w`) values (1217, 3, 1299849.75, -213824.0, -8439332.0, 1.0);
INSERT INTO `region` (`region_id`, `level_name`, `tree`, `on_enter`, `on_exit`, `on_inside`) values (497, 'dig3a', 'camera', '(begin (want-display ''dig3b ''display) (send-event "dig-log-1" ''hud-dig-button #t))', '(begin (want-display ''dig3b #f) (send-event "dig-log-1" ''hud-dig-button #f))', '');
INSERT INTO `region_face` (`region_face_id`, `region_id`, `kind`, `flags`, `normal_x`, `normal_y`, `normal_z`, `normal_w`, `pos_x`, `pos_y`, `pos_z`, `pos_w`) values (1218, 497, 'plane', '', -0.9972, 0.0, 0.074, -2428016.5, 1850786.375, -306487.1875, -7866425.5, 82118.6093);
INSERT INTO `region_point` (`region_face_id`, `idx`, `x`, `y`, `z`, `w`) values (1218, 0, 1845735.375, -260797.4062, -7934472.5, 1.0);
INSERT INTO `region_point` (`region_face_id`, `idx`, `x`, `y`, `z`, `w`) values (1218, 1, 1845735.375, -352177.0, -7934472.5, 1.0);
INSERT INTO `region_point` (`region_face_id`, `idx`, `x`, `y`, `z`, `w`) values (1218, 2, 1855837.375, -260797.4062, -7798378.5, 1.0);
INSERT INTO `region_point` (`region_face_id`, `idx`, `x`, `y`, `z`, `w`) values (1218, 3, 1855837.375, -352177.0, -7798378.5, 1.0);
INSERT INTO `region` (`region_id`, `level_name`, `tree`, `on_enter`, `on_exit`, `on_inside`) values (611, 'dig3a', 'camera', '', '', '(begin (sound-play-loop "dig-air") (sound-play-loop "spooky-amb"))');
INSERT INTO `region_sphere` (`region_id`, `x`, `y`, `z`, `r`) values (611, 1310579.375, 24383.0, -7882190.5, 1465710.0);
INSERT INTO `region` (`region_id`, `level_name`, `tree`, `on_enter`, `on_exit`, `on_inside`) values (781, 'dig3b', 'target', '', '', '(setting-pers entity-name mode "camera-258")');
INSERT INTO `region_face` (`region_face_id`, `region_id`, `kind`, `flags`, `normal_x`, `normal_y`, `normal_z`, `normal_w`, `pos_x`, `pos_y`, `pos_z`, `pos_w`) values (1219, 781, 'face', '', -0.0, 0.0, 1.0, -8287027.0, 1919682.875, -262690.3437, -8287009.0, 77831.5156);
INSERT INTO `region_point` (`region_face_id`, `idx`, `x`, `y`, `z`, `w`) values (1219, 0, 1866407.375, -319430.6875, -8287009.5, 1.0);
INSERT INTO `region_point` (`region_face_id`, `idx`, `x`, `y`, `z`, `w`) values (1219, 1, 1972958.375, -319430.6875, -8287008.5, 1.0);
INSERT INTO `region_point` (`region_face_id`, `idx`, `x`, `y`, `z`, `w`) values (1219, 2, 1866407.375, -205950.0, -8287009.5, 1.0);
INSERT INTO `region_point` (`region_face_id`, `idx`, `x`, `y`, `z`, `w`) values (1219, 3, 1972958.375, -205950.0, -8287008.5, 1.0);
INSERT INTO `region_face` (`region_face_id`, `region_id`, `kind`, `flags`, `normal_x`, `normal_y`, `normal_z`, `normal_w`, `pos_x`, `pos_y`, `pos_z`, `pos_w`) values (1220, 781, 'face', '', 1.0, 0.0, 0.0, 1972958.375, 1972958.375, -262690.3437, -8327966.5, 69978.7421);
INSERT INTO `region_point` (`region_face_id`, `idx`, `x`, `y`, `z`, `w`) values (1220, 0, 1972958.375, -319430.6875, -8368924.5, 1.0);
INSERT INTO `region_point` (`region_face_id`, `idx`, `x`, `y`, `z`, `w`) values (1220, 1, 1972958.375, -205950.0, -8368924.5, 1.0);
INSERT INTO `region_point` (`region_face_id`, `idx`, `x`, `y`, `z`, `w`) values (1220, 2, 1972958.375, -319430.6875, -8287008.5, 1.0);
INSERT INTO `region_point` (`region_face_id`, `idx`, `x`, `y`, `z`, `w`) values (1220, 3, 1972958.375, -205950.0, -8287008.5, 1.0);
INSERT INTO `region_face` (`region_face_id`, `region_id`, `kind`, `flags`, `normal_x`, `normal_y`, `normal_z`, `normal_w`, `pos_x`, `pos_y`, `pos_z`, `pos_w`) values (1221, 781, 'face', '', 0.0, 1.0, 0.0, -205950.0, 1919682.875, -205950.0, -8327966.5, 67199.9765);
INSERT INTO `region_point` (`region_face_id`, `idx`, `x`, `y`, `z`, `w`) values (1221, 0, 1866407.375, -205950.0, -8368924.5, 1.0);
INSERT INTO `region_point` (`region_face_id`, `idx`, `x`, `y`, `z`, `w`) values (1221, 1, 1866407.375, -205950.0, -8287009.5, 1.0);
INSERT INTO `region_point` (`region_face_id`, `idx`, `x`, `y`, `z`, `w`) values (1221, 2, 1972958.375, -205950.0, -8368924.5, 1.0);
INSERT INTO `region_point` (`region_face_id`, `idx`, `x`, `y`, `z`, `w`) values (1221, 3, 1972958.375, -205950.0, -8287008.5, 1.0);
INSERT INTO `region_face` (`region_face_id`, `region_id`, `kind`, `flags`, `normal_x`, `normal_y`, `normal_z`, `normal_w`, `pos_x`, `pos_y`, `pos_z`, `pos_w`) values (1222, 781, 'face', '', 0.0, -1.0, 0.0, 319430.6875, 1919682.875, -319430.6875, -8327966.5, 67199.9765);
INSERT INTO `region_point` (`region_face_id`, `idx`, `x`, `y`, `z`, `w`) values (1222, 0, 1866407.375, -319430.6875, -8368924.5, 1.0);
INSERT INTO `region_point` (`region_face_id`, `idx`, `x`, `y`, `z`, `w`) values (1222, 1, 1972958.375, -319430.6875, -8368924.5, 1.0);
INSERT INTO `region_point` (`region_face_id`, `idx`, `x`, `y`, `z`, `w`) values (1222, 2, 1866407.375, -319430.6875, -8287009.5, 1.0);
INSERT INTO `region_point` (`region_face_id`, `idx`, `x`, `y`, `z`, `w`) values (1222, 3, 1972958.375, -319430.6875, -8287008.5, 1.0);
INSERT INTO `region_face` (`region_face_id`, `region_id`, `kind`, `flags`, `normal_x`, `normal_y`, `normal_z`, `normal_w`, `pos_x`, `pos_y`, `pos_z`, `pos_w`) values (1223, 781, 'face', '', 0.0, 0.0, -1.0, 8368924.5, 1919682.875, -262690.3437, -8368924.5, 77831.5156);
INSERT INTO `region_point` (`region_face_id`, `idx`, `x`, `y`, `z`, `w`) values (1223, 0, 1866407.375, -319430.6875, -8368924.5, 1.0);
INSERT INTO `region_point` (`region_face_id`, `idx`, `x`, `y`, `z`, `w`) values (1223, 1, 1866407.375, -205950.0, -8368924.5, 1.0);
INSERT INTO `region_point` (`region_face_id`, `idx`, `x`, `y`, `z`, `w`) values (1223, 2, 1972958.375, -319430.6875, -8368924.5, 1.0);
INSERT INTO `region_point` (`region_face_id`, `idx`, `x`, `y`, `z`, `w`) values (1223, 3, 1972958.375, -205950.0, -8368924.5, 1.0);
INSERT INTO `region_face` (`region_face_id`, `region_id`, `kind`, `flags`, `normal_x`, `normal_y`, `normal_z`, `normal_w`, `pos_x`, `pos_y`, `pos_z`, `pos_w`) values (1224, 781, 'face', '', -1.0, 0.0, 0.0, -1866407.375, 1866407.375, -262690.3437, -8327967.0, 69978.4531);
INSERT INTO `region_point` (`region_face_id`, `idx`, `x`, `y`, `z`, `w`) values (1224, 0, 1866407.375, -319430.6875, -8368924.5, 1.0);
INSERT INTO `region_point` (`region_face_id`, `idx`, `x`, `y`, `z`, `w`) values (1224, 1, 1866407.375, -319430.6875, -8287009.5, 1.0);
INSERT INTO `region_point` (`region_face_id`, `idx`, `x`, `y`, `z`, `w`) values (1224, 2, 1866407.375, -205950.0, -8368924.5, 1.0);
INSERT INTO `region_point` (`region_face_id`, `idx`, `x`, `y`, `z`, `w`) values (1224, 3, 1866407.375, -205950.0, -8287009.5, 1.0);
INSERT INTO `region` (`region_id`, `level_name`, `tree`, `on_enter`, `on_exit`, `on_inside`) values (782, 'dig3b', 'target', '', '', '(setting-pers string-max-height value (meters 8.0000))');
INSERT INTO `region_face` (`region_face_id`, `region_id`, `kind`, `flags`, `normal_x`, `normal_y`, `normal_z`, `normal_w`, `pos_x`, `pos_y`, `pos_z`, `pos_w`) values (1225, 782, 'face', '', -0.0, -1.0, 0.0, 338882.3125, 1910777.375, -338906.1875, -8166319.0, 58110.9101);
INSERT INTO `region_point` (`region_face_id`, `idx`, `x`, `y`, `z`, `w`) values (1225, 0, 1909664.375, -338906.1875, -8224419.0, 1.0);
INSERT INTO `region_point` (`region_face_id`, `idx`, `x`, `y`, `z`, `w`) values (1225, 1, 1961675.375, -338906.6875, -8176788.0, 1.0);
INSERT INTO `region_point` (`region_face_id`, `idx`, `x`, `y`, `z`, `w`) values (1225, 2, 1864403.375, -338905.6875, -8148879.0, 1.0);
INSERT INTO `region_point` (`region_face_id`, `idx`, `x`, `y`, `z`, `w`) values (1225, 3, 1911890.375, -338906.1875, -8108218.5, 1.0);
INSERT INTO `region_face` (`region_face_id`, `region_id`, `kind`, `flags`, `normal_x`, `normal_y`, `normal_z`, `normal_w`, `pos_x`, `pos_y`, `pos_z`, `pos_w`) values (1226, 782, 'face', '', -0.8578, 0.0, -0.5139, 2588975.25, 1887033.875, -297946.3437, -8186649.0, 60136.6875);
INSERT INTO `region_point` (`region_face_id`, `idx`, `x`, `y`, `z`, `w`) values (1226, 0, 1909664.375, -338906.1875, -8224419.0, 1.0);
INSERT INTO `region_point` (`region_face_id`, `idx`, `x`, `y`, `z`, `w`) values (1226, 1, 1864403.375, -338905.6875, -8148879.0, 1.0);
INSERT INTO `region_point` (`region_face_id`, `idx`, `x`, `y`, `z`, `w`) values (1226, 2, 1909664.375, -256986.5, -8224419.0, 1.0);
INSERT INTO `region_point` (`region_face_id`, `idx`, `x`, `y`, `z`, `w`) values (1226, 3, 1864403.375, -256986.5937, -8148879.0, 1.0);
INSERT INTO `region_face` (`region_face_id`, `region_id`, `kind`, `flags`, `normal_x`, `normal_y`, `normal_z`, `normal_w`, `pos_x`, `pos_y`, `pos_z`, `pos_w`) values (1227, 782, 'face', '', 0.6753, 0.0, -0.7374, 7355055.5, 1935669.875, -297946.5937, -8200603.5, 54048.0664);
INSERT INTO `region_point` (`region_face_id`, `idx`, `x`, `y`, `z`, `w`) values (1227, 0, 1909664.375, -338906.1875, -8224419.0, 1.0);
INSERT INTO `region_point` (`region_face_id`, `idx`, `x`, `y`, `z`, `w`) values (1227, 1, 1909664.375, -256986.5, -8224419.0, 1.0);
INSERT INTO `region_point` (`region_face_id`, `idx`, `x`, `y`, `z`, `w`) values (1227, 2, 1961675.375, -338906.6875, -8176788.0, 1.0);
INSERT INTO `region_point` (`region_face_id`, `idx`, `x`, `y`, `z`, `w`) values (1227, 3, 1961675.375, -256986.7031, -8176788.0, 1.0);
INSERT INTO `region_face` (`region_face_id`, `region_id`, `kind`, `flags`, `normal_x`, `normal_y`, `normal_z`, `normal_w`, `pos_x`, `pos_y`, `pos_z`, `pos_w`) values (1228, 782, 'face', '', -0.6503, 0.0, 0.7595, -7402440.5, 1888146.875, -297946.375, -8128549.0, 51524.6484);
INSERT INTO `region_point` (`region_face_id`, `idx`, `x`, `y`, `z`, `w`) values (1228, 0, 1864403.375, -338905.6875, -8148879.0, 1.0);
INSERT INTO `region_point` (`region_face_id`, `idx`, `x`, `y`, `z`, `w`) values (1228, 1, 1911890.375, -338906.1875, -8108218.5, 1.0);
INSERT INTO `region_point` (`region_face_id`, `idx`, `x`, `y`, `z`, `w`) values (1228, 2, 1864403.375, -256986.5937, -8148879.0, 1.0);
INSERT INTO `region_point` (`region_face_id`, `idx`, `x`, `y`, `z`, `w`) values (1228, 3, 1911890.375, -256986.7968, -8108218.5, 1.0);
INSERT INTO `region_face` (`region_face_id`, `region_id`, `kind`, `flags`, `normal_x`, `normal_y`, `normal_z`, `normal_w`, `pos_x`, `pos_y`, `pos_z`, `pos_w`) values (1229, 782, 'face', '', 0.0, 1.0, 0.0, -257002.1093, 1910777.375, -256986.6562, -8166319.0, 58110.9101);
INSERT INTO `region_point` (`region_face_id`, `idx`, `x`, `y`, `z`, `w`) values (1229, 0, 1909664.375, -256986.5, -8224419.0, 1.0);
INSERT INTO `region_point` (`region_face_id`, `idx`, `x`, `y`, `z`, `w`) values (1229, 1, 1864403.375, -256986.5937, -8148879.0, 1.0);
INSERT INTO `region_point` (`region_face_id`, `idx`, `x`, `y`, `z`, `w`) values (1229, 2, 1961675.375, -256986.7031, -8176788.0, 1.0);
INSERT INTO `region_point` (`region_face_id`, `idx`, `x`, `y`, `z`, `w`) values (1229, 3, 1911890.375, -256986.7968, -8108218.5, 1.0);
INSERT INTO `region_face` (`region_face_id`, `region_id`, `kind`, `flags`, `normal_x`, `normal_y`, `normal_z`, `normal_w`, `pos_x`, `pos_y`, `pos_z`, `pos_w`) values (1230, 782, 'face', '', 0.8092, 0.0, 0.5875, -3216670.25, 1936782.875, -297946.6875, -8142503.0, 58930.6328);
INSERT INTO `region_point` (`region_face_id`, `idx`, `x`, `y`, `z`, `w`) values (1230, 0, 1961675.375, -338906.6875, -8176788.0, 1.0);
INSERT INTO `region_point` (`region_face_id`, `idx`, `x`, `y`, `z`, `w`) values (1230, 1, 1961675.375, -256986.7031, -8176788.0, 1.0);
INSERT INTO `region_point` (`region_face_id`, `idx`, `x`, `y`, `z`, `w`) values (1230, 2, 1911890.375, -338906.1875, -8108218.5, 1.0);
INSERT INTO `region_point` (`region_face_id`, `idx`, `x`, `y`, `z`, `w`) values (1230, 3, 1911890.375, -256986.7968, -8108218.5, 1.0);
INSERT INTO `region` (`region_id`, `level_name`, `tree`, `on_enter`, `on_exit`, `on_inside`) values (681, 'consite', 'target', '(when (not (task-closed? "consite-find-baron-resolution")) (send-event "baron-npc-1" ''say))', '', '');
INSERT INTO `region_face` (`region_face_id`, `region_id`, `kind`, `flags`, `normal_x`, `normal_y`, `normal_z`, `normal_w`, `pos_x`, `pos_y`, `pos_z`, `pos_w`) values (1231, 681, 'plane', '', 0.9997, 0.0, 0.0202, 3091142.75, 3015690.0, 100929.2968, 3760145.0, 53098.9101);
INSERT INTO `region_point` (`region_face_id`, `idx`, `x`, `y`, `z`, `w`) values (1231, 0, 3016440.0, 138944.0, 3723080.0, 1.0);
INSERT INTO `region_point` (`region_face_id`, `idx`, `x`, `y`, `z`, `w`) values (1231, 1, 3014940.0, 138944.0, 3797210.0, 1.0);
INSERT INTO `region_point` (`region_face_id`, `idx`, `x`, `y`, `z`, `w`) values (1231, 2, 3016440.0, 62914.6015, 3723080.0, 1.0);
INSERT INTO `region_point` (`region_face_id`, `idx`, `x`, `y`, `z`, `w`) values (1231, 3, 3014940.0, 62914.6015, 3797210.0, 1.0);
INSERT INTO `region` (`region_id`, `level_name`, `tree`, `on_enter`, `on_exit`, `on_inside`) values (891, 'consite', 'camera', '', '', '(sound-play-loop "consite-amb1")');
INSERT INTO `region_sphere` (`region_id`, `x`, `y`, `z`, `r`) values (891, 2709200.0, -36254.6992, 3527800.0, 636324.0);
INSERT INTO `region` (`region_id`, `level_name`, `tree`, `on_enter`, `on_exit`, `on_inside`) values (892, 'consite', 'camera', '', '', '(sound-play-loop "consite-cricket")');
INSERT INTO `region_sphere` (`region_id`, `x`, `y`, `z`, `r`) values (892, 2481530.0, -28221.9003, 3422220.0, 191824.0);
INSERT INTO `region` (`region_id`, `level_name`, `tree`, `on_enter`, `on_exit`, `on_inside`) values (707, 'underb', 'target', '(send-event "under-rise-plat-1" ''big-room #t)', '(send-event "under-rise-plat-1" ''big-room #f)', '');
INSERT INTO `region_face` (`region_face_id`, `region_id`, `kind`, `flags`, `normal_x`, `normal_y`, `normal_z`, `normal_w`, `pos_x`, `pos_y`, `pos_z`, `pos_w`) values (1232, 707, 'plane', '', -0.5299, 0.0, -0.848, -6754183.0, 796297.0, -268121.125, 7466919.0, 30236.0527);
INSERT INTO `region_point` (`region_face_id`, `idx`, `x`, `y`, `z`, `w`) values (1232, 0, 813005.0, -291056.8125, 7456478.0, 1.0);
INSERT INTO `region_point` (`region_face_id`, `idx`, `x`, `y`, `z`, `w`) values (1232, 1, 779589.0, -291056.8125, 7477360.0, 1.0);
INSERT INTO `region_point` (`region_face_id`, `idx`, `x`, `y`, `z`, `w`) values (1232, 2, 813005.0, -245185.4062, 7456478.0, 1.0);
INSERT INTO `region_point` (`region_face_id`, `idx`, `x`, `y`, `z`, `w`) values (1232, 3, 779589.0, -245185.4062, 7477360.0, 1.0);
INSERT INTO `region` (`region_id`, `level_name`, `tree`, `on_enter`, `on_exit`, `on_inside`) values (678, 'underb', 'target', '(want-load ''underb ''under)', '(want-load ''underb ''ctyport ''ctywide)', '');
INSERT INTO `region_face` (`region_face_id`, `region_id`, `kind`, `flags`, `normal_x`, `normal_y`, `normal_z`, `normal_w`, `pos_x`, `pos_y`, `pos_z`, `pos_w`) values (1233, 678, 'plane', '', 0.0, 1.0, 0.0, -1759.0, -898505.0, -1759.0, 7792190.5, 57926.1875);
INSERT INTO `region_point` (`region_face_id`, `idx`, `x`, `y`, `z`, `w`) values (1233, 0, -939465.0, -1759.0, 7751230.5, 1.0);
INSERT INTO `region_point` (`region_face_id`, `idx`, `x`, `y`, `z`, `w`) values (1233, 1, -939465.0, -1759.0, 7833150.5, 1.0);
INSERT INTO `region_point` (`region_face_id`, `idx`, `x`, `y`, `z`, `w`) values (1233, 2, -857545.0, -1759.0, 7751230.5, 1.0);
INSERT INTO `region_point` (`region_face_id`, `idx`, `x`, `y`, `z`, `w`) values (1233, 3, -857545.0, -1759.0, 7833150.5, 1.0);
INSERT INTO `region` (`region_id`, `level_name`, `tree`, `on_enter`, `on_exit`, `on_inside`) values (708, 'underb', 'target', '', '(send-event "under-rise-plat-1" ''big-room #f)', '');
INSERT INTO `region_face` (`region_face_id`, `region_id`, `kind`, `flags`, `normal_x`, `normal_y`, `normal_z`, `normal_w`, `pos_x`, `pos_y`, `pos_z`, `pos_w`) values (1234, 708, 'plane', '', 0.5226, 0.0, 0.8525, 6991298.5, 800523.0, -247624.7968, 7709750.0, 25617.3398);
INSERT INTO `region_point` (`region_face_id`, `idx`, `x`, `y`, `z`, `w`) values (1234, 0, 815005.0, -228449.5, 7700872.0, 1.0);
INSERT INTO `region_point` (`region_face_id`, `idx`, `x`, `y`, `z`, `w`) values (1234, 1, 786041.0, -228449.5, 7718628.5, 1.0);
INSERT INTO `region_point` (`region_face_id`, `idx`, `x`, `y`, `z`, `w`) values (1234, 2, 815005.0, -266800.0937, 7700872.0, 1.0);
INSERT INTO `region_point` (`region_face_id`, `idx`, `x`, `y`, `z`, `w`) values (1234, 3, 786041.0, -266800.0937, 7718628.5, 1.0);
INSERT INTO `region` (`region_id`, `level_name`, `tree`, `on_enter`, `on_exit`, `on_inside`) values (737, 'underb', 'target', '(send-event "sig-under-1" ''set-task 1)', '', '');
INSERT INTO `region_face` (`region_face_id`, `region_id`, `kind`, `flags`, `normal_x`, `normal_y`, `normal_z`, `normal_w`, `pos_x`, `pos_y`, `pos_z`, `pos_w`) values (1235, 737, 'plane', '', 0.5077, 0.0, -0.8615, -7219644.0, -253126.0, -245974.2968, 8231086.0, 39631.9257);
INSERT INTO `region_point` (`region_face_id`, `idx`, `x`, `y`, `z`, `w`) values (1235, 0, -230575.0, -216217.0937, 8244377.0, 1.0);
INSERT INTO `region_point` (`region_face_id`, `idx`, `x`, `y`, `z`, `w`) values (1235, 1, -230575.0, -275731.5, 8244377.0, 1.0);
INSERT INTO `region_point` (`region_face_id`, `idx`, `x`, `y`, `z`, `w`) values (1235, 2, -275677.0, -216217.0937, 8217795.0, 1.0);
INSERT INTO `region_point` (`region_face_id`, `idx`, `x`, `y`, `z`, `w`) values (1235, 3, -275677.0, -275731.5, 8217795.0, 1.0);
INSERT INTO `region` (`region_id`, `level_name`, `tree`, `on_enter`, `on_exit`, `on_inside`) values (755, 'underb', 'target', '(send-event "sig-under-1" ''set-task 4)', '', '');
INSERT INTO `region_face` (`region_face_id`, `region_id`, `kind`, `flags`, `normal_x`, `normal_y`, `normal_z`, `normal_w`, `pos_x`, `pos_y`, `pos_z`, `pos_w`) values (1236, 755, 'plane', '', -0.0, 1.0, -0.0, -310423.25, -729131.0, -310380.5, 7554561.0, 77876.8593);
INSERT INTO `region_point` (`region_face_id`, `idx`, `x`, `y`, `z`, `w`) values (1236, 0, -735368.0, -310381.1875, 7478542.0, 1.0);
INSERT INTO `region_point` (`region_face_id`, `idx`, `x`, `y`, `z`, `w`) values (1236, 1, -796997.0, -310381.5, 7592758.0, 1.0);
INSERT INTO `region_point` (`region_face_id`, `idx`, `x`, `y`, `z`, `w`) values (1236, 2, -661265.0, -310379.5, 7516364.0, 1.0);
INSERT INTO `region_point` (`region_face_id`, `idx`, `x`, `y`, `z`, `w`) values (1236, 3, -728183.0, -310381.5937, 7630986.0, 1.0);
INSERT INTO `region` (`region_id`, `level_name`, `tree`, `on_enter`, `on_exit`, `on_inside`) values (834, 'underb', 'target', '', '', '(unless (and (entity-status? "jellyfish-49" dead) (entity-status? "jellyfish-50" dead)) (begin (setting-pers string-max-height value (meters 1.0000)) (setting-pers string-min-height value (meters -1.0000))))');
INSERT INTO `region_face` (`region_face_id`, `region_id`, `kind`, `flags`, `normal_x`, `normal_y`, `normal_z`, `normal_w`, `pos_x`, `pos_y`, `pos_z`, `pos_w`) values (1237, 834, 'face', '', 0.0, -1.0, 0.0, 299326.8125, 599077.25, -299326.8125, 7065178.0, 221891.5);
INSERT INTO `region_point` (`region_face_id`, `idx`, `x`, `y`, `z`, `w`) values (1237, 0, 404760.0, -299326.8125, 6966979.0, 1.0);
INSERT INTO `region_point` (`region_face_id`, `idx`, `x`, `y`, `z`, `w`) values (1237, 1, 587996.0, -299326.8125, 6843932.0, 1.0);
INSERT INTO `region_point` (`region_face_id`, `idx`, `x`, `y`, `z`, `w`) values (1237, 2, 608899.0, -299326.8125, 7285827.0, 1.0);
INSERT INTO `region_point` (`region_face_id`, `idx`, `x`, `y`, `z`, `w`) values (1237, 3, 799580.0, -299326.8125, 7160228.0, 1.0);
INSERT INTO `region_face` (`region_face_id`, `region_id`, `kind`, `flags`, `normal_x`, `normal_y`, `normal_z`, `normal_w`, `pos_x`, `pos_y`, `pos_z`, `pos_w`) values (1238, 834, 'face', '', -0.8421, -0.0002, 0.5391, 3415753.0, 506813.5, -234665.8593, 7126403.0, 200046.25);
INSERT INTO `region_point` (`region_face_id`, `idx`, `x`, `y`, `z`, `w`) values (1238, 0, 404760.0, -299326.8125, 6966979.0, 1.0);
INSERT INTO `region_point` (`region_face_id`, `idx`, `x`, `y`, `z`, `w`) values (1238, 1, 608899.0, -299326.8125, 7285827.0, 1.0);
INSERT INTO `region_point` (`region_face_id`, `idx`, `x`, `y`, `z`, `w`) values (1238, 2, 404728.0, -170004.9062, 6966979.0, 1.0);
INSERT INTO `region_point` (`region_face_id`, `idx`, `x`, `y`, `z`, `w`) values (1238, 3, 608868.0, -170006.0, 7285827.0, 1.0);
INSERT INTO `region_face` (`region_face_id`, `region_id`, `kind`, `flags`, `normal_x`, `normal_y`, `normal_z`, `normal_w`, `pos_x`, `pos_y`, `pos_z`, `pos_w`) values (1239, 834, 'face', '', -0.5574, -0.0001, -0.8301, -6009490.5, 496362.0, -234665.8593, 6905455.5, 127917.8281);
INSERT INTO `region_point` (`region_face_id`, `idx`, `x`, `y`, `z`, `w`) values (1239, 0, 404760.0, -299326.8125, 6966979.0, 1.0);
INSERT INTO `region_point` (`region_face_id`, `idx`, `x`, `y`, `z`, `w`) values (1239, 1, 404728.0, -170004.9062, 6966979.0, 1.0);
INSERT INTO `region_point` (`region_face_id`, `idx`, `x`, `y`, `z`, `w`) values (1239, 2, 587996.0, -299326.8125, 6843932.0, 1.0);
INSERT INTO `region_point` (`region_face_id`, `idx`, `x`, `y`, `z`, `w`) values (1239, 3, 587965.0, -170005.2031, 6843932.0, 1.0);
INSERT INTO `region_face` (`region_face_id`, `region_id`, `kind`, `flags`, `normal_x`, `normal_y`, `normal_z`, `normal_w`, `pos_x`, `pos_y`, `pos_z`, `pos_w`) values (1240, 834, 'face', '', 0.55, 0.0001, 0.8351, 6419394.0, 704224.0, -234666.4062, 7223027.5, 131215.5156);
INSERT INTO `region_point` (`region_face_id`, `idx`, `x`, `y`, `z`, `w`) values (1240, 0, 608899.0, -299326.8125, 7285827.0, 1.0);
INSERT INTO `region_point` (`region_face_id`, `idx`, `x`, `y`, `z`, `w`) values (1240, 1, 799580.0, -299326.8125, 7160228.0, 1.0);
INSERT INTO `region_point` (`region_face_id`, `idx`, `x`, `y`, `z`, `w`) values (1240, 2, 608868.0, -170006.0, 7285827.0, 1.0);
INSERT INTO `region_point` (`region_face_id`, `idx`, `x`, `y`, `z`, `w`) values (1240, 3, 799549.0, -170006.4062, 7160228.0, 1.0);
INSERT INTO `region_face` (`region_face_id`, `region_id`, `kind`, `flags`, `normal_x`, `normal_y`, `normal_z`, `normal_w`, `pos_x`, `pos_y`, `pos_z`, `pos_w`) values (1241, 834, 'face', '', 0.0, 1.0, 0.0, -169992.1406, 599046.25, -170005.6093, 7065178.0, 221891.5);
INSERT INTO `region_point` (`region_face_id`, `idx`, `x`, `y`, `z`, `w`) values (1241, 0, 404728.0, -170004.9062, 6966979.0, 1.0);
INSERT INTO `region_point` (`region_face_id`, `idx`, `x`, `y`, `z`, `w`) values (1241, 1, 608868.0, -170006.0, 7285827.0, 1.0);
INSERT INTO `region_point` (`region_face_id`, `idx`, `x`, `y`, `z`, `w`) values (1241, 2, 587965.0, -170005.2031, 6843932.0, 1.0);
INSERT INTO `region_point` (`region_face_id`, `idx`, `x`, `y`, `z`, `w`) values (1241, 3, 799549.0, -170006.4062, 7160228.0, 1.0);
INSERT INTO `region_face` (`region_face_id`, `region_id`, `kind`, `flags`, `normal_x`, `normal_y`, `normal_z`, `normal_w`, `pos_x`, `pos_y`, `pos_z`, `pos_w`) values (1242, 834, 'face', '', 0.8311, 0.0001, -0.556, -3316621.75, 693772.5, -234666.0156, 7002080.0, 200965.2656);
INSERT INTO `region_point` (`region_face_id`, `idx`, `x`, `y`, `z`, `w`) values (1242, 0, 587996.0, -299326.8125, 6843932.0, 1.0);
INSERT INTO `region_point` (`region_face_id`, `idx`, `x`, `y`, `z`, `w`) values (1242, 1, 587965.0, -170005.2031, 6843932.0, 1.0);
INSERT INTO `region_point` (`region_face_id`, `idx`, `x`, `y`, `z`, `w`) values (1242, 2, 799580.0, -299326.8125, 7160228.0, 1.0);
INSERT INTO `region_point` (`region_face_id`, `idx`, `x`, `y`, `z`, `w`) values (1242, 3, 799549.0, -170006.4062, 7160228.0, 1.0);
INSERT INTO `region` (`region_id`, `level_name`, `tree`, `on_enter`, `on_exit`, `on_inside`) values (836, 'underb', 'target', '', '', '(unless (and (entity-status? "jellyfish-43" dead) (entity-status? "jellyfish-51" dead)) (begin (setting-pers string-max-height value (meters 1.0000)) (setting-pers string-min-height value (meters -1.0000))))');
INSERT INTO `region_face` (`region_face_id`, `region_id`, `kind`, `flags`, `normal_x`, `normal_y`, `normal_z`, `normal_w`, `pos_x`, `pos_y`, `pos_z`, `pos_w`) values (1243, 836, 'face', '', 0.0, -1.0, -0.0, 308628.375, 903645.5, -308650.0, 7250595.0, 174093.2031);
INSERT INTO `region_point` (`region_face_id`, `idx`, `x`, `y`, `z`, `w`) values (1243, 0, 732031.0, -308650.0, 7221322.0, 1.0);
INSERT INTO `region_point` (`region_face_id`, `idx`, `x`, `y`, `z`, `w`) values (1243, 1, 933385.0, -308649.0937, 7080942.0, 1.0);
INSERT INTO `region_point` (`region_face_id`, `idx`, `x`, `y`, `z`, `w`) values (1243, 2, 856737.0, -308650.3125, 7405608.0, 1.0);
INSERT INTO `region_point` (`region_face_id`, `idx`, `x`, `y`, `z`, `w`) values (1243, 3, 1075260.0, -308650.0, 7279868.0, 1.0);
INSERT INTO `region_face` (`region_face_id`, `region_id`, `kind`, `flags`, `normal_x`, `normal_y`, `normal_z`, `normal_w`, `pos_x`, `pos_y`, `pos_z`, `pos_w`) values (1244, 836, 'face', '', -0.8281, 0.0, 0.5604, 3440843.25, 794384.0, -234957.6562, 7313465.0, 133449.75);
INSERT INTO `region_point` (`region_face_id`, `idx`, `x`, `y`, `z`, `w`) values (1244, 0, 732031.0, -308650.0, 7221322.0, 1.0);
INSERT INTO `region_point` (`region_face_id`, `idx`, `x`, `y`, `z`, `w`) values (1244, 1, 856737.0, -308650.3125, 7405608.0, 1.0);
INSERT INTO `region_point` (`region_face_id`, `idx`, `x`, `y`, `z`, `w`) values (1244, 2, 732031.0, -161265.0, 7221322.0, 1.0);
INSERT INTO `region_point` (`region_face_id`, `idx`, `x`, `y`, `z`, `w`) values (1244, 3, 856737.0, -161265.0, 7405608.0, 1.0);
INSERT INTO `region_face` (`region_face_id`, `region_id`, `kind`, `flags`, `normal_x`, `normal_y`, `normal_z`, `normal_w`, `pos_x`, `pos_y`, `pos_z`, `pos_w`) values (1245, 836, 'face', '', -0.5719, 0.0, -0.8203, -6342429.5, 832708.0, -234957.5, 7151132.0, 143154.0312);
INSERT INTO `region_point` (`region_face_id`, `idx`, `x`, `y`, `z`, `w`) values (1245, 0, 732031.0, -308650.0, 7221322.0, 1.0);
INSERT INTO `region_point` (`region_face_id`, `idx`, `x`, `y`, `z`, `w`) values (1245, 1, 732031.0, -161265.0, 7221322.0, 1.0);
INSERT INTO `region_point` (`region_face_id`, `idx`, `x`, `y`, `z`, `w`) values (1245, 2, 933385.0, -308649.0937, 7080942.0, 1.0);
INSERT INTO `region_point` (`region_face_id`, `idx`, `x`, `y`, `z`, `w`) values (1245, 3, 933385.0, -161265.0, 7080942.0, 1.0);
INSERT INTO `region_face` (`region_face_id`, `region_id`, `kind`, `flags`, `normal_x`, `normal_y`, `normal_z`, `normal_w`, `pos_x`, `pos_y`, `pos_z`, `pos_w`) values (1246, 836, 'face', '', 0.4987, 0.0, 0.8667, 6846121.5, 965998.5, -234957.6562, 7342738.0, 146018.2187);
INSERT INTO `region_point` (`region_face_id`, `idx`, `x`, `y`, `z`, `w`) values (1246, 0, 856737.0, -308650.3125, 7405608.0, 1.0);
INSERT INTO `region_point` (`region_face_id`, `idx`, `x`, `y`, `z`, `w`) values (1246, 1, 1075260.0, -308650.0, 7279868.0, 1.0);
INSERT INTO `region_point` (`region_face_id`, `idx`, `x`, `y`, `z`, `w`) values (1246, 2, 856737.0, -161265.0, 7405608.0, 1.0);
INSERT INTO `region_point` (`region_face_id`, `idx`, `x`, `y`, `z`, `w`) values (1246, 3, 1075260.0, -161265.0, 7279868.0, 1.0);
INSERT INTO `region_face` (`region_face_id`, `region_id`, `kind`, `flags`, `normal_x`, `normal_y`, `normal_z`, `normal_w`, `pos_x`, `pos_y`, `pos_z`, `pos_w`) values (1247, 836, 'face', '', 0.0, 1.0, 0.0, -161265.0, 903645.5, -161265.0, 7250595.0, 174093.2031);
INSERT INTO `region_point` (`region_face_id`, `idx`, `x`, `y`, `z`, `w`) values (1247, 0, 732031.0, -161265.0, 7221322.0, 1.0);
INSERT INTO `region_point` (`region_face_id`, `idx`, `x`, `y`, `z`, `w`) values (1247, 1, 856737.0, -161265.0, 7405608.0, 1.0);
INSERT INTO `region_point` (`region_face_id`, `idx`, `x`, `y`, `z`, `w`) values (1247, 2, 933385.0, -161265.0, 7080942.0, 1.0);
INSERT INTO `region_point` (`region_face_id`, `idx`, `x`, `y`, `z`, `w`) values (1247, 3, 1075260.0, -161265.0, 7279868.0, 1.0);
INSERT INTO `region_face` (`region_face_id`, `region_id`, `kind`, `flags`, `normal_x`, `normal_y`, `normal_z`, `normal_w`, `pos_x`, `pos_y`, `pos_z`, `pos_w`) values (1248, 836, 'face', '', 0.8141, 0.0, -0.5806, -3351672.25, 1004322.5, -234957.5, 7180405.0, 142673.0625);
INSERT INTO `region_point` (`region_face_id`, `idx`, `x`, `y`, `z`, `w`) values (1248, 0, 933385.0, -308649.0937, 7080942.0, 1.0);
INSERT INTO `region_point` (`region_face_id`, `idx`, `x`, `y`, `z`, `w`) values (1248, 1, 933385.0, -161265.0, 7080942.0, 1.0);
INSERT INTO `region_point` (`region_face_id`, `idx`, `x`, `y`, `z`, `w`) values (1248, 2, 1075260.0, -308650.0, 7279868.0, 1.0);
INSERT INTO `region_point` (`region_face_id`, `idx`, `x`, `y`, `z`, `w`) values (1248, 3, 1075260.0, -161265.0, 7279868.0, 1.0);
INSERT INTO `region` (`region_id`, `level_name`, `tree`, `on_enter`, `on_exit`, `on_inside`) values (837, 'underb', 'target', '', '', '(unless (and (entity-status? "jellyfish-53" dead) (entity-status? "jellyfish-54" dead)) (begin (setting-pers string-max-height value (meters 1.0000)) (setting-pers string-min-height value (meters -1.0000))))');
INSERT INTO `region_face` (`region_face_id`, `region_id`, `kind`, `flags`, `normal_x`, `normal_y`, `normal_z`, `normal_w`, `pos_x`, `pos_y`, `pos_z`, `pos_w`) values (1249, 837, 'face', '', 0.0, 0.0, 1.0, 7826916.5, 811738.0, -240271.5937, 7826916.5, 57926.0546);
INSERT INTO `region_point` (`region_face_id`, `idx`, `x`, `y`, `z`, `w`) values (1249, 0, 770778.0, -281231.4062, 7826916.5, 1.0);
INSERT INTO `region_point` (`region_face_id`, `idx`, `x`, `y`, `z`, `w`) values (1249, 1, 852698.0, -281231.4062, 7826916.5, 1.0);
INSERT INTO `region_point` (`region_face_id`, `idx`, `x`, `y`, `z`, `w`) values (1249, 2, 770778.0, -199311.7968, 7826916.5, 1.0);
INSERT INTO `region_point` (`region_face_id`, `idx`, `x`, `y`, `z`, `w`) values (1249, 3, 852698.0, -199311.7968, 7826916.5, 1.0);
INSERT INTO `region_face` (`region_face_id`, `region_id`, `kind`, `flags`, `normal_x`, `normal_y`, `normal_z`, `normal_w`, `pos_x`, `pos_y`, `pos_z`, `pos_w`) values (1250, 837, 'face', '', 0.9994, 0.0, -0.0338, 586925.4375, 850390.0, -240271.5937, 7758860.0, 79465.2109);
INSERT INTO `region_point` (`region_face_id`, `idx`, `x`, `y`, `z`, `w`) values (1250, 0, 848082.0, -281231.1875, 7690804.0, 1.0);
INSERT INTO `region_point` (`region_face_id`, `idx`, `x`, `y`, `z`, `w`) values (1250, 1, 848082.0, -199311.7968, 7690804.0, 1.0);
INSERT INTO `region_point` (`region_face_id`, `idx`, `x`, `y`, `z`, `w`) values (1250, 2, 852698.0, -281231.4062, 7826916.5, 1.0);
INSERT INTO `region_point` (`region_face_id`, `idx`, `x`, `y`, `z`, `w`) values (1250, 3, 852698.0, -199311.7968, 7826916.5, 1.0);
INSERT INTO `region_face` (`region_face_id`, `region_id`, `kind`, `flags`, `normal_x`, `normal_y`, `normal_z`, `normal_w`, `pos_x`, `pos_y`, `pos_z`, `pos_w`) values (1251, 837, 'face', '', 0.0, 1.0, 0.0, -199311.7968, 810068.3125, -199311.7968, 7759864.5, 79456.1875);
INSERT INTO `region_point` (`region_face_id`, `idx`, `x`, `y`, `z`, `w`) values (1251, 0, 764084.0, -199311.7968, 7738717.0, 1.0);
INSERT INTO `region_point` (`region_face_id`, `idx`, `x`, `y`, `z`, `w`) values (1251, 1, 770778.0, -199311.7968, 7826916.5, 1.0);
INSERT INTO `region_point` (`region_face_id`, `idx`, `x`, `y`, `z`, `w`) values (1251, 2, 848082.0, -199311.7968, 7690804.0, 1.0);
INSERT INTO `region_point` (`region_face_id`, `idx`, `x`, `y`, `z`, `w`) values (1251, 3, 852698.0, -199311.7968, 7826916.5, 1.0);
INSERT INTO `region_face` (`region_face_id`, `region_id`, `kind`, `flags`, `normal_x`, `normal_y`, `normal_z`, `normal_w`, `pos_x`, `pos_y`, `pos_z`, `pos_w`) values (1252, 837, 'face', '', -0.0, -1.0, -0.0, 281211.75, 810068.3125, -281231.3125, 7759864.5, 79456.1875);
INSERT INTO `region_point` (`region_face_id`, `idx`, `x`, `y`, `z`, `w`) values (1252, 0, 764084.0, -281231.1875, 7738717.0, 1.0);
INSERT INTO `region_point` (`region_face_id`, `idx`, `x`, `y`, `z`, `w`) values (1252, 1, 848082.0, -281231.1875, 7690804.0, 1.0);
INSERT INTO `region_point` (`region_face_id`, `idx`, `x`, `y`, `z`, `w`) values (1252, 2, 770778.0, -281231.4062, 7826916.5, 1.0);
INSERT INTO `region_point` (`region_face_id`, `idx`, `x`, `y`, `z`, `w`) values (1252, 3, 852698.0, -281231.4062, 7826916.5, 1.0);
INSERT INTO `region_face` (`region_face_id`, `region_id`, `kind`, `flags`, `normal_x`, `normal_y`, `normal_z`, `normal_w`, `pos_x`, `pos_y`, `pos_z`, `pos_w`) values (1253, 837, 'face', '', -0.4954, 0.0, -0.8686, -7100626.0, 806083.0, -240271.5, 7714760.5, 63368.1875);
INSERT INTO `region_point` (`region_face_id`, `idx`, `x`, `y`, `z`, `w`) values (1253, 0, 764084.0, -281231.1875, 7738717.0, 1.0);
INSERT INTO `region_point` (`region_face_id`, `idx`, `x`, `y`, `z`, `w`) values (1253, 1, 764084.0, -199311.7968, 7738717.0, 1.0);
INSERT INTO `region_point` (`region_face_id`, `idx`, `x`, `y`, `z`, `w`) values (1253, 2, 848082.0, -281231.1875, 7690804.0, 1.0);
INSERT INTO `region_point` (`region_face_id`, `idx`, `x`, `y`, `z`, `w`) values (1253, 3, 848082.0, -199311.7968, 7690804.0, 1.0);
INSERT INTO `region_face` (`region_face_id`, `region_id`, `kind`, `flags`, `normal_x`, `normal_y`, `normal_z`, `normal_w`, `pos_x`, `pos_y`, `pos_z`, `pos_w`) values (1254, 837, 'face', '', -0.9971, 0.0, 0.0756, -176238.5937, 767431.0, -240271.5937, 7782817.0, 60280.1445);
INSERT INTO `region_point` (`region_face_id`, `idx`, `x`, `y`, `z`, `w`) values (1254, 0, 764084.0, -281231.1875, 7738717.0, 1.0);
INSERT INTO `region_point` (`region_face_id`, `idx`, `x`, `y`, `z`, `w`) values (1254, 1, 770778.0, -281231.4062, 7826916.5, 1.0);
INSERT INTO `region_point` (`region_face_id`, `idx`, `x`, `y`, `z`, `w`) values (1254, 2, 764084.0, -199311.7968, 7738717.0, 1.0);
INSERT INTO `region_point` (`region_face_id`, `idx`, `x`, `y`, `z`, `w`) values (1254, 3, 770778.0, -199311.7968, 7826916.5, 1.0);
INSERT INTO `region` (`region_id`, `level_name`, `tree`, `on_enter`, `on_exit`, `on_inside`) values (838, 'underb', 'target', '', '', '(unless (and (entity-status? "jellyfish-58" dead) (entity-status? "jellyfish-59" dead)) (begin (setting-pers string-max-height value (meters 1.0000)) (setting-pers string-min-height value (meters -1.0000))))');
INSERT INTO `region_face` (`region_face_id`, `region_id`, `kind`, `flags`, `normal_x`, `normal_y`, `normal_z`, `normal_w`, `pos_x`, `pos_y`, `pos_z`, `pos_w`) values (1255, 838, 'face', '', 0.5268, 0.0, 0.8499, 6912747.5, 681994.5, -245728.0, 7710435.0, 114387.2343);
INSERT INTO `region_point` (`region_face_id`, `idx`, `x`, `y`, `z`, `w`) values (1255, 0, 600554.0, -308203.1875, 7760919.5, 1.0);
INSERT INTO `region_point` (`region_face_id`, `idx`, `x`, `y`, `z`, `w`) values (1255, 1, 763435.0, -308202.3125, 7659950.0, 1.0);
INSERT INTO `region_point` (`region_face_id`, `idx`, `x`, `y`, `z`, `w`) values (1255, 2, 600554.0, -183252.7968, 7760919.5, 1.0);
INSERT INTO `region_point` (`region_face_id`, `idx`, `x`, `y`, `z`, `w`) values (1255, 3, 763435.0, -183253.0937, 7659950.0, 1.0);
INSERT INTO `region_face` (`region_face_id`, `region_id`, `kind`, `flags`, `normal_x`, `normal_y`, `normal_z`, `normal_w`, `pos_x`, `pos_y`, `pos_z`, `pos_w`) values (1256, 838, 'face', '', 0.7815, 0.0, -0.6238, -4182059.25, 707627.5, -245728.1406, 7590037.0, 109112.0312);
INSERT INTO `region_point` (`region_face_id`, `idx`, `x`, `y`, `z`, `w`) values (1256, 0, 651820.0, -308203.1875, 7520124.0, 1.0);
INSERT INTO `region_point` (`region_face_id`, `idx`, `x`, `y`, `z`, `w`) values (1256, 1, 651820.0, -183253.2031, 7520124.0, 1.0);
INSERT INTO `region_point` (`region_face_id`, `idx`, `x`, `y`, `z`, `w`) values (1256, 2, 763435.0, -308202.3125, 7659950.0, 1.0);
INSERT INTO `region_point` (`region_face_id`, `idx`, `x`, `y`, `z`, `w`) values (1256, 3, 763435.0, -183253.0937, 7659950.0, 1.0);
INSERT INTO `region_face` (`region_face_id`, `region_id`, `kind`, `flags`, `normal_x`, `normal_y`, `normal_z`, `normal_w`, `pos_x`, `pos_y`, `pos_z`, `pos_w`) values (1257, 838, 'face', '', 0.0, 1.0, -0.0, -183263.3906, 630780.0, -183253.0, 7633456.0, 135274.8437);
INSERT INTO `region_point` (`region_face_id`, `idx`, `x`, `y`, `z`, `w`) values (1257, 0, 498125.0, -183252.9062, 7606962.0, 1.0);
INSERT INTO `region_point` (`region_face_id`, `idx`, `x`, `y`, `z`, `w`) values (1257, 1, 600554.0, -183252.7968, 7760919.5, 1.0);
INSERT INTO `region_point` (`region_face_id`, `idx`, `x`, `y`, `z`, `w`) values (1257, 2, 651820.0, -183253.2031, 7520124.0, 1.0);
INSERT INTO `region_point` (`region_face_id`, `idx`, `x`, `y`, `z`, `w`) values (1257, 3, 763435.0, -183253.0937, 7659950.0, 1.0);
INSERT INTO `region_face` (`region_face_id`, `region_id`, `kind`, `flags`, `normal_x`, `normal_y`, `normal_z`, `normal_w`, `pos_x`, `pos_y`, `pos_z`, `pos_w`) values (1258, 838, 'face', '', 0.0, -1.0, 0.0, 308219.8437, 630779.5, -308203.25, 7633456.0, 135275.3281);
INSERT INTO `region_point` (`region_face_id`, `idx`, `x`, `y`, `z`, `w`) values (1258, 0, 498124.0, -308204.1875, 7606962.0, 1.0);
INSERT INTO `region_point` (`region_face_id`, `idx`, `x`, `y`, `z`, `w`) values (1258, 1, 651820.0, -308203.1875, 7520124.0, 1.0);
INSERT INTO `region_point` (`region_face_id`, `idx`, `x`, `y`, `z`, `w`) values (1258, 2, 600554.0, -308203.1875, 7760919.5, 1.0);
INSERT INTO `region_point` (`region_face_id`, `idx`, `x`, `y`, `z`, `w`) values (1258, 3, 763435.0, -308202.3125, 7659950.0, 1.0);
INSERT INTO `region_face` (`region_face_id`, `region_id`, `kind`, `flags`, `normal_x`, `normal_y`, `normal_z`, `normal_w`, `pos_x`, `pos_y`, `pos_z`, `pos_w`) values (1259, 838, 'face', '', -0.4919, 0.0, -0.8706, -6867994.5, 574972.0, -245728.5468, 7563543.0, 108138.9453);
INSERT INTO `region_point` (`region_face_id`, `idx`, `x`, `y`, `z`, `w`) values (1259, 0, 498124.0, -308204.1875, 7606962.0, 1.0);
INSERT INTO `region_point` (`region_face_id`, `idx`, `x`, `y`, `z`, `w`) values (1259, 1, 498125.0, -183252.9062, 7606962.0, 1.0);
INSERT INTO `region_point` (`region_face_id`, `idx`, `x`, `y`, `z`, `w`) values (1259, 2, 651820.0, -308203.1875, 7520124.0, 1.0);
INSERT INTO `region_point` (`region_face_id`, `idx`, `x`, `y`, `z`, `w`) values (1259, 3, 651820.0, -183253.2031, 7520124.0, 1.0);
INSERT INTO `region_face` (`region_face_id`, `region_id`, `kind`, `flags`, `normal_x`, `normal_y`, `normal_z`, `normal_w`, `pos_x`, `pos_y`, `pos_z`, `pos_w`) values (1260, 838, 'face', '', -0.8325, 0.0, 0.5539, 3798923.0, 549339.0, -245728.5, 7683941.0, 111588.1562);
INSERT INTO `region_point` (`region_face_id`, `idx`, `x`, `y`, `z`, `w`) values (1260, 0, 498124.0, -308204.1875, 7606962.0, 1.0);
INSERT INTO `region_point` (`region_face_id`, `idx`, `x`, `y`, `z`, `w`) values (1260, 1, 600554.0, -308203.1875, 7760919.5, 1.0);
INSERT INTO `region_point` (`region_face_id`, `idx`, `x`, `y`, `z`, `w`) values (1260, 2, 498125.0, -183252.9062, 7606962.0, 1.0);
INSERT INTO `region_point` (`region_face_id`, `idx`, `x`, `y`, `z`, `w`) values (1260, 3, 600554.0, -183252.7968, 7760919.5, 1.0);
INSERT INTO `region` (`region_id`, `level_name`, `tree`, `on_enter`, `on_exit`, `on_inside`) values (839, 'underb', 'target', '', '', '(unless (entity-status? "jellyfish-60" dead) (begin (setting-pers string-max-height value (meters 1.0000)) (setting-pers string-min-height value (meters -1.0000))))');
INSERT INTO `region_face` (`region_face_id`, `region_id`, `kind`, `flags`, `normal_x`, `normal_y`, `normal_z`, `normal_w`, `pos_x`, `pos_y`, `pos_z`, `pos_w`) values (1261, 839, 'face', '', 0.5268, 0.0, 0.8499, 6229745.0, 44606.6015, -245727.5, 7301975.0, 114387.0078);
INSERT INTO `region_point` (`region_face_id`, `idx`, `x`, `y`, `z`, `w`) values (1261, 0, -36833.8007, -308202.4062, 7352460.0, 1.0);
INSERT INTO `region_point` (`region_face_id`, `idx`, `x`, `y`, `z`, `w`) values (1261, 1, 126047.0, -308201.5, 7251490.0, 1.0);
INSERT INTO `region_point` (`region_face_id`, `idx`, `x`, `y`, `z`, `w`) values (1261, 2, -36833.8007, -183252.5937, 7352460.0, 1.0);
INSERT INTO `region_point` (`region_face_id`, `idx`, `x`, `y`, `z`, `w`) values (1261, 3, 126047.0, -183252.9062, 7251490.0, 1.0);
INSERT INTO `region_face` (`region_face_id`, `region_id`, `kind`, `flags`, `normal_x`, `normal_y`, `normal_z`, `normal_w`, `pos_x`, `pos_y`, `pos_z`, `pos_w`) values (1262, 839, 'face', '', 0.7815, 0.0, -0.6238, -4425382.0, 70239.5, -245727.6562, 7181577.0, 109111.8671);
INSERT INTO `region_point` (`region_face_id`, `idx`, `x`, `y`, `z`, `w`) values (1262, 0, 14432.0, -308202.4062, 7111664.0, 1.0);
INSERT INTO `region_point` (`region_face_id`, `idx`, `x`, `y`, `z`, `w`) values (1262, 1, 14432.0, -183253.0, 7111664.0, 1.0);
INSERT INTO `region_point` (`region_face_id`, `idx`, `x`, `y`, `z`, `w`) values (1262, 2, 126047.0, -308201.5, 7251490.0, 1.0);
INSERT INTO `region_point` (`region_face_id`, `idx`, `x`, `y`, `z`, `w`) values (1262, 3, 126047.0, -183252.9062, 7251490.0, 1.0);
INSERT INTO `region_face` (`region_face_id`, `region_id`, `kind`, `flags`, `normal_x`, `normal_y`, `normal_z`, `normal_w`, `pos_x`, `pos_y`, `pos_z`, `pos_w`) values (1263, 839, 'face', '', 0.0, 1.0, -0.0, -183263.2968, -6607.5, -183252.8125, 7224996.0, 135274.3437);
INSERT INTO `region_point` (`region_face_id`, `idx`, `x`, `y`, `z`, `w`) values (1263, 0, -139262.0, -183252.7031, 7198502.0, 1.0);
INSERT INTO `region_point` (`region_face_id`, `idx`, `x`, `y`, `z`, `w`) values (1263, 1, -36833.8007, -183252.5937, 7352460.0, 1.0);
INSERT INTO `region_point` (`region_face_id`, `idx`, `x`, `y`, `z`, `w`) values (1263, 2, 14432.0, -183253.0, 7111664.0, 1.0);
INSERT INTO `region_point` (`region_face_id`, `idx`, `x`, `y`, `z`, `w`) values (1263, 3, 126047.0, -183252.9062, 7251490.0, 1.0);
INSERT INTO `region_face` (`region_face_id`, `region_id`, `kind`, `flags`, `normal_x`, `normal_y`, `normal_z`, `normal_w`, `pos_x`, `pos_y`, `pos_z`, `pos_w`) values (1264, 839, 'face', '', 0.0, -1.0, 0.0, 308212.6562, -6608.5, -308202.4062, 7224996.0, 135275.3281);
INSERT INTO `region_point` (`region_face_id`, `idx`, `x`, `y`, `z`, `w`) values (1264, 0, -139264.0, -308203.3125, 7198502.0, 1.0);
INSERT INTO `region_point` (`region_face_id`, `idx`, `x`, `y`, `z`, `w`) values (1264, 1, 14432.0, -308202.4062, 7111664.0, 1.0);
INSERT INTO `region_point` (`region_face_id`, `idx`, `x`, `y`, `z`, `w`) values (1264, 2, -36833.8007, -308202.4062, 7352460.0, 1.0);
INSERT INTO `region_point` (`region_face_id`, `idx`, `x`, `y`, `z`, `w`) values (1264, 3, 126047.0, -308201.5, 7251490.0, 1.0);
INSERT INTO `region_face` (`region_face_id`, `region_id`, `kind`, `flags`, `normal_x`, `normal_y`, `normal_z`, `normal_w`, `pos_x`, `pos_y`, `pos_z`, `pos_w`) values (1265, 839, 'face', '', -0.4919, 0.0, -0.8706, -6198833.0, -62416.0, -245728.0, 7155083.0, 108138.75);
INSERT INTO `region_point` (`region_face_id`, `idx`, `x`, `y`, `z`, `w`) values (1265, 0, -139264.0, -308203.3125, 7198502.0, 1.0);
INSERT INTO `region_point` (`region_face_id`, `idx`, `x`, `y`, `z`, `w`) values (1265, 1, -139262.0, -183252.7031, 7198502.0, 1.0);
INSERT INTO `region_point` (`region_face_id`, `idx`, `x`, `y`, `z`, `w`) values (1265, 2, 14432.0, -308202.4062, 7111664.0, 1.0);
INSERT INTO `region_point` (`region_face_id`, `idx`, `x`, `y`, `z`, `w`) values (1265, 3, 14432.0, -183253.0, 7111664.0, 1.0);
INSERT INTO `region_face` (`region_face_id`, `region_id`, `kind`, `flags`, `normal_x`, `normal_y`, `normal_z`, `normal_w`, `pos_x`, `pos_y`, `pos_z`, `pos_w`) values (1266, 839, 'face', '', -0.8325, 0.0, 0.5539, 4103333.5, -88048.8984, -245727.9531, 7275481.0, 111588.1875);
INSERT INTO `region_point` (`region_face_id`, `idx`, `x`, `y`, `z`, `w`) values (1266, 0, -139264.0, -308203.3125, 7198502.0, 1.0);
INSERT INTO `region_point` (`region_face_id`, `idx`, `x`, `y`, `z`, `w`) values (1266, 1, -36833.8007, -308202.4062, 7352460.0, 1.0);
INSERT INTO `region_point` (`region_face_id`, `idx`, `x`, `y`, `z`, `w`) values (1266, 2, -139262.0, -183252.7031, 7198502.0, 1.0);
INSERT INTO `region_point` (`region_face_id`, `idx`, `x`, `y`, `z`, `w`) values (1266, 3, -36833.8007, -183252.5937, 7352460.0, 1.0);
INSERT INTO `region` (`region_id`, `level_name`, `tree`, `on_enter`, `on_exit`, `on_inside`) values (721, 'underb', 'water', '', '', '(water water-anim "water-anim-under-2" ((())))');
INSERT INTO `region_sphere` (`region_id`, `x`, `y`, `z`, `r`) values (721, -34041.8007, -235205.5, 7874671.0, 94725.6015);
INSERT INTO `region` (`region_id`, `level_name`, `tree`, `on_enter`, `on_exit`, `on_inside`) values (719, 'underb', 'water', '', '', '(water water-anim "water-anim-under-1" ((())))');
INSERT INTO `region_sphere` (`region_id`, `x`, `y`, `z`, `r`) values (719, 229967.0, -225821.9062, 7155901.0, 82160.3984);
INSERT INTO `region` (`region_id`, `level_name`, `tree`, `on_enter`, `on_exit`, `on_inside`) values (722, 'underb', 'water', '', '', '(water water-anim "water-anim-under-3" ((())))');
INSERT INTO `region_face` (`region_face_id`, `region_id`, `kind`, `flags`, `normal_x`, `normal_y`, `normal_z`, `normal_w`, `pos_x`, `pos_y`, `pos_z`, `pos_w`) values (1267, 722, 'face', '', 0.49, 0.0023, 0.8717, 7123904.0, 921884.0, -253855.2031, 7654774.5, 209130.0468);
INSERT INTO `region_point` (`region_face_id`, `idx`, `x`, `y`, `z`, `w`) values (1267, 0, 764071.0, -355421.0937, 7743759.5, 1.0);
INSERT INTO `region_point` (`region_face_id`, `idx`, `x`, `y`, `z`, `w`) values (1267, 1, 1081360.0, -355421.4062, 7565404.0, 1.0);
INSERT INTO `region_point` (`region_face_id`, `idx`, `x`, `y`, `z`, `w`) values (1267, 2, 762408.0, -152289.0, 7744145.0, 1.0);
INSERT INTO `region_point` (`region_face_id`, `idx`, `x`, `y`, `z`, `w`) values (1267, 3, 1079700.0, -152289.0, 7565785.0, 1.0);
INSERT INTO `region_face` (`region_face_id`, `region_id`, `kind`, `flags`, `normal_x`, `normal_y`, `normal_z`, `normal_w`, `pos_x`, `pos_y`, `pos_z`, `pos_w`) values (1268, 722, 'face', '', 0.8578, 0.0079, -0.5138, -2962558.25, 1018335.0, -253855.2031, 7461756.0, 158211.0937);
INSERT INTO `region_point` (`region_face_id`, `idx`, `x`, `y`, `z`, `w`) values (1268, 0, 956968.0, -355421.0937, 7357731.0, 1.0);
INSERT INTO `region_point` (`region_face_id`, `idx`, `x`, `y`, `z`, `w`) values (1268, 1, 955310.0, -152289.0, 7358108.0, 1.0);
INSERT INTO `region_point` (`region_face_id`, `idx`, `x`, `y`, `z`, `w`) values (1268, 2, 1081360.0, -355421.4062, 7565404.0, 1.0);
INSERT INTO `region_point` (`region_face_id`, `idx`, `x`, `y`, `z`, `w`) values (1268, 3, 1079700.0, -152289.0, 7565785.0, 1.0);
INSERT INTO `region_face` (`region_face_id`, `region_id`, `kind`, `flags`, `normal_x`, `normal_y`, `normal_z`, `normal_w`, `pos_x`, `pos_y`, `pos_z`, `pos_w`) values (1269, 722, 'face', '', 0.0, 1.0, 0.0, -152289.0, 856475.5, -152289.0, 7557051.5, 223395.2812);
INSERT INTO `region_point` (`region_face_id`, `idx`, `x`, `y`, `z`, `w`) values (1269, 0, 633251.0, -152289.0, 7548318.0, 1.0);
INSERT INTO `region_point` (`region_face_id`, `idx`, `x`, `y`, `z`, `w`) values (1269, 1, 762408.0, -152289.0, 7744145.0, 1.0);
INSERT INTO `region_point` (`region_face_id`, `idx`, `x`, `y`, `z`, `w`) values (1269, 2, 955310.0, -152289.0, 7358108.0, 1.0);
INSERT INTO `region_point` (`region_face_id`, `idx`, `x`, `y`, `z`, `w`) values (1269, 3, 1079700.0, -152289.0, 7565785.0, 1.0);
INSERT INTO `region_face` (`region_face_id`, `region_id`, `kind`, `flags`, `normal_x`, `normal_y`, `normal_z`, `normal_w`, `pos_x`, `pos_y`, `pos_z`, `pos_w`) values (1270, 722, 'face', '', -0.0, -1.0, -0.0, 355415.3437, 858138.5, -355421.125, 7556670.5, 223392.2812);
INSERT INTO `region_point` (`region_face_id`, `idx`, `x`, `y`, `z`, `w`) values (1270, 0, 634917.0, -355420.8125, 7547937.0, 1.0);
INSERT INTO `region_point` (`region_face_id`, `idx`, `x`, `y`, `z`, `w`) values (1270, 1, 956968.0, -355421.0937, 7357731.0, 1.0);
INSERT INTO `region_point` (`region_face_id`, `idx`, `x`, `y`, `z`, `w`) values (1270, 2, 764071.0, -355421.0937, 7743759.5, 1.0);
INSERT INTO `region_point` (`region_face_id`, `idx`, `x`, `y`, `z`, `w`) values (1270, 3, 1081360.0, -355421.4062, 7565404.0, 1.0);
INSERT INTO `region_face` (`region_face_id`, `region_id`, `kind`, `flags`, `normal_x`, `normal_y`, `normal_z`, `normal_w`, `pos_x`, `pos_y`, `pos_z`, `pos_w`) values (1271, 722, 'face', '', -0.5085, -0.0025, -0.861, -6821023.5, 795109.5, -253855.0468, 7453024.5, 213529.125);
INSERT INTO `region_point` (`region_face_id`, `idx`, `x`, `y`, `z`, `w`) values (1271, 0, 634917.0, -355420.8125, 7547937.0, 1.0);
INSERT INTO `region_point` (`region_face_id`, `idx`, `x`, `y`, `z`, `w`) values (1271, 1, 633251.0, -152289.0, 7548318.0, 1.0);
INSERT INTO `region_point` (`region_face_id`, `idx`, `x`, `y`, `z`, `w`) values (1271, 2, 956968.0, -355421.0937, 7357731.0, 1.0);
INSERT INTO `region_point` (`region_face_id`, `idx`, `x`, `y`, `z`, `w`) values (1271, 3, 955310.0, -152289.0, 7358108.0, 1.0);
INSERT INTO `region_face` (`region_face_id`, `region_id`, `kind`, `flags`, `normal_x`, `normal_y`, `normal_z`, `normal_w`, `pos_x`, `pos_y`, `pos_z`, `pos_w`) values (1272, 722, 'face', '', -0.8347, -0.0078, 0.5505, 3628400.25, 698661.0, -253855.0468, 7646038.5, 155381.7031);
INSERT INTO `region_point` (`region_face_id`, `idx`, `x`, `y`, `z`, `w`) values (1272, 0, 634917.0, -355420.8125, 7547937.0, 1.0);
INSERT INTO `region_point` (`region_face_id`, `idx`, `x`, `y`, `z`, `w`) values (1272, 1, 764071.0, -355421.0937, 7743759.5, 1.0);
INSERT INTO `region_point` (`region_face_id`, `idx`, `x`, `y`, `z`, `w`) values (1272, 2, 633251.0, -152289.0, 7548318.0, 1.0);
INSERT INTO `region_point` (`region_face_id`, `idx`, `x`, `y`, `z`, `w`) values (1272, 3, 762408.0, -152289.0, 7744145.0, 1.0);
INSERT INTO `region` (`region_id`, `level_name`, `tree`, `on_enter`, `on_exit`, `on_inside`) values (731, 'underb', 'water', '', '', '(water height -16.0000 (mech))');
INSERT INTO `region_face` (`region_face_id`, `region_id`, `kind`, `flags`, `normal_x`, `normal_y`, `normal_z`, `normal_w`, `pos_x`, `pos_y`, `pos_z`, `pos_w`) values (1273, 731, 'face', '', -0.4824, -0.0064, 0.8759, 6888298.0, 264650.0, -205828.5, 8008356.5, 719157.25);
INSERT INTO `region_point` (`region_face_id`, `idx`, `x`, `y`, `z`, `w`) values (1273, 0, -308724.0, -501319.0, 7690371.0, 1.0);
INSERT INTO `region_point` (`region_face_id`, `idx`, `x`, `y`, `z`, `w`) values (1273, 1, 836078.0, -501306.0, 8320888.0, 1.0);
INSERT INTO `region_point` (`region_face_id`, `idx`, `x`, `y`, `z`, `w`) values (1273, 2, -306784.0, 89652.0, 7695822.0, 1.0);
INSERT INTO `region_point` (`region_face_id`, `idx`, `x`, `y`, `z`, `w`) values (1273, 3, 838024.0, 89662.0, 8326342.0, 1.0);
INSERT INTO `region_face` (`region_face_id`, `region_id`, `kind`, `flags`, `normal_x`, `normal_y`, `normal_z`, `normal_w`, `pos_x`, `pos_y`, `pos_z`, `pos_w`) values (1274, 731, 'face', '', 0.7883, -0.0082, 0.6152, 5782389.5, 1135077.0, -205824.0, 7941736.0, 568747.9375);
INSERT INTO `region_point` (`region_face_id`, `idx`, `x`, `y`, `z`, `w`) values (1274, 0, 1432130.0, -501310.0, 7557130.0, 1.0);
INSERT INTO `region_point` (`region_face_id`, `idx`, `x`, `y`, `z`, `w`) values (1274, 1, 1434080.0, 89659.0, 7562580.0, 1.0);
INSERT INTO `region_point` (`region_face_id`, `idx`, `x`, `y`, `z`, `w`) values (1274, 2, 836078.0, -501306.0, 8320888.0, 1.0);
INSERT INTO `region_point` (`region_face_id`, `idx`, `x`, `y`, `z`, `w`) values (1274, 3, 838024.0, 89662.0, 8326342.0, 1.0);
INSERT INTO `region_face` (`region_face_id`, `region_id`, `kind`, `flags`, `normal_x`, `normal_y`, `normal_z`, `normal_w`, `pos_x`, `pos_y`, `pos_z`, `pos_w`) values (1275, 731, 'face', '', -0.0, 1.0, -0.0, 89601.2109, 577830.5, 89654.0, 7359630.0, 1001115.75);
INSERT INTO `region_point` (`region_face_id`, `idx`, `x`, `y`, `z`, `w`) values (1275, 0, 317637.0, 89646.0, 6392918.0, 1.0);
INSERT INTO `region_point` (`region_face_id`, `idx`, `x`, `y`, `z`, `w`) values (1275, 1, -306784.0, 89652.0, 7695822.0, 1.0);
INSERT INTO `region_point` (`region_face_id`, `idx`, `x`, `y`, `z`, `w`) values (1275, 2, 1434080.0, 89659.0, 7562580.0, 1.0);
INSERT INTO `region_point` (`region_face_id`, `idx`, `x`, `y`, `z`, `w`) values (1275, 3, 838024.0, 89662.0, 8326342.0, 1.0);
INSERT INTO `region_face` (`region_face_id`, `region_id`, `kind`, `flags`, `normal_x`, `normal_y`, `normal_z`, `normal_w`, `pos_x`, `pos_y`, `pos_z`, `pos_w`) values (1276, 731, 'face', '', 0.0, -1.0, 0.0, 501373.7812, 575886.0, -501315.5, 7354178.0, 1001113.4375);
INSERT INTO `region_point` (`region_face_id`, `idx`, `x`, `y`, `z`, `w`) values (1276, 0, 315694.0, -501325.0, 6387468.0, 1.0);
INSERT INTO `region_point` (`region_face_id`, `idx`, `x`, `y`, `z`, `w`) values (1276, 1, 1432130.0, -501310.0, 7557130.0, 1.0);
INSERT INTO `region_point` (`region_face_id`, `idx`, `x`, `y`, `z`, `w`) values (1276, 2, -308724.0, -501319.0, 7690371.0, 1.0);
INSERT INTO `region_point` (`region_face_id`, `idx`, `x`, `y`, `z`, `w`) values (1276, 3, 836078.0, -501306.0, 8320888.0, 1.0);
INSERT INTO `region_face` (`region_face_id`, `region_id`, `kind`, `flags`, `normal_x`, `normal_y`, `normal_z`, `normal_w`, `pos_x`, `pos_y`, `pos_z`, `pos_w`) values (1277, 731, 'face', '', 0.7233, 0.0039, -0.6904, -4183870.75, 874887.0, -205833.0, 6975024.0, 863269.5625);
INSERT INTO `region_point` (`region_face_id`, `idx`, `x`, `y`, `z`, `w`) values (1277, 0, 315694.0, -501325.0, 6387468.0, 1.0);
INSERT INTO `region_point` (`region_face_id`, `idx`, `x`, `y`, `z`, `w`) values (1277, 1, 317637.0, 89646.0, 6392918.0, 1.0);
INSERT INTO `region_point` (`region_face_id`, `idx`, `x`, `y`, `z`, `w`) values (1277, 2, 1432130.0, -501310.0, 7557130.0, 1.0);
INSERT INTO `region_point` (`region_face_id`, `idx`, `x`, `y`, `z`, `w`) values (1277, 3, 1434080.0, 89659.0, 7562580.0, 1.0);
INSERT INTO `region_face` (`region_face_id`, `region_id`, `kind`, `flags`, `normal_x`, `normal_y`, `normal_z`, `normal_w`, `pos_x`, `pos_y`, `pos_z`, `pos_w`) values (1278, 731, 'face', '', -0.9017, 0.0069, -0.4321, -3048650.0, 4454.998, -205836.5, 7041645.0, 782387.8125);
INSERT INTO `region_point` (`region_face_id`, `idx`, `x`, `y`, `z`, `w`) values (1278, 0, 315694.0, -501325.0, 6387468.0, 1.0);
INSERT INTO `region_point` (`region_face_id`, `idx`, `x`, `y`, `z`, `w`) values (1278, 1, -308724.0, -501319.0, 7690371.0, 1.0);
INSERT INTO `region_point` (`region_face_id`, `idx`, `x`, `y`, `z`, `w`) values (1278, 2, 317637.0, 89646.0, 6392918.0, 1.0);
INSERT INTO `region_point` (`region_face_id`, `idx`, `x`, `y`, `z`, `w`) values (1278, 3, -306784.0, 89652.0, 7695822.0, 1.0);
INSERT INTO `region` (`region_id`, `level_name`, `tree`, `on_enter`, `on_exit`, `on_inside`) values (603, 'under', 'target', '(send-event "sig-under-1" ''set-task 0)', '(send-event "sig-under-1" ''set-task 2)', '');
INSERT INTO `region_face` (`region_face_id`, `region_id`, `kind`, `flags`, `normal_x`, `normal_y`, `normal_z`, `normal_w`, `pos_x`, `pos_y`, `pos_z`, `pos_w`) values (1279, 603, 'plane', '', 0.8924, 0.0, 0.4512, 3430066.25, -172386.0, -238476.8125, 7942291.0, 58216.6289);
INSERT INTO `region_point` (`region_face_id`, `idx`, `x`, `y`, `z`, `w`) values (1279, 0, -190608.0, -196542.7031, 7978328.0, 1.0);
INSERT INTO `region_point` (`region_face_id`, `idx`, `x`, `y`, `z`, `w`) values (1279, 1, -190608.0, -280410.9062, 7978328.0, 1.0);
INSERT INTO `region_point` (`region_face_id`, `idx`, `x`, `y`, `z`, `w`) values (1279, 2, -154164.0, -196542.7031, 7906254.5, 1.0);
INSERT INTO `region_point` (`region_face_id`, `idx`, `x`, `y`, `z`, `w`) values (1279, 3, -154164.0, -280410.9062, 7906254.5, 1.0);
INSERT INTO `region` (`region_id`, `level_name`, `tree`, `on_enter`, `on_exit`, `on_inside`) values (688, 'under', 'target', '(send-event "jellyfish-19" ''cue-chase)', '', '');
INSERT INTO `region_face` (`region_face_id`, `region_id`, `kind`, `flags`, `normal_x`, `normal_y`, `normal_z`, `normal_w`, `pos_x`, `pos_y`, `pos_z`, `pos_w`) values (1280, 688, 'plane', '', -0.555, 0.0, -0.8317, -6412325.5, 845081.0, -256531.7031, 7145039.5, 87622.1328);
INSERT INTO `region_point` (`region_face_id`, `idx`, `x`, `y`, `z`, `w`) values (1280, 0, 891298.0, -188779.0, 7114198.0, 1.0);
INSERT INTO `region_point` (`region_face_id`, `idx`, `x`, `y`, `z`, `w`) values (1280, 1, 891298.0, -324284.4062, 7114198.0, 1.0);
INSERT INTO `region_point` (`region_face_id`, `idx`, `x`, `y`, `z`, `w`) values (1280, 2, 798864.0, -188779.0, 7175881.0, 1.0);
INSERT INTO `region_point` (`region_face_id`, `idx`, `x`, `y`, `z`, `w`) values (1280, 3, 798864.0, -324284.4062, 7175881.0, 1.0);
INSERT INTO `region` (`region_id`, `level_name`, `tree`, `on_enter`, `on_exit`, `on_inside`) values (687, 'under', 'target', '(begin (send-event "jellyfish-15" ''cue-chase) (send-event "jellyfish-16" ''cue-chase))', '', '');
INSERT INTO `region_face` (`region_face_id`, `region_id`, `kind`, `flags`, `normal_x`, `normal_y`, `normal_z`, `normal_w`, `pos_x`, `pos_y`, `pos_z`, `pos_w`) values (1281, 687, 'plane', '', -0.803, 0.0, 0.5959, 3859636.25, 429820.0, -215174.5937, 7056064.5, 99852.0468);
INSERT INTO `region_point` (`region_face_id`, `idx`, `x`, `y`, `z`, `w`) values (1281, 0, 477728.0, -274396.1875, 7120625.0, 1.0);
INSERT INTO `region_point` (`region_face_id`, `idx`, `x`, `y`, `z`, `w`) values (1281, 1, 477728.0, -155953.0, 7120625.0, 1.0);
INSERT INTO `region_point` (`region_face_id`, `idx`, `x`, `y`, `z`, `w`) values (1281, 2, 381912.0, -274396.1875, 6991504.0, 1.0);
INSERT INTO `region_point` (`region_face_id`, `idx`, `x`, `y`, `z`, `w`) values (1281, 3, 381912.0, -155953.0, 6991504.0, 1.0);
INSERT INTO `region` (`region_id`, `level_name`, `tree`, `on_enter`, `on_exit`, `on_inside`) values (689, 'under', 'target', '(begin (send-event "jellyfish-21" ''cue-chase) (send-event "jellyfish-22" ''cue-chase))', '', '');
INSERT INTO `region_face` (`region_face_id`, `region_id`, `kind`, `flags`, `normal_x`, `normal_y`, `normal_z`, `normal_w`, `pos_x`, `pos_y`, `pos_z`, `pos_w`) values (1282, 689, 'plane', '', 0.8272, 0.0, -0.5617, -3437959.25, 812705.0, -254945.25, 7316807.0, 68477.125);
INSERT INTO `region_point` (`region_face_id`, `idx`, `x`, `y`, `z`, `w`) values (1282, 0, 832949.0, -196717.4062, 7346620.0, 1.0);
INSERT INTO `region_point` (`region_face_id`, `idx`, `x`, `y`, `z`, `w`) values (1282, 1, 832949.0, -313173.0937, 7346620.0, 1.0);
INSERT INTO `region_point` (`region_face_id`, `idx`, `x`, `y`, `z`, `w`) values (1282, 2, 792461.0, -196717.4062, 7286994.0, 1.0);
INSERT INTO `region_point` (`region_face_id`, `idx`, `x`, `y`, `z`, `w`) values (1282, 3, 792461.0, -313173.0937, 7286994.0, 1.0);
INSERT INTO `region` (`region_id`, `level_name`, `tree`, `on_enter`, `on_exit`, `on_inside`) values (690, 'under', 'target', '(begin (send-event "jellyfish-23" ''cue-chase) (send-event "jellyfish-24" ''cue-chase) (send-event "jellyfish-25" ''cue-chase))', '', '');
INSERT INTO `region_face` (`region_face_id`, `region_id`, `kind`, `flags`, `normal_x`, `normal_y`, `normal_z`, `normal_w`, `pos_x`, `pos_y`, `pos_z`, `pos_w`) values (1283, 690, 'plane', '', 0.4766, 0.0, -0.879, -6474677.0, 796184.0, -237973.6875, 7797010.5, 46742.6953);
INSERT INTO `region_point` (`region_face_id`, `idx`, `x`, `y`, `z`, `w`) values (1283, 0, 822852.0, -202412.5937, 7811471.0, 1.0);
INSERT INTO `region_point` (`region_face_id`, `idx`, `x`, `y`, `z`, `w`) values (1283, 1, 822852.0, -273534.7812, 7811471.0, 1.0);
INSERT INTO `region_point` (`region_face_id`, `idx`, `x`, `y`, `z`, `w`) values (1283, 2, 769516.0, -202412.5937, 7782550.0, 1.0);
INSERT INTO `region_point` (`region_face_id`, `idx`, `x`, `y`, `z`, `w`) values (1283, 3, 769516.0, -273534.7812, 7782550.0, 1.0);
INSERT INTO `region` (`region_id`, `level_name`, `tree`, `on_enter`, `on_exit`, `on_inside`) values (691, 'under', 'target', '(begin (send-event "jellyfish-27" ''cue-chase) (send-event "jellyfish-28" ''cue-chase))', '', '');
INSERT INTO `region_face` (`region_face_id`, `region_id`, `kind`, `flags`, `normal_x`, `normal_y`, `normal_z`, `normal_w`, `pos_x`, `pos_y`, `pos_z`, `pos_w`) values (1284, 691, 'plane', '', 0.4721, 0.0, -0.8814, -6772911.0, 663206.5, -235834.5, 8038679.5, 68510.0703);
INSERT INTO `region_point` (`region_face_id`, `idx`, `x`, `y`, `z`, `w`) values (1284, 0, 704707.0, -186063.5937, 8060910.0, 1.0);
INSERT INTO `region_point` (`region_face_id`, `idx`, `x`, `y`, `z`, `w`) values (1284, 1, 704707.0, -285605.4062, 8060910.0, 1.0);
INSERT INTO `region_point` (`region_face_id`, `idx`, `x`, `y`, `z`, `w`) values (1284, 2, 621706.0, -186063.5937, 8016449.0, 1.0);
INSERT INTO `region_point` (`region_face_id`, `idx`, `x`, `y`, `z`, `w`) values (1284, 3, 621706.0, -285605.4062, 8016449.0, 1.0);
INSERT INTO `region` (`region_id`, `level_name`, `tree`, `on_enter`, `on_exit`, `on_inside`) values (692, 'under', 'target', '(begin (send-event "jellyfish-26" ''cue-chase))', '', '');
INSERT INTO `region_face` (`region_face_id`, `region_id`, `kind`, `flags`, `normal_x`, `normal_y`, `normal_z`, `normal_w`, `pos_x`, `pos_y`, `pos_z`, `pos_w`) values (1285, 692, 'plane', '', 0.8783, 0.0, 0.478, 3909688.0, 200251.0, -225513.9062, 7809821.0, 75939.375);
INSERT INTO `region_point` (`region_face_id`, `idx`, `x`, `y`, `z`, `w`) values (1285, 0, 179627.0, -163017.0, 7847710.0, 1.0);
INSERT INTO `region_point` (`region_face_id`, `idx`, `x`, `y`, `z`, `w`) values (1285, 1, 179627.0, -288010.8125, 7847710.0, 1.0);
INSERT INTO `region_point` (`region_face_id`, `idx`, `x`, `y`, `z`, `w`) values (1285, 2, 220875.0, -163017.0, 7771932.5, 1.0);
INSERT INTO `region_point` (`region_face_id`, `idx`, `x`, `y`, `z`, `w`) values (1285, 3, 220875.0, -288010.8125, 7771932.5, 1.0);
INSERT INTO `region` (`region_id`, `level_name`, `tree`, `on_enter`, `on_exit`, `on_inside`) values (712, 'under', 'target', '', '', '(begin (setting-pers string-max-height value (meters 14.0000)) (setting-pers string-max-length value (meters 5.0000)))');
INSERT INTO `region_face` (`region_face_id`, `region_id`, `kind`, `flags`, `normal_x`, `normal_y`, `normal_z`, `normal_w`, `pos_x`, `pos_y`, `pos_z`, `pos_w`) values (1286, 712, 'face', '', -0.0, -1.0, 0.0, 181867.25, 322782.5, -181818.0937, 7894169.5, 75467.9687);
INSERT INTO `region_point` (`region_face_id`, `idx`, `x`, `y`, `z`, `w`) values (1286, 0, 307294.0, -181818.5, 7820308.0, 1.0);
INSERT INTO `region_point` (`region_face_id`, `idx`, `x`, `y`, `z`, `w`) values (1286, 1, 385718.0, -181818.5, 7880390.5, 1.0);
INSERT INTO `region_point` (`region_face_id`, `idx`, `x`, `y`, `z`, `w`) values (1286, 2, 259847.0, -181817.7031, 7907951.0, 1.0);
INSERT INTO `region_point` (`region_face_id`, `idx`, `x`, `y`, `z`, `w`) values (1286, 3, 338271.0, -181817.7031, 7968031.0, 1.0);
INSERT INTO `region_face` (`region_face_id`, `region_id`, `kind`, `flags`, `normal_x`, `normal_y`, `normal_z`, `normal_w`, `pos_x`, `pos_y`, `pos_z`, `pos_w`) values (1287, 712, 'face', '', -0.8794, 0.0004, -0.476, -3993396.25, 283592.5, -134796.8437, 7864130.0, 68520.7187);
INSERT INTO `region_point` (`region_face_id`, `idx`, `x`, `y`, `z`, `w`) values (1287, 0, 307294.0, -181818.5, 7820308.0, 1.0);
INSERT INTO `region_point` (`region_face_id`, `idx`, `x`, `y`, `z`, `w`) values (1287, 1, 259847.0, -181817.7031, 7907951.0, 1.0);
INSERT INTO `region_point` (`region_face_id`, `idx`, `x`, `y`, `z`, `w`) values (1287, 2, 307338.0, -87776.0, 7820309.0, 1.0);
INSERT INTO `region_point` (`region_face_id`, `idx`, `x`, `y`, `z`, `w`) values (1287, 3, 259890.0, -87775.0, 7907951.0, 1.0);
INSERT INTO `region_face` (`region_face_id`, `region_id`, `kind`, `flags`, `normal_x`, `normal_y`, `normal_z`, `normal_w`, `pos_x`, `pos_y`, `pos_z`, `pos_w`) values (1288, 712, 'face', '', 0.6081, -0.0002, -0.7938, -6020938.0, 346527.5, -134797.25, 7850350.0, 68211.2343);
INSERT INTO `region_point` (`region_face_id`, `idx`, `x`, `y`, `z`, `w`) values (1288, 0, 307294.0, -181818.5, 7820308.0, 1.0);
INSERT INTO `region_point` (`region_face_id`, `idx`, `x`, `y`, `z`, `w`) values (1288, 1, 307338.0, -87776.0, 7820309.0, 1.0);
INSERT INTO `region_point` (`region_face_id`, `idx`, `x`, `y`, `z`, `w`) values (1288, 2, 385718.0, -181818.5, 7880390.5, 1.0);
INSERT INTO `region_point` (`region_face_id`, `idx`, `x`, `y`, `z`, `w`) values (1288, 3, 385761.0, -87776.0, 7880391.5, 1.0);
INSERT INTO `region_face` (`region_face_id`, `region_id`, `kind`, `flags`, `normal_x`, `normal_y`, `normal_z`, `normal_w`, `pos_x`, `pos_y`, `pos_z`, `pos_w`) values (1289, 712, 'face', '', -0.6081, 0.0002, 0.7938, 6119466.5, 299081.0, -134796.3437, 7937991.0, 68210.8203);
INSERT INTO `region_point` (`region_face_id`, `idx`, `x`, `y`, `z`, `w`) values (1289, 0, 259847.0, -181817.7031, 7907951.0, 1.0);
INSERT INTO `region_point` (`region_face_id`, `idx`, `x`, `y`, `z`, `w`) values (1289, 1, 338271.0, -181817.7031, 7968031.0, 1.0);
INSERT INTO `region_point` (`region_face_id`, `idx`, `x`, `y`, `z`, `w`) values (1289, 2, 259890.0, -87775.0, 7907951.0, 1.0);
INSERT INTO `region_point` (`region_face_id`, `idx`, `x`, `y`, `z`, `w`) values (1289, 3, 338315.0, -87775.0, 7968031.0, 1.0);
INSERT INTO `region_face` (`region_face_id`, `region_id`, `kind`, `flags`, `normal_x`, `normal_y`, `normal_z`, `normal_w`, `pos_x`, `pos_y`, `pos_z`, `pos_w`) values (1290, 712, 'face', '', 0.0, 1.0, -0.0, -87837.1718, 322826.5, -87775.5, 7894170.0, 75467.4843);
INSERT INTO `region_point` (`region_face_id`, `idx`, `x`, `y`, `z`, `w`) values (1290, 0, 307338.0, -87776.0, 7820309.0, 1.0);
INSERT INTO `region_point` (`region_face_id`, `idx`, `x`, `y`, `z`, `w`) values (1290, 1, 259890.0, -87775.0, 7907951.0, 1.0);
INSERT INTO `region_point` (`region_face_id`, `idx`, `x`, `y`, `z`, `w`) values (1290, 2, 385761.0, -87776.0, 7880391.5, 1.0);
INSERT INTO `region_point` (`region_face_id`, `idx`, `x`, `y`, `z`, `w`) values (1290, 3, 338315.0, -87775.0, 7968031.0, 1.0);
INSERT INTO `region_face` (`region_face_id`, `region_id`, `kind`, `flags`, `normal_x`, `normal_y`, `normal_z`, `normal_w`, `pos_x`, `pos_y`, `pos_z`, `pos_w`) values (1291, 712, 'face', '', 0.8793, -0.0004, 0.476, 4091045.25, 362016.0, -134796.8437, 7924211.0, 68519.75);
INSERT INTO `region_point` (`region_face_id`, `idx`, `x`, `y`, `z`, `w`) values (1291, 0, 385718.0, -181818.5, 7880390.5, 1.0);
INSERT INTO `region_point` (`region_face_id`, `idx`, `x`, `y`, `z`, `w`) values (1291, 1, 385761.0, -87776.0, 7880391.5, 1.0);
INSERT INTO `region_point` (`region_face_id`, `idx`, `x`, `y`, `z`, `w`) values (1291, 2, 338271.0, -181817.7031, 7968031.0, 1.0);
INSERT INTO `region_point` (`region_face_id`, `idx`, `x`, `y`, `z`, `w`) values (1291, 3, 338315.0, -87775.0, 7968031.0, 1.0);
INSERT INTO `region` (`region_id`, `level_name`, `tree`, `on_enter`, `on_exit`, `on_inside`) values (732, 'under', 'target', '', '', '(begin (setting-pers string-max-height value (meters 5.0000)) (setting-pers string-min-height value (meters 4.0000)))');
INSERT INTO `region_face` (`region_face_id`, `region_id`, `kind`, `flags`, `normal_x`, `normal_y`, `normal_z`, `normal_w`, `pos_x`, `pos_y`, `pos_z`, `pos_w`) values (1292, 732, 'face', '', -0.4585, 0.0, 0.8886, 7704655.0, -1081810.0, -269644.1875, 8111568.0, 80775.2578);
INSERT INTO `region_point` (`region_face_id`, `idx`, `x`, `y`, `z`, `w`) values (1292, 0, -1143680.0, -310603.8125, 8079646.0, 1.0);
INSERT INTO `region_point` (`region_face_id`, `idx`, `x`, `y`, `z`, `w`) values (1292, 1, -1019940.0, -310604.3125, 8143490.0, 1.0);
INSERT INTO `region_point` (`region_face_id`, `idx`, `x`, `y`, `z`, `w`) values (1292, 2, -1143680.0, -228684.0937, 8079646.0, 1.0);
INSERT INTO `region_point` (`region_face_id`, `idx`, `x`, `y`, `z`, `w`) values (1292, 3, -1019940.0, -228684.4062, 8143490.0, 1.0);
INSERT INTO `region_face` (`region_face_id`, `region_id`, `kind`, `flags`, `normal_x`, `normal_y`, `normal_z`, `normal_w`, `pos_x`, `pos_y`, `pos_z`, `pos_w`) values (1293, 732, 'face', '', 0.885, 0.0, 0.4654, 2887393.75, -986977.0, -269644.375, 8080804.0, 81815.7265);
INSERT INTO `region_point` (`region_face_id`, `idx`, `x`, `y`, `z`, `w`) values (1293, 0, -954014.0, -310604.3125, 8018118.0, 1.0);
INSERT INTO `region_point` (`region_face_id`, `idx`, `x`, `y`, `z`, `w`) values (1293, 1, -954014.0, -228684.4062, 8018118.0, 1.0);
INSERT INTO `region_point` (`region_face_id`, `idx`, `x`, `y`, `z`, `w`) values (1293, 2, -1019940.0, -310604.3125, 8143490.0, 1.0);
INSERT INTO `region_point` (`region_face_id`, `idx`, `x`, `y`, `z`, `w`) values (1293, 3, -1019940.0, -228684.4062, 8143490.0, 1.0);
INSERT INTO `region_face` (`region_face_id`, `region_id`, `kind`, `flags`, `normal_x`, `normal_y`, `normal_z`, `normal_w`, `pos_x`, `pos_y`, `pos_z`, `pos_w`) values (1294, 732, 'face', '', 0.0, 1.0, 0.0, -228678.0, -1048847.0, -228684.25, 8048882.0, 99698.1484);
INSERT INTO `region_point` (`region_face_id`, `idx`, `x`, `y`, `z`, `w`) values (1294, 0, -1078060.0, -228684.0937, 7953976.0, 1.0);
INSERT INTO `region_point` (`region_face_id`, `idx`, `x`, `y`, `z`, `w`) values (1294, 1, -1143680.0, -228684.0937, 8079646.0, 1.0);
INSERT INTO `region_point` (`region_face_id`, `idx`, `x`, `y`, `z`, `w`) values (1294, 2, -954014.0, -228684.4062, 8018118.0, 1.0);
INSERT INTO `region_point` (`region_face_id`, `idx`, `x`, `y`, `z`, `w`) values (1294, 3, -1019940.0, -228684.4062, 8143490.0, 1.0);
INSERT INTO `region_face` (`region_face_id`, `region_id`, `kind`, `flags`, `normal_x`, `normal_y`, `normal_z`, `normal_w`, `pos_x`, `pos_y`, `pos_z`, `pos_w`) values (1295, 732, 'face', '', -0.0, -1.0, -0.0, 310594.0625, -1048847.0, -310604.0625, 8048882.0, 99698.1484);
INSERT INTO `region_point` (`region_face_id`, `idx`, `x`, `y`, `z`, `w`) values (1295, 0, -1078060.0, -310603.8125, 7953976.0, 1.0);
INSERT INTO `region_point` (`region_face_id`, `idx`, `x`, `y`, `z`, `w`) values (1295, 1, -954014.0, -310604.3125, 8018118.0, 1.0);
INSERT INTO `region_point` (`region_face_id`, `idx`, `x`, `y`, `z`, `w`) values (1295, 2, -1143680.0, -310603.8125, 8079646.0, 1.0);
INSERT INTO `region_point` (`region_face_id`, `idx`, `x`, `y`, `z`, `w`) values (1295, 3, -1019940.0, -310604.3125, 8143490.0, 1.0);
INSERT INTO `region_face` (`region_face_id`, `region_id`, `kind`, `flags`, `normal_x`, `normal_y`, `normal_z`, `normal_w`, `pos_x`, `pos_y`, `pos_z`, `pos_w`) values (1296, 732, 'face', '', 0.4593, 0.0, -0.8882, -7560485.5, -1016037.0, -269644.2187, 7986047.0, 80951.414);
INSERT INTO `region_point` (`region_face_id`, `idx`, `x`, `y`, `z`, `w`) values (1296, 0, -1078060.0, -310603.8125, 7953976.0, 1.0);
INSERT INTO `region_point` (`region_face_id`, `idx`, `x`, `y`, `z`, `w`) values (1296, 1, -1078060.0, -228684.0937, 7953976.0, 1.0);
INSERT INTO `region_point` (`region_face_id`, `idx`, `x`, `y`, `z`, `w`) values (1296, 2, -954014.0, -310604.3125, 8018118.0, 1.0);
INSERT INTO `region_point` (`region_face_id`, `idx`, `x`, `y`, `z`, `w`) values (1296, 3, -954014.0, -228684.4062, 8018118.0, 1.0);
INSERT INTO `region_face` (`region_face_id`, `region_id`, `kind`, `flags`, `normal_x`, `normal_y`, `normal_z`, `normal_w`, `pos_x`, `pos_y`, `pos_z`, `pos_w`) values (1297, 732, 'face', '', -0.8864, 0.0, -0.4628, -2725952.0, -1110870.0, -269643.9375, 8016811.0, 81868.4609);
INSERT INTO `region_point` (`region_face_id`, `idx`, `x`, `y`, `z`, `w`) values (1297, 0, -1078060.0, -310603.8125, 7953976.0, 1.0);
INSERT INTO `region_point` (`region_face_id`, `idx`, `x`, `y`, `z`, `w`) values (1297, 1, -1143680.0, -310603.8125, 8079646.0, 1.0);
INSERT INTO `region_point` (`region_face_id`, `idx`, `x`, `y`, `z`, `w`) values (1297, 2, -1078060.0, -228684.0937, 7953976.0, 1.0);
INSERT INTO `region_point` (`region_face_id`, `idx`, `x`, `y`, `z`, `w`) values (1297, 3, -1143680.0, -228684.0937, 8079646.0, 1.0);
INSERT INTO `region` (`region_id`, `level_name`, `tree`, `on_enter`, `on_exit`, `on_inside`) values (736, 'under', 'target', '(send-event "sig-under-1" ''set-task 3)', '', '');
INSERT INTO `region_face` (`region_face_id`, `region_id`, `kind`, `flags`, `normal_x`, `normal_y`, `normal_z`, `normal_w`, `pos_x`, `pos_y`, `pos_z`, `pos_w`) values (1298, 736, 'plane', '', 0.9179, 0.0, 0.3966, 2162367.75, -858419.0, -379836.1875, 7438242.0, 127688.6015);
INSERT INTO `region_point` (`region_face_id`, `idx`, `x`, `y`, `z`, `w`) values (1298, 0, -905092.0, -330252.4062, 7546258.0, 1.0);
INSERT INTO `region_point` (`region_face_id`, `idx`, `x`, `y`, `z`, `w`) values (1298, 1, -905092.0, -429420.0, 7546258.0, 1.0);
INSERT INTO `region_point` (`region_face_id`, `idx`, `x`, `y`, `z`, `w`) values (1298, 2, -811746.0, -330252.4062, 7330226.0, 1.0);
INSERT INTO `region_point` (`region_face_id`, `idx`, `x`, `y`, `z`, `w`) values (1298, 3, -811746.0, -429420.0, 7330226.0, 1.0);
INSERT INTO `region` (`region_id`, `level_name`, `tree`, `on_enter`, `on_exit`, `on_inside`) values (795, 'under', 'target', '(want-continue "under-start")', '', '');
INSERT INTO `region_sphere` (`region_id`, `x`, `y`, `z`, `r`) values (795, -125561.0, -265571.0312, 7970402.0, 35929.3007);
INSERT INTO `region` (`region_id`, `level_name`, `tree`, `on_enter`, `on_exit`, `on_inside`) values (871, 'under', 'target', '(endlessfall)', '', '');
INSERT INTO `region_face` (`region_face_id`, `region_id`, `kind`, `flags`, `normal_x`, `normal_y`, `normal_z`, `normal_w`, `pos_x`, `pos_y`, `pos_z`, `pos_w`) values (1299, 871, 'plane', '', 0.0064, 0.9999, -0.0088, -390340.5, -656206.25, -316384.5625, 7856303.5, 324206.8125);
INSERT INTO `region_point` (`region_face_id`, `idx`, `x`, `y`, `z`, `w`) values (1299, 0, -677557.0, -319119.8125, 7532812.0, 1.0);
INSERT INTO `region_point` (`region_face_id`, `idx`, `x`, `y`, `z`, `w`) values (1299, 1, -916074.0, -313211.4062, 8025533.0, 1.0);
INSERT INTO `region_point` (`region_face_id`, `idx`, `x`, `y`, `z`, `w`) values (1299, 2, -392928.0, -319120.8125, 7738747.0, 1.0);
INSERT INTO `region_point` (`region_face_id`, `idx`, `x`, `y`, `z`, `w`) values (1299, 3, -544938.0, -313216.0937, 8105562.0, 1.0);
INSERT INTO `region` (`region_id`, `level_name`, `tree`, `on_enter`, `on_exit`, `on_inside`) values (832, 'under', 'camera', '(begin (want-continue "under-start") (want-sound ''under3 ''under4 ''under5) (task-close! "under-mech-resolution"))', '(want-sound ''under1 ''under2 ''mech)', '');
INSERT INTO `region_face` (`region_face_id`, `region_id`, `kind`, `flags`, `normal_x`, `normal_y`, `normal_z`, `normal_w`, `pos_x`, `pos_y`, `pos_z`, `pos_w`) values (1300, 832, 'plane', '', 0.4817, 0.0, -0.8763, -6971583.5, -58773.1992, -246703.0937, 7923079.0, 40385.9218);
INSERT INTO `region_point` (`region_face_id`, `idx`, `x`, `y`, `z`, `w`) values (1300, 0, -39430.5, -212882.5, 7933711.0, 1.0);
INSERT INTO `region_point` (`region_face_id`, `idx`, `x`, `y`, `z`, `w`) values (1300, 1, -39430.5, -280523.6875, 7933711.0, 1.0);
INSERT INTO `region_point` (`region_face_id`, `idx`, `x`, `y`, `z`, `w`) values (1300, 2, -78115.8984, -212882.5, 7912446.5, 1.0);
INSERT INTO `region_point` (`region_face_id`, `idx`, `x`, `y`, `z`, `w`) values (1300, 3, -78115.8984, -280523.6875, 7912446.5, 1.0);
INSERT INTO `region` (`region_id`, `level_name`, `tree`, `on_enter`, `on_exit`, `on_inside`) values (670, 'nest', 'target', '(send-event "flying-spider-24" ''cue-chase)', '', '');
INSERT INTO `region_face` (`region_face_id`, `region_id`, `kind`, `flags`, `normal_x`, `normal_y`, `normal_z`, `normal_w`, `pos_x`, `pos_y`, `pos_z`, `pos_w`) values (1301, 670, 'plane', '', 0.9979, 0.0, 0.0632, -135359.375, -107217.8515, 52096.2812, -448458.0, 189265.5781);
INSERT INTO `region_point` (`region_face_id`, `idx`, `x`, `y`, `z`, `w`) values (1301, 0, -118647.0, 108214.0, -268065.0, 1.0);
INSERT INTO `region_point` (`region_face_id`, `idx`, `x`, `y`, `z`, `w`) values (1301, 1, -118647.0, -4021.4399, -268065.0, 1.0);
INSERT INTO `region_point` (`region_face_id`, `idx`, `x`, `y`, `z`, `w`) values (1301, 2, -95788.7031, 108214.0, -628851.0, 1.0);
INSERT INTO `region_point` (`region_face_id`, `idx`, `x`, `y`, `z`, `w`) values (1301, 3, -95788.7031, -4021.4399, -628851.0, 1.0);
INSERT INTO `region` (`region_id`, `level_name`, `tree`, `on_enter`, `on_exit`, `on_inside`) values (671, 'nest', 'target', '(begin (send-event "flying-spider-22" ''cue-chase) (send-event "flying-spider-23" ''cue-chase) (send-event "flying-spider-25" ''cue-chase))', '', '');
INSERT INTO `region_face` (`region_face_id`, `region_id`, `kind`, `flags`, `normal_x`, `normal_y`, `normal_z`, `normal_w`, `pos_x`, `pos_y`, `pos_z`, `pos_w`) values (1302, 671, 'plane', '', 0.2376, 0.0, -0.9713, 286082.6562, -509559.0, 72277.2109, -419194.5, 135517.2656);
INSERT INTO `region_point` (`region_face_id`, `idx`, `x`, `y`, `z`, `w`) values (1302, 0, -397708.0, 143729.0, -391828.0, 1.0);
INSERT INTO `region_point` (`region_face_id`, `idx`, `x`, `y`, `z`, `w`) values (1302, 1, -397708.0, 825.418, -391828.0, 1.0);
INSERT INTO `region_point` (`region_face_id`, `idx`, `x`, `y`, `z`, `w`) values (1302, 2, -621410.0, 143729.0, -446561.0, 1.0);
INSERT INTO `region_point` (`region_face_id`, `idx`, `x`, `y`, `z`, `w`) values (1302, 3, -621410.0, 825.418, -446561.0, 1.0);
INSERT INTO `region` (`region_id`, `level_name`, `tree`, `on_enter`, `on_exit`, `on_inside`) values (672, 'nest', 'target', '', '', '');
INSERT INTO `region_face` (`region_face_id`, `region_id`, `kind`, `flags`, `normal_x`, `normal_y`, `normal_z`, `normal_w`, `pos_x`, `pos_y`, `pos_z`, `pos_w`) values (1303, 672, 'plane', '', 0.2501, 0.0, -0.9682, -32301.1406, -593457.0, 60214.9687, -119975.25, 166769.9218);
INSERT INTO `region_point` (`region_face_id`, `idx`, `x`, `y`, `z`, `w`) values (1303, 0, -441093.0, 115420.0, -80607.5, 1.0);
INSERT INTO `region_point` (`region_face_id`, `idx`, `x`, `y`, `z`, `w`) values (1303, 1, -441093.0, 5009.9399, -80607.5, 1.0);
INSERT INTO `region_point` (`region_face_id`, `idx`, `x`, `y`, `z`, `w`) values (1303, 2, -745821.0, 115420.0, -159343.0, 1.0);
INSERT INTO `region_point` (`region_face_id`, `idx`, `x`, `y`, `z`, `w`) values (1303, 3, -745821.0, 5009.9399, -159343.0, 1.0);
INSERT INTO `region` (`region_id`, `level_name`, `tree`, `on_enter`, `on_exit`, `on_inside`) values (673, 'nest', 'target', '(begin (send-event "flying-spider-10" ''cue-chase) (send-event "flying-spider-11" ''cue-chase) (send-event "flying-spider-26" ''cue-chase) (send-event "flying-spider-27" ''cue-chase))', '', '');
INSERT INTO `region_face` (`region_face_id`, `region_id`, `kind`, `flags`, `normal_x`, `normal_y`, `normal_z`, `normal_w`, `pos_x`, `pos_y`, `pos_z`, `pos_w`) values (1304, 673, 'plane', '', 0.9974, 0.0, 0.071, -659473.5625, -646768.0, 100314.5, -201932.0468, 255358.8437);
INSERT INTO `region_point` (`region_face_id`, `idx`, `x`, `y`, `z`, `w`) values (1304, 0, -664112.0, 174756.0, 41718.8984, 1.0);
INSERT INTO `region_point` (`region_face_id`, `idx`, `x`, `y`, `z`, `w`) values (1304, 1, -664112.0, 25873.0, 41718.8984, 1.0);
INSERT INTO `region_point` (`region_face_id`, `idx`, `x`, `y`, `z`, `w`) values (1304, 2, -629424.0, 174756.0, -445583.0, 1.0);
INSERT INTO `region_point` (`region_face_id`, `idx`, `x`, `y`, `z`, `w`) values (1304, 3, -629424.0, 25873.0, -445583.0, 1.0);
INSERT INTO `region` (`region_id`, `level_name`, `tree`, `on_enter`, `on_exit`, `on_inside`) values (674, 'nest', 'target', '(begin (send-event "flying-spider-13" ''cue-chase) (send-event "flying-spider-14" ''cue-chase))', '', '');
INSERT INTO `region_face` (`region_face_id`, `region_id`, `kind`, `flags`, `normal_x`, `normal_y`, `normal_z`, `normal_w`, `pos_x`, `pos_y`, `pos_z`, `pos_w`) values (1305, 674, 'plane', '', 0.4722, 0.0, 0.8814, -986745.25, -990701.0, 93706.0468, -588685.0, 287757.5312);
INSERT INTO `region_point` (`region_face_id`, `idx`, `x`, `y`, `z`, `w`) values (1305, 0, -1234720.0, 172256.0, -457960.0, 1.0);
INSERT INTO `region_point` (`region_face_id`, `idx`, `x`, `y`, `z`, `w`) values (1305, 1, -1234720.0, 15156.0996, -457960.0, 1.0);
INSERT INTO `region_point` (`region_face_id`, `idx`, `x`, `y`, `z`, `w`) values (1305, 2, -746682.0, 172256.0, -719410.0, 1.0);
INSERT INTO `region_point` (`region_face_id`, `idx`, `x`, `y`, `z`, `w`) values (1305, 3, -746682.0, 15156.0996, -719410.0, 1.0);
INSERT INTO `region` (`region_id`, `level_name`, `tree`, `on_enter`, `on_exit`, `on_inside`) values (675, 'nest', 'target', '(begin (send-event "flying-spider-18" ''cue-chase) (send-event "flying-spider-19" ''cue-chase))', '', '');
INSERT INTO `region_face` (`region_face_id`, `region_id`, `kind`, `flags`, `normal_x`, `normal_y`, `normal_z`, `normal_w`, `pos_x`, `pos_y`, `pos_z`, `pos_w`) values (1306, 675, 'plane', '', -0.6812, 0.0, 0.732, -82051.1015, -1067363.0, 98387.5, -1105353.0, 241470.5468);
INSERT INTO `region_point` (`region_face_id`, `idx`, `x`, `y`, `z`, `w`) values (1306, 0, -1239080.0, 155713.0, -1265150.0, 1.0);
INSERT INTO `region_point` (`region_face_id`, `idx`, `x`, `y`, `z`, `w`) values (1306, 1, -1239080.0, 41062.0, -1265150.0, 1.0);
INSERT INTO `region_point` (`region_face_id`, `idx`, `x`, `y`, `z`, `w`) values (1306, 2, -895646.0, 155713.0, -945556.0, 1.0);
INSERT INTO `region_point` (`region_face_id`, `idx`, `x`, `y`, `z`, `w`) values (1306, 3, -895646.0, 41062.0, -945556.0, 1.0);
INSERT INTO `region` (`region_id`, `level_name`, `tree`, `on_enter`, `on_exit`, `on_inside`) values (676, 'nest', 'target', '(begin (send-event "flying-spider-21" ''cue-chase) (send-event "flying-spider-28" ''cue-chase))', '', '');
INSERT INTO `region_face` (`region_face_id`, `region_id`, `kind`, `flags`, `normal_x`, `normal_y`, `normal_z`, `normal_w`, `pos_x`, `pos_y`, `pos_z`, `pos_w`) values (1307, 676, 'plane', '', -0.9589, 0.0, -0.2836, 1126987.0, -845022.0, 113373.6015, -1116462.0, 189227.3281);
INSERT INTO `region_point` (`region_face_id`, `idx`, `x`, `y`, `z`, `w`) values (1307, 0, -796532.0, 194491.0, -1280400.0, 1.0);
INSERT INTO `region_point` (`region_face_id`, `idx`, `x`, `y`, `z`, `w`) values (1307, 1, -796532.0, 32256.1992, -1280400.0, 1.0);
INSERT INTO `region_point` (`region_face_id`, `idx`, `x`, `y`, `z`, `w`) values (1307, 2, -893512.0, 194491.0, -952524.0, 1.0);
INSERT INTO `region_point` (`region_face_id`, `idx`, `x`, `y`, `z`, `w`) values (1307, 3, -893512.0, 32256.1992, -952524.0, 1.0);
INSERT INTO `region` (`region_id`, `level_name`, `tree`, `on_enter`, `on_exit`, `on_inside`) values (682, 'nest', 'target', '(when (not (task-closed? "nest-get-to-gun-resolution")) (scene-play "nest-break-barrier-res"))', '', '');
INSERT INTO `region_sphere` (`region_id`, `x`, `y`, `z`, `r`) values (682, -421546.0, 125891.0, -651513.0, 113324.0);
INSERT INTO `region` (`region_id`, `level_name`, `tree`, `on_enter`, `on_exit`, `on_inside`) values (683, 'nest', 'target', '(want-load ''nest ''nestb)', '', '');
INSERT INTO `region_face` (`region_face_id`, `region_id`, `kind`, `flags`, `normal_x`, `normal_y`, `normal_z`, `normal_w`, `pos_x`, `pos_y`, `pos_z`, `pos_w`) values (1308, 683, 'plane', '', -0.3824, 0.0, 0.9239, -511804.4062, 99131.75, 88064.3984, -512881.5, 90771.289);
INSERT INTO `region_point` (`region_face_id`, `idx`, `x`, `y`, `z`, `w`) values (1308, 0, 33209.5, 144182.0, -540167.0, 1.0);
INSERT INTO `region_point` (`region_face_id`, `idx`, `x`, `y`, `z`, `w`) values (1308, 1, 33209.5, 31946.8007, -540167.0, 1.0);
INSERT INTO `region_point` (`region_face_id`, `idx`, `x`, `y`, `z`, `w`) values (1308, 2, 165054.0, 144182.0, -485596.0, 1.0);
INSERT INTO `region_point` (`region_face_id`, `idx`, `x`, `y`, `z`, `w`) values (1308, 3, 165054.0, 31946.8007, -485596.0, 1.0);
INSERT INTO `region` (`region_id`, `level_name`, `tree`, `on_enter`, `on_exit`, `on_inside`) values (684, 'nest', 'target', '(want-load ''nest ''ctyport)', '', '');
INSERT INTO `region_face` (`region_face_id`, `region_id`, `kind`, `flags`, `normal_x`, `normal_y`, `normal_z`, `normal_w`, `pos_x`, `pos_y`, `pos_z`, `pos_w`) values (1309, 684, 'plane', '', 0.4614, 0.0, -0.8871, 397251.2187, 48359.5, 36576.5, -422623.0, 184495.6718);
INSERT INTO `region_point` (`region_face_id`, `idx`, `x`, `y`, `z`, `w`) values (1309, 0, -40319.0, 191648.0, -468749.0, 1.0);
INSERT INTO `region_point` (`region_face_id`, `idx`, `x`, `y`, `z`, `w`) values (1309, 1, 137038.0, 191648.0, -376497.0, 1.0);
INSERT INTO `region_point` (`region_face_id`, `idx`, `x`, `y`, `z`, `w`) values (1309, 2, -40319.0, -118495.0, -468749.0, 1.0);
INSERT INTO `region_point` (`region_face_id`, `idx`, `x`, `y`, `z`, `w`) values (1309, 3, 137038.0, -118495.0, -376497.0, 1.0);
INSERT INTO `region` (`region_id`, `level_name`, `tree`, `on_enter`, `on_exit`, `on_inside`) values (686, 'nest', 'target', '(send-event "flying-spider-20" ''cue-chase)', '', '');
INSERT INTO `region_face` (`region_face_id`, `region_id`, `kind`, `flags`, `normal_x`, `normal_y`, `normal_z`, `normal_w`, `pos_x`, `pos_y`, `pos_z`, `pos_w`) values (1310, 686, 'plane', '', 0.7893, 0.0, 0.6139, -308071.9375, 142296.9062, 100710.1015, -684731.0, 152380.2031);
INSERT INTO `region_point` (`region_face_id`, `idx`, `x`, `y`, `z`, `w`) values (1310, 0, 55788.8007, 158727.0, -573510.0, 1.0);
INSERT INTO `region_point` (`region_face_id`, `idx`, `x`, `y`, `z`, `w`) values (1310, 1, 55788.8007, 42693.1992, -573510.0, 1.0);
INSERT INTO `region_point` (`region_face_id`, `idx`, `x`, `y`, `z`, `w`) values (1310, 2, 228805.0, 158727.0, -795952.0, 1.0);
INSERT INTO `region_point` (`region_face_id`, `idx`, `x`, `y`, `z`, `w`) values (1310, 3, 228805.0, 42693.1992, -795952.0, 1.0);
INSERT INTO `region` (`region_id`, `level_name`, `tree`, `on_enter`, `on_exit`, `on_inside`) values (695, 'nest', 'target', '(begin (send-event "flying-spider-12" ''cue-chase) (send-event "flying-spider-15" ''cue-chase))', '', '');
INSERT INTO `region_face` (`region_face_id`, `region_id`, `kind`, `flags`, `normal_x`, `normal_y`, `normal_z`, `normal_w`, `pos_x`, `pos_y`, `pos_z`, `pos_w`) values (1311, 695, 'plane', '', -0.1569, 0.0, 0.9876, -471531.125, -980358.5, 106652.6015, -633237.0, 273006.875);
INSERT INTO `region_point` (`region_face_id`, `idx`, `x`, `y`, `z`, `w`) values (1311, 0, -1245300.0, 157310.0, -675339.0, 1.0);
INSERT INTO `region_point` (`region_face_id`, `idx`, `x`, `y`, `z`, `w`) values (1311, 1, -1245300.0, 55995.1992, -675339.0, 1.0);
INSERT INTO `region_point` (`region_face_id`, `idx`, `x`, `y`, `z`, `w`) values (1311, 2, -715417.0, 157310.0, -591135.0, 1.0);
INSERT INTO `region_point` (`region_face_id`, `idx`, `x`, `y`, `z`, `w`) values (1311, 3, -715417.0, 55995.1992, -591135.0, 1.0);
INSERT INTO `region` (`region_id`, `level_name`, `tree`, `on_enter`, `on_exit`, `on_inside`) values (699, 'nest', 'target', '(send-event "mammoth-10" ''cue-chase)', '', '');
INSERT INTO `region_face` (`region_face_id`, `region_id`, `kind`, `flags`, `normal_x`, `normal_y`, `normal_z`, `normal_w`, `pos_x`, `pos_y`, `pos_z`, `pos_w`) values (1312, 699, 'plane', '', 0.9792, 0.0, -0.2026, -554391.8125, -614366.5, 63349.1953, -232960.6562, 303490.7812);
INSERT INTO `region_point` (`region_face_id`, `idx`, `x`, `y`, `z`, `w`) values (1312, 0, -554238.0, 127477.0, 57519.6992, 1.0);
INSERT INTO `region_point` (`region_face_id`, `idx`, `x`, `y`, `z`, `w`) values (1312, 1, -554238.0, -778.6129, 57519.6992, 1.0);
INSERT INTO `region_point` (`region_face_id`, `idx`, `x`, `y`, `z`, `w`) values (1312, 2, -674495.0, 127477.0, -523441.0, 1.0);
INSERT INTO `region_point` (`region_face_id`, `idx`, `x`, `y`, `z`, `w`) values (1312, 3, -674495.0, -778.6129, -523441.0, 1.0);
INSERT INTO `region` (`region_id`, `level_name`, `tree`, `on_enter`, `on_exit`, `on_inside`) values (700, 'nest', 'target', '(send-event "mammoth-5" ''cue-chase)', '', '');
INSERT INTO `region_face` (`region_face_id`, `region_id`, `kind`, `flags`, `normal_x`, `normal_y`, `normal_z`, `normal_w`, `pos_x`, `pos_y`, `pos_z`, `pos_w`) values (1313, 700, 'plane', '', 0.257, 0.0, 0.9663, -663493.125, -938467.0, 103059.2968, -436904.0, 256170.4531);
INSERT INTO `region_point` (`region_face_id`, `idx`, `x`, `y`, `z`, `w`) values (1313, 0, -1178170.0, 167084.0, -373134.0, 1.0);
INSERT INTO `region_point` (`region_face_id`, `idx`, `x`, `y`, `z`, `w`) values (1313, 1, -1178170.0, 39034.6015, -373134.0, 1.0);
INSERT INTO `region_point` (`region_face_id`, `idx`, `x`, `y`, `z`, `w`) values (1313, 2, -698764.0, 167084.0, -500674.0, 1.0);
INSERT INTO `region_point` (`region_face_id`, `idx`, `x`, `y`, `z`, `w`) values (1313, 3, -698764.0, 39034.6015, -500674.0, 1.0);
INSERT INTO `region` (`region_id`, `level_name`, `tree`, `on_enter`, `on_exit`, `on_inside`) values (701, 'nest', 'target', '(send-event "mammoth-6" ''cue-chase)', '', '');
INSERT INTO `region_face` (`region_face_id`, `region_id`, `kind`, `flags`, `normal_x`, `normal_y`, `normal_z`, `normal_w`, `pos_x`, `pos_y`, `pos_z`, `pos_w`) values (1314, 701, 'plane', '', -0.8371, 0.0, 0.5469, 262530.4062, -1052953.0, 123050.0468, -1131823.5, 244413.0);
INSERT INTO `region_point` (`region_face_id`, `idx`, `x`, `y`, `z`, `w`) values (1314, 0, -1178820.0, 205336.0, -1324500.0, 1.0);
INSERT INTO `region_point` (`region_face_id`, `idx`, `x`, `y`, `z`, `w`) values (1314, 1, -1178820.0, 40764.1015, -1324500.0, 1.0);
INSERT INTO `region_point` (`region_face_id`, `idx`, `x`, `y`, `z`, `w`) values (1314, 2, -927086.0, 205336.0, -939147.0, 1.0);
INSERT INTO `region_point` (`region_face_id`, `idx`, `x`, `y`, `z`, `w`) values (1314, 3, -927086.0, 40764.1015, -939147.0, 1.0);
INSERT INTO `region` (`region_id`, `level_name`, `tree`, `on_enter`, `on_exit`, `on_inside`) values (685, 'nest', 'camera', '(want-display ''nestb ''display)', '(want-display ''nestb #f)', '');
INSERT INTO `region_face` (`region_face_id`, `region_id`, `kind`, `flags`, `normal_x`, `normal_y`, `normal_z`, `normal_w`, `pos_x`, `pos_y`, `pos_z`, `pos_w`) values (1315, 685, 'plane', '', 0.9987, 0.0, -0.0491, -345550.4687, -375999.0, -21859.5, -610286.5, 272444.25);
INSERT INTO `region_point` (`region_face_id`, `idx`, `x`, `y`, `z`, `w`) values (1315, 0, -370471.0, 226283.0, -497945.0, 1.0);
INSERT INTO `region_point` (`region_face_id`, `idx`, `x`, `y`, `z`, `w`) values (1315, 1, -370471.0, -270002.0, -497945.0, 1.0);
INSERT INTO `region_point` (`region_face_id`, `idx`, `x`, `y`, `z`, `w`) values (1315, 2, -381527.0, 226283.0, -722628.0, 1.0);
INSERT INTO `region_point` (`region_face_id`, `idx`, `x`, `y`, `z`, `w`) values (1315, 3, -381527.0, -270002.0, -722628.0, 1.0);
INSERT INTO `region` (`region_id`, `level_name`, `tree`, `on_enter`, `on_exit`, `on_inside`) values (693, 'nest', 'camera', '(send-event "flying-spider-9" ''cue-chase)', '', '');
INSERT INTO `region_face` (`region_face_id`, `region_id`, `kind`, `flags`, `normal_x`, `normal_y`, `normal_z`, `normal_w`, `pos_x`, `pos_y`, `pos_z`, `pos_w`) values (1316, 693, 'plane', '', -0.9723, 0.0, 0.2334, 457869.5, -522009.5, 93502.2031, -213000.7031, 310097.7812);
INSERT INTO `region_point` (`region_face_id`, `idx`, `x`, `y`, `z`, `w`) values (1316, 0, -454386.0, -17101.5996, 68698.6015, 1.0);
INSERT INTO `region_point` (`region_face_id`, `idx`, `x`, `y`, `z`, `w`) values (1316, 1, -454386.0, 204106.0, 68698.6015, 1.0);
INSERT INTO `region_point` (`region_face_id`, `idx`, `x`, `y`, `z`, `w`) values (1316, 2, -589633.0, -17101.5996, -494700.0, 1.0);
INSERT INTO `region_point` (`region_face_id`, `idx`, `x`, `y`, `z`, `w`) values (1316, 3, -589633.0, 204106.0, -494700.0, 1.0);
INSERT INTO `region` (`region_id`, `level_name`, `tree`, `on_enter`, `on_exit`, `on_inside`) values (713, 'nest', 'camera', '', '', '');
INSERT INTO `region_face` (`region_face_id`, `region_id`, `kind`, `flags`, `normal_x`, `normal_y`, `normal_z`, `normal_w`, `pos_x`, `pos_y`, `pos_z`, `pos_w`) values (1317, 713, 'face', '', -0.0055, -0.9999, 0.0067, -72734.6171, -286760.9062, 69462.4531, -718453.0, 257466.25);
INSERT INTO `region_point` (`region_face_id`, `idx`, `x`, `y`, `z`, `w`) values (1317, 0, -531027.0, 71374.1015, -637094.0, 1.0);
INSERT INTO `region_point` (`region_face_id`, `idx`, `x`, `y`, `z`, `w`) values (1317, 1, -187856.0, 67551.0, -919137.0, 1.0);
INSERT INTO `region_point` (`region_face_id`, `idx`, `x`, `y`, `z`, `w`) values (1317, 2, -385632.0, 71374.1015, -517708.0, 1.0);
INSERT INTO `region_point` (`region_face_id`, `idx`, `x`, `y`, `z`, `w`) values (1317, 3, -42494.8007, 67550.7968, -799812.0, 1.0);
INSERT INTO `region_face` (`region_face_id`, `region_id`, `kind`, `flags`, `normal_x`, `normal_y`, `normal_z`, `normal_w`, `pos_x`, `pos_y`, `pos_z`, `pos_w`) values (1318, 713, 'face', '', -0.6345, -0.0001, 0.7728, -155401.1875, -458334.2187, 112332.9296, -577395.1875, 102595.4062);
INSERT INTO `region_point` (`region_face_id`, `idx`, `x`, `y`, `z`, `w`) values (1318, 0, -531027.0, 71374.1015, -637094.0, 1.0);
INSERT INTO `region_point` (`region_face_id`, `idx`, `x`, `y`, `z`, `w`) values (1318, 1, -385632.0, 71374.1015, -517708.0, 1.0);
INSERT INTO `region_point` (`region_face_id`, `idx`, `x`, `y`, `z`, `w`) values (1318, 2, -531036.0, 153292.0, -637082.0, 1.0);
INSERT INTO `region_point` (`region_face_id`, `idx`, `x`, `y`, `z`, `w`) values (1318, 3, -385777.0, 153292.0, -517807.0, 1.0);
INSERT INTO `region_face` (`region_face_id`, `region_id`, `kind`, `flags`, `normal_x`, `normal_y`, `normal_z`, `normal_w`, `pos_x`, `pos_y`, `pos_z`, `pos_w`) values (1319, 713, 'face', '', -0.6349, 0.0, -0.7725, 829367.6875, -359446.0, 110421.5, -778109.5, 226207.3437);
INSERT INTO `region_point` (`region_face_id`, `idx`, `x`, `y`, `z`, `w`) values (1319, 0, -531027.0, 71374.1015, -637094.0, 1.0);
INSERT INTO `region_point` (`region_face_id`, `idx`, `x`, `y`, `z`, `w`) values (1319, 1, -531036.0, 153292.0, -637082.0, 1.0);
INSERT INTO `region_point` (`region_face_id`, `idx`, `x`, `y`, `z`, `w`) values (1319, 2, -187856.0, 67551.0, -919137.0, 1.0);
INSERT INTO `region_point` (`region_face_id`, `idx`, `x`, `y`, `z`, `w`) values (1319, 3, -187865.0, 149469.0, -919125.0, 1.0);
INSERT INTO `region_face` (`region_face_id`, `region_id`, `kind`, `flags`, `normal_x`, `normal_y`, `normal_z`, `normal_w`, `pos_x`, `pos_y`, `pos_z`, `pos_w`) values (1320, 713, 'face', '', 0.635, 0.002, 0.7724, -644660.6875, -214135.9062, 110421.3984, -658809.5, 226230.5468);
INSERT INTO `region_point` (`region_face_id`, `idx`, `x`, `y`, `z`, `w`) values (1320, 0, -385632.0, 71374.1015, -517708.0, 1.0);
INSERT INTO `region_point` (`region_face_id`, `idx`, `x`, `y`, `z`, `w`) values (1320, 1, -42494.8007, 67550.7968, -799812.0, 1.0);
INSERT INTO `region_point` (`region_face_id`, `idx`, `x`, `y`, `z`, `w`) values (1320, 2, -385777.0, 153292.0, -517807.0, 1.0);
INSERT INTO `region_point` (`region_face_id`, `idx`, `x`, `y`, `z`, `w`) values (1320, 3, -42641.6015, 149468.0, -799910.0, 1.0);
INSERT INTO `region_face` (`region_face_id`, `region_id`, `kind`, `flags`, `normal_x`, `normal_y`, `normal_z`, `normal_w`, `pos_x`, `pos_y`, `pos_z`, `pos_w`) values (1321, 713, 'face', '', 0.0055, 0.9999, -0.0067, 154649.1718, -286838.8125, 151380.0, -718496.0, 257418.2656);
INSERT INTO `region_point` (`region_face_id`, `idx`, `x`, `y`, `z`, `w`) values (1321, 0, -531036.0, 153292.0, -637082.0, 1.0);
INSERT INTO `region_point` (`region_face_id`, `idx`, `x`, `y`, `z`, `w`) values (1321, 1, -385777.0, 153292.0, -517807.0, 1.0);
INSERT INTO `region_point` (`region_face_id`, `idx`, `x`, `y`, `z`, `w`) values (1321, 2, -187865.0, 149469.0, -919125.0, 1.0);
INSERT INTO `region_point` (`region_face_id`, `idx`, `x`, `y`, `z`, `w`) values (1321, 3, -42641.6015, 149468.0, -799910.0, 1.0);
INSERT INTO `region_face` (`region_face_id`, `region_id`, `kind`, `flags`, `normal_x`, `normal_y`, `normal_z`, `normal_w`, `pos_x`, `pos_y`, `pos_z`, `pos_w`) values (1322, 713, 'face', '', 0.6344, 0.0001, -0.7729, 591250.0, -115180.0859, 108509.7968, -859468.625, 102565.7031);
INSERT INTO `region_point` (`region_face_id`, `idx`, `x`, `y`, `z`, `w`) values (1322, 0, -187856.0, 67551.0, -919137.0, 1.0);
INSERT INTO `region_point` (`region_face_id`, `idx`, `x`, `y`, `z`, `w`) values (1322, 1, -187865.0, 149469.0, -919125.0, 1.0);
INSERT INTO `region_point` (`region_face_id`, `idx`, `x`, `y`, `z`, `w`) values (1322, 2, -42494.8007, 67550.7968, -799812.0, 1.0);
INSERT INTO `region_point` (`region_face_id`, `idx`, `x`, `y`, `z`, `w`) values (1322, 3, -42641.6015, 149468.0, -799910.0, 1.0);
INSERT INTO `region` (`region_id`, `level_name`, `tree`, `on_enter`, `on_exit`, `on_inside`) values (714, 'nest', 'camera', '', '', '');
INSERT INTO `region_face` (`region_face_id`, `region_id`, `kind`, `flags`, `normal_x`, `normal_y`, `normal_z`, `normal_w`, `pos_x`, `pos_y`, `pos_z`, `pos_w`) values (1323, 714, 'face', '', 0.0154, -0.9994, -0.0285, -32365.3007, 135155.0, 53875.25, -679677.0, 348416.7812);
INSERT INTO `region_point` (`region_face_id`, `idx`, `x`, `y`, `z`, `w`) values (1323, 0, 29032.5996, 59269.1992, -926176.0, 1.0);
INSERT INTO `region_point` (`region_face_id`, `idx`, `x`, `y`, `z`, `w`) values (1323, 1, 483530.0, 59269.8984, -679792.0, 1.0);
INSERT INTO `region_point` (`region_face_id`, `idx`, `x`, `y`, `z`, `w`) values (1323, 2, -213220.0, 48480.6015, -679562.0, 1.0);
INSERT INTO `region_point` (`region_face_id`, `idx`, `x`, `y`, `z`, `w`) values (1323, 3, 241285.0, 48481.3984, -433177.0, 1.0);
INSERT INTO `region_face` (`region_face_id`, `region_id`, `kind`, `flags`, `normal_x`, `normal_y`, `normal_z`, `normal_w`, `pos_x`, `pos_y`, `pos_z`, `pos_w`) values (1324, 714, 'face', '', -0.7137, 0.0235, -0.7, 629045.9375, -90844.5468, 123277.8046, -801808.5, 188453.1093);
INSERT INTO `region_point` (`region_face_id`, `idx`, `x`, `y`, `z`, `w`) values (1324, 0, 29032.5996, 59269.1992, -926176.0, 1.0);
INSERT INTO `region_point` (`region_face_id`, `idx`, `x`, `y`, `z`, `w`) values (1324, 1, -213220.0, 48480.6015, -679562.0, 1.0);
INSERT INTO `region_point` (`region_face_id`, `idx`, `x`, `y`, `z`, `w`) values (1324, 2, 31530.9003, 198075.0, -924055.0, 1.0);
INSERT INTO `region_point` (`region_face_id`, `idx`, `x`, `y`, `z`, `w`) values (1324, 3, -210719.0, 187289.0, -677443.0, 1.0);
INSERT INTO `region_face` (`region_face_id`, `region_id`, `kind`, `flags`, `normal_x`, `normal_y`, `normal_z`, `normal_w`, `pos_x`, `pos_y`, `pos_z`, `pos_w`) values (1325, 714, 'face', '', 0.4765, 0.0048, -0.8791, 828344.9375, 257529.2968, 128672.1015, -801924.0, 269195.2187);
INSERT INTO `region_point` (`region_face_id`, `idx`, `x`, `y`, `z`, `w`) values (1325, 0, 29032.5996, 59269.1992, -926176.0, 1.0);
INSERT INTO `region_point` (`region_face_id`, `idx`, `x`, `y`, `z`, `w`) values (1325, 1, 31530.9003, 198075.0, -924055.0, 1.0);
INSERT INTO `region_point` (`region_face_id`, `idx`, `x`, `y`, `z`, `w`) values (1325, 2, 483530.0, 59269.8984, -679792.0, 1.0);
INSERT INTO `region_point` (`region_face_id`, `idx`, `x`, `y`, `z`, `w`) values (1325, 3, 486026.0, 198075.0, -677672.0, 1.0);
INSERT INTO `region_face` (`region_face_id`, `region_id`, `kind`, `flags`, `normal_x`, `normal_y`, `normal_z`, `normal_w`, `pos_x`, `pos_y`, `pos_z`, `pos_w`) values (1326, 714, 'face', '', -0.4765, -0.0048, 0.8791, -496039.5, 15281.5, 117884.7968, -555311.0, 269199.1562);
INSERT INTO `region_point` (`region_face_id`, `idx`, `x`, `y`, `z`, `w`) values (1326, 0, -213220.0, 48480.6015, -679562.0, 1.0);
INSERT INTO `region_point` (`region_face_id`, `idx`, `x`, `y`, `z`, `w`) values (1326, 1, 241285.0, 48481.3984, -433177.0, 1.0);
INSERT INTO `region_point` (`region_face_id`, `idx`, `x`, `y`, `z`, `w`) values (1326, 2, -210719.0, 187289.0, -677443.0, 1.0);
INSERT INTO `region_point` (`region_face_id`, `idx`, `x`, `y`, `z`, `w`) values (1326, 3, 243783.0, 187289.0, -431060.0, 1.0);
INSERT INTO `region_face` (`region_face_id`, `region_id`, `kind`, `flags`, `normal_x`, `normal_y`, `normal_z`, `normal_w`, `pos_x`, `pos_y`, `pos_z`, `pos_w`) values (1327, 714, 'face', '', -0.0154, 0.9994, 0.0285, 171125.25, 137653.5, 192682.0, -677557.5, 348414.25);
INSERT INTO `region_point` (`region_face_id`, `idx`, `x`, `y`, `z`, `w`) values (1327, 0, 31530.9003, 198075.0, -924055.0, 1.0);
INSERT INTO `region_point` (`region_face_id`, `idx`, `x`, `y`, `z`, `w`) values (1327, 1, -210719.0, 187289.0, -677443.0, 1.0);
INSERT INTO `region_point` (`region_face_id`, `idx`, `x`, `y`, `z`, `w`) values (1327, 2, 486026.0, 198075.0, -677672.0, 1.0);
INSERT INTO `region_point` (`region_face_id`, `idx`, `x`, `y`, `z`, `w`) values (1327, 3, 243783.0, 187289.0, -431060.0, 1.0);
INSERT INTO `region_face` (`region_face_id`, `region_id`, `kind`, `flags`, `normal_x`, `normal_y`, `normal_z`, `normal_w`, `pos_x`, `pos_y`, `pos_z`, `pos_w`) values (1328, 714, 'face', '', 0.7137, -0.0235, 0.7, -132172.7812, 363655.5, 123278.2031, -555424.5, 188450.4062);
INSERT INTO `region_point` (`region_face_id`, `idx`, `x`, `y`, `z`, `w`) values (1328, 0, 483530.0, 59269.8984, -679792.0, 1.0);
INSERT INTO `region_point` (`region_face_id`, `idx`, `x`, `y`, `z`, `w`) values (1328, 1, 486026.0, 198075.0, -677672.0, 1.0);
INSERT INTO `region_point` (`region_face_id`, `idx`, `x`, `y`, `z`, `w`) values (1328, 2, 241285.0, 48481.3984, -433177.0, 1.0);
INSERT INTO `region_point` (`region_face_id`, `idx`, `x`, `y`, `z`, `w`) values (1328, 3, 243783.0, 187289.0, -431060.0, 1.0);
INSERT INTO `region` (`region_id`, `level_name`, `tree`, `on_enter`, `on_exit`, `on_inside`) values (860, 'nest', 'camera', '(want-vis ''nestb)', '(want-vis ''nest)', '');
INSERT INTO `region_face` (`region_face_id`, `region_id`, `kind`, `flags`, `normal_x`, `normal_y`, `normal_z`, `normal_w`, `pos_x`, `pos_y`, `pos_z`, `pos_w`) values (1329, 860, 'plane', '', -0.9854, 0.0, 0.1702, 78485.6406, -266758.0, 253345.5, -1083308.5, 242495.2031);
INSERT INTO `region_point` (`region_face_id`, `idx`, `x`, `y`, `z`, `w`) values (1329, 0, -299501.0, 400975.0, -1272880.0, 1.0);
INSERT INTO `region_point` (`region_face_id`, `idx`, `x`, `y`, `z`, `w`) values (1329, 1, -299501.0, 105716.0, -1272880.0, 1.0);
INSERT INTO `region_point` (`region_face_id`, `idx`, `x`, `y`, `z`, `w`) values (1329, 2, -234015.0, 400975.0, -893737.0, 1.0);
INSERT INTO `region_point` (`region_face_id`, `idx`, `x`, `y`, `z`, `w`) values (1329, 3, -234015.0, 105716.0, -893737.0, 1.0);
INSERT INTO `region` (`region_id`, `level_name`, `tree`, `on_enter`, `on_exit`, `on_inside`) values (797, 'nest', 'water', '', '', '(water ocean 0 (swim wade))');
INSERT INTO `region_sphere` (`region_id`, `x`, `y`, `z`, `r`) values (797, 62311.5, 5960.1601, 164557.0, 709722.0);
INSERT INTO `region` (`region_id`, `level_name`, `tree`, `on_enter`, `on_exit`, `on_inside`) values (799, 'nest', 'water', '', '', '(water water-anim #<entity-actor :name dark-eco-pool-34 @ #x29b4d44> (swim event darkeco))');
INSERT INTO `region_face` (`region_face_id`, `region_id`, `kind`, `flags`, `normal_x`, `normal_y`, `normal_z`, `normal_w`, `pos_x`, `pos_y`, `pos_z`, `pos_w`) values (1330, 799, 'face', '', -0.0093, 0.0, 0.9999, -988948.9375, -672391.0, 14793.1494, -995299.0, 84482.8203);
INSERT INTO `region_point` (`region_face_id`, `idx`, `x`, `y`, `z`, `w`) values (1330, 0, -746277.0, -26166.9003, -995992.0, 1.0);
INSERT INTO `region_point` (`region_face_id`, `idx`, `x`, `y`, `z`, `w`) values (1330, 1, -598505.0, -26166.9003, -994606.0, 1.0);
INSERT INTO `region_point` (`region_face_id`, `idx`, `x`, `y`, `z`, `w`) values (1330, 2, -746277.0, 55753.1992, -995992.0, 1.0);
INSERT INTO `region_point` (`region_face_id`, `idx`, `x`, `y`, `z`, `w`) values (1330, 3, -598505.0, 55753.1992, -994606.0, 1.0);
INSERT INTO `region_face` (`region_face_id`, `region_id`, `kind`, `flags`, `normal_x`, `normal_y`, `normal_z`, `normal_w`, `pos_x`, `pos_y`, `pos_z`, `pos_w`) values (1331, 799, 'face', '', 1.0, 0.0, 0.0, -598505.0, -598505.0, 14793.1494, -1091898.0, 105562.5859);
INSERT INTO `region_point` (`region_face_id`, `idx`, `x`, `y`, `z`, `w`) values (1331, 0, -598505.0, -26166.9003, -1189190.0, 1.0);
INSERT INTO `region_point` (`region_face_id`, `idx`, `x`, `y`, `z`, `w`) values (1331, 1, -598505.0, 55753.1992, -1189190.0, 1.0);
INSERT INTO `region_point` (`region_face_id`, `idx`, `x`, `y`, `z`, `w`) values (1331, 2, -598505.0, -26166.9003, -994606.0, 1.0);
INSERT INTO `region_point` (`region_face_id`, `idx`, `x`, `y`, `z`, `w`) values (1331, 3, -598505.0, 55753.1992, -994606.0, 1.0);
INSERT INTO `region_face` (`region_face_id`, `region_id`, `kind`, `flags`, `normal_x`, `normal_y`, `normal_z`, `normal_w`, `pos_x`, `pos_y`, `pos_z`, `pos_w`) values (1332, 799, 'face', '', 0.0, 1.0, 0.0, 55753.1992, -672391.0, 55753.1992, -1092593.0, 122721.6093);
INSERT INTO `region_point` (`region_face_id`, `idx`, `x`, `y`, `z`, `w`) values (1332, 0, -746277.0, 55753.1992, -1190580.0, 1.0);
INSERT INTO `region_point` (`region_face_id`, `idx`, `x`, `y`, `z`, `w`) values (1332, 1, -746277.0, 55753.1992, -995992.0, 1.0);
INSERT INTO `region_point` (`region_face_id`, `idx`, `x`, `y`, `z`, `w`) values (1332, 2, -598505.0, 55753.1992, -1189190.0, 1.0);
INSERT INTO `region_point` (`region_face_id`, `idx`, `x`, `y`, `z`, `w`) values (1332, 3, -598505.0, 55753.1992, -994606.0, 1.0);
INSERT INTO `region_face` (`region_face_id`, `region_id`, `kind`, `flags`, `normal_x`, `normal_y`, `normal_z`, `normal_w`, `pos_x`, `pos_y`, `pos_z`, `pos_w`) values (1333, 799, 'face', '', 0.0, -1.0, 0.0, 26166.9003, -672391.0, -26166.9003, -1092593.0, 122721.6093);
INSERT INTO `region_point` (`region_face_id`, `idx`, `x`, `y`, `z`, `w`) values (1333, 0, -746277.0, -26166.9003, -1190580.0, 1.0);
INSERT INTO `region_point` (`region_face_id`, `idx`, `x`, `y`, `z`, `w`) values (1333, 1, -598505.0, -26166.9003, -1189190.0, 1.0);
INSERT INTO `region_point` (`region_face_id`, `idx`, `x`, `y`, `z`, `w`) values (1333, 2, -746277.0, -26166.9003, -995992.0, 1.0);
INSERT INTO `region_point` (`region_face_id`, `idx`, `x`, `y`, `z`, `w`) values (1333, 3, -598505.0, -26166.9003, -994606.0, 1.0);
INSERT INTO `region_face` (`region_face_id`, `region_id`, `kind`, `flags`, `normal_x`, `normal_y`, `normal_z`, `normal_w`, `pos_x`, `pos_y`, `pos_z`, `pos_w`) values (1334, 799, 'face', '', 0.0094, 0.0, -0.9999, 1183507.875, -672391.0, 14793.1494, -1189885.0, 84482.8359);
INSERT INTO `region_point` (`region_face_id`, `idx`, `x`, `y`, `z`, `w`) values (1334, 0, -746277.0, -26166.9003, -1190580.0, 1.0);
INSERT INTO `region_point` (`region_face_id`, `idx`, `x`, `y`, `z`, `w`) values (1334, 1, -746277.0, 55753.1992, -1190580.0, 1.0);
INSERT INTO `region_point` (`region_face_id`, `idx`, `x`, `y`, `z`, `w`) values (1334, 2, -598505.0, -26166.9003, -1189190.0, 1.0);
INSERT INTO `region_point` (`region_face_id`, `idx`, `x`, `y`, `z`, `w`) values (1334, 3, -598505.0, 55753.1992, -1189190.0, 1.0);
INSERT INTO `region_face` (`region_face_id`, `region_id`, `kind`, `flags`, `normal_x`, `normal_y`, `normal_z`, `normal_w`, `pos_x`, `pos_y`, `pos_z`, `pos_w`) values (1335, 799, 'face', '', -1.0, 0.0, 0.0, 746277.0, -746277.0, 14793.1494, -1093286.0, 105564.4218);
INSERT INTO `region_point` (`region_face_id`, `idx`, `x`, `y`, `z`, `w`) values (1335, 0, -746277.0, -26166.9003, -1190580.0, 1.0);
INSERT INTO `region_point` (`region_face_id`, `idx`, `x`, `y`, `z`, `w`) values (1335, 1, -746277.0, -26166.9003, -995992.0, 1.0);
INSERT INTO `region_point` (`region_face_id`, `idx`, `x`, `y`, `z`, `w`) values (1335, 2, -746277.0, 55753.1992, -1190580.0, 1.0);
INSERT INTO `region_point` (`region_face_id`, `idx`, `x`, `y`, `z`, `w`) values (1335, 3, -746277.0, 55753.1992, -995992.0, 1.0);
INSERT INTO `region` (`region_id`, `level_name`, `tree`, `on_enter`, `on_exit`, `on_inside`) values (800, 'nest', 'water', '', '', '(water water-anim #<entity-actor :name dark-eco-pool-33 @ #x29b4ab4> (swim event darkeco))');
INSERT INTO `region_face` (`region_face_id`, `region_id`, `kind`, `flags`, `normal_x`, `normal_y`, `normal_z`, `normal_w`, `pos_x`, `pos_y`, `pos_z`, `pos_w`) values (1336, 800, 'face', '', 0.0, -1.0, 0.0, 26166.8007, -858377.0, -26166.8007, -1219730.0, 105959.1796);
INSERT INTO `region_point` (`region_face_id`, `idx`, `x`, `y`, `z`, `w`) values (1336, 0, -942212.0, -26166.8007, -1284530.0, 1.0);
INSERT INTO `region_point` (`region_face_id`, `idx`, `x`, `y`, `z`, `w`) values (1336, 1, -774542.0, -26166.8007, -1278680.0, 1.0);
INSERT INTO `region_point` (`region_face_id`, `idx`, `x`, `y`, `z`, `w`) values (1336, 2, -942212.0, -26166.8007, -1160780.0, 1.0);
INSERT INTO `region_point` (`region_face_id`, `idx`, `x`, `y`, `z`, `w`) values (1336, 3, -774542.0, -26166.8007, -1154930.0, 1.0);
INSERT INTO `region_face` (`region_face_id`, `region_id`, `kind`, `flags`, `normal_x`, `normal_y`, `normal_z`, `normal_w`, `pos_x`, `pos_y`, `pos_z`, `pos_w`) values (1337, 800, 'face', '', -1.0, 0.0, 0.0, 942212.0, -942212.0, 14793.1992, -1222655.0, 74204.0234);
INSERT INTO `region_point` (`region_face_id`, `idx`, `x`, `y`, `z`, `w`) values (1337, 0, -942212.0, -26166.8007, -1284530.0, 1.0);
INSERT INTO `region_point` (`region_face_id`, `idx`, `x`, `y`, `z`, `w`) values (1337, 1, -942212.0, -26166.8007, -1160780.0, 1.0);
INSERT INTO `region_point` (`region_face_id`, `idx`, `x`, `y`, `z`, `w`) values (1337, 2, -942212.0, 55753.1992, -1284530.0, 1.0);
INSERT INTO `region_point` (`region_face_id`, `idx`, `x`, `y`, `z`, `w`) values (1337, 3, -942212.0, 55753.1992, -1160780.0, 1.0);
INSERT INTO `region_face` (`region_face_id`, `region_id`, `kind`, `flags`, `normal_x`, `normal_y`, `normal_z`, `normal_w`, `pos_x`, `pos_y`, `pos_z`, `pos_w`) values (1338, 800, 'face', '', 0.0348, 0.0, -0.9993, 1250895.125, -858377.0, 14793.1992, -1281605.0, 93351.9375);
INSERT INTO `region_point` (`region_face_id`, `idx`, `x`, `y`, `z`, `w`) values (1338, 0, -942212.0, -26166.8007, -1284530.0, 1.0);
INSERT INTO `region_point` (`region_face_id`, `idx`, `x`, `y`, `z`, `w`) values (1338, 1, -942212.0, 55753.1992, -1284530.0, 1.0);
INSERT INTO `region_point` (`region_face_id`, `idx`, `x`, `y`, `z`, `w`) values (1338, 2, -774542.0, -26166.8007, -1278680.0, 1.0);
INSERT INTO `region_point` (`region_face_id`, `idx`, `x`, `y`, `z`, `w`) values (1338, 3, -774542.0, 55753.1992, -1278680.0, 1.0);
INSERT INTO `region_face` (`region_face_id`, `region_id`, `kind`, `flags`, `normal_x`, `normal_y`, `normal_z`, `normal_w`, `pos_x`, `pos_y`, `pos_z`, `pos_w`) values (1339, 800, 'face', '', -0.0348, 0.0, 0.9993, -1127220.375, -858377.0, 14793.1992, -1157855.0, 93351.9375);
INSERT INTO `region_point` (`region_face_id`, `idx`, `x`, `y`, `z`, `w`) values (1339, 0, -942212.0, -26166.8007, -1160780.0, 1.0);
INSERT INTO `region_point` (`region_face_id`, `idx`, `x`, `y`, `z`, `w`) values (1339, 1, -774542.0, -26166.8007, -1154930.0, 1.0);
INSERT INTO `region_point` (`region_face_id`, `idx`, `x`, `y`, `z`, `w`) values (1339, 2, -942212.0, 55753.1992, -1160780.0, 1.0);
INSERT INTO `region_point` (`region_face_id`, `idx`, `x`, `y`, `z`, `w`) values (1339, 3, -774542.0, 55753.1992, -1154930.0, 1.0);
INSERT INTO `region_face` (`region_face_id`, `region_id`, `kind`, `flags`, `normal_x`, `normal_y`, `normal_z`, `normal_w`, `pos_x`, `pos_y`, `pos_z`, `pos_w`) values (1340, 800, 'face', '', 0.0, 1.0, 0.0, 55753.1992, -858377.0, 55753.1992, -1219730.0, 105959.1796);
INSERT INTO `region_point` (`region_face_id`, `idx`, `x`, `y`, `z`, `w`) values (1340, 0, -942212.0, 55753.1992, -1284530.0, 1.0);
INSERT INTO `region_point` (`region_face_id`, `idx`, `x`, `y`, `z`, `w`) values (1340, 1, -942212.0, 55753.1992, -1160780.0, 1.0);
INSERT INTO `region_point` (`region_face_id`, `idx`, `x`, `y`, `z`, `w`) values (1340, 2, -774542.0, 55753.1992, -1278680.0, 1.0);
INSERT INTO `region_point` (`region_face_id`, `idx`, `x`, `y`, `z`, `w`) values (1340, 3, -774542.0, 55753.1992, -1154930.0, 1.0);
INSERT INTO `region_face` (`region_face_id`, `region_id`, `kind`, `flags`, `normal_x`, `normal_y`, `normal_z`, `normal_w`, `pos_x`, `pos_y`, `pos_z`, `pos_w`) values (1341, 800, 'face', '', 1.0, 0.0, 0.0, -774542.0, -774542.0, 14793.1992, -1216805.0, 74204.0234);
INSERT INTO `region_point` (`region_face_id`, `idx`, `x`, `y`, `z`, `w`) values (1341, 0, -774542.0, -26166.8007, -1278680.0, 1.0);
INSERT INTO `region_point` (`region_face_id`, `idx`, `x`, `y`, `z`, `w`) values (1341, 1, -774542.0, 55753.1992, -1278680.0, 1.0);
INSERT INTO `region_point` (`region_face_id`, `idx`, `x`, `y`, `z`, `w`) values (1341, 2, -774542.0, -26166.8007, -1154930.0, 1.0);
INSERT INTO `region_point` (`region_face_id`, `idx`, `x`, `y`, `z`, `w`) values (1341, 3, -774542.0, 55753.1992, -1154930.0, 1.0);
INSERT INTO `region` (`region_id`, `level_name`, `tree`, `on_enter`, `on_exit`, `on_inside`) values (801, 'nest', 'water', '', '', '(water water-anim #<entity-actor :name dark-eco-pool-31 @ #x29b4594> (swim event darkeco))');
INSERT INTO `region_face` (`region_face_id`, `region_id`, `kind`, `flags`, `normal_x`, `normal_y`, `normal_z`, `normal_w`, `pos_x`, `pos_y`, `pos_z`, `pos_w`) values (1342, 801, 'face', '', 0.0, -1.0, 0.0, 26166.1816, -975865.0, -26166.9003, -1051629.5, 175535.0468);
INSERT INTO `region_point` (`region_face_id`, `idx`, `x`, `y`, `z`, `w`) values (1342, 0, -1112190.0, -26167.0, -1162210.0, 1.0);
INSERT INTO `region_point` (`region_face_id`, `idx`, `x`, `y`, `z`, `w`) values (1342, 1, -834932.0, -26166.8007, -1081010.0, 1.0);
INSERT INTO `region_point` (`region_face_id`, `idx`, `x`, `y`, `z`, `w`) values (1342, 2, -1116800.0, -26167.0, -1022250.0, 1.0);
INSERT INTO `region_point` (`region_face_id`, `idx`, `x`, `y`, `z`, `w`) values (1342, 3, -839540.0, -26166.8007, -941049.0, 1.0);
INSERT INTO `region_face` (`region_face_id`, `region_id`, `kind`, `flags`, `normal_x`, `normal_y`, `normal_z`, `normal_w`, `pos_x`, `pos_y`, `pos_z`, `pos_w`) values (1343, 801, 'face', '', -0.9994, 0.0, -0.0329, 1149847.375, -1114495.0, 14792.9003, -1092230.0, 81118.6015);
INSERT INTO `region_point` (`region_face_id`, `idx`, `x`, `y`, `z`, `w`) values (1343, 0, -1112190.0, -26167.0, -1162210.0, 1.0);
INSERT INTO `region_point` (`region_face_id`, `idx`, `x`, `y`, `z`, `w`) values (1343, 1, -1116800.0, -26167.0, -1022250.0, 1.0);
INSERT INTO `region_point` (`region_face_id`, `idx`, `x`, `y`, `z`, `w`) values (1343, 2, -1112190.0, 55752.8007, -1162210.0, 1.0);
INSERT INTO `region_point` (`region_face_id`, `idx`, `x`, `y`, `z`, `w`) values (1343, 3, -1116800.0, 55752.8007, -1022250.0, 1.0);
INSERT INTO `region_face` (`region_face_id`, `region_id`, `kind`, `flags`, `normal_x`, `normal_y`, `normal_z`, `normal_w`, `pos_x`, `pos_y`, `pos_z`, `pos_w`) values (1344, 801, 'face', '', 0.281, 0.0, -0.9596, 802766.0, -973561.0, 14793.1503, -1121610.0, 150146.9062);
INSERT INTO `region_point` (`region_face_id`, `idx`, `x`, `y`, `z`, `w`) values (1344, 0, -1112190.0, -26167.0, -1162210.0, 1.0);
INSERT INTO `region_point` (`region_face_id`, `idx`, `x`, `y`, `z`, `w`) values (1344, 1, -1112190.0, 55752.8007, -1162210.0, 1.0);
INSERT INTO `region_point` (`region_face_id`, `idx`, `x`, `y`, `z`, `w`) values (1344, 2, -834932.0, -26166.8007, -1081010.0, 1.0);
INSERT INTO `region_point` (`region_face_id`, `idx`, `x`, `y`, `z`, `w`) values (1344, 3, -834932.0, 55753.3007, -1081010.0, 1.0);
INSERT INTO `region_face` (`region_face_id`, `region_id`, `kind`, `flags`, `normal_x`, `normal_y`, `normal_z`, `normal_w`, `pos_x`, `pos_y`, `pos_z`, `pos_w`) values (1345, 801, 'face', '', -0.281, 0.0, 0.9596, -667150.3125, -978170.0, 14793.1503, -981649.5, 150147.9687);
INSERT INTO `region_point` (`region_face_id`, `idx`, `x`, `y`, `z`, `w`) values (1345, 0, -1116800.0, -26167.0, -1022250.0, 1.0);
INSERT INTO `region_point` (`region_face_id`, `idx`, `x`, `y`, `z`, `w`) values (1345, 1, -839540.0, -26166.8007, -941049.0, 1.0);
INSERT INTO `region_point` (`region_face_id`, `idx`, `x`, `y`, `z`, `w`) values (1345, 2, -1116800.0, 55752.8007, -1022250.0, 1.0);
INSERT INTO `region_point` (`region_face_id`, `idx`, `x`, `y`, `z`, `w`) values (1345, 3, -839540.0, 55753.3007, -941049.0, 1.0);
INSERT INTO `region_face` (`region_face_id`, `region_id`, `kind`, `flags`, `normal_x`, `normal_y`, `normal_z`, `normal_w`, `pos_x`, `pos_y`, `pos_z`, `pos_w`) values (1346, 801, 'face', '', -0.0, 1.0, -0.0, 55754.8554, -975865.0, 55753.0507, -1051629.5, 175535.0468);
INSERT INTO `region_point` (`region_face_id`, `idx`, `x`, `y`, `z`, `w`) values (1346, 0, -1112190.0, 55752.8007, -1162210.0, 1.0);
INSERT INTO `region_point` (`region_face_id`, `idx`, `x`, `y`, `z`, `w`) values (1346, 1, -1116800.0, 55752.8007, -1022250.0, 1.0);
INSERT INTO `region_point` (`region_face_id`, `idx`, `x`, `y`, `z`, `w`) values (1346, 2, -834932.0, 55753.3007, -1081010.0, 1.0);
INSERT INTO `region_point` (`region_face_id`, `idx`, `x`, `y`, `z`, `w`) values (1346, 3, -839540.0, 55753.3007, -941049.0, 1.0);
INSERT INTO `region_face` (`region_face_id`, `region_id`, `kind`, `flags`, `normal_x`, `normal_y`, `normal_z`, `normal_w`, `pos_x`, `pos_y`, `pos_z`, `pos_w`) values (1347, 801, 'face', '', 0.9994, 0.0, 0.0329, -870051.1875, -837236.0, 14793.25, -1011029.5, 81119.0781);
INSERT INTO `region_point` (`region_face_id`, `idx`, `x`, `y`, `z`, `w`) values (1347, 0, -834932.0, -26166.8007, -1081010.0, 1.0);
INSERT INTO `region_point` (`region_face_id`, `idx`, `x`, `y`, `z`, `w`) values (1347, 1, -834932.0, 55753.3007, -1081010.0, 1.0);
INSERT INTO `region_point` (`region_face_id`, `idx`, `x`, `y`, `z`, `w`) values (1347, 2, -839540.0, -26166.8007, -941049.0, 1.0);
INSERT INTO `region_point` (`region_face_id`, `idx`, `x`, `y`, `z`, `w`) values (1347, 3, -839540.0, 55753.3007, -941049.0, 1.0);
INSERT INTO `region` (`region_id`, `level_name`, `tree`, `on_enter`, `on_exit`, `on_inside`) values (802, 'nest', 'water', '', '', '(water water-anim #<entity-actor :name dark-eco-pool-32 @ #x29b4824> (swim event darkeco))');
INSERT INTO `region_face` (`region_face_id`, `region_id`, `kind`, `flags`, `normal_x`, `normal_y`, `normal_z`, `normal_w`, `pos_x`, `pos_y`, `pos_z`, `pos_w`) values (1348, 802, 'face', '', -0.0, -1.0, 0.0, 26167.1875, -1072976.5, -26166.5507, -1304010.0, 105957.9921);
INSERT INTO `region_point` (`region_face_id`, `idx`, `x`, `y`, `z`, `w`) values (1348, 0, -1156810.0, -26166.5, -1368810.0, 1.0);
INSERT INTO `region_point` (`region_face_id`, `idx`, `x`, `y`, `z`, `w`) values (1348, 1, -989143.0, -26166.5996, -1362950.0, 1.0);
INSERT INTO `region_point` (`region_face_id`, `idx`, `x`, `y`, `z`, `w`) values (1348, 2, -1156810.0, -26166.5, -1245060.0, 1.0);
INSERT INTO `region_point` (`region_face_id`, `idx`, `x`, `y`, `z`, `w`) values (1348, 3, -989143.0, -26166.5996, -1239210.0, 1.0);
INSERT INTO `region_face` (`region_face_id`, `region_id`, `kind`, `flags`, `normal_x`, `normal_y`, `normal_z`, `normal_w`, `pos_x`, `pos_y`, `pos_z`, `pos_w`) values (1349, 802, 'face', '', -1.0, 0.0, 0.0, 1156810.0, -1156810.0, 14793.4492, -1306935.0, 74203.9921);
INSERT INTO `region_point` (`region_face_id`, `idx`, `x`, `y`, `z`, `w`) values (1349, 0, -1156810.0, -26166.5, -1368810.0, 1.0);
INSERT INTO `region_point` (`region_face_id`, `idx`, `x`, `y`, `z`, `w`) values (1349, 1, -1156810.0, -26166.5, -1245060.0, 1.0);
INSERT INTO `region_point` (`region_face_id`, `idx`, `x`, `y`, `z`, `w`) values (1349, 2, -1156810.0, 55753.3984, -1368810.0, 1.0);
INSERT INTO `region_point` (`region_face_id`, `idx`, `x`, `y`, `z`, `w`) values (1349, 3, -1156810.0, 55753.3984, -1245060.0, 1.0);
INSERT INTO `region_face` (`region_face_id`, `region_id`, `kind`, `flags`, `normal_x`, `normal_y`, `normal_z`, `normal_w`, `pos_x`, `pos_y`, `pos_z`, `pos_w`) values (1350, 802, 'face', '', 0.0349, 0.0, -0.9993, 1327568.625, -1072976.5, 14793.4501, -1365880.0, 93350.7656);
INSERT INTO `region_point` (`region_face_id`, `idx`, `x`, `y`, `z`, `w`) values (1350, 0, -1156810.0, -26166.5, -1368810.0, 1.0);
INSERT INTO `region_point` (`region_face_id`, `idx`, `x`, `y`, `z`, `w`) values (1350, 1, -1156810.0, 55753.3984, -1368810.0, 1.0);
INSERT INTO `region_point` (`region_face_id`, `idx`, `x`, `y`, `z`, `w`) values (1350, 2, -989143.0, -26166.5996, -1362950.0, 1.0);
INSERT INTO `region_point` (`region_face_id`, `idx`, `x`, `y`, `z`, `w`) values (1350, 3, -989143.0, 55753.5, -1362950.0, 1.0);
INSERT INTO `region_face` (`region_face_id`, `region_id`, `kind`, `flags`, `normal_x`, `normal_y`, `normal_z`, `normal_w`, `pos_x`, `pos_y`, `pos_z`, `pos_w`) values (1351, 802, 'face', '', -0.0348, 0.0, 0.9993, -1203965.625, -1072976.5, 14793.4501, -1242135.0, 93350.6171);
INSERT INTO `region_point` (`region_face_id`, `idx`, `x`, `y`, `z`, `w`) values (1351, 0, -1156810.0, -26166.5, -1245060.0, 1.0);
INSERT INTO `region_point` (`region_face_id`, `idx`, `x`, `y`, `z`, `w`) values (1351, 1, -989143.0, -26166.5996, -1239210.0, 1.0);
INSERT INTO `region_point` (`region_face_id`, `idx`, `x`, `y`, `z`, `w`) values (1351, 2, -1156810.0, 55753.3984, -1245060.0, 1.0);
INSERT INTO `region_point` (`region_face_id`, `idx`, `x`, `y`, `z`, `w`) values (1351, 3, -989143.0, 55753.5, -1239210.0, 1.0);
INSERT INTO `region_face` (`region_face_id`, `region_id`, `kind`, `flags`, `normal_x`, `normal_y`, `normal_z`, `normal_w`, `pos_x`, `pos_y`, `pos_z`, `pos_w`) values (1352, 802, 'face', '', -0.0, 1.0, 0.0, 55754.0976, -1072976.5, 55753.4492, -1304010.0, 105957.9921);
INSERT INTO `region_point` (`region_face_id`, `idx`, `x`, `y`, `z`, `w`) values (1352, 0, -1156810.0, 55753.3984, -1368810.0, 1.0);
INSERT INTO `region_point` (`region_face_id`, `idx`, `x`, `y`, `z`, `w`) values (1352, 1, -1156810.0, 55753.3984, -1245060.0, 1.0);
INSERT INTO `region_point` (`region_face_id`, `idx`, `x`, `y`, `z`, `w`) values (1352, 2, -989143.0, 55753.5, -1362950.0, 1.0);
INSERT INTO `region_point` (`region_face_id`, `idx`, `x`, `y`, `z`, `w`) values (1352, 3, -989143.0, 55753.5, -1239210.0, 1.0);
INSERT INTO `region_face` (`region_face_id`, `region_id`, `kind`, `flags`, `normal_x`, `normal_y`, `normal_z`, `normal_w`, `pos_x`, `pos_y`, `pos_z`, `pos_w`) values (1353, 802, 'face', '', 1.0, 0.0, 0.0, -989143.0, -989143.0, 14793.4501, -1301080.0, 74199.8828);
INSERT INTO `region_point` (`region_face_id`, `idx`, `x`, `y`, `z`, `w`) values (1353, 0, -989143.0, -26166.5996, -1362950.0, 1.0);
INSERT INTO `region_point` (`region_face_id`, `idx`, `x`, `y`, `z`, `w`) values (1353, 1, -989143.0, 55753.5, -1362950.0, 1.0);
INSERT INTO `region_point` (`region_face_id`, `idx`, `x`, `y`, `z`, `w`) values (1353, 2, -989143.0, -26166.5996, -1239210.0, 1.0);
INSERT INTO `region_point` (`region_face_id`, `idx`, `x`, `y`, `z`, `w`) values (1353, 3, -989143.0, 55753.5, -1239210.0, 1.0);
INSERT INTO `region` (`region_id`, `level_name`, `tree`, `on_enter`, `on_exit`, `on_inside`) values (738, 'nestb', 'target', '(when (not (task-closed? "nest-boss-introduction")) (scene-play "nest-kor-boss-fight-intro-b"))', '', '');
INSERT INTO `region_sphere` (`region_id`, `x`, `y`, `z`, `r`) values (738, 757663.0, 145394.0, -1709640.0, 208747.0);
INSERT INTO `region` (`region_id`, `level_name`, `tree`, `on_enter`, `on_exit`, `on_inside`) values (830, 'nestb', 'target', '(want-sound ''nest4 ''nest5 ''nest6)', '(want-sound ''nest1 ''nest2 ''nest3)', '');
INSERT INTO `region_face` (`region_face_id`, `region_id`, `kind`, `flags`, `normal_x`, `normal_y`, `normal_z`, `normal_w`, `pos_x`, `pos_y`, `pos_z`, `pos_w`) values (1354, 830, 'plane', '', -0.7055, 0.0, 0.7086, -982580.5, 100823.5468, 176713.0, -1286100.0, 180600.1562);
INSERT INTO `region_point` (`region_face_id`, `idx`, `x`, `y`, `z`, `w`) values (1354, 0, 201685.0, 65532.0, -1185690.0, 1.0);
INSERT INTO `region_point` (`region_face_id`, `idx`, `x`, `y`, `z`, `w`) values (1354, 1, 201685.0, 287894.0, -1185690.0, 1.0);
INSERT INTO `region_point` (`region_face_id`, `idx`, `x`, `y`, `z`, `w`) values (1354, 2, -37.9138, 65532.0, -1386510.0, 1.0);
INSERT INTO `region_point` (`region_face_id`, `idx`, `x`, `y`, `z`, `w`) values (1354, 3, -37.9138, 287894.0, -1386510.0, 1.0);
INSERT INTO `region` (`region_id`, `level_name`, `tree`, `on_enter`, `on_exit`, `on_inside`) values (855, 'nestb', 'camera', '(want-vis ''nestb)', '(want-vis ''nest)', '');
INSERT INTO `region_sphere` (`region_id`, `x`, `y`, `z`, `r`) values (855, -284824.0, 384149.0, -1275760.0, 2048.0);
INSERT INTO `region` (`region_id`, `level_name`, `tree`, `on_enter`, `on_exit`, `on_inside`) values (2, 'halfpipe', 'camera', '(print ''enter)', '(print ''exit)', '(sound-play-loop "punch")');
INSERT INTO `region_sphere` (`region_id`, `x`, `y`, `z`, `r`) values (2, -113460.0, -111744.0, -60119.3007, 52958.0);
INSERT INTO `region` (`region_id`, `level_name`, `tree`, `on_enter`, `on_exit`, `on_inside`) values (21, 'halfpipe', 'camera', '(print ''enter)', '(print ''exit)', '(begin (sound-play-loop "punch") (sound-play-loop "spin"))');
INSERT INTO `region_face` (`region_face_id`, `region_id`, `kind`, `flags`, `normal_x`, `normal_y`, `normal_z`, `normal_w`, `pos_x`, `pos_y`, `pos_z`, `pos_w`) values (1355, 21, 'face', '', -0.2772, 0.0279, -0.9604, 144857.3125, -93404.4531, 61688.9531, -122075.0, 14477.4648);
INSERT INTO `region_point` (`region_face_id`, `idx`, `x`, `y`, `z`, `w`) values (1355, 0, -87934.1015, 74413.6015, -123284.0, 1.0);
INSERT INTO `region_point` (`region_face_id`, `idx`, `x`, `y`, `z`, `w`) values (1355, 1, -86877.6015, 48964.3007, -124329.0, 1.0);
INSERT INTO `region_point` (`region_face_id`, `idx`, `x`, `y`, `z`, `w`) values (1355, 2, -99931.2968, 74413.6015, -119821.0, 1.0);
INSERT INTO `region_point` (`region_face_id`, `idx`, `x`, `y`, `z`, `w`) values (1355, 3, -98874.7968, 48964.3007, -120866.0, 1.0);
INSERT INTO `region_face` (`region_face_id`, `region_id`, `kind`, `flags`, `normal_x`, `normal_y`, `normal_z`, `normal_w`, `pos_x`, `pos_y`, `pos_z`, `pos_w`) values (1356, 21, 'face', '', -0.9671, -0.0503, 0.2491, 63046.1679, -90570.4531, 61688.9531, -86057.25, 37980.625);
INSERT INTO `region_point` (`region_face_id`, `idx`, `x`, `y`, `z`, `w`) values (1356, 0, -82266.1015, 74413.6015, -51248.5, 1.0);
INSERT INTO `region_point` (`region_face_id`, `idx`, `x`, `y`, `z`, `w`) values (1356, 1, -99931.2968, 74413.6015, -119821.0, 1.0);
INSERT INTO `region_point` (`region_face_id`, `idx`, `x`, `y`, `z`, `w`) values (1356, 2, -81209.6015, 48964.3007, -52293.6015, 1.0);
INSERT INTO `region_point` (`region_face_id`, `idx`, `x`, `y`, `z`, `w`) values (1356, 3, -98874.7968, 48964.3007, -120866.0, 1.0);
INSERT INTO `region_face` (`region_face_id`, `region_id`, `kind`, `flags`, `normal_x`, `normal_y`, `normal_z`, `normal_w`, `pos_x`, `pos_y`, `pos_z`, `pos_w`) values (1357, 21, 'face', '', 0.0, 1.0, 0.0, 74413.6015, -83480.7031, 74413.6015, -86208.25, 37422.4414);
INSERT INTO `region_point` (`region_face_id`, `idx`, `x`, `y`, `z`, `w`) values (1357, 0, -67030.1015, 74413.6015, -52595.5, 1.0);
INSERT INTO `region_point` (`region_face_id`, `idx`, `x`, `y`, `z`, `w`) values (1357, 1, -87934.1015, 74413.6015, -123284.0, 1.0);
INSERT INTO `region_point` (`region_face_id`, `idx`, `x`, `y`, `z`, `w`) values (1357, 2, -82266.1015, 74413.6015, -51248.5, 1.0);
INSERT INTO `region_point` (`region_face_id`, `idx`, `x`, `y`, `z`, `w`) values (1357, 3, -99931.2968, 74413.6015, -119821.0, 1.0);
INSERT INTO `region_face` (`region_face_id`, `region_id`, `kind`, `flags`, `normal_x`, `normal_y`, `normal_z`, `normal_w`, `pos_x`, `pos_y`, `pos_z`, `pos_w`) values (1358, 21, 'face', '', 0.0, -1.0, 0.0, -48964.3007, -82424.2031, 48964.3007, -87253.25, 37422.4414);
INSERT INTO `region_point` (`region_face_id`, `idx`, `x`, `y`, `z`, `w`) values (1358, 0, -65973.6015, 48964.3007, -53640.5, 1.0);
INSERT INTO `region_point` (`region_face_id`, `idx`, `x`, `y`, `z`, `w`) values (1358, 1, -81209.6015, 48964.3007, -52293.6015, 1.0);
INSERT INTO `region_point` (`region_face_id`, `idx`, `x`, `y`, `z`, `w`) values (1358, 2, -86877.6015, 48964.3007, -124329.0, 1.0);
INSERT INTO `region_point` (`region_face_id`, `idx`, `x`, `y`, `z`, `w`) values (1358, 3, -98874.7968, 48964.3007, -120866.0, 1.0);
INSERT INTO `region_face` (`region_face_id`, `region_id`, `kind`, `flags`, `normal_x`, `normal_y`, `normal_z`, `normal_w`, `pos_x`, `pos_y`, `pos_z`, `pos_w`) values (1359, 21, 'face', '', 0.9576, 0.0513, -0.2832, -45474.332, -76953.8515, 61688.9492, -88462.25, 39329.6484);
INSERT INTO `region_point` (`region_face_id`, `idx`, `x`, `y`, `z`, `w`) values (1359, 0, -67030.1015, 74413.6015, -52595.5, 1.0);
INSERT INTO `region_point` (`region_face_id`, `idx`, `x`, `y`, `z`, `w`) values (1359, 1, -65973.6015, 48964.3007, -53640.5, 1.0);
INSERT INTO `region_point` (`region_face_id`, `idx`, `x`, `y`, `z`, `w`) values (1359, 2, -87934.1015, 74413.6015, -123284.0, 1.0);
INSERT INTO `region_point` (`region_face_id`, `idx`, `x`, `y`, `z`, `w`) values (1359, 3, -86877.6015, 48964.3007, -124329.0, 1.0);
INSERT INTO `region_face` (`region_face_id`, `region_id`, `kind`, `flags`, `normal_x`, `normal_y`, `normal_z`, `normal_w`, `pos_x`, `pos_y`, `pos_z`, `pos_w`) values (1360, 21, 'face', '', 0.088, -0.0372, 0.9954, -61023.5273, -74119.8515, 61688.9492, -52444.5, 15156.1386);
INSERT INTO `region_point` (`region_face_id`, `idx`, `x`, `y`, `z`, `w`) values (1360, 0, -67030.1015, 74413.6015, -52595.5, 1.0);
INSERT INTO `region_point` (`region_face_id`, `idx`, `x`, `y`, `z`, `w`) values (1360, 1, -82266.1015, 74413.6015, -51248.5, 1.0);
INSERT INTO `region_point` (`region_face_id`, `idx`, `x`, `y`, `z`, `w`) values (1360, 2, -65973.6015, 48964.3007, -53640.5, 1.0);
INSERT INTO `region_point` (`region_face_id`, `idx`, `x`, `y`, `z`, `w`) values (1360, 3, -81209.6015, 48964.3007, -52293.6015, 1.0);
INSERT INTO `region` (`region_id`, `level_name`, `tree`, `on_enter`, `on_exit`, `on_inside`) values (44, 'halfpipe', 'camera', '', '', '');
INSERT INTO `region_face` (`region_face_id`, `region_id`, `kind`, `flags`, `normal_x`, `normal_y`, `normal_z`, `normal_w`, `pos_x`, `pos_y`, `pos_z`, `pos_w`) values (1361, 44, 'plane', '', -0.0023, -0.9999, -0.0022, -102462.7421, -121367.2578, 102515.0, 105732.8906, 24210.5039);
INSERT INTO `region_point` (`region_face_id`, `idx`, `x`, `y`, `z`, `w`) values (1361, 0, -135411.0, 102558.0, 96877.1015, 1.0);
INSERT INTO `region_point` (`region_face_id`, `idx`, `x`, `y`, `z`, `w`) values (1361, 1, -109457.0, 102515.0, 89385.7031, 1.0);
INSERT INTO `region_point` (`region_face_id`, `idx`, `x`, `y`, `z`, `w`) values (1361, 2, -138940.0, 102515.0, 119674.0, 1.0);
INSERT INTO `region_point` (`region_face_id`, `idx`, `x`, `y`, `z`, `w`) values (1361, 3, -99084.8984, 102515.0, 115201.0, 1.0);
INSERT INTO `region` (`region_id`, `level_name`, `tree`, `on_enter`, `on_exit`, `on_inside`) values (394, 'halfpipe', 'camera', '', '', '');
INSERT INTO `region_face` (`region_face_id`, `region_id`, `kind`, `flags`, `normal_x`, `normal_y`, `normal_z`, `normal_w`, `pos_x`, `pos_y`, `pos_z`, `pos_w`) values (1362, 394, 'face', '', 0.0, -1.0, 0.0, 187420.0, 704259.5, -187420.0, 138732.0, 57925.832);
INSERT INTO `region_point` (`region_face_id`, `idx`, `x`, `y`, `z`, `w`) values (1362, 0, 663300.0, -187420.0, 97772.0, 1.0);
INSERT INTO `region_point` (`region_face_id`, `idx`, `x`, `y`, `z`, `w`) values (1362, 1, 745219.0, -187420.0, 97772.0, 1.0);
INSERT INTO `region_point` (`region_face_id`, `idx`, `x`, `y`, `z`, `w`) values (1362, 2, 663300.0, -187420.0, 179692.0, 1.0);
INSERT INTO `region_point` (`region_face_id`, `idx`, `x`, `y`, `z`, `w`) values (1362, 3, 745219.0, -187420.0, 179692.0, 1.0);
INSERT INTO `region_face` (`region_face_id`, `region_id`, `kind`, `flags`, `normal_x`, `normal_y`, `normal_z`, `normal_w`, `pos_x`, `pos_y`, `pos_z`, `pos_w`) values (1363, 394, 'face', '', -1.0, 0.0, 0.0, -663300.0, 663300.0, -146460.0, 138732.0, 57926.1875);
INSERT INTO `region_point` (`region_face_id`, `idx`, `x`, `y`, `z`, `w`) values (1363, 0, 663300.0, -187420.0, 97772.0, 1.0);
INSERT INTO `region_point` (`region_face_id`, `idx`, `x`, `y`, `z`, `w`) values (1363, 1, 663300.0, -187420.0, 179692.0, 1.0);
INSERT INTO `region_point` (`region_face_id`, `idx`, `x`, `y`, `z`, `w`) values (1363, 2, 663300.0, -105500.0, 97772.0, 1.0);
INSERT INTO `region_point` (`region_face_id`, `idx`, `x`, `y`, `z`, `w`) values (1363, 3, 663300.0, -105500.0, 179692.0, 1.0);
INSERT INTO `region_face` (`region_face_id`, `region_id`, `kind`, `flags`, `normal_x`, `normal_y`, `normal_z`, `normal_w`, `pos_x`, `pos_y`, `pos_z`, `pos_w`) values (1364, 394, 'face', '', 0.0, 0.0, -1.0, -97772.0, 704259.5, -146460.0, 97772.0, 57925.832);
INSERT INTO `region_point` (`region_face_id`, `idx`, `x`, `y`, `z`, `w`) values (1364, 0, 663300.0, -187420.0, 97772.0, 1.0);
INSERT INTO `region_point` (`region_face_id`, `idx`, `x`, `y`, `z`, `w`) values (1364, 1, 663300.0, -105500.0, 97772.0, 1.0);
INSERT INTO `region_point` (`region_face_id`, `idx`, `x`, `y`, `z`, `w`) values (1364, 2, 745219.0, -187420.0, 97772.0, 1.0);
INSERT INTO `region_point` (`region_face_id`, `idx`, `x`, `y`, `z`, `w`) values (1364, 3, 745219.0, -105500.0, 97772.0, 1.0);
INSERT INTO `region_face` (`region_face_id`, `region_id`, `kind`, `flags`, `normal_x`, `normal_y`, `normal_z`, `normal_w`, `pos_x`, `pos_y`, `pos_z`, `pos_w`) values (1365, 394, 'face', '', 0.0, 0.0, 1.0, 179692.0, 704259.5, -146460.0, 179692.0, 57925.832);
INSERT INTO `region_point` (`region_face_id`, `idx`, `x`, `y`, `z`, `w`) values (1365, 0, 663300.0, -187420.0, 179692.0, 1.0);
INSERT INTO `region_point` (`region_face_id`, `idx`, `x`, `y`, `z`, `w`) values (1365, 1, 745219.0, -187420.0, 179692.0, 1.0);
INSERT INTO `region_point` (`region_face_id`, `idx`, `x`, `y`, `z`, `w`) values (1365, 2, 663300.0, -105500.0, 179692.0, 1.0);
INSERT INTO `region_point` (`region_face_id`, `idx`, `x`, `y`, `z`, `w`) values (1365, 3, 745219.0, -105500.0, 179692.0, 1.0);
INSERT INTO `region_face` (`region_face_id`, `region_id`, `kind`, `flags`, `normal_x`, `normal_y`, `normal_z`, `normal_w`, `pos_x`, `pos_y`, `pos_z`, `pos_w`) values (1366, 394, 'face', '', 0.0, 1.0, 0.0, -105500.0, 704259.5, -105500.0, 138732.0, 57925.832);
INSERT INTO `region_point` (`region_face_id`, `idx`, `x`, `y`, `z`, `w`) values (1366, 0, 663300.0, -105500.0, 97772.0, 1.0);
INSERT INTO `region_point` (`region_face_id`, `idx`, `x`, `y`, `z`, `w`) values (1366, 1, 663300.0, -105500.0, 179692.0, 1.0);
INSERT INTO `region_point` (`region_face_id`, `idx`, `x`, `y`, `z`, `w`) values (1366, 2, 745219.0, -105500.0, 97772.0, 1.0);
INSERT INTO `region_point` (`region_face_id`, `idx`, `x`, `y`, `z`, `w`) values (1366, 3, 745219.0, -105500.0, 179692.0, 1.0);
INSERT INTO `region_face` (`region_face_id`, `region_id`, `kind`, `flags`, `normal_x`, `normal_y`, `normal_z`, `normal_w`, `pos_x`, `pos_y`, `pos_z`, `pos_w`) values (1367, 394, 'face', '', 1.0, 0.0, 0.0, 745219.0, 745219.0, -146460.0, 138732.0, 57926.1875);
INSERT INTO `region_point` (`region_face_id`, `idx`, `x`, `y`, `z`, `w`) values (1367, 0, 745219.0, -187420.0, 97772.0, 1.0);
INSERT INTO `region_point` (`region_face_id`, `idx`, `x`, `y`, `z`, `w`) values (1367, 1, 745219.0, -105500.0, 97772.0, 1.0);
INSERT INTO `region_point` (`region_face_id`, `idx`, `x`, `y`, `z`, `w`) values (1367, 2, 745219.0, -187420.0, 179692.0, 1.0);
INSERT INTO `region_point` (`region_face_id`, `idx`, `x`, `y`, `z`, `w`) values (1367, 3, 745219.0, -105500.0, 179692.0, 1.0);
INSERT INTO `region` (`region_id`, `level_name`, `tree`, `on_enter`, `on_exit`, `on_inside`) values (17, 'halfpipe', 'data', '(send-event "foo" ''draw)', '', '');
INSERT INTO `region_sphere` (`region_id`, `x`, `y`, `z`, `r`) values (17, 1561.42, -30753.1992, -34980.1015, 2048.0);
INSERT INTO `region` (`region_id`, `level_name`, `tree`, `on_enter`, `on_exit`, `on_inside`) values (209, 'halfpipe', 'water', '', '', '(water height -51.0000 (swim wade))');
INSERT INTO `region_sphere` (`region_id`, `x`, `y`, `z`, `r`) values (209, 2409.6699, -234539.0, 320436.0, 173648.0);
